run_id,request_id,seq,warmup,path,model,prompt_id,loss_pct,delay_ms,condition,wall_start,wall_end,ttft_ms,total_ms,connect_ms,headers_ms,tokens,eval_count,tokens_per_s,ok,failure,detail,loadavg_1m,prompt_nonce
m6-sweep,da1c67ea15c9,0,1,ran,qwen2.5:0.5b,short,0,0,c000.1,1789622427.21713,1789622429.097142,1777.76,1879.93,35.259,1777.714,24,25,225.114,1,,,0.87,50c3d24a
m6-sweep,62b17e0f3fdd,1,1,ran,qwen2.5:0.5b,short,0,0,c000.1,1789622429.59736,1789622429.753993,63.315,156.534,24.057,63.268,23,24,236.004,1,,,0.87,16e15889
m6-sweep,b227b57ab6d7,2,1,ran,qwen2.5:0.5b,short,0,0,c000.1,1789622430.254267,1789622430.418719,70.071,164.318,26.832,70.039,24,25,244.04,1,,,0.87,b6db95d9
m6-sweep,870de8a1df68,3,0,ran,qwen2.5:0.5b,short,0,0,c000.1,1789622430.918999,1789622431.067701,60.912,148.569,20.145,60.874,24,25,262.388,1,,,0.96,80da2af8
m6-sweep,6b438d629936,4,0,ran,qwen2.5:0.5b,short,0,0,c000.1,1789622431.567966,1789622431.718533,64.744,150.464,26.371,64.686,23,24,256.652,1,,,0.96,c14929ed
m6-sweep,4f34407faaa4,5,0,ran,qwen2.5:0.5b,short,0,0,c000.1,1789622432.218728,1789622432.389989,75.604,171.163,36.16,75.542,24,25,240.689,1,,,0.96,2b459d7c
m6-sweep,25b00ee9ef42,6,0,ran,qwen2.5:0.5b,short,0,0,c000.1,1789622432.890224,1789622433.061111,75.533,170.796,38.523,75.502,24,25,241.436,1,,,0.96,6e2fd8f3
m6-sweep,288cce17bd7a,7,0,ran,qwen2.5:0.5b,short,0,0,c000.1,1789622433.561329,1789622433.70821,59.352,146.749,21.681,59.319,24,25,263.168,1,,,0.96,efa27ff5
m6-sweep,76cbbdf3c7c2,8,0,ran,qwen2.5:0.5b,short,0,0,c000.1,1789622434.208435,1789622434.37383,68.496,165.303,30.752,68.451,24,25,237.586,1,,,0.96,aa5fb805
m6-sweep,d7cd60c39e9a,9,0,ran,qwen2.5:0.5b,short,0,0,c000.1,1789622434.87405,1789622435.041588,66.388,167.383,22.905,66.351,24,25,227.733,1,,,0.96,4da30af5
m6-sweep,ffe457480892,10,0,ran,qwen2.5:0.5b,short,0,0,c000.1,1789622435.541882,1789622435.703867,75.007,161.891,37.785,74.959,24,25,264.72,1,,,0.96,0e67e1f9
m6-sweep,c5c50f121984,11,0,ran,qwen2.5:0.5b,short,0,0,c000.1,1789622436.204033,1789622436.362111,66.512,157.98,29.177,66.459,23,24,240.521,1,,,1.05,a25710df
m6-sweep,16341f8e2456,12,0,ran,qwen2.5:0.5b,short,0,0,c000.1,1789622436.862326,1789622437.025746,68.03,163.337,30.319,67.998,24,25,241.325,1,,,1.05,881f7017
m6-sweep,ce416efb8f2d,13,0,ran,qwen2.5:0.5b,short,0,0,c000.1,1789622437.525983,1789622437.678532,61.987,152.411,23.788,61.956,24,25,254.357,1,,,1.05,a14b0769
m6-sweep,9dc4d0ef1b20,14,0,ran,qwen2.5:0.5b,short,0,0,c000.1,1789622438.178782,1789622438.34761,71.307,168.699,33.52,71.259,24,25,236.16,1,,,1.05,91aeb35c
m6-sweep,0df2bf216cc4,15,0,ran,qwen2.5:0.5b,short,0,0,c000.1,1789622438.847859,1789622439.018151,68.484,170.209,29.51,68.454,25,26,235.931,1,,,1.05,b3b6783d
m6-sweep,c3d4c5284171,16,0,ran,qwen2.5:0.5b,short,0,0,c000.1,1789622439.518376,1789622439.660144,55.002,141.683,18.631,54.971,24,25,265.341,1,,,1.05,b1a6883b
m6-sweep,19b7d9cc6bc7,17,0,ran,qwen2.5:0.5b,short,0,0,c000.1,1789622440.160369,1789622440.326174,70.974,165.704,33.372,70.928,24,25,242.794,1,,,1.05,87ccecd3
m6-sweep,b73ff5ea75e9,18,0,ran,qwen2.5:0.5b,short,0,0,c000.1,1789622440.826435,1789622440.987832,63.849,161.253,24.648,63.815,24,25,236.13,1,,,1.28,4de711ea
m6-sweep,2eedaf58c0ac,19,0,ran,qwen2.5:0.5b,short,0,0,c000.1,1789622441.488074,1789622441.658648,56.998,170.45,19.8,56.938,31,32,264.428,1,,,1.28,9d69f84b
m6-sweep,5f6fbbf29342,20,0,ran,qwen2.5:0.5b,short,0,0,c000.1,1789622442.158817,1789622442.352436,69.983,193.534,30.15,69.945,31,32,242.814,1,,,1.28,4da60e9c
m6-sweep,d19c8fc1856b,21,0,ran,qwen2.5:0.5b,short,0,0,c000.1,1789622442.852648,1789622443.001488,56.383,148.711,19.57,56.335,24,25,249.111,1,,,1.28,563a35f5
m6-sweep,820b4256fdff,22,0,ran,qwen2.5:0.5b,short,0,0,c000.1,1789622443.501732,1789622443.646163,59.384,144.327,19.324,59.335,24,25,270.772,1,,,1.28,09046b69
m6-sweep,f004685ce8ef,0,1,ran,qwen2.5:3b,short,0.5,0,c001.1,1789622446.113909,1789622450.415678,3512.249,4301.678,26.638,3512.207,73,74,91.205,1,,,1.50,1bb69942
m6-sweep,44f6c8039d68,1,1,ran,qwen2.5:3b,short,0.5,0,c001.1,1789622450.915934,1789622451.581651,87.681,665.561,39.192,87.647,52,53,88.254,1,,,1.86,fb192901
m6-sweep,d7511f0b091e,2,1,ran,qwen2.5:3b,short,0.5,0,c001.1,1789622452.081894,1789622453.018648,81.052,936.669,34.045,81.022,78,79,89.994,1,,,1.86,bbc75a21
m6-sweep,65c6fae363e3,3,0,ran,qwen2.5:3b,short,0.5,0,c001.1,1789622453.518842,1789622454.239573,71.917,720.631,22.359,71.886,59,60,89.408,1,,,1.86,61ec8b6c
m6-sweep,5226b183fddb,4,0,ran,qwen2.5:3b,short,0.5,0,c001.1,1789622454.739817,1789622455.520769,85.629,780.816,35.45,85.598,63,64,89.185,1,,,1.86,05a4ac87
m6-sweep,acecbdbc003d,5,0,ran,qwen2.5:3b,short,0.5,0,c001.1,1789622456.020932,1789622456.673544,76.814,652.523,28.347,76.783,52,53,88.586,1,,,1.95,0c082ef5
m6-sweep,87210781b1ca,6,0,ran,qwen2.5:3b,short,0.5,0,c001.1,1789622457.173809,1789622458.040232,83.85,866.273,35.788,83.817,70,71,88.188,1,,,1.95,025e2efa
m6-sweep,69911980e2f7,7,0,ran,qwen2.5:3b,short,0.5,0,c001.1,1789622458.540462,1789622459.182713,73.563,642.162,24.431,73.534,52,53,89.694,1,,,1.95,b4b327cd
m6-sweep,5fb6f4ce59db,8,0,ran,qwen2.5:3b,short,0.5,0,c001.1,1789622459.682868,1789622460.645793,72.977,962.799,23.587,72.945,81,82,89.906,1,,,1.95,e651d83b
m6-sweep,2b6d6c50fe49,9,0,ran,qwen2.5:3b,short,0.5,0,c001.1,1789622461.145965,1789622462.099835,81.919,953.739,28.107,81.755,82,83,92.909,1,,,1.88,9f60e59a
m6-sweep,719b8d0bd158,10,0,ran,qwen2.5:3b,short,0.5,0,c001.1,1789622462.600099,1789622463.337358,70.953,737.141,20.094,70.917,60,61,88.564,1,,,1.88,56cc4292
m6-sweep,2fa5ac8dbd81,11,0,ran,qwen2.5:3b,short,0.5,0,c001.1,1789622463.837582,1789622464.824836,87.663,987.09,39.015,87.631,82,83,90.057,1,,,1.88,8b2015c8
m6-sweep,e5062e163fa1,12,0,ran,qwen2.5:3b,short,0.5,0,c001.1,1789622465.325492,1789622466.269998,81.456,944.408,33.761,81.426,81,82,92.705,1,,,3.33,2068d42f
m6-sweep,527948a5b300,13,0,ran,qwen2.5:3b,short,0.5,0,c001.1,1789622466.770289,1789622467.617496,74.196,847.028,20.978,74.156,70,71,89.282,1,,,3.33,b48f5447
m6-sweep,5c5d5829eaa5,14,0,ran,qwen2.5:3b,short,0.5,0,c001.1,1789622468.117784,1789622468.793853,81.815,675.814,34.156,81.775,56,57,92.593,1,,,3.33,af187ed4
m6-sweep,e20a08746f04,15,0,ran,qwen2.5:3b,short,0.5,0,c001.1,1789622469.294118,1789622470.071554,88.669,777.329,39.425,88.633,63,64,90.03,1,,,3.33,8bc736a6
m6-sweep,c08c13420a33,16,0,ran,qwen2.5:3b,short,0.5,0,c001.1,1789622470.571746,1789622471.354279,83.645,782.448,34.024,83.614,63,64,88.723,1,,,3.70,5715611a
m6-sweep,8e617af2060d,17,0,ran,qwen2.5:3b,short,0.5,0,c001.1,1789622471.854489,1789622472.50773,74.03,653.109,24.119,73.996,52,53,88.071,1,,,3.70,f4d57c60
m6-sweep,12e41c1512c1,18,0,ran,qwen2.5:3b,short,0.5,0,c001.1,1789622473.007954,1789622473.851898,72.266,843.82,24.681,72.234,70,71,89.43,1,,,3.70,4d31449e
m6-sweep,16461e8f7c6a,19,0,ran,qwen2.5:3b,short,0.5,0,c001.1,1789622474.352152,1789622475.096956,86.915,744.715,37.633,86.884,59,60,88.173,1,,,3.70,a80b3ebf
m6-sweep,e7041c5da28c,20,0,ran,qwen2.5:3b,short,0.5,0,c001.1,1789622475.597201,1789622476.310542,83.453,713.207,31.847,83.409,56,57,87.336,1,,,4.85,37f4af94
m6-sweep,5925e97af3ad,21,0,ran,qwen2.5:3b,short,0.5,0,c001.1,1789622476.811361,1789622477.591903,75.195,780.446,24.32,75.161,63,64,87.912,1,,,4.85,7298935e
m6-sweep,9c01d83327cb,22,0,ran,qwen2.5:3b,short,0.5,0,c001.1,1789622478.092115,1789622478.892808,82.87,800.603,33.307,82.839,65,66,89.17,1,,,4.85,1fa4d5b6
m6-sweep,ead885056bf4,23,0,ran,qwen2.5:3b,short,0.5,0,c001.1,1789622479.392993,1789622480.408845,83.79,1015.734,34.165,83.753,80,81,84.769,1,,,4.85,c614f291
m6-sweep,95f1c756206d,24,0,ran,qwen2.5:3b,short,0.5,0,c001.1,1789622480.909082,1789622482.027455,81.631,1118.276,30.486,81.592,94,95,89.712,1,,,5.50,88d0e5f2
m6-sweep,59af41f0f27b,25,0,ran,qwen2.5:3b,short,0.5,0,c001.1,1789622482.527648,1789622483.516236,79.171,988.496,27.296,79.132,83,84,90.177,1,,,5.50,6fdbc6b1
m6-sweep,afb27202f43d,26,0,ran,qwen2.5:3b,short,0.5,0,c001.1,1789622484.016429,1789622484.758274,84.24,741.705,33.447,84.205,59,60,88.218,1,,,5.50,267f8f2a
m6-sweep,46543ff5cd46,27,0,ran,qwen2.5:3b,short,0.5,0,c001.1,1789622485.258476,1789622485.985637,72.24,727.064,22.338,72.21,59,60,88.574,1,,,5.50,85acceee
m6-sweep,271652346406,28,0,ran,qwen2.5:3b,short,0.5,0,c001.1,1789622486.485811,1789622487.028363,82.05,542.459,32.751,82.008,41,42,86.879,1,,,5.38,9771cffd
m6-sweep,aa1c679b03be,29,0,ran,qwen2.5:3b,short,0.5,0,c001.1,1789622487.528575,1789622488.068814,79.017,540.137,30.02,78.985,41,42,86.745,1,,,5.38,6890b15f
m6-sweep,ccec0d3b8af5,30,0,ran,qwen2.5:3b,short,0.5,0,c001.1,1789622488.569003,1789622489.201231,79.335,632.139,29.098,79.302,52,53,92.257,1,,,5.38,38988eae
m6-sweep,885f0be6e268,31,0,ran,qwen2.5:3b,short,0.5,0,c001.1,1789622489.701437,1789622490.239642,80.707,538.095,30.909,80.669,41,42,87.453,1,,,5.38,8948e8d0
m6-sweep,90a5db217f32,32,0,ran,qwen2.5:3b,short,0.5,0,c001.1,1789622490.739808,1789622491.681928,86.963,942.02,39.202,86.932,78,79,90.052,1,,,5.43,8ec6b2da
m6-sweep,f54582f3ac32,33,0,ran,qwen2.5:3b,short,0.5,0,c001.1,1789622492.182146,1789622492.849096,85.558,666.809,36.127,85.525,52,53,87.742,1,,,5.43,d1c2db06
m6-sweep,c0f2a3209974,34,0,ran,qwen2.5:3b,short,0.5,0,c001.1,1789622493.349306,1789622494.04357,86.584,694.165,38.645,86.539,57,58,92.169,1,,,5.43,eae06e66
m6-sweep,4616f1329ed9,35,0,ran,qwen2.5:3b,short,0.5,0,c001.1,1789622494.543774,1789622495.494898,116.299,950.995,31.137,116.216,81,82,95.843,1,,,5.43,7b1fdc5b
m6-sweep,f258653329c9,36,0,ran,qwen2.5:3b,short,0.5,0,c001.1,1789622495.995115,1789622496.946394,76.897,951.18,22.388,76.856,79,80,89.216,1,,,5.32,6c233efe
m6-sweep,e6d84e98cb79,37,0,ran,qwen2.5:3b,short,0.5,0,c001.1,1789622497.446619,1789622498.397311,88.715,950.607,36.979,88.681,79,80,90.499,1,,,5.32,39942940
m6-sweep,907010bf0cc4,38,0,ran,qwen2.5:3b,short,0.5,0,c001.1,1789622498.897506,1789622499.561825,86.614,664.218,37.431,86.583,52,53,88.296,1,,,5.32,e334af66
m6-sweep,10d241f7699a,39,0,ran,qwen2.5:3b,short,0.5,0,c001.1,1789622500.062011,1789622500.962668,85.752,900.473,36.249,85.724,74,75,89.601,1,,,5.32,1ded8de8
m6-sweep,5473ac5d78d3,40,0,ran,qwen2.5:3b,short,0.5,0,c001.1,1789622501.462975,1789622502.158837,87.285,695.773,38.883,87.249,55,56,88.745,1,,,6.41,93e088c6
m6-sweep,675d5b9de66e,41,0,ran,qwen2.5:3b,short,0.5,0,c001.1,1789622502.659038,1789622503.713189,86.985,1054.027,35.718,86.952,88,89,89.965,1,,,6.41,8df46129
m6-sweep,b12297166905,42,0,ran,qwen2.5:3b,short,0.5,0,c001.1,1789622504.213476,1789622505.069918,80.777,856.265,28.044,80.745,70,71,88.976,1,,,6.41,93a7b29c
m6-sweep,6503fdd7d2ee,43,0,ran,qwen2.5:3b,short,0.5,0,c001.1,1789622505.570328,1789622506.51174,79.391,941.276,29.983,79.357,78,79,89.339,1,,,6.22,cd3e6701
m6-sweep,4032bda2c8ef,44,0,ran,qwen2.5:3b,short,0.5,0,c001.1,1789622507.011983,1789622507.886003,88.202,873.878,31.73,88.171,70,71,87.823,1,,,6.22,590fdaa9
m6-sweep,f63fcff2f500,45,0,ran,qwen2.5:3b,short,0.5,0,c001.1,1789622508.386789,1789622509.311038,73.559,924.1,24.145,73.524,76,77,88.179,1,,,6.22,7a06c137
m6-sweep,1e5d31c10547,46,0,ran,qwen2.5:3b,short,0.5,0,c001.1,1789622509.811399,1789622510.60921,91.121,797.691,38.143,91.089,63,64,87.748,1,,,6.22,17647cbc
m6-sweep,1f051716037d,47,0,ran,qwen2.5:3b,short,0.5,0,c001.1,1789622511.109419,1789622511.766731,77.593,657.175,24.59,77.561,52,53,87.994,1,,,5.88,d20056cc
m6-sweep,b3fa65481929,48,0,ran,qwen2.5:3b,short,0.5,0,c001.1,1789622512.266987,1789622512.990707,76.518,723.619,29.531,76.485,58,59,88.085,1,,,5.88,829c914a
m6-sweep,b99039d1d369,49,0,ran,qwen2.5:3b,short,0.5,0,c001.1,1789622513.490947,1789622514.156327,83.748,665.173,32.729,83.706,52,53,87.715,1,,,5.88,caa46d76
m6-sweep,a1fda3cf4baa,50,0,ran,qwen2.5:3b,short,0.5,0,c001.1,1789622514.656648,1789622515.320492,84.908,663.711,36.485,84.827,52,53,88.113,1,,,5.88,9f79bf5f
m6-sweep,b2908fbb4bcd,51,0,ran,qwen2.5:3b,short,0.5,0,c001.1,1789622515.82073,1789622516.48016,73.468,659.296,22.744,73.418,52,53,87.056,1,,,6.45,b416f81a
m6-sweep,c5ebeca1aabd,52,0,ran,qwen2.5:3b,short,0.5,0,c001.1,1789622516.980409,1789622517.655418,73.302,674.918,22.774,73.272,52,53,84.772,1,,,6.45,06310a0b
m6-sweep,7eeda2cc414c,0,1,ran,qwen2.5:3b,short,0,50,c002.1,1789622520.163334,1789622521.336927,290.39,1173.435,135.922,290.352,82,83,91.728,1,,,6.33,bc9cd772
m6-sweep,728b489a185a,1,1,ran,qwen2.5:3b,short,0,50,c002.1,1789622521.837258,1789622522.763613,288.417,926.259,134.0,288.385,58,59,89.364,1,,,6.33,a937849b
m6-sweep,9a92f9ee7dc8,2,1,ran,qwen2.5:3b,short,0,50,c002.1,1789622523.263832,1789622524.558857,278.966,1294.933,122.17,278.934,93,94,90.554,1,,,6.33,ab977ccb
m6-sweep,2a8fa6de1727,3,0,ran,qwen2.5:3b,short,0,50,c002.1,1789622525.059058,1789622526.191617,279.053,1132.452,120.06,279.014,78,79,90.227,1,,,6.23,ff4bc523
m6-sweep,ca5efa74322e,4,0,ran,qwen2.5:3b,short,0,50,c002.1,1789622526.692231,1789622527.547559,282.732,855.236,120.715,282.699,52,53,89.082,1,,,6.23,b38a228d
m6-sweep,ee0c4c457a32,5,0,ran,qwen2.5:3b,short,0,50,c002.1,1789622528.04781,1789622528.898848,280.419,850.94,125.897,280.387,52,53,89.392,1,,,6.23,f59e6154
m6-sweep,ebfe33be8b27,6,0,ran,qwen2.5:3b,short,0,50,c002.1,1789622529.399085,1789622530.270416,286.822,871.25,130.231,286.788,53,54,88.976,1,,,6.23,5a95f399
m6-sweep,fbae71b26213,7,0,ran,qwen2.5:3b,short,0,50,c002.1,1789622530.770657,1789622531.620174,275.799,849.409,118.848,275.769,52,53,88.911,1,,,6.13,bd7bd108
m6-sweep,bd28d97d79f2,8,0,ran,qwen2.5:3b,short,0,50,c002.1,1789622532.120389,1789622533.175631,289.743,1055.144,135.99,289.701,71,72,91.455,1,,,6.13,4b7fb05d
m6-sweep,6a37b43ff0c7,9,0,ran,qwen2.5:3b,short,0,50,c002.1,1789622533.675797,1789622534.720984,284.419,1045.084,129.046,284.387,70,71,90.71,1,,,6.13,df26678c
m6-sweep,18301e38b6ac,10,0,ran,qwen2.5:3b,short,0,50,c002.1,1789622535.221243,1789622536.359086,288.58,1137.731,128.027,288.547,78,79,90.679,1,,,6.04,6f3a245f
m6-sweep,271f3f7a7664,11,0,ran,qwen2.5:3b,short,0,50,c002.1,1789622536.859359,1789622537.714153,289.933,854.696,130.344,289.899,52,53,90.303,1,,,6.04,6b281908
m6-sweep,8eec2c482008,12,0,ran,qwen2.5:3b,short,0,50,c002.1,1789622538.214414,1789622539.068929,282.506,854.388,131.533,282.46,52,53,89.179,1,,,6.04,16da125a
m6-sweep,6d0c47f7146f,13,0,ran,qwen2.5:3b,short,0,50,c002.1,1789622539.569175,1789622540.575645,291.38,1006.39,135.318,291.348,65,66,89.509,1,,,6.04,003f8077
m6-sweep,d828b27f2c15,14,0,ran,qwen2.5:3b,short,0,50,c002.1,1789622541.075842,1789622542.000532,292.743,924.569,134.217,292.713,58,59,90.215,1,,,5.79,b8b8aa40
m6-sweep,6f1afcc3ad2c,15,0,ran,qwen2.5:3b,short,0,50,c002.1,1789622542.500764,1789622543.242055,295.082,741.172,134.617,295.043,41,42,89.668,1,,,5.79,54f8e6f8
m6-sweep,2786dca07ccc,16,0,ran,qwen2.5:3b,short,0,50,c002.1,1789622543.742303,1789622544.788747,277.786,1046.364,123.689,277.753,70,71,89.776,1,,,5.79,b70df539
m6-sweep,35b9261a45c7,17,0,ran,qwen2.5:3b,short,0,50,c002.1,1789622545.288956,1789622546.230778,280.646,941.741,121.677,280.617,61,62,90.759,1,,,6.61,1ca6995d
m6-sweep,6bac59545983,18,0,ran,qwen2.5:3b,short,0,50,c002.1,1789622546.731005,1789622547.777194,280.741,1046.109,125.497,280.709,70,71,90.153,1,,,6.61,4ef38ad7
m6-sweep,d087ad8c82c7,19,0,ran,qwen2.5:3b,short,0,50,c002.1,1789622548.277384,1789622549.142101,286.168,864.624,130.547,286.129,53,54,89.894,1,,,6.61,8ad76830
m6-sweep,43a9d3d67017,20,0,ran,qwen2.5:3b,short,0,50,c002.1,1789622549.642343,1789622550.489391,292.025,846.949,129.382,291.991,52,53,91.905,1,,,6.61,e3ea5f69
m6-sweep,46a03f66151e,21,0,ran,qwen2.5:3b,short,0,50,c002.1,1789622550.989645,1789622551.858379,290.498,868.629,131.2,290.426,53,54,89.945,1,,,6.40,c957b0ec
m6-sweep,51fde5f985c8,22,0,ran,qwen2.5:3b,short,0,50,c002.1,1789622552.358614,1789622553.296937,288.305,938.215,127.184,288.25,63,64,95.398,1,,,6.40,36044256
m6-sweep,7ca7ffcbe1b7,23,0,ran,qwen2.5:3b,short,0,50,c002.1,1789622553.797173,1789622554.616509,287.71,819.234,129.6,287.671,50,51,92.188,1,,,6.40,fd7cb894
m6-sweep,2b9ee0bd7feb,24,0,ran,qwen2.5:3b,short,0,50,c002.1,1789622555.116727,1789622556.041897,279.124,925.082,124.978,279.072,63,64,95.982,1,,,6.40,1098de81
m6-sweep,077d63454595,25,0,ran,qwen2.5:3b,short,0,50,c002.1,1789622556.54208,1789622557.454906,277.554,912.707,121.111,277.514,62,63,96.04,1,,,6.21,02bf0516
m6-sweep,a6bf0bbfec60,26,0,ran,qwen2.5:3b,short,0,50,c002.1,1789622557.95514,1789622558.777383,285.285,822.123,128.427,285.241,52,53,95.001,1,,,6.21,0c0d7039
m6-sweep,0422bcf9db6e,27,0,ran,qwen2.5:3b,short,0,50,c002.1,1789622559.277683,1789622560.113521,291.443,835.751,135.091,291.392,53,54,95.534,1,,,6.21,be920e0f
m6-sweep,d4b87c0d4500,28,0,ran,qwen2.5:3b,short,0,50,c002.1,1789622560.613735,1789622561.434812,290.369,820.929,130.255,290.316,52,53,96.125,1,,,6.11,0d18bd4d
m6-sweep,60c9e56aea31,29,0,ran,qwen2.5:3b,short,0,50,c002.1,1789622561.935148,1789622562.652493,275.999,717.258,118.565,275.963,43,44,95.182,1,,,6.11,87a74b73
m6-sweep,ae34d01ca85d,30,0,ran,qwen2.5:3b,short,0,50,c002.1,1789622563.152731,1789622564.001374,275.144,848.536,122.168,275.108,56,57,95.92,1,,,6.11,cfa74606
m6-sweep,0be241ac14ca,31,0,ran,qwen2.5:3b,short,0,50,c002.1,1789622564.501594,1789622565.210795,284.602,709.111,124.803,284.556,41,42,94.227,1,,,6.11,423a7976
m6-sweep,399705fb4817,32,0,ran,qwen2.5:3b,short,0,50,c002.1,1789622565.711022,1789622566.524007,279.208,812.825,121.896,279.124,52,53,95.574,1,,,6.26,7724c1c9
m6-sweep,fcb8fe1f1e9f,33,0,ran,qwen2.5:3b,short,0,50,c002.1,1789622567.024289,1789622567.995546,298.687,971.172,135.614,298.605,65,66,95.169,1,,,6.26,0234f714
m6-sweep,b9f8c93f717c,34,0,ran,qwen2.5:3b,short,0,50,c002.1,1789622568.495842,1789622569.35961,296.765,863.639,122.575,296.712,52,53,89.967,1,,,6.26,76d567ab
m6-sweep,6ec6f9dadb55,35,0,ran,qwen2.5:3b,short,0,50,c002.1,1789622569.859883,1789622571.154322,283.004,1294.298,124.936,282.963,99,100,96.906,1,,,6.24,93a3c0a8
m6-sweep,34da8cde6547,36,0,ran,qwen2.5:3b,short,0,50,c002.1,1789622571.654512,1789622572.49911,301.059,844.477,140.385,301.019,52,53,93.85,1,,,6.24,6ae04813
m6-sweep,0c5733886589,37,0,ran,qwen2.5:3b,short,0,50,c002.1,1789622573.001607,1789622573.840401,297.257,838.689,137.111,297.214,52,53,94.195,1,,,6.24,c39fb3f8
m6-sweep,d04d64570ae0,38,0,ran,qwen2.5:3b,short,0,50,c002.1,1789622574.341732,1789622575.294236,290.644,952.368,129.684,290.599,58,59,86.139,1,,,6.24,450b80af
m6-sweep,63ca4843d973,39,0,ran,qwen2.5:3b,short,0,50,c002.1,1789622575.795018,1789622576.73631,295.996,941.171,139.243,295.961,62,63,94.548,1,,,7.18,32743c39
m6-sweep,b63f1ddbaea1,40,0,ran,qwen2.5:3b,short,0,50,c002.1,1789622577.236618,1789622578.374978,286.751,1138.268,129.953,286.71,82,83,95.124,1,,,7.18,16fd2cfc
m6-sweep,1215be5180ca,41,0,ran,qwen2.5:3b,short,0,50,c002.1,1789622578.875196,1789622579.722597,289.449,847.285,131.04,289.399,54,55,95.01,1,,,7.18,a3ab8c14
m6-sweep,c497c1b99f1e,42,0,ran,qwen2.5:3b,short,0,50,c002.1,1789622580.222787,1789622580.933037,286.786,710.159,125.666,286.749,41,42,94.479,1,,,7.18,60825578
m6-sweep,5a11f46176ce,43,0,ran,qwen2.5:3b,short,0,50,c002.1,1789622581.433273,1789622582.242869,274.17,809.499,118.966,274.128,52,53,95.269,1,,,6.77,2a9a9337
m6-sweep,6339534d62b8,44,0,ran,qwen2.5:3b,short,0,50,c002.1,1789622582.743108,1789622583.825069,282.93,1081.837,119.152,282.894,78,79,96.382,1,,,6.77,7dc2fafa
m6-sweep,cc2047945c0c,45,0,ran,qwen2.5:3b,short,0,50,c002.1,1789622584.325514,1789622585.034484,286.797,708.859,126.76,286.751,41,42,94.773,1,,,6.77,81f098ec
m6-sweep,af4ee5f6a32f,46,0,ran,qwen2.5:3b,short,0,50,c002.1,1789622585.534767,1789622586.332212,275.03,797.327,121.739,274.967,51,52,95.731,1,,,7.03,9cf3a7c5
m6-sweep,f976463f6ad1,47,0,ran,qwen2.5:3b,short,0,50,c002.1,1789622586.832469,1789622587.894671,302.024,1062.103,138.965,301.948,72,73,93.411,1,,,7.03,825ed2b4
m6-sweep,60eb7babb1e6,48,0,ran,qwen2.5:3b,short,0,50,c002.1,1789622588.394928,1789622589.55748,293.918,1162.438,131.711,293.848,85,86,96.716,1,,,7.03,9fd1cec1
m6-sweep,2805e59f4062,49,0,ran,qwen2.5:3b,short,0,50,c002.1,1789622590.05775,1789622591.175594,282.484,1117.701,124.875,282.403,82,83,96.981,1,,,6.79,9ba45753
m6-sweep,4d8c57d1b568,50,0,ran,qwen2.5:3b,short,0,50,c002.1,1789622591.675963,1789622592.797737,285.996,1121.667,128.286,285.945,82,83,96.928,1,,,6.79,9490dc3b
m6-sweep,84ee330d84c5,51,0,ran,qwen2.5:3b,short,0,50,c002.1,1789622593.297951,1789622594.107837,277.887,809.787,119.141,277.844,52,53,95.883,1,,,6.79,95f4f49d
m6-sweep,797af4e40593,52,0,ran,qwen2.5:3b,short,0,50,c002.1,1789622594.608035,1789622595.747157,295.576,1139.032,138.42,295.526,83,84,97.219,1,,,6.79,98b4be3c
m6-sweep,811373b0631e,0,1,ran,qwen2.5:3b,short,0,0,c003.1,1789622598.205956,1789622599.026714,98.747,820.524,39.215,98.708,70,71,95.597,1,,,6.64,f26faadd
m6-sweep,e5c7cd5ced76,1,1,ran,qwen2.5:3b,short,0,0,c003.1,1789622599.52707,1789622600.455487,87.165,928.295,31.807,87.131,82,83,96.299,1,,,6.64,2f38431c
m6-sweep,cde164786939,2,1,ran,qwen2.5:3b,short,0,0,c003.1,1789622600.955682,1789622601.457171,81.738,501.374,26.046,81.703,41,42,95.321,1,,,7.55,38211487
m6-sweep,080a6d1651a8,3,0,ran,qwen2.5:3b,short,0,0,c003.1,1789622601.957344,1789622602.824264,83.02,866.82,33.657,82.984,77,78,96.963,1,,,7.55,2fdd82fd
m6-sweep,bd5f817ff7ba,4,0,ran,qwen2.5:3b,short,0,0,c003.1,1789622603.324481,1789622603.993587,86.434,668.988,36.296,86.392,57,58,96.128,1,,,7.55,bffacfd5
m6-sweep,5e91f8ba089e,5,0,ran,qwen2.5:3b,short,0,0,c003.1,1789622604.493827,1789622605.419004,78.907,925.012,25.865,78.873,82,83,95.733,1,,,7.55,06cbeeaf
m6-sweep,ed034a234b86,6,0,ran,qwen2.5:3b,short,0,0,c003.1,1789622605.919352,1789622606.43222,84.893,512.765,29.535,84.859,41,42,93.486,1,,,8.47,cfa32733
m6-sweep,e796694ef68b,7,0,ran,qwen2.5:3b,short,0,0,c003.1,1789622606.932419,1789622607.540279,70.757,607.71,19.409,70.724,52,53,94.98,1,,,8.47,13f06427
m6-sweep,92b55667b3e2,8,0,ran,qwen2.5:3b,short,0,0,c003.1,1789622608.040565,1789622608.849177,87.044,808.487,32.659,87.009,70,71,95.642,1,,,8.47,923f259f
m6-sweep,983c4ca0bb57,9,0,ran,qwen2.5:3b,short,0,0,c003.1,1789622609.349416,1789622609.987759,72.344,638.243,26.292,72.301,55,56,95.423,1,,,8.47,2768df18
m6-sweep,af18403f8651,10,0,ran,qwen2.5:3b,short,0,0,c003.1,1789622610.487975,1789622611.20507,83.948,716.987,30.813,83.913,56,57,86.882,1,,,8.43,3e1a880a
m6-sweep,36c57fa7dde6,11,0,ran,qwen2.5:3b,short,0,0,c003.1,1789622611.705315,1789622612.537105,88.125,831.61,32.04,88.075,73,74,96.841,1,,,8.43,27a191d6
m6-sweep,73958b823ee2,12,0,ran,qwen2.5:3b,short,0,0,c003.1,1789622613.037369,1789622613.737365,92.3,699.887,37.188,92.257,59,60,95.46,1,,,8.43,49c6a994
m6-sweep,b65c24b07894,13,0,ran,qwen2.5:3b,short,0,0,c003.1,1789622614.2376,1789622614.886057,70.848,648.244,25.079,70.814,56,57,95.255,1,,,8.43,57bcebb8
m6-sweep,53969b18cfc7,14,0,ran,qwen2.5:3b,short,0,0,c003.1,1789622615.386432,1789622616.203276,97.068,816.734,40.647,97.026,70,71,95.878,1,,,9.12,493bf7be
m6-sweep,8b44cf368355,15,0,ran,qwen2.5:3b,short,0,0,c003.1,1789622616.703518,1789622617.313722,87.078,610.082,38.149,87.044,51,52,95.602,1,,,9.12,8349e98f
m6-sweep,537e849f7d54,16,0,ran,qwen2.5:3b,short,0,0,c003.1,1789622617.813957,1789622618.46204,74.29,647.927,26.854,74.248,56,57,95.88,1,,,9.12,3df64103
m6-sweep,a05a5c54dd68,17,0,ran,qwen2.5:3b,short,0,0,c003.1,1789622618.962397,1789622619.582847,87.942,620.282,34.941,87.899,52,53,95.803,1,,,9.12,841b58bb
m6-sweep,e7a78e7e00a4,18,0,ran,qwen2.5:3b,short,0,0,c003.1,1789622620.083112,1789622621.052024,74.18,968.81,26.498,74.146,81,82,89.422,1,,,9.12,6e1ad38f
m6-sweep,2e08a11b1244,19,0,ran,qwen2.5:3b,short,0,0,c003.1,1789622621.552241,1789622622.299716,80.207,747.374,22.917,80.172,65,66,95.928,1,,,8.55,e298563c
m6-sweep,853078c4e8d3,20,0,ran,qwen2.5:3b,short,0,0,c003.1,1789622622.799993,1789622623.624521,83.909,824.395,28.482,83.689,72,73,95.883,1,,,8.55,3b763d56
m6-sweep,c34a42fe6274,21,0,ran,qwen2.5:3b,short,0,0,c003.1,1789622624.124781,1789622624.841209,93.256,716.329,35.622,93.222,61,62,96.297,1,,,8.55,d1719da5
m6-sweep,1866c189c04e,22,0,ran,qwen2.5:3b,short,0,0,c003.1,1789622625.341434,1789622626.041658,78.435,700.127,22.416,78.401,61,62,96.511,1,,,8.55,77ea881e
m6-sweep,c6576f13e9e4,23,0,ran,qwen2.5:3b,short,0,0,c003.1,1789622626.541847,1789622627.481376,74.413,939.415,25.564,74.344,85,86,97.11,1,,,8.18,60e94ace
m6-sweep,0644563aa8bb,24,0,ran,qwen2.5:3b,short,0,0,c003.1,1789622627.981622,1789622628.602432,86.756,620.652,32.997,86.715,52,53,95.524,1,,,8.18,bf8d6e80
m6-sweep,0860fb214403,25,0,ran,qwen2.5:3b,short,0,0,c003.1,1789622629.1027,1789622629.803895,82.551,701.081,26.707,82.516,60,61,95.387,1,,,8.18,a9279066
m6-sweep,533274f13f1e,26,0,ran,qwen2.5:3b,short,0,0,c003.1,1789622630.304121,1789622631.043386,93.847,739.156,36.887,93.811,63,64,96.078,1,,,8.18,5480ae46
m6-sweep,be55d06a03ac,27,0,ran,qwen2.5:3b,short,0,0,c003.1,1789622631.543562,1789622632.165104,86.924,621.43,29.889,86.888,52,53,95.415,1,,,8.01,3f855901
m6-sweep,476dd7a5a16f,28,0,ran,qwen2.5:3b,short,0,0,c003.1,1789622632.665364,1789622633.182332,72.237,516.831,25.222,72.204,43,44,94.468,1,,,8.01,49e6727a
m6-sweep,e99bf7939a26,29,0,ran,qwen2.5:3b,short,0,0,c003.1,1789622633.682555,1789622634.408997,68.7,726.207,20.439,68.667,64,65,95.816,1,,,8.01,64806047
m6-sweep,2c67e4b8ba70,30,0,ran,qwen2.5:3b,short,0,0,c003.1,1789622634.909328,1789622635.728622,84.09,819.176,36.868,84.047,72,73,96.587,1,,,8.01,290c13d5
m6-sweep,0e010d6565f2,31,0,ran,qwen2.5:3b,short,0,0,c003.1,1789622636.229036,1789622637.02768,78.39,798.528,28.173,78.353,63,64,86.095,1,,,7.53,68d96ac7
m6-sweep,98d58afbdfad,32,0,ran,qwen2.5:3b,short,0,0,c003.1,1789622637.527925,1789622638.251782,70.437,723.726,19.815,70.403,63,64,94.904,1,,,7.53,29c889f5
m6-sweep,8a22e14023a2,33,0,ran,qwen2.5:3b,short,0,0,c003.1,1789622638.752057,1789622639.658943,75.036,906.725,19.287,74.993,80,81,94.987,1,,,7.53,565201d6
m6-sweep,ad226a65491d,34,0,ran,qwen2.5:3b,short,0,0,c003.1,1789622640.159228,1789622641.151077,212.608,991.738,160.676,212.57,75,76,94.978,1,,,8.20,fa2568a4
m6-sweep,6d215c02307c,35,0,ran,qwen2.5:3b,short,0,0,c003.1,1789622641.651305,1789622642.455179,82.686,803.769,22.43,82.644,70,71,95.689,1,,,8.20,a7f342b9
m6-sweep,2a8dd406e2d3,36,0,ran,qwen2.5:3b,short,0,0,c003.1,1789622642.955399,1789622643.660657,97.04,705.15,37.291,97.003,59,60,95.377,1,,,8.20,23def5a1
m6-sweep,f72d75b9dec0,37,0,ran,qwen2.5:3b,short,0,0,c003.1,1789622644.160873,1789622645.078162,73.966,917.158,24.321,73.932,82,83,96.064,1,,,8.20,b26bf2a6
m6-sweep,e9fe4728aa05,38,0,ran,qwen2.5:3b,short,0,0,c003.1,1789622645.578468,1789622646.194695,79.959,616.114,23.167,79.642,52,53,95.122,1,,,7.95,cc663e47
m6-sweep,6d4d12d24024,39,0,ran,qwen2.5:3b,short,0,0,c003.1,1789622646.694937,1789622647.581226,74.298,886.177,22.642,74.231,73,74,88.683,1,,,7.95,ad2488d5
m6-sweep,90d405363af3,40,0,ran,qwen2.5:3b,short,0,0,c003.1,1789622648.081452,1789622648.76303,74.082,681.477,23.401,74.048,59,60,95.49,1,,,7.95,f010de17
m6-sweep,63eb630860fe,41,0,ran,qwen2.5:3b,short,0,0,c003.1,1789622649.263256,1789622649.901795,79.056,638.378,32.127,79.023,54,55,94.758,1,,,7.95,a3f6be09
m6-sweep,0814ea00ba0c,42,0,ran,qwen2.5:3b,short,0,0,c003.1,1789622650.40209,1789622651.289971,85.641,887.67,36.199,85.594,78,79,96.007,1,,,8.59,ac2966fe
m6-sweep,3688f2f4f7f3,43,0,ran,qwen2.5:3b,short,0,0,c003.1,1789622651.790282,1789622652.48787,86.305,697.485,36.045,86.271,59,60,94.898,1,,,8.59,e3b40dd5
m6-sweep,69e45a9d0770,44,0,ran,qwen2.5:3b,short,0,0,c003.1,1789622652.98818,1789622653.903966,75.929,915.655,21.335,75.896,82,83,96.46,1,,,8.59,5c40c6ab
m6-sweep,733b49ed1f32,45,0,ran,qwen2.5:3b,short,0,0,c003.1,1789622654.404224,1789622655.387785,91.852,983.464,33.836,91.817,87,88,96.455,1,,,8.59,4dd2072c
m6-sweep,a73ee08ec4b3,46,0,ran,qwen2.5:3b,short,0,0,c003.1,1789622655.888279,1789622656.865655,76.315,977.209,22.951,76.281,88,89,96.571,1,,,9.27,e0e8e0cd
m6-sweep,6b63bcf9b273,47,0,ran,qwen2.5:3b,short,0,0,c003.1,1789622657.365946,1789622657.980366,82.787,614.301,30.353,82.753,52,53,95.952,1,,,9.27,91a8a134
m6-sweep,0b74731783c3,48,0,ran,qwen2.5:3b,short,0,0,c003.1,1789622658.48062,1789622659.416342,67.204,935.633,18.329,67.166,85,86,96.726,1,,,9.27,27d2fb24
m6-sweep,f9e00f8c0456,49,0,ran,qwen2.5:3b,short,0,0,c003.1,1789622659.91658,1789622660.533211,83.285,616.527,24.371,83.244,52,53,95.641,1,,,9.27,9f4bb351
m6-sweep,6e19c5fea5d5,50,0,ran,qwen2.5:3b,short,0,0,c003.1,1789622661.033414,1789622661.822566,74.967,789.051,25.273,74.919,70,71,96.627,1,,,10.13,a6ad9743
m6-sweep,4a8bc35f8b46,51,0,ran,qwen2.5:3b,short,0,0,c003.1,1789622662.322799,1789622663.247011,85.111,924.085,29.214,85.06,82,83,96.547,1,,,10.13,037b520d
m6-sweep,742b18728634,52,0,ran,qwen2.5:3b,short,0,0,c003.1,1789622663.747332,1789622664.46558,73.805,718.146,20.42,73.755,63,64,96.222,1,,,10.13,92c9c544
m6-sweep,1bf6e0989f9d,0,1,ran,qwen2.5:3b,long,2,0,c004.1,1789622666.963416,1789622668.09436,309.983,1130.75,23.847,309.94,76,77,91.378,1,,,9.56,0faed83a
m6-sweep,3fc936632998,1,1,ran,qwen2.5:3b,long,2,0,c004.1,1789622668.594626,1789622670.034804,201.988,1440.027,34.41,201.952,117,118,93.697,1,,,9.56,dba0accb
m6-sweep,b35b90f726f5,2,1,ran,qwen2.5:3b,long,2,0,c004.1,1789622670.535032,1789622671.7988,178.195,1263.648,22.039,178.158,103,104,93.97,1,,,9.19,78e83600
m6-sweep,bbe0fda265bd,3,0,ran,qwen2.5:3b,long,2,0,c004.1,1789622672.299057,1789622673.709824,193.377,1410.519,32.705,193.325,116,117,94.484,1,,,9.19,f8bc9717
m6-sweep,0d4a2dcc676d,4,0,ran,qwen2.5:3b,long,2,0,c004.1,1789622674.210154,1789622675.273864,192.639,1063.544,28.871,192.585,83,84,94.155,1,,,9.19,e476c04e
m6-sweep,61d9af234e81,5,0,ran,qwen2.5:3b,long,2,0,c004.1,1789622675.774101,1789622677.342638,311.686,1568.377,32.108,311.65,115,116,90.714,1,,,8.85,5dd984b6
m6-sweep,ebf5bdd66cfd,6,0,ran,qwen2.5:3b,long,2,0,c004.1,1789622677.84287,1789622679.235858,189.731,1392.865,37.011,189.693,115,116,94.753,1,,,8.85,83466ba0
m6-sweep,d11132ec0a67,7,0,ran,qwen2.5:3b,long,2,0,c004.1,1789622679.73613,1789622681.223376,178.426,1487.133,26.784,178.373,125,126,94.75,1,,,8.63,87b7b8e1
m6-sweep,d8c1d01fd931,8,0,ran,qwen2.5:3b,long,2,0,c004.1,1789622681.72359,1789622682.888623,338.647,1164.922,37.252,338.61,79,80,94.4,1,,,8.63,f639310b
m6-sweep,1c594fe3befb,9,0,ran,qwen2.5:3b,long,2,0,c004.1,1789622683.388863,1789622684.432647,199.274,1043.666,33.539,199.07,81,82,94.743,1,,,8.63,02bba330
m6-sweep,68a332d1bc94,10,0,ran,qwen2.5:3b,long,2,0,c004.1,1789622684.93287,1789622686.129935,183.526,1196.926,31.124,183.493,97,98,94.731,1,,,8.63,ba233869
m6-sweep,301b6f8230f2,11,0,ran,qwen2.5:3b,long,2,0,c004.1,1789622686.630177,1789622687.906155,186.266,1275.774,35.015,186.224,104,105,94.538,1,,,8.25,7b4cc168
m6-sweep,61ac585460d2,12,0,ran,qwen2.5:3b,long,2,0,c004.1,1789622688.406471,1789622689.895956,189.312,1489.312,37.954,189.274,124,125,94.615,1,,,8.25,066f0629
m6-sweep,19f930b9cba8,13,0,ran,qwen2.5:3b,long,2,0,c004.1,1789622690.396276,1789622691.915039,337.592,1518.588,31.628,337.555,110,111,92.295,1,,,8.07,a963e26e
m6-sweep,75fa141d4d9a,14,0,ran,qwen2.5:3b,long,2,0,c004.1,1789622692.415268,1789622693.876837,183.212,1461.444,33.351,183.175,122,123,94.662,1,,,8.07,5478e76e
m6-sweep,06f4e58386b7,15,0,ran,qwen2.5:3b,long,2,0,c004.1,1789622694.377061,1789622695.385567,182.281,1008.4,27.954,182.246,79,80,94.417,1,,,8.07,c0bac6dc
m6-sweep,20d6926c5d16,16,0,ran,qwen2.5:3b,long,2,0,c004.1,1789622695.885754,1789622697.152444,184.574,1266.567,31.478,184.536,103,104,94.27,1,,,8.79,acd1d802
m6-sweep,4a4f8bd34e0d,17,0,ran,qwen2.5:3b,long,2,0,c004.1,1789622697.652693,1789622698.917766,184.452,1264.96,32.167,184.415,103,104,94.4,1,,,8.79,271cde81
m6-sweep,222f3a5acd34,18,0,ran,qwen2.5:3b,long,2,0,c004.1,1789622699.417989,1789622700.9784,234.626,1560.293,37.357,234.571,128,128,95.801,1,,,8.79,30b97949
m6-sweep,0f0666e2a33b,19,0,ran,qwen2.5:3b,long,2,0,c004.1,1789622701.478684,1789622703.935034,1190.047,2456.225,1029.537,1190.003,120,121,93.984,1,,,8.41,36fafa3d
m6-sweep,9bc97517a546,20,0,ran,qwen2.5:3b,long,2,0,c004.1,1789622704.435307,1789622705.633024,185.236,1197.588,25.155,185.198,96,97,93.841,1,,,8.41,1b49701c
m6-sweep,6e36ed613fb8,21,0,ran,qwen2.5:3b,long,2,0,c004.1,1789622706.133256,1789622707.603021,307.06,1469.642,24.873,307.024,107,108,91.176,1,,,7.89,675b4e26
m6-sweep,da4b4ae69e0d,22,0,ran,qwen2.5:3b,long,2,0,c004.1,1789622708.103256,1789622709.104142,187.894,1000.773,35.763,187.858,77,78,93.495,1,,,7.89,5dc9f5df
m6-sweep,048547acf14c,23,0,ran,qwen2.5:3b,long,2,0,c004.1,1789622709.604383,1789622711.113506,175.462,1509.012,26.174,175.42,128,128,95.235,1,,,7.89,a1a910ed
m6-sweep,248635eace9d,24,0,ran,qwen2.5:3b,long,2,0,c004.1,1789622711.613753,1789622713.030269,191.41,1416.368,32.534,191.372,117,118,94.697,1,,,7.66,712aa2ac
m6-sweep,c3c318e524fe,25,0,ran,qwen2.5:3b,long,2,0,c004.1,1789622713.530512,1789622714.869709,305.145,1339.095,27.234,305.11,99,100,94.782,1,,,7.66,37e1bdd8
m6-sweep,bfc7836778b6,26,0,ran,qwen2.5:3b,long,2,0,c004.1,1789622715.369928,1789622716.378426,178.527,1008.392,27.758,178.468,79,80,93.991,1,,,8.41,1bdc6ccc
m6-sweep,9e2a08138020,27,0,ran,qwen2.5:3b,long,2,0,c004.1,1789622716.878692,1789622718.000669,212.824,1121.656,26.095,212.788,86,87,93.527,1,,,8.41,2dae608c
m6-sweep,953819207f53,28,0,ran,qwen2.5:3b,long,2,0,c004.1,1789622718.501064,1789622719.803614,185.543,1302.439,34.681,185.506,107,108,94.906,1,,,8.41,3dad4795
m6-sweep,352e0d843657,29,0,ran,qwen2.5:3b,long,2,0,c004.1,1789622720.303848,1789622721.401751,184.628,1097.773,22.879,184.584,87,88,94.18,1,,,8.30,48d9eca4
m6-sweep,5c0df54e8e5a,30,0,ran,qwen2.5:3b,long,2,0,c004.1,1789622721.901966,1789622723.033083,190.157,1130.934,32.219,190.122,90,91,94.603,1,,,8.30,90e6e653
m6-sweep,5923b5d0b124,31,0,ran,qwen2.5:3b,long,2,0,c004.1,1789622723.533376,1789622725.03465,189.111,1501.149,30.639,189.074,123,124,92.985,1,,,8.30,8049031c
m6-sweep,d699e3031cc7,32,0,ran,qwen2.5:3b,long,2,0,c004.1,1789622725.534921,1789622726.804326,225.173,1269.301,32.096,225.13,103,104,97.689,1,,,8.99,2b4963f5
m6-sweep,eb96af926348,33,0,ran,qwen2.5:3b,long,2,0,c004.1,1789622727.304544,1789622728.507981,332.757,1203.252,32.503,332.723,82,83,93.051,1,,,8.99,cb82b4cb
m6-sweep,8957fdedf215,34,0,ran,qwen2.5:3b,long,2,0,c004.1,1789622729.008317,1789622731.025008,1187.723,2016.588,1038.686,1187.684,79,80,94.105,1,,,8.99,eae794e2
m6-sweep,33853d93b324,35,0,ran,qwen2.5:3b,long,2,0,c004.1,1789622731.525224,1789622732.618941,192.848,1093.55,39.834,192.811,86,87,94.371,1,,,8.67,3e287964
m6-sweep,237b41a4f65f,36,0,ran,qwen2.5:3b,long,2,0,c004.1,1789622733.119273,1789622734.515174,176.997,1395.723,25.717,176.961,115,116,93.54,1,,,8.67,163ce7d5
m6-sweep,c52a039484bb,37,0,ran,qwen2.5:3b,long,2,0,c004.1,1789622735.015403,1789622736.059299,189.997,1043.752,30.982,189.962,80,81,92.532,1,,,8.67,8e467d1b
m6-sweep,61edada343d6,38,0,ran,qwen2.5:3b,long,2,0,c004.1,1789622736.559571,1789622737.699749,308.983,1140.069,27.674,308.943,79,80,93.853,1,,,9.10,eff47a75
m6-sweep,e6a3af8d4e69,39,0,ran,qwen2.5:3b,long,2,0,c004.1,1789622738.199979,1789622739.372671,182.883,1172.548,35.205,182.848,94,95,93.971,1,,,9.10,da6b3606
m6-sweep,729235159af3,40,0,ran,qwen2.5:3b,long,2,0,c004.1,1789622739.873014,1789622741.369528,207.373,1496.39,22.448,207.319,123,124,94.646,1,,,8.77,965cfa71
m6-sweep,e90620d90e7e,41,0,ran,qwen2.5:3b,long,2,0,c004.1,1789622741.869774,1789622742.878733,181.619,1008.854,28.642,181.565,79,80,94.29,1,,,8.77,157d0a5d
m6-sweep,d0639f5e8a7c,42,0,ran,qwen2.5:3b,long,2,0,c004.1,1789622743.37898,1789622744.440563,169.933,1061.471,18.506,169.899,83,84,91.976,1,,,8.77,48753777
m6-sweep,a7a4dd66686f,43,0,ran,qwen2.5:3b,long,2,0,c004.1,1789622744.940808,1789622746.49481,187.09,1553.889,34.679,187.054,128,128,92.918,1,,,8.31,eff94d84
m6-sweep,2427ed21fce2,44,0,ran,qwen2.5:3b,long,2,0,c004.1,1789622746.995041,1789622748.15952,339.393,1164.354,34.34,339.34,79,80,94.55,1,,,8.31,ac90dc4c
m6-sweep,c2766512529d,45,0,ran,qwen2.5:3b,long,2,0,c004.1,1789622748.659712,1789622750.003505,184.864,1343.453,32.572,184.822,110,111,94.08,1,,,8.31,afa7950e
m6-sweep,96820615fac0,46,0,ran,qwen2.5:3b,long,2,0,c004.1,1789622750.503939,1789622751.967872,178.971,1463.745,23.524,178.934,120,121,92.623,1,,,8.28,09729c2c
m6-sweep,b8275f4aeca8,47,0,ran,qwen2.5:3b,long,2,0,c004.1,1789622752.468208,1789622753.717251,181.112,1248.865,27.612,181.058,102,103,94.591,1,,,8.28,032b212a
m6-sweep,3d85a0e84752,48,0,ran,qwen2.5:3b,long,2,0,c004.1,1789622754.2175,1789622755.631691,189.615,1414.045,26.424,189.576,117,118,94.738,1,,,8.28,812212b4
m6-sweep,99d187ae461a,49,0,ran,qwen2.5:3b,long,2,0,c004.1,1789622756.131916,1789622757.581462,191.707,1449.379,31.034,191.656,120,121,94.619,1,,,7.94,33eb1a91
m6-sweep,141549cbb372,50,0,ran,qwen2.5:3b,long,2,0,c004.1,1789622758.0818,1789622759.414774,185.591,1332.824,22.517,185.555,107,108,92.396,1,,,7.94,1c970acc
m6-sweep,42e6e4166b20,51,0,ran,qwen2.5:3b,long,2,0,c004.1,1789622759.915062,1789622761.354977,192.956,1439.773,32.138,192.922,119,120,94.641,1,,,8.43,00504c21
m6-sweep,923ad41543cb,52,0,ran,qwen2.5:3b,long,2,0,c004.1,1789622761.855242,1789622762.859492,189.04,1004.136,29.764,189.004,78,79,94.467,1,,,8.43,1104a77d
m6-sweep,edb99c0c5921,0,1,loopback,qwen2.5:3b,long,0,0,c005.1,1789622764.410256,1789622765.474891,121.019,1064.442,1.302,120.974,90,91,94.337,1,,,8.43,3749c868
m6-sweep,5ba409247f6a,1,1,loopback,qwen2.5:3b,long,0,0,c005.1,1789622765.975187,1789622767.394591,126.438,1419.267,0.143,126.402,123,124,94.367,1,,,9.27,be6d91f6
m6-sweep,e73b3512ee62,2,1,loopback,qwen2.5:3b,long,0,0,c005.1,1789622767.894831,1789622768.850198,122.524,955.235,0.132,122.49,79,80,93.67,1,,,9.27,a7b9bb8c
m6-sweep,7f18e4de0a3f,3,0,loopback,qwen2.5:3b,long,0,0,c005.1,1789622769.350487,1789622770.543001,122.073,1192.388,0.129,122.016,102,103,94.365,1,,,9.27,85deea73
m6-sweep,ace94a2f8bea,4,0,loopback,qwen2.5:3b,long,0,0,c005.1,1789622771.043292,1789622772.0899,126.394,1046.484,0.137,126.346,87,88,93.469,1,,,9.89,4a766890
m6-sweep,3b36fc5193fd,5,0,loopback,qwen2.5:3b,long,0,0,c005.1,1789622772.590188,1789622773.776685,122.559,1186.361,0.124,122.509,102,103,94.943,1,,,9.89,5ebb6055
m6-sweep,c2703aafe546,6,0,loopback,qwen2.5:3b,long,0,0,c005.1,1789622774.276909,1789622775.22573,120.636,948.697,0.134,120.601,79,80,94.196,1,,,9.89,6db54df9
m6-sweep,6c4a603c8125,7,0,loopback,qwen2.5:3b,long,0,0,c005.1,1789622775.725935,1789622776.938623,119.673,1212.568,0.125,119.638,105,106,95.16,1,,,10.22,33739fbc
m6-sweep,76487d1fc5db,8,0,loopback,qwen2.5:3b,long,0,0,c005.1,1789622777.438811,1789622778.653401,127.295,1214.44,0.129,127.257,104,105,94.744,1,,,10.22,c83b906e
m6-sweep,4aea2d4d2f61,9,0,loopback,qwen2.5:3b,long,0,0,c005.1,1789622779.153654,1789622780.350746,123.567,1196.962,0.128,123.483,103,104,95.026,1,,,10.22,921b4fe0
m6-sweep,459dc935b93f,10,0,loopback,qwen2.5:3b,long,0,0,c005.1,1789622780.850986,1789622782.207862,120.862,1356.614,0.189,120.82,118,119,94.679,1,,,10.92,6eef0245
m6-sweep,1f1e70652352,11,0,loopback,qwen2.5:3b,long,0,0,c005.1,1789622782.708158,1789622783.898954,129.58,1190.603,0.134,129.526,102,103,95.191,1,,,10.92,7747cb82
m6-sweep,9def96b44e96,12,0,loopback,qwen2.5:3b,long,0,0,c005.1,1789622784.399245,1789622785.660343,122.835,1260.9,0.133,122.799,109,110,94.898,1,,,10.92,e78de38e
m6-sweep,aeccb2a7e1a5,13,0,loopback,qwen2.5:3b,long,0,0,c005.1,1789622786.160558,1789622787.104169,121.236,943.483,0.127,121.201,79,80,94.862,1,,,11.41,ed6a40e9
m6-sweep,90fef29042a7,14,0,loopback,qwen2.5:3b,long,0,0,c005.1,1789622787.604396,1789622789.051649,122.404,1447.134,0.126,122.348,128,128,95.869,1,,,11.41,aef69f05
m6-sweep,562c67d477f2,15,0,loopback,qwen2.5:3b,long,0,0,c005.1,1789622789.551848,1789622790.677727,121.345,1125.762,0.132,121.291,96,97,94.582,1,,,11.41,9555d1e9
m6-sweep,9c830498a584,16,0,loopback,qwen2.5:3b,long,0,0,c005.1,1789622791.18478,1789622792.53917,125.605,1354.249,0.132,125.567,118,119,95.227,1,,,11.62,a88b8a01
m6-sweep,32fd177230ef,17,0,loopback,qwen2.5:3b,long,0,0,c005.1,1789622793.039424,1789622794.016654,123.293,977.029,0.158,123.246,82,83,94.877,1,,,11.62,a65082da
m6-sweep,797a5d321aaa,18,0,loopback,qwen2.5:3b,long,0,0,c005.1,1789622794.516949,1789622795.880922,121.816,1363.793,0.22,121.759,119,120,95.01,1,,,11.62,b2863556
m6-sweep,f4483e6336e3,19,0,loopback,qwen2.5:3b,long,0,0,c005.1,1789622796.381123,1789622797.772921,119.452,1391.663,0.134,119.358,121,122,94.324,1,,,10.85,947be9d6
m6-sweep,b92b7db48b29,20,0,loopback,qwen2.5:3b,long,0,0,c005.1,1789622798.273151,1789622799.298461,119.196,1025.165,0.141,119.13,86,87,93.822,1,,,10.85,680fba58
m6-sweep,098e05b21058,21,0,loopback,qwen2.5:3b,long,0,0,c005.1,1789622799.798679,1789622800.65503,123.485,856.191,0.169,123.439,70,71,94.171,1,,,10.85,9951b58f
m6-sweep,c23482f4a59e,22,0,loopback,qwen2.5:3b,long,0,0,c005.1,1789622801.155295,1789622802.241614,120.315,1086.153,0.127,120.272,92,93,94.219,1,,,11.10,55793fb8
m6-sweep,3e000723828e,23,0,loopback,qwen2.5:3b,long,0,0,c005.1,1789622802.741894,1789622804.194494,124.043,1452.462,0.161,123.998,128,128,95.602,1,,,11.10,b6ee1b7f
m6-sweep,1697eda4d8c1,24,0,loopback,qwen2.5:3b,long,0,0,c005.1,1789622804.694738,1789622805.933611,123.356,1238.736,0.156,123.301,107,108,95.035,1,,,11.10,135d18e7
m6-sweep,c25f6bf59cfb,25,0,loopback,qwen2.5:3b,long,0,0,c005.1,1789622806.434034,1789622807.724192,119.708,1289.98,0.161,119.67,112,113,94.85,1,,,10.45,2f422c4a
m6-sweep,24c8201f89ef,26,0,loopback,qwen2.5:3b,long,0,0,c005.1,1789622808.224454,1789622809.250256,117.321,1025.673,0.134,117.278,87,88,94.677,1,,,10.45,319b4c29
m6-sweep,25a02c1d06ff,27,0,loopback,qwen2.5:3b,long,0,0,c005.1,1789622809.750463,1789622810.900386,117.212,1149.796,0.127,117.177,99,100,94.908,1,,,10.45,b075652a
m6-sweep,389cc5b442fe,28,0,loopback,qwen2.5:3b,long,0,0,c005.1,1789622811.400586,1789622812.460583,121.806,1059.805,0.143,121.756,90,91,94.883,1,,,9.77,678c6e67
m6-sweep,f74303d3e300,29,0,loopback,qwen2.5:3b,long,0,0,c005.1,1789622812.960848,1789622814.071095,119.844,1110.132,0.131,119.787,95,96,94.922,1,,,9.77,24ac4528
m6-sweep,e50a9bfcbe59,30,0,loopback,qwen2.5:3b,long,0,0,c005.1,1789622814.571274,1789622815.900779,120.01,1329.321,0.13,119.948,116,117,95.095,1,,,9.77,a2c6b353
m6-sweep,4d64e3059ccb,31,0,loopback,qwen2.5:3b,long,0,0,c005.1,1789622816.401044,1789622817.777121,118.991,1375.941,0.142,118.955,120,121,94.674,1,,,9.47,1e74732d
m6-sweep,661d3d5cecc7,32,0,loopback,qwen2.5:3b,long,0,0,c005.1,1789622818.27736,1789622819.385085,126.072,1107.48,0.174,126.029,94,95,94.762,1,,,9.47,3c79244e
m6-sweep,cc34860fca7c,33,0,loopback,qwen2.5:3b,long,0,0,c005.1,1789622819.885375,1789622821.096512,119.08,1211.006,0.135,119.047,105,106,95.245,1,,,9.47,ec8cf01a
m6-sweep,b4548a9c1a1f,34,0,loopback,qwen2.5:3b,long,0,0,c005.1,1789622821.596768,1789622822.956522,119.047,1359.619,0.124,119.011,119,120,95.117,1,,,9.11,8327edb8
m6-sweep,1df00b50f797,35,0,loopback,qwen2.5:3b,long,0,0,c005.1,1789622823.456738,1789622824.774366,119.698,1317.493,0.131,119.605,115,116,95.175,1,,,9.11,38bc03e2
m6-sweep,a8ccb6a9a3d8,36,0,loopback,qwen2.5:3b,long,0,0,c005.1,1789622825.274592,1789622826.298858,119.71,1024.142,0.133,119.665,87,88,95.087,1,,,8.78,80ffb95e
m6-sweep,baa86eb5b81b,37,0,loopback,qwen2.5:3b,long,0,0,c005.1,1789622826.799128,1789622827.907212,116.589,1107.97,0.127,116.549,95,96,94.817,1,,,8.78,0c00a1e6
m6-sweep,6f3a42614666,38,0,loopback,qwen2.5:3b,long,0,0,c005.1,1789622828.407428,1789622829.688641,117.462,1280.968,0.127,117.424,110,111,93.682,1,,,8.78,d3785f27
m6-sweep,9266be7f9eed,39,0,loopback,qwen2.5:3b,long,0,0,c005.1,1789622830.188944,1789622831.158703,133.011,969.621,0.13,132.941,79,80,93.233,1,,,8.78,e1645c13
m6-sweep,17280d7704cf,40,0,loopback,qwen2.5:3b,long,0,0,c005.1,1789622831.658911,1789622833.103498,134.001,1444.38,0.128,133.93,124,125,93.866,1,,,8.24,e723c5d3
m6-sweep,32a7dce7d3b8,41,0,loopback,qwen2.5:3b,long,0,0,c005.1,1789622833.603814,1789622834.692384,122.485,1088.38,0.151,122.442,92,93,94.213,1,,,8.24,123a6046
m6-sweep,9e9072f69307,42,0,loopback,qwen2.5:3b,long,0,0,c005.1,1789622835.192652,1789622836.30505,123.237,1112.289,0.133,123.193,94,95,94.029,1,,,7.74,92244928
m6-sweep,7457ff0a48c0,43,0,loopback,qwen2.5:3b,long,0,0,c005.1,1789622836.80529,1789622838.192302,125.656,1386.881,0.138,125.615,121,122,95.146,1,,,7.74,b32f5016
m6-sweep,b6e72d7a66e9,44,0,loopback,qwen2.5:3b,long,0,0,c005.1,1789622838.692518,1789622839.679691,128.058,987.017,0.124,128.014,81,82,93.136,1,,,7.74,6129c3f8
m6-sweep,2bcb2d205dd7,45,0,loopback,qwen2.5:3b,long,0,0,c005.1,1789622840.179993,1789622841.623386,122.02,1443.262,0.149,121.968,128,128,96.122,1,,,7.68,3d807d2b
m6-sweep,680b5dfe673e,46,0,loopback,qwen2.5:3b,long,0,0,c005.1,1789622842.123612,1789622843.279886,129.889,1156.071,0.167,129.838,98,99,94.525,1,,,7.68,88a60cc5
m6-sweep,8eb717002148,47,0,loopback,qwen2.5:3b,long,0,0,c005.1,1789622843.780143,1789622844.877913,120.824,1097.659,0.136,120.754,94,95,95.205,1,,,7.68,660af77e
m6-sweep,6043b4720ecd,48,0,loopback,qwen2.5:3b,long,0,0,c005.1,1789622845.378132,1789622846.621915,123.564,1243.665,0.146,123.521,108,109,95.527,1,,,7.71,cd99d1ad
m6-sweep,2f5c710078e7,49,0,loopback,qwen2.5:3b,long,0,0,c005.1,1789622847.122129,1789622848.269413,123.309,1147.101,0.169,123.273,98,99,94.746,1,,,7.71,0c2a8388
m6-sweep,f2d9b2863b1f,50,0,loopback,qwen2.5:3b,long,0,0,c005.1,1789622848.76966,1789622849.976018,130.271,1206.223,0.145,130.21,103,104,94.8,1,,,7.71,9eb750c5
m6-sweep,b437c91d2384,51,0,loopback,qwen2.5:3b,long,0,0,c005.1,1789622850.476229,1789622851.436065,122.909,959.709,0.133,122.874,80,81,94.407,1,,,7.41,30ca018f
m6-sweep,e5b79f5549a4,52,0,loopback,qwen2.5:3b,long,0,0,c005.1,1789622851.936345,1789622853.257263,131.966,1320.797,0.135,131.919,114,115,95.051,1,,,7.41,e9930a25
m6-sweep,cc233522a070,0,1,ran,qwen2.5:0.5b,long,0,100,c006.1,1789622854.932776,1789622859.484059,4076.547,4551.177,224.638,4076.497,128,128,267.577,1,,,7.06,5855ffb9
m6-sweep,956fd3034c2d,1,1,ran,qwen2.5:0.5b,long,0,100,c006.1,1789622859.98429,1789622860.970835,511.824,986.435,227.989,511.782,128,128,267.588,1,,,7.06,ce697f5c
m6-sweep,fde00a9d6658,2,1,ran,qwen2.5:0.5b,long,0,100,c006.1,1789622861.471073,1789622862.454936,503.715,983.768,219.987,503.658,128,128,264.554,1,,,6.97,7d6cfe46
m6-sweep,4ad65fb12f8b,3,0,ran,qwen2.5:0.5b,long,0,100,c006.1,1789622862.95525,1789622863.917371,501.485,962.006,220.147,501.442,128,128,275.774,1,,,6.97,714c4e61
m6-sweep,0bb978b3873b,4,0,ran,qwen2.5:0.5b,long,0,100,c006.1,1789622864.420496,1789622865.43408,519.365,1013.322,230.154,519.325,128,128,257.107,1,,,6.97,9157a59c
m6-sweep,a0a0f7d4c02d,5,0,ran,qwen2.5:0.5b,long,0,100,c006.1,1789622865.934376,1789622866.896516,501.698,962.043,219.109,501.661,128,128,275.88,1,,,6.73,7c56a262
m6-sweep,d03cb00ba678,6,0,ran,qwen2.5:0.5b,long,0,100,c006.1,1789622867.396752,1789622868.386983,508.562,990.139,229.72,508.526,128,128,263.717,1,,,6.73,b4816251
m6-sweep,5b6809977cba,7,0,ran,qwen2.5:0.5b,long,0,100,c006.1,1789622868.887175,1789622869.876637,517.029,989.353,229.387,516.978,128,128,268.883,1,,,6.73,d2be618d
m6-sweep,48d3081b7a78,8,0,ran,qwen2.5:0.5b,long,0,100,c006.1,1789622870.376885,1789622871.367072,509.338,990.094,227.115,509.259,128,128,264.167,1,,,6.51,5438794a
m6-sweep,4ec1232ef6ad,9,0,ran,qwen2.5:0.5b,long,0,100,c006.1,1789622871.867311,1789622872.862867,510.402,995.456,227.008,510.345,128,128,261.826,1,,,6.51,0b1a3b61
m6-sweep,f6c2c1e1066e,10,0,ran,qwen2.5:0.5b,long,0,100,c006.1,1789622873.363122,1789622874.344086,509.958,980.793,221.961,509.903,128,128,269.733,1,,,6.51,b414ac21
m6-sweep,c1e1b7a7961d,11,0,ran,qwen2.5:0.5b,long,0,100,c006.1,1789622874.844302,1789622875.82867,510.65,984.277,226.684,510.599,128,128,268.143,1,,,6.51,72d40a8d
m6-sweep,ee12defabe26,12,0,ran,qwen2.5:0.5b,long,0,100,c006.1,1789622876.328946,1789622877.315714,505.96,986.586,225.159,505.924,128,128,264.238,1,,,6.47,842854f9
m6-sweep,d0ad40e16544,13,0,ran,qwen2.5:0.5b,long,0,100,c006.1,1789622877.816004,1789622878.80331,516.276,987.216,225.004,516.241,128,128,269.673,1,,,6.47,73131006
m6-sweep,a9a3aea23ecc,14,0,ran,qwen2.5:0.5b,long,0,100,c006.1,1789622879.303508,1789622880.279682,506.926,976.095,224.882,506.884,128,128,270.691,1,,,6.47,0337b8d9
m6-sweep,a38469b99d0b,15,0,ran,qwen2.5:0.5b,long,0,100,c006.1,1789622880.779893,1789622881.762257,508.089,982.236,224.922,508.055,128,128,267.849,1,,,7.56,2c27cd71
m6-sweep,556dd3f33f96,16,0,ran,qwen2.5:0.5b,long,0,100,c006.1,1789622882.262491,1789622883.257357,516.485,994.774,224.141,516.451,128,128,265.53,1,,,7.56,ac8fd45c
m6-sweep,3bb091912f77,17,0,ran,qwen2.5:0.5b,long,0,100,c006.1,1789622883.757579,1789622884.734363,507.568,976.696,224.271,507.515,128,128,270.715,1,,,7.56,4117e42f
m6-sweep,b6526e67b35c,18,0,ran,qwen2.5:0.5b,long,0,100,c006.1,1789622885.234602,1789622886.219385,510.68,984.677,224.937,510.647,128,128,267.934,1,,,7.56,8c1b3ae7
m6-sweep,dd056769a8d9,19,0,ran,qwen2.5:0.5b,long,0,100,c006.1,1789622886.719625,1789622887.709864,516.64,990.141,227.5,516.597,128,128,268.215,1,,,7.27,250ca782
m6-sweep,7b4fb860a8b9,20,0,ran,qwen2.5:0.5b,long,0,100,c006.1,1789622888.210092,1789622889.197546,506.575,987.354,225.807,506.531,128,128,264.155,1,,,7.27,04feb99d
m6-sweep,fe210f84d1f0,21,0,ran,qwen2.5:0.5b,long,0,100,c006.1,1789622889.697806,1789622890.691362,512.742,993.452,233.91,512.664,128,128,264.193,1,,,7.27,012ea374
m6-sweep,358f9b16e5eb,22,0,ran,qwen2.5:0.5b,long,0,100,c006.1,1789622891.191613,1789622892.172325,511.0,980.608,224.091,510.965,128,128,270.438,1,,,6.93,4443a866
m6-sweep,c9bb848c9209,23,0,ran,qwen2.5:0.5b,long,0,100,c006.1,1789622892.672544,1789622893.656073,507.162,983.435,225.736,507.124,128,128,266.654,1,,,6.93,d7a1e425
m6-sweep,bad0be815e81,24,0,ran,qwen2.5:0.5b,long,0,100,c006.1,1789622894.156335,1789622895.146833,510.871,990.402,229.475,510.837,128,128,264.842,1,,,6.93,ce21490d
m6-sweep,9cf09b2b3846,25,0,ran,qwen2.5:0.5b,long,0,100,c006.1,1789622895.647508,1789622896.641044,518.967,993.446,230.728,518.933,128,128,267.662,1,,,6.77,54633a5b
m6-sweep,5df25d144319,26,0,ran,qwen2.5:0.5b,long,0,100,c006.1,1789622897.141316,1789622898.11394,509.254,972.464,230.209,509.218,128,128,274.174,1,,,6.77,36949a73
m6-sweep,f6e54c6797bb,27,0,ran,qwen2.5:0.5b,long,0,100,c006.1,1789622898.614177,1789622899.608277,513.251,993.98,228.072,513.177,128,128,264.182,1,,,6.77,69c8b650
m6-sweep,d06f33b5b04d,28,0,ran,qwen2.5:0.5b,long,0,100,c006.1,1789622900.108517,1789622901.098694,517.442,990.061,227.71,517.407,128,128,268.715,1,,,6.77,9ba5c777
m6-sweep,8431314fb720,29,0,ran,qwen2.5:0.5b,long,0,100,c006.1,1789622901.598907,1789622902.584742,507.6,985.742,227.851,507.558,128,128,265.612,1,,,6.39,58b84d46
m6-sweep,7d00679f9b10,30,0,ran,qwen2.5:0.5b,long,0,100,c006.1,1789622903.085006,1789622904.067961,507.102,982.859,226.772,507.047,128,128,266.943,1,,,6.39,a07a9220
m6-sweep,aded1063b354,31,0,ran,qwen2.5:0.5b,long,0,100,c006.1,1789622904.568204,1789622905.556794,516.216,988.494,226.084,516.176,128,128,268.909,1,,,6.39,e70077f0
m6-sweep,0de90cd48344,32,0,ran,qwen2.5:0.5b,long,0,100,c006.1,1789622906.057054,1789622907.040357,503.736,983.181,226.28,503.702,128,128,264.89,1,,,6.04,cfd191c5
m6-sweep,faab6c9eacd6,33,0,ran,qwen2.5:0.5b,long,0,100,c006.1,1789622907.540622,1789622908.524296,507.964,983.583,225.331,507.928,128,128,267.02,1,,,6.04,09f42656
m6-sweep,7d0c49a3e999,34,0,ran,qwen2.5:0.5b,long,0,100,c006.1,1789622909.024505,1789622910.754519,1254.664,1729.921,226.893,1254.624,128,128,267.224,1,,,6.04,76fe5938
m6-sweep,1b962a69fde5,35,0,ran,qwen2.5:0.5b,long,0,100,c006.1,1789622911.254742,1789622912.257329,510.855,1002.502,226.13,510.821,128,128,258.316,1,,,5.88,645158aa
m6-sweep,03c4f37ebda6,36,0,ran,qwen2.5:0.5b,long,0,100,c006.1,1789622912.757494,1789622913.731431,501.026,973.821,219.831,500.991,128,128,268.616,1,,,5.88,eab3ff3a
m6-sweep,adac5d1aa591,37,0,ran,qwen2.5:0.5b,long,0,100,c006.1,1789622914.231724,1789622915.21694,508.217,985.125,226.963,508.171,128,128,266.299,1,,,5.88,187c6293
m6-sweep,57710916b82d,38,0,ran,qwen2.5:0.5b,long,0,100,c006.1,1789622915.717141,1789622916.697895,503.06,980.659,224.319,503.019,128,128,265.914,1,,,7.01,5db3c04a
m6-sweep,4fac774adb4b,39,0,ran,qwen2.5:0.5b,long,0,100,c006.1,1789622917.198134,1789622918.177042,503.743,978.804,224.453,503.702,128,128,267.334,1,,,7.01,39eb1ff4
m6-sweep,48569b9f6d6a,40,0,ran,qwen2.5:0.5b,long,0,100,c006.1,1789622918.67729,1789622919.659532,504.048,982.148,224.559,503.997,128,128,265.635,1,,,7.01,7bea558c
m6-sweep,13c8360718ba,41,0,ran,qwen2.5:0.5b,long,0,100,c006.1,1789622920.159746,1789622921.13947,503.722,979.631,225.834,503.688,128,128,266.858,1,,,7.01,0ac0a4da
m6-sweep,0111d97dedc4,42,0,ran,qwen2.5:0.5b,long,0,100,c006.1,1789622921.639691,1789622922.631287,510.444,991.491,231.011,510.388,128,128,264.008,1,,,6.93,a94fa6e6
m6-sweep,55243e1b5aac,43,0,ran,qwen2.5:0.5b,long,0,100,c006.1,1789622923.131543,1789622924.120331,511.285,988.581,228.297,511.189,128,128,266.082,1,,,6.93,17425050
m6-sweep,98df99e3c144,44,0,ran,qwen2.5:0.5b,long,0,100,c006.1,1789622924.620836,1789622925.648943,531.606,1027.899,228.971,531.535,128,128,255.898,1,,,6.93,fc7feb23
m6-sweep,ac11e00a2e57,45,0,ran,qwen2.5:0.5b,long,0,100,c006.1,1789622926.149544,1789622927.16274,529.093,1013.014,239.103,529.007,128,128,262.44,1,,,6.77,cbed52ec
m6-sweep,e7b959979ab8,46,0,ran,qwen2.5:0.5b,long,0,100,c006.1,1789622927.663066,1789622928.650956,520.221,987.659,229.682,520.146,128,128,271.693,1,,,6.77,35db7589
m6-sweep,042f8d76db04,47,0,ran,qwen2.5:0.5b,long,0,100,c006.1,1789622929.151526,1789622930.136078,516.44,984.366,220.901,516.405,128,128,271.411,1,,,6.77,fdf8f72c
m6-sweep,29435f360b27,48,0,ran,qwen2.5:0.5b,long,0,100,c006.1,1789622930.636364,1789622931.629866,511.316,993.415,230.136,511.278,128,128,263.431,1,,,6.55,b3a5376d
m6-sweep,2ca717a3d1e9,49,0,ran,qwen2.5:0.5b,long,0,100,c006.1,1789622932.130236,1789622933.114749,504.634,984.418,223.014,504.582,128,128,264.702,1,,,6.55,a2543326
m6-sweep,2ef1a2ad103f,50,0,ran,qwen2.5:0.5b,long,0,100,c006.1,1789622933.615041,1789622934.599009,518.233,983.87,227.919,518.198,128,128,272.745,1,,,6.55,ce6eacf1
m6-sweep,bd704745e9f3,51,0,ran,qwen2.5:0.5b,long,0,100,c006.1,1789622935.099286,1789622936.086471,511.698,987.092,226.907,511.662,128,128,267.147,1,,,6.55,91a71305
m6-sweep,5bc0b467591c,52,0,ran,qwen2.5:0.5b,long,0,100,c006.1,1789622936.586703,1789622937.569354,506.526,982.541,226.114,506.471,128,128,266.798,1,,,6.50,2955b37a
m6-sweep,6529864d50cd,0,1,ran,qwen2.5:1.5b,long,5,100,c007.1,1789622940.082729,1789622945.031779,4029.334,4948.906,227.569,4029.289,128,128,138.108,1,,,6.46,eb649d36
m6-sweep,ca8fcddeec02,1,1,ran,qwen2.5:1.5b,long,5,100,c007.1,1789622945.532145,1789622947.737429,1265.919,2205.177,224.611,1265.864,128,128,135.213,1,,,6.11,d2f98709
m6-sweep,ac4f222f28af,2,1,ran,qwen2.5:1.5b,long,5,100,c007.1,1789622948.237646,1789622949.58329,543.48,1345.533,223.49,543.436,128,128,158.344,1,,,6.11,9e4096c4
m6-sweep,bbb09f32552e,3,0,ran,qwen2.5:1.5b,long,5,100,c007.1,1789622950.083544,1789622951.578848,543.965,1495.205,223.965,543.926,128,128,133.51,1,,,5.94,ef6f86e0
m6-sweep,93cc40c7e546,4,0,ran,qwen2.5:1.5b,long,5,100,c007.1,1789622952.079061,1789622953.622717,539.583,1543.548,225.8,539.546,128,128,126.498,1,,,5.94,67ad12c9
m6-sweep,a3d029250e5e,5,0,ran,qwen2.5:1.5b,long,5,100,c007.1,1789622954.122963,1789622956.415765,540.19,2292.7,225.264,540.136,128,128,72.467,1,,,6.02,9f0b01a9
m6-sweep,5f4e3a61ef37,6,0,ran,qwen2.5:1.5b,long,5,100,c007.1,1789622956.915985,1789622958.4333,563.223,1517.209,238.229,563.187,128,128,133.126,1,,,6.02,37b7d3d5
m6-sweep,a5767e010a5d,7,0,ran,qwen2.5:1.5b,long,5,100,c007.1,1789622958.933537,1789622960.400431,549.035,1466.8,232.103,548.997,128,128,138.38,1,,,6.02,8d332bb6
m6-sweep,5b3e37081e5b,8,0,ran,qwen2.5:1.5b,long,5,100,c007.1,1789622960.900658,1789622963.263193,553.209,2362.421,237.003,553.153,128,128,70.196,1,,,6.50,6eb10a75
m6-sweep,604b8d61403a,9,0,ran,qwen2.5:1.5b,long,5,100,c007.1,1789622963.763434,1789622966.758961,2019.257,2995.421,239.127,2019.219,128,128,130.101,1,,,6.38,f32f9cd3
m6-sweep,dbc2176f4f36,10,0,ran,qwen2.5:1.5b,long,5,100,c007.1,1789622967.259295,1789622969.834295,1588.882,2574.904,1255.028,1588.827,128,128,128.8,1,,,6.38,24a0ae33
m6-sweep,c83206d309a8,11,0,ran,qwen2.5:1.5b,long,5,100,c007.1,1789622970.334527,1789622971.830721,544.755,1496.092,222.176,544.714,128,128,133.496,1,,,6.35,ac33edac
m6-sweep,c3e945a172e0,12,0,ran,qwen2.5:1.5b,long,5,100,c007.1,1789622972.330942,1789622975.308227,1555.21,2977.18,1236.075,1555.165,128,128,89.313,1,,,6.35,78cf9be1
m6-sweep,a8cb992443f3,13,0,ran,qwen2.5:1.5b,long,5,100,c007.1,1789622975.808458,1789622977.312206,546.754,1503.648,224.83,546.718,128,128,132.721,1,,,6.48,4155229f
m6-sweep,0ed18f5ed959,14,0,ran,qwen2.5:1.5b,long,5,100,c007.1,1789622977.812441,1789622980.310306,1558.836,2497.774,1227.291,1558.798,128,128,135.259,1,,,6.48,b06fba20
m6-sweep,5f49e0425681,15,0,ran,qwen2.5:1.5b,long,5,100,c007.1,1789622980.810522,1789622982.395664,540.936,1585.051,225.049,540.899,128,128,121.634,1,,,6.28,0bb795c0
m6-sweep,2dd19c60b22f,16,0,ran,qwen2.5:1.5b,long,5,100,c007.1,1789622982.89589,1789622984.403276,800.0,1507.278,234.148,799.963,128,128,179.562,1,,,6.28,04278b0f
m6-sweep,1778d7fe2aa8,17,0,ran,qwen2.5:1.5b,long,5,100,c007.1,1789622984.90351,1789622986.400559,786.825,1496.962,225.191,786.787,128,128,178.839,1,,,6.28,ec895b25
m6-sweep,285b1a401d3c,18,0,ran,qwen2.5:1.5b,long,5,100,c007.1,1789622986.900778,1789622988.427051,537.158,1526.175,223.564,537.119,128,128,128.41,1,,,6.02,81c7d5f4
m6-sweep,6fb8be97a3b3,19,0,ran,qwen2.5:1.5b,long,5,100,c007.1,1789622988.927291,1789622990.367488,553.349,1440.098,238.39,553.314,128,128,143.22,1,,,6.02,e59782d9
m6-sweep,e5c7943e0d81,20,0,ran,qwen2.5:1.5b,long,5,100,c007.1,1789622990.867715,1789622992.463589,566.382,1595.755,239.711,566.343,128,128,123.376,1,,,6.10,22f901de
m6-sweep,e4a054a6eafc,21,0,ran,qwen2.5:1.5b,long,5,100,c007.1,1789622992.963877,1789622994.532976,551.939,1569.015,226.041,551.816,128,128,124.868,1,,,6.10,837b54c9
m6-sweep,5bd43f6d5694,22,0,ran,qwen2.5:1.5b,long,5,100,c007.1,1789622995.033284,1789622996.5312,561.922,1497.833,239.867,561.887,128,128,135.697,1,,,5.85,b2385c11
m6-sweep,f6f2f5b01a4e,23,0,ran,qwen2.5:1.5b,long,5,100,c007.1,1789622997.031444,1789622998.381077,541.971,1349.531,226.086,541.923,128,128,157.264,1,,,5.85,ff1a9361
m6-sweep,8c2c181fbd8a,24,0,ran,qwen2.5:1.5b,long,5,100,c007.1,1789622998.881294,1789623000.400293,562.937,1518.9,239.367,562.886,128,128,132.85,1,,,5.85,b25ecc91
m6-sweep,2e691e764aab,25,0,ran,qwen2.5:1.5b,long,5,100,c007.1,1789623000.900512,1789623002.443733,528.005,1543.127,225.93,527.956,128,128,125.108,1,,,5.94,85604f74
m6-sweep,94c453a4c7f4,26,0,ran,qwen2.5:1.5b,long,5,100,c007.1,1789623002.943958,1789623004.674474,548.638,1730.425,226.166,548.601,128,128,107.464,1,,,5.94,3e30db7a
m6-sweep,97a737734e9d,27,0,ran,qwen2.5:1.5b,long,5,100,c007.1,1789623005.174694,1789623007.746821,1580.074,2572.035,1248.295,1580.017,128,128,128.029,1,,,5.63,153bbc2b
m6-sweep,1ea1e7543d2b,28,0,ran,qwen2.5:1.5b,long,5,100,c007.1,1789623008.24704,1789623010.059754,861.198,1812.617,236.967,861.163,128,128,133.485,1,,,5.63,383f93ee
m6-sweep,4038d9ca4337,29,0,ran,qwen2.5:1.5b,long,5,100,c007.1,1789623010.559983,1789623012.043309,537.359,1483.237,223.644,537.323,128,128,134.267,1,,,5.42,79114229
m6-sweep,bdea1972c83e,30,0,ran,qwen2.5:1.5b,long,5,100,c007.1,1789623012.543537,1789623014.044085,546.25,1500.445,223.475,546.197,128,128,133.096,1,,,5.42,0594d2f3
m6-sweep,e5f813a2c212,31,0,ran,qwen2.5:1.5b,long,5,100,c007.1,1789623014.544286,1789623016.985647,1488.686,2441.275,222.987,1488.633,128,128,133.321,1,,,5.38,75e92fcd
m6-sweep,d01569beaf0c,32,0,ran,qwen2.5:1.5b,long,5,100,c007.1,1789623017.485905,1789623019.723477,1293.428,2237.465,223.311,1293.39,128,128,134.529,1,,,5.38,634fcc60
m6-sweep,56f9fd7fec55,33,0,ran,qwen2.5:1.5b,long,5,100,c007.1,1789623020.223721,1789623021.598391,539.674,1374.584,225.654,539.605,128,128,152.112,1,,,6.31,11a10593
m6-sweep,a39a33f58399,34,0,ran,qwen2.5:1.5b,long,5,100,c007.1,1789623022.09861,1789623023.614786,798.594,1516.091,238.16,798.538,128,128,177.004,1,,,6.31,618ce5ee
m6-sweep,5c60e8b41cd4,35,0,ran,qwen2.5:1.5b,long,5,100,c007.1,1789623024.115005,1789623030.202251,1569.956,6087.102,1260.049,1569.911,128,128,28.115,1,,,6.37,c4a5ff3a
m6-sweep,dd88df10ffae,36,0,ran,qwen2.5:1.5b,long,5,100,c007.1,1789623030.703245,1789623032.086058,552.245,1382.705,225.339,552.173,128,128,152.927,1,,,7.14,b1b3252f
m6-sweep,748de457d4e2,37,0,ran,qwen2.5:1.5b,long,5,100,c007.1,1789623032.586684,1789623034.294431,533.784,1707.643,219.467,533.747,128,128,108.19,1,,,7.14,b8ea0396
m6-sweep,5a254da67e01,38,0,ran,qwen2.5:1.5b,long,5,100,c007.1,1789623034.794631,1789623036.296757,552.715,1502.036,227.429,552.679,128,128,133.78,1,,,7.14,0ea92918
m6-sweep,911f727f3b83,39,0,ran,qwen2.5:1.5b,long,5,100,c007.1,1789623036.797024,1789623038.187859,541.214,1390.74,225.075,541.162,128,128,149.495,1,,,6.97,c0bcb66f
m6-sweep,18bc84d92250,40,0,ran,qwen2.5:1.5b,long,5,100,c007.1,1789623038.688089,1789623040.680442,1032.633,1992.235,226.562,1032.597,128,128,132.347,1,,,6.97,7cfa9082
m6-sweep,c2f2469f1e5f,41,0,ran,qwen2.5:1.5b,long,5,100,c007.1,1789623041.18064,1789623042.978828,542.156,1798.078,227.101,542.101,128,128,101.121,1,,,6.57,ec0839eb
m6-sweep,39c5553b9f1b,42,0,ran,qwen2.5:1.5b,long,5,100,c007.1,1789623043.47909,1789623044.955109,537.314,1475.923,222.865,537.273,128,128,135.307,1,,,6.57,761e79c2
m6-sweep,0f8faa6fa436,43,0,ran,qwen2.5:1.5b,long,5,100,c007.1,1789623045.455313,1789623046.819276,543.996,1363.851,229.344,543.959,128,128,154.906,1,,,6.61,927cc008
m6-sweep,3ea5a45b8a51,44,0,ran,qwen2.5:1.5b,long,5,100,c007.1,1789623047.319482,1789623049.834174,1571.661,2514.601,1248.215,1571.588,128,128,134.685,1,,,6.61,5d58cf52
m6-sweep,f72d080c1c72,45,0,ran,qwen2.5:1.5b,long,5,100,c007.1,1789623050.334442,1789623051.841093,544.964,1506.563,223.761,544.918,128,128,132.072,1,,,6.64,e7e6fc6c
m6-sweep,5e68af876b23,46,0,ran,qwen2.5:1.5b,long,5,100,c007.1,1789623052.341369,1789623053.831553,543.1,1490.058,228.825,543.062,128,128,134.114,1,,,6.64,a95ffafc
m6-sweep,5ee19c26c695,47,0,ran,qwen2.5:1.5b,long,5,100,c007.1,1789623054.331802,1789623055.794849,524.719,1462.956,223.923,524.663,128,128,135.36,1,,,6.64,0c9fd04a
m6-sweep,4fd3fabc0eec,48,0,ran,qwen2.5:1.5b,long,5,100,c007.1,1789623056.295083,1789623058.576615,1340.654,2281.439,237.47,1340.6,128,128,134.994,1,,,6.51,e0687d96
m6-sweep,cb489c839919,49,0,ran,qwen2.5:1.5b,long,5,100,c007.1,1789623059.076842,1789623060.466599,544.972,1389.655,228.931,544.936,128,128,150.352,1,,,6.51,a75b428c
m6-sweep,fd9c9b2953c8,50,0,ran,qwen2.5:1.5b,long,5,100,c007.1,1789623060.967024,1789623062.491505,546.126,1524.386,228.552,546.083,128,128,129.822,1,,,6.55,324d3cfd
m6-sweep,17cdd478d7e9,51,0,ran,qwen2.5:1.5b,long,5,100,c007.1,1789623062.991845,1789623064.684541,513.521,1692.617,221.517,513.465,128,128,107.71,1,,,6.55,979ed28e
m6-sweep,16a774809a25,52,0,ran,qwen2.5:1.5b,long,5,100,c007.1,1789623065.184758,1789623066.676594,541.333,1491.728,224.707,541.295,128,128,133.629,1,,,6.50,0b654d72
m6-sweep,7a5437d4fa81,0,1,ran,qwen2.5:0.5b,long,0.5,0,c008.1,1789623069.203974,1789623072.415385,2705.554,3210.952,25.652,2705.484,128,128,251.287,1,,,6.46,39d23a3e
m6-sweep,1ace94fb2302,1,1,ran,qwen2.5:0.5b,long,0.5,0,c008.1,1789623072.915771,1789623073.508187,88.754,592.254,21.334,88.701,128,128,252.235,1,,,6.46,f9ac2d48
m6-sweep,f50a3ba8716e,2,1,ran,qwen2.5:0.5b,long,0.5,0,c008.1,1789623074.008444,1789623074.587428,106.811,578.845,31.431,106.751,128,128,269.048,1,,,6.46,16396b32
m6-sweep,0de5eec77a37,3,0,ran,qwen2.5:0.5b,long,0.5,0,c008.1,1789623075.087637,1789623075.635065,92.36,547.297,26.591,92.313,128,128,279.159,1,,,6.46,a872cab8
m6-sweep,7fd3d86d2722,4,0,ran,qwen2.5:0.5b,long,0.5,0,c008.1,1789623076.135297,1789623076.699493,107.948,564.076,32.089,107.909,128,128,278.431,1,,,7.15,da5fc91e
m6-sweep,b05958a2a988,5,0,ran,qwen2.5:0.5b,long,0.5,0,c008.1,1789623077.199894,1789623077.750474,96.85,550.453,22.259,96.801,128,128,279.981,1,,,7.15,fa2880e8
m6-sweep,eea8ee7a5a5b,6,0,ran,qwen2.5:0.5b,long,0.5,0,c008.1,1789623078.250704,1789623078.791578,96.247,540.767,32.187,96.214,128,128,285.701,1,,,7.15,0f67a306
m6-sweep,13b6cf98a7c0,7,0,ran,qwen2.5:0.5b,long,0.5,0,c008.1,1789623079.291763,1789623079.8507,102.085,558.819,28.728,102.028,128,128,278.061,1,,,7.15,5607a991
m6-sweep,b816fcb338fe,8,0,ran,qwen2.5:0.5b,long,0.5,0,c008.1,1789623080.350955,1789623081.019192,222.21,668.135,27.446,222.177,128,128,284.802,1,,,7.15,eacc8e78
m6-sweep,2e9d4d35313c,9,0,ran,qwen2.5:0.5b,long,0.5,0,c008.1,1789623081.519422,1789623082.065777,96.975,546.248,29.556,96.942,128,128,282.679,1,,,6.97,97c5b98f
m6-sweep,078b940ba91c,10,0,ran,qwen2.5:0.5b,long,0.5,0,c008.1,1789623082.566014,1789623083.109294,94.239,543.152,20.482,94.189,128,128,282.906,1,,,6.97,0dc07cae
m6-sweep,dbd3c8cdf3be,11,0,ran,qwen2.5:0.5b,long,0.5,0,c008.1,1789623083.609505,1789623084.171849,94.992,562.232,31.823,94.94,128,128,271.809,1,,,6.97,91247944
m6-sweep,39b08687baec,12,0,ran,qwen2.5:0.5b,long,0.5,0,c008.1,1789623084.672092,1789623085.209423,89.756,537.22,22.465,89.699,128,128,283.821,1,,,6.97,36492a13
m6-sweep,11d0a923c26f,13,0,ran,qwen2.5:0.5b,long,0.5,0,c008.1,1789623085.709626,1789623086.256786,87.225,547.035,22.09,87.186,128,128,276.201,1,,,6.97,dfe130a7
m6-sweep,723f1b7c03b2,14,0,ran,qwen2.5:0.5b,long,0.5,0,c008.1,1789623086.756975,1789623087.310061,104.873,552.975,32.437,104.831,128,128,283.418,1,,,6.82,42842f10
m6-sweep,7c089a547287,15,0,ran,qwen2.5:0.5b,long,0.5,0,c008.1,1789623087.810276,1789623088.361515,96.446,551.12,28.956,96.395,128,128,279.321,1,,,6.82,caab4b15
m6-sweep,a8e869344955,16,0,ran,qwen2.5:0.5b,long,0.5,0,c008.1,1789623088.861776,1789623089.410031,96.503,548.141,28.503,96.449,128,128,281.199,1,,,6.82,263dcf26
m6-sweep,419626947f79,17,0,ran,qwen2.5:0.5b,long,0.5,0,c008.1,1789623089.910259,1789623090.595589,225.341,685.21,27.628,225.292,128,128,276.166,1,,,6.82,2e173a9c
m6-sweep,dd2302dd4b44,18,0,ran,qwen2.5:0.5b,long,0.5,0,c008.1,1789623091.095827,1789623091.690036,101.56,594.073,34.106,101.523,128,128,257.861,1,,,6.43,fb28b381
m6-sweep,a067b9c278d2,19,0,ran,qwen2.5:0.5b,long,0.5,0,c008.1,1789623092.191461,1789623092.730581,82.777,538.995,19.173,82.704,128,128,278.375,1,,,6.43,b169c102
m6-sweep,99412ea3af2d,20,0,ran,qwen2.5:0.5b,long,0.5,0,c008.1,1789623093.230833,1789623093.767542,85.304,536.576,20.108,85.263,128,128,281.427,1,,,6.43,e8ea81fc
m6-sweep,e42833aa5fac,21,0,ran,qwen2.5:0.5b,long,0.5,0,c008.1,1789623094.267774,1789623094.812197,91.523,544.301,25.027,91.49,128,128,280.491,1,,,6.43,ffa9384e
m6-sweep,85d3dec9d982,22,0,ran,qwen2.5:0.5b,long,0.5,0,c008.1,1789623095.312431,1789623095.889521,91.343,576.962,25.381,91.283,128,128,261.522,1,,,6.43,2cb3303d
m6-sweep,995530215c7e,23,0,ran,qwen2.5:0.5b,long,0.5,0,c008.1,1789623096.389743,1789623096.950856,98.61,560.922,32.357,98.557,128,128,274.706,1,,,7.60,6e8e0678
m6-sweep,74fdf80d8366,24,0,ran,qwen2.5:0.5b,long,0.5,0,c008.1,1789623097.451104,1789623098.029526,106.596,578.312,36.831,106.543,128,128,269.23,1,,,7.60,630ec391
m6-sweep,a2beb6a91e6c,25,0,ran,qwen2.5:0.5b,long,0.5,0,c008.1,1789623098.529706,1789623099.094965,114.218,565.132,39.622,114.176,128,128,281.65,1,,,7.60,f26ec6d3
m6-sweep,e73536402ef6,26,0,ran,qwen2.5:0.5b,long,0.5,0,c008.1,1789623099.595224,1789623100.148626,104.111,553.273,29.104,104.077,128,128,282.748,1,,,7.60,6c24d8bd
m6-sweep,31dcd927105b,27,0,ran,qwen2.5:0.5b,long,0.5,0,c008.1,1789623100.648833,1789623101.202355,102.493,553.414,33.908,102.459,128,128,281.646,1,,,7.60,f3307823
m6-sweep,f1a957ec95ce,28,0,ran,qwen2.5:0.5b,long,0.5,0,c008.1,1789623101.702583,1789623102.262968,110.343,560.258,37.789,110.302,128,128,282.276,1,,,7.23,2b5e0d63
m6-sweep,31b62de464cf,29,0,ran,qwen2.5:0.5b,long,0.5,0,c008.1,1789623102.763182,1789623103.323916,113.472,560.625,39.4,113.422,128,128,284.019,1,,,7.23,febb4c66
m6-sweep,e70094ac8b97,30,0,ran,qwen2.5:0.5b,long,0.5,0,c008.1,1789623103.82416,1789623104.373542,84.17,549.274,19.089,84.117,128,128,273.057,1,,,7.23,56ed5d2f
m6-sweep,32214a52831e,31,0,ran,qwen2.5:0.5b,long,0.5,0,c008.1,1789623104.873734,1789623105.427056,100.265,553.193,22.092,100.211,128,128,280.398,1,,,7.23,0c8ea93a
m6-sweep,c8c2de18ee2c,32,0,ran,qwen2.5:0.5b,long,0.5,0,c008.1,1789623105.927303,1789623106.475654,95.661,548.238,22.969,95.59,128,128,280.615,1,,,7.23,8898381c
m6-sweep,6fc711fd8281,33,0,ran,qwen2.5:0.5b,long,0.5,0,c008.1,1789623106.975882,1789623107.530416,102.4,554.421,34.765,102.345,128,128,280.96,1,,,6.89,c9ee88a8
m6-sweep,1eb7083ff924,34,0,ran,qwen2.5:0.5b,long,0.5,0,c008.1,1789623108.030637,1789623108.602085,92.367,571.314,18.72,92.327,128,128,265.165,1,,,6.89,b7b5db07
m6-sweep,bce6cb9a3b6e,35,0,ran,qwen2.5:0.5b,long,0.5,0,c008.1,1789623109.10242,1789623109.653819,97.202,551.267,24.867,97.155,128,128,279.695,1,,,6.89,8b199ac7
m6-sweep,20bc6e77d37c,36,0,ran,qwen2.5:0.5b,long,0.5,0,c008.1,1789623110.154002,1789623110.706297,100.9,552.181,33.982,100.867,128,128,281.421,1,,,6.89,7ca58dd4
m6-sweep,315f45cfc3ba,37,0,ran,qwen2.5:0.5b,long,0.5,0,c008.1,1789623111.206536,1789623111.751398,96.424,544.745,21.688,96.357,128,128,283.279,1,,,6.82,e8ca6f77
m6-sweep,db27476a00e1,38,0,ran,qwen2.5:0.5b,long,0.5,0,c008.1,1789623112.251589,1789623112.802938,103.921,551.232,29.831,103.868,128,128,283.919,1,,,6.82,0e015d43
m6-sweep,aba4dd8e4013,39,0,ran,qwen2.5:0.5b,long,0.5,0,c008.1,1789623113.303167,1789623113.850525,96.885,547.245,28.192,96.829,128,128,281.996,1,,,6.82,e299629e
m6-sweep,8d837f803da7,40,0,ran,qwen2.5:0.5b,long,0.5,0,c008.1,1789623114.350711,1789623114.914251,113.539,563.424,39.101,113.503,128,128,282.295,1,,,6.82,57e84002
m6-sweep,983419cefdb9,41,0,ran,qwen2.5:0.5b,long,0.5,0,c008.1,1789623115.414477,1789623115.974358,108.285,559.763,37.199,108.25,128,128,281.298,1,,,6.82,d5dd427e
m6-sweep,d1934bf0aee9,42,0,ran,qwen2.5:0.5b,long,0.5,0,c008.1,1789623116.474577,1789623117.053421,93.62,578.727,27.893,93.568,128,128,261.798,1,,,6.83,d056a00c
m6-sweep,3ed8dbc6f153,43,0,ran,qwen2.5:0.5b,long,0.5,0,c008.1,1789623117.553669,1789623118.098417,95.451,544.545,21.091,95.402,128,128,282.792,1,,,6.83,f4397365
m6-sweep,0d59272c2b6f,44,0,ran,qwen2.5:0.5b,long,0.5,0,c008.1,1789623118.598616,1789623119.153988,108.342,555.247,32.496,108.296,128,128,284.177,1,,,6.83,4c5d9e7e
m6-sweep,c190f20e5de7,45,0,ran,qwen2.5:0.5b,long,0.5,0,c008.1,1789623119.654239,1789623120.242534,99.318,588.178,32.401,99.281,128,128,259.788,1,,,6.83,780734f8
m6-sweep,54724535b8e5,46,0,ran,qwen2.5:0.5b,long,0.5,0,c008.1,1789623120.742729,1789623121.309077,111.938,566.19,35.732,111.888,128,128,279.581,1,,,6.83,596bf3c6
m6-sweep,f88d1deceb87,47,0,ran,qwen2.5:0.5b,long,0.5,0,c008.1,1789623121.80933,1789623122.38061,116.472,571.166,37.927,116.438,128,128,279.309,1,,,6.45,9f19bd1c
m6-sweep,ea125297be30,48,0,ran,qwen2.5:0.5b,long,0.5,0,c008.1,1789623122.88155,1789623123.448249,109.247,566.566,34.472,109.198,128,128,277.705,1,,,6.45,09152854
m6-sweep,abb4468114e8,49,0,ran,qwen2.5:0.5b,long,0.5,0,c008.1,1789623123.948441,1789623124.500787,101.553,552.238,33.331,101.507,128,128,281.793,1,,,6.45,62077e7f
m6-sweep,7b9d042e0c91,50,0,ran,qwen2.5:0.5b,long,0.5,0,c008.1,1789623125.001016,1789623125.568354,111.815,567.211,40.051,111.763,128,128,278.878,1,,,6.45,d64f0792
m6-sweep,0899ba024e1b,51,0,ran,qwen2.5:0.5b,long,0.5,0,c008.1,1789623126.068565,1789623126.615595,96.571,546.922,31.03,96.534,128,128,282.002,1,,,6.49,cbf3aa71
m6-sweep,29695a290312,52,0,ran,qwen2.5:0.5b,long,0.5,0,c008.1,1789623127.115811,1789623127.66885,100.357,552.933,23.491,100.306,128,128,280.616,1,,,6.49,a3d58f0b
m6-sweep,fb69fd35f139,0,1,ran,qwen2.5:3b,long,0.5,0,c009.1,1789623130.181321,1789623135.43394,4094.15,5252.429,28.981,4094.098,110,111,94.105,1,,,6.29,9f86e620
m6-sweep,d2a20144dcd9,1,1,ran,qwen2.5:3b,long,0.5,0,c009.1,1789623135.934235,1789623137.380893,188.68,1446.468,34.416,188.644,121,122,95.406,1,,,7.15,87d7b8be
m6-sweep,030a928eb697,2,1,ran,qwen2.5:3b,long,0.5,0,c009.1,1789623137.881185,1789623139.26101,177.34,1379.702,26.66,177.303,115,116,94.813,1,,,7.15,d0c677da
m6-sweep,a2159945cfb0,3,0,ran,qwen2.5:3b,long,0.5,0,c009.1,1789623139.761233,1789623140.795431,188.694,1034.074,33.079,188.661,81,82,94.632,1,,,7.15,e2c085cd
m6-sweep,8e0b55ba39d5,4,0,ran,qwen2.5:3b,long,0.5,0,c009.1,1789623141.295645,1789623142.769221,328.421,1473.398,33.377,328.382,110,111,95.198,1,,,6.98,ba7f892d
m6-sweep,932d55d4605b,5,0,ran,qwen2.5:3b,long,0.5,0,c009.1,1789623143.26953,1789623144.628765,182.729,1359.125,37.856,182.694,113,114,95.206,1,,,6.98,bacee31d
m6-sweep,2e33f6d468df,6,0,ran,qwen2.5:3b,long,0.5,0,c009.1,1789623145.128993,1789623146.638611,190.898,1509.514,37.66,190.863,128,128,96.313,1,,,7.86,1ac44cf7
m6-sweep,7c1c06d7175c,7,0,ran,qwen2.5:3b,long,0.5,0,c009.1,1789623147.138822,1789623148.605517,185.101,1466.572,28.541,185.05,123,124,95.203,1,,,7.86,b914f9be
m6-sweep,28734fc51593,8,0,ran,qwen2.5:3b,long,0.5,0,c009.1,1789623149.105731,1789623150.13178,174.902,1025.922,18.459,174.867,82,83,95.18,1,,,7.86,c9f1ee61
m6-sweep,4255e76cef02,9,0,ran,qwen2.5:3b,long,0.5,0,c009.1,1789623150.63201,1789623151.761372,193.258,1129.152,32.773,193.222,90,91,95.096,1,,,8.43,a93594e2
m6-sweep,9efdf24ea22e,10,0,ran,qwen2.5:3b,long,0.5,0,c009.1,1789623152.261714,1789623153.529899,183.492,1268.042,22.184,183.455,103,104,94.048,1,,,8.43,f3854ac9
m6-sweep,6fbee3c1a8ba,11,0,ran,qwen2.5:3b,long,0.5,0,c009.1,1789623154.030131,1789623155.408595,180.909,1378.264,19.197,180.866,114,115,94.375,1,,,8.43,103be7ac
m6-sweep,4e981559f9e8,12,0,ran,qwen2.5:3b,long,0.5,0,c009.1,1789623155.908843,1789623157.434478,193.096,1525.508,31.558,193.061,128,128,95.316,1,,,8.08,a311fb98
m6-sweep,f6bd84657506,13,0,ran,qwen2.5:3b,long,0.5,0,c009.1,1789623157.934711,1789623158.948545,198.094,1013.669,38.997,198.058,78,79,94.412,1,,,8.08,3d474b54
m6-sweep,f4c2239baa17,14,0,ran,qwen2.5:3b,long,0.5,0,c009.1,1789623159.448854,1789623160.741529,185.751,1292.416,28.129,185.699,106,107,94.88,1,,,8.08,4eeb3710
m6-sweep,23bd1274960e,15,0,ran,qwen2.5:3b,long,0.5,0,c009.1,1789623161.241816,1789623162.311851,337.365,1069.908,35.4,337.149,70,71,94.192,1,,,8.87,de27855b
m6-sweep,0368c9d563ed,16,0,ran,qwen2.5:3b,long,0.5,0,c009.1,1789623162.812094,1789623164.315622,175.502,1503.413,20.859,175.466,128,128,95.639,1,,,8.87,9d66bece
m6-sweep,50e3c754ac8d,17,0,ran,qwen2.5:3b,long,0.5,0,c009.1,1789623164.815852,1789623166.175614,180.769,1359.623,29.844,180.732,113,114,95.008,1,,,8.87,4e173feb
m6-sweep,341c5f45f256,18,0,ran,qwen2.5:3b,long,0.5,0,c009.1,1789623166.675825,1789623168.13607,178.672,1460.141,27.695,178.636,123,124,95.203,1,,,8.32,9cb6328a
m6-sweep,1721648b0008,19,0,ran,qwen2.5:3b,long,0.5,0,c009.1,1789623168.636305,1789623170.147917,304.641,1511.492,30.977,304.59,116,117,95.289,1,,,8.32,3d5ac17f
m6-sweep,604b209d9b6f,20,0,ran,qwen2.5:3b,long,0.5,0,c009.1,1789623170.648138,1789623171.975083,178.352,1326.833,29.1,178.314,110,111,94.908,1,,,8.05,91b9dfc9
m6-sweep,c2625f047b8f,21,0,ran,qwen2.5:3b,long,0.5,0,c009.1,1789623172.475308,1789623173.853125,170.09,1377.675,19.229,170.035,116,117,95.231,1,,,8.05,6839a942
m6-sweep,8e5609ad968c,22,0,ran,qwen2.5:3b,long,0.5,0,c009.1,1789623174.353389,1789623175.515748,305.447,1162.237,27.086,305.412,82,83,94.539,1,,,8.05,db2b0fff
m6-sweep,c056307c68f9,23,0,ran,qwen2.5:3b,long,0.5,0,c009.1,1789623176.016013,1789623177.258133,179.788,1241.939,31.181,179.743,102,103,95.09,1,,,8.77,7e490670
m6-sweep,22ff8084cf9d,24,0,ran,qwen2.5:3b,long,0.5,0,c009.1,1789623177.758443,1789623178.947176,181.522,1188.629,31.809,181.49,97,98,95.323,1,,,8.77,2bdbc452
m6-sweep,f6664d16dfb9,25,0,ran,qwen2.5:3b,long,0.5,0,c009.1,1789623179.44739,1789623180.449932,226.836,1002.413,31.11,226.78,79,80,100.57,1,,,8.77,df51a6ce
m6-sweep,f85a253ed5bc,26,0,ran,qwen2.5:3b,long,0.5,0,c009.1,1789623180.95012,1789623182.455585,184.964,1505.355,34.503,184.713,128,128,96.184,1,,,9.59,10b6f812
m6-sweep,a834eaa0ede9,27,0,ran,qwen2.5:3b,long,0.5,0,c009.1,1789623182.955784,1789623184.413362,305.857,1457.462,30.193,305.822,110,111,94.651,1,,,9.59,9186e2b1
m6-sweep,816d9975df96,28,0,ran,qwen2.5:3b,long,0.5,0,c009.1,1789623184.913588,1789623186.134896,175.289,1221.17,23.244,175.248,99,100,93.701,1,,,9.59,2284f08e
m6-sweep,b04023e70350,29,0,ran,qwen2.5:3b,long,0.5,0,c009.1,1789623186.635126,1789623187.628478,185.05,993.241,34.814,185.015,77,78,94.037,1,,,9.14,c7a6d9b0
m6-sweep,78e10bbb2c58,30,0,ran,qwen2.5:3b,long,0.5,0,c009.1,1789623188.128675,1789623189.55278,183.052,1423.89,33.061,183.018,118,119,94.291,1,,,9.14,9c2a06d2
m6-sweep,30ca6d068aad,31,0,ran,qwen2.5:3b,long,0.5,0,c009.1,1789623190.053348,1789623191.189177,189.278,1135.589,34.871,189.241,90,91,94.049,1,,,9.14,92bae864
m6-sweep,fae84dba0271,32,0,ran,qwen2.5:3b,long,0.5,0,c009.1,1789623191.689511,1789623192.784539,183.782,1094.9,25.63,183.739,87,88,94.389,1,,,8.57,6e193e70
m6-sweep,ffd885ab80c3,33,0,ran,qwen2.5:3b,long,0.5,0,c009.1,1789623193.284771,1789623194.693686,187.832,1408.732,30.47,187.796,116,117,94.193,1,,,8.57,b2514738
m6-sweep,7881eb65017f,34,0,ran,qwen2.5:3b,long,0.5,0,c009.1,1789623195.193936,1789623196.491126,183.28,1296.955,23.115,183.243,106,107,94.282,1,,,8.57,3f94abe9
m6-sweep,1c60b7147e95,35,0,ran,qwen2.5:3b,long,0.5,0,c009.1,1789623196.991453,1789623198.007065,190.505,1015.495,29.865,190.459,79,80,94.547,1,,,9.25,8fedab90
m6-sweep,7b3ce0b46746,36,0,ran,qwen2.5:3b,long,0.5,0,c009.1,1789623198.507277,1789623199.726849,190.934,1219.4,37.751,190.897,98,99,94.315,1,,,9.25,6a281d4c
m6-sweep,521ac4d5ddab,37,0,ran,qwen2.5:3b,long,0.5,0,c009.1,1789623200.227142,1789623201.247136,192.81,1019.868,36.354,192.773,79,80,94.31,1,,,9.25,bf32f685
m6-sweep,efa6b8fd2dc2,38,0,ran,qwen2.5:3b,long,0.5,0,c009.1,1789623201.747354,1789623203.227159,188.097,1479.631,31.986,188.046,124,125,95.236,1,,,8.83,0526e441
m6-sweep,25f9be0c066e,39,0,ran,qwen2.5:3b,long,0.5,0,c009.1,1789623203.727431,1789623205.185667,179.314,1458.107,22.661,179.276,123,124,95.402,1,,,8.83,e7eff73c
m6-sweep,ed3ec111c8bc,40,0,ran,qwen2.5:3b,long,0.5,0,c009.1,1789623205.685896,1789623206.70026,192.776,1014.243,35.493,192.742,79,80,94.952,1,,,8.76,0afea793
m6-sweep,6ded4c4f3534,41,0,ran,qwen2.5:3b,long,0.5,0,c009.1,1789623207.200508,1789623208.59328,180.293,1392.64,25.175,180.257,116,117,94.857,1,,,8.76,6cd56062
m6-sweep,4ba4a5a398f1,42,0,ran,qwen2.5:3b,long,0.5,0,c009.1,1789623209.09353,1789623210.411639,180.02,1317.973,21.149,179.984,109,110,94.907,1,,,8.76,e52d9524
m6-sweep,9adbb430fae6,43,0,ran,qwen2.5:3b,long,0.5,0,c009.1,1789623210.911829,1789623212.313733,306.183,1401.794,29.1,306.145,105,106,94.924,1,,,9.42,3bb04481
m6-sweep,80dace4f6ca4,44,0,ran,qwen2.5:3b,long,0.5,0,c009.1,1789623212.813948,1789623213.80428,170.043,990.228,19.168,169.999,79,80,95.1,1,,,9.42,a4bbfa4b
m6-sweep,dcb74141a048,45,0,ran,qwen2.5:3b,long,0.5,0,c009.1,1789623214.304497,1789623215.694212,178.737,1389.57,31.822,178.695,116,117,94.976,1,,,9.42,07fa36f5
m6-sweep,02f18681a6f5,46,0,ran,qwen2.5:3b,long,0.5,0,c009.1,1789623216.194953,1789623217.491964,178.895,1296.839,22.756,178.857,106,107,93.922,1,,,8.99,6393dc70
m6-sweep,404e32f76b1a,47,0,ran,qwen2.5:3b,long,0.5,0,c009.1,1789623217.992279,1789623219.237328,337.513,1244.863,35.965,337.477,86,87,93.679,1,,,8.99,82fe76d8
m6-sweep,03d79363c06f,48,0,ran,qwen2.5:3b,long,0.5,0,c009.1,1789623219.73758,1789623221.252982,178.262,1515.288,27.004,178.225,128,128,94.987,1,,,8.99,c23df483
m6-sweep,b611b2f096b5,49,0,ran,qwen2.5:3b,long,0.5,0,c009.1,1789623221.753221,1789623222.989058,184.994,1235.648,35.512,184.957,100,101,94.227,1,,,8.51,d8abd01e
m6-sweep,64198fb45db1,50,0,ran,qwen2.5:3b,long,0.5,0,c009.1,1789623223.48935,1789623224.72115,172.41,1231.665,22.995,172.374,100,101,93.462,1,,,8.51,381dec7b
m6-sweep,e534c353494c,51,0,ran,qwen2.5:3b,long,0.5,0,c009.1,1789623225.221404,1789623226.513473,181.419,1291.943,27.244,181.381,105,106,93.649,1,,,8.51,e771f996
m6-sweep,f4c6bd251df7,52,0,ran,qwen2.5:3b,long,0.5,0,c009.1,1789623227.013721,1789623228.437673,188.585,1423.821,30.406,188.548,118,119,94.719,1,,,8.31,9a152587
m6-sweep,f05770556ba7,0,1,ran,qwen2.5:3b,short,1,100,c010.1,1789623230.965599,1789623232.319857,504.902,1354.155,225.99,504.836,81,82,94.2,1,,,8.84,dafb8df4
m6-sweep,0740096e6b5f,1,1,ran,qwen2.5:3b,short,1,100,c010.1,1789623232.820079,1789623234.103022,499.076,1282.844,234.335,499.039,75,76,94.416,1,,,8.84,1af61455
m6-sweep,ec9d9abf4605,2,1,ran,qwen2.5:3b,short,1,100,c010.1,1789623234.603266,1789623236.113259,494.329,1509.899,227.55,494.293,82,83,79.758,1,,,8.84,44c13b6f
m6-sweep,ede44d6c0ec9,3,0,ran,qwen2.5:3b,short,1,100,c010.1,1789623236.61349,1789623237.986448,488.743,1372.869,223.866,488.699,85,86,95.009,1,,,8.53,e0ff3f8c
m6-sweep,07ac34ee5c78,4,0,ran,qwen2.5:3b,short,1,100,c010.1,1789623238.486661,1789623239.557338,492.372,1070.535,224.344,492.299,55,56,93.399,1,,,8.53,06f59e95
m6-sweep,dcc13d4c278c,5,0,ran,qwen2.5:3b,short,1,100,c010.1,1789623240.05754,1789623241.024329,491.249,966.707,229.136,491.212,41,42,84.129,1,,,8.53,284653fa
m6-sweep,a25af4e6407c,6,0,ran,qwen2.5:3b,short,1,100,c010.1,1789623241.524572,1789623242.809754,482.966,1284.994,222.124,482.932,78,79,96.007,1,,,8.33,bb1f38f6
m6-sweep,3397ed1e394f,7,0,ran,qwen2.5:3b,short,1,100,c010.1,1789623243.309935,1789623244.832146,493.495,1522.099,226.069,493.461,82,83,78.747,1,,,8.33,7da0f305
m6-sweep,187c055d79cd,8,0,ran,qwen2.5:3b,short,1,100,c010.1,1789623245.332392,1789623246.588166,484.833,1255.688,221.995,484.79,69,70,88.214,1,,,8.33,6ca982df
m6-sweep,70bcb5f84edf,9,0,ran,qwen2.5:3b,short,1,100,c010.1,1789623247.088403,1789623248.73098,499.76,1642.481,236.719,499.727,98,99,84.885,1,,,7.82,a5b67c31
m6-sweep,af50fd5a28db,10,0,ran,qwen2.5:3b,short,1,100,c010.1,1789623249.231221,1789623250.544708,498.701,1313.398,227.91,498.664,78,79,94.514,1,,,7.82,f59fa82d
m6-sweep,c33943448474,11,0,ran,qwen2.5:3b,short,1,100,c010.1,1789623251.044967,1789623252.357006,502.298,1311.9,236.101,502.262,78,79,95.108,1,,,7.60,aa2ad7f4
m6-sweep,0d8d517224f1,12,0,ran,qwen2.5:3b,short,1,100,c010.1,1789623252.857291,1789623253.959943,486.255,1102.547,222.035,486.22,56,57,89.243,1,,,7.60,fabf9b1b
m6-sweep,fac6bde5fa0b,13,0,ran,qwen2.5:3b,short,1,100,c010.1,1789623254.460205,1789623255.538003,510.046,1077.679,238.003,510.009,55,56,95.132,1,,,7.60,0785e560
m6-sweep,3ae4d0ea0750,14,0,ran,qwen2.5:3b,short,1,100,c010.1,1789623256.03828,1789623257.382294,484.094,1343.864,222.307,484.059,80,81,91.885,1,,,8.35,1a1fb311
m6-sweep,943c3158461d,15,0,ran,qwen2.5:3b,short,1,100,c010.1,1789623257.882586,1789623259.108107,505.681,1225.433,236.932,505.645,63,64,86.141,1,,,8.35,0c2dfcd1
m6-sweep,e2d51ab256a9,16,0,ran,qwen2.5:3b,short,1,100,c010.1,1789623259.608332,1789623260.939191,482.556,1330.71,220.183,482.52,82,83,95.502,1,,,8.35,9e856765
m6-sweep,798a915a4f6a,17,0,ran,qwen2.5:3b,short,1,100,c010.1,1789623261.439495,1789623262.540096,491.971,1100.511,228.72,491.937,59,60,95.31,1,,,7.92,5d664828
m6-sweep,8e7f8a044f80,18,0,ran,qwen2.5:3b,short,1,100,c010.1,1789623263.040264,1789623264.4706,743.119,1430.211,227.48,743.064,82,83,117.888,1,,,7.92,55bf7949
m6-sweep,c954ab83c60c,19,0,ran,qwen2.5:3b,short,1,100,c010.1,1789623264.970912,1789623266.008297,503.418,1037.302,235.875,503.378,52,53,95.526,1,,,7.92,0e675d18
m6-sweep,039a8c49ba3c,20,0,ran,qwen2.5:3b,short,1,100,c010.1,1789623266.508488,1789623267.536989,488.786,1028.396,221.664,488.752,52,53,94.513,1,,,7.69,fd72c94e
m6-sweep,95632cf2b29d,21,0,ran,qwen2.5:3b,short,1,100,c010.1,1789623268.037187,1789623269.086353,501.902,1049.055,240.14,501.867,53,54,95.037,1,,,7.69,b41b149a
m6-sweep,7df0bd52e9f9,22,0,ran,qwen2.5:3b,short,1,100,c010.1,1789623269.586564,1789623270.656752,488.707,1069.916,219.84,488.672,56,57,94.63,1,,,7.69,41e2d282
m6-sweep,abba3b7e07a2,23,0,ran,qwen2.5:3b,short,1,100,c010.1,1789623271.157072,1789623272.251883,498.647,1094.682,235.251,498.613,58,59,95.632,1,,,8.27,a328ff7f
m6-sweep,4f0db3e81b87,24,0,ran,qwen2.5:3b,short,1,100,c010.1,1789623272.752136,1789623273.86662,508.05,1114.382,236.313,508.016,56,57,90.709,1,,,8.27,4c93b615
m6-sweep,752fd7195d10,25,0,ran,qwen2.5:3b,short,1,100,c010.1,1789623274.366895,1789623275.452064,494.149,1085.042,227.835,494.108,56,57,93.08,1,,,8.27,b9ca8fa6
m6-sweep,2c58e95520db,26,0,ran,qwen2.5:3b,short,1,100,c010.1,1789623275.952322,1789623277.165179,495.404,1212.758,228.019,495.368,70,71,96.187,1,,,8.09,0f1c80a9
m6-sweep,c73062beb1d6,27,0,ran,qwen2.5:3b,short,1,100,c010.1,1789623277.665421,1789623278.948103,499.17,1282.593,233.21,499.133,54,55,67.652,1,,,8.09,719dcf18
m6-sweep,ee57f0877fa3,28,0,ran,qwen2.5:3b,short,1,100,c010.1,1789623279.448332,1789623280.946782,488.881,1498.353,226.863,488.845,99,100,97.08,1,,,8.09,23dff9de
m6-sweep,0ca051896329,29,0,ran,qwen2.5:3b,short,1,100,c010.1,1789623281.447023,1789623282.501367,494.806,1054.248,225.233,494.754,54,55,94.737,1,,,7.76,a0846fa2
m6-sweep,568b8b731ffe,30,0,ran,qwen2.5:3b,short,1,100,c010.1,1789623283.001611,1789623284.037044,495.094,1035.313,229.453,495.051,52,53,94.406,1,,,7.76,5bf6f7e2
m6-sweep,0f4d731922a8,31,0,ran,qwen2.5:3b,short,1,100,c010.1,1789623284.537316,1789623285.633712,485.325,1096.312,219.819,485.283,59,60,94.928,1,,,7.76,5d6f9f19
m6-sweep,8f9297d6c8b1,32,0,ran,qwen2.5:3b,short,1,100,c010.1,1789623286.133929,1789623287.467111,485.093,1333.091,221.748,485.049,82,83,95.519,1,,,7.46,0da3c998
m6-sweep,5085cbf5a736,33,0,ran,qwen2.5:3b,short,1,100,c010.1,1789623287.967354,1789623288.9331,494.725,965.654,224.793,494.69,41,42,84.938,1,,,7.46,32e9e334
m6-sweep,4740a908f54f,34,0,ran,qwen2.5:3b,short,1,100,c010.1,1789623289.433328,1789623290.60919,488.122,1175.777,227.874,488.066,67,68,95.978,1,,,7.46,0433ea48
m6-sweep,fdb9a5cc93d5,35,0,ran,qwen2.5:3b,short,1,100,c010.1,1789623291.109447,1789623292.452497,499.857,1342.883,238.289,499.81,82,83,96.082,1,,,7.50,cb93d040
m6-sweep,7933e69665fa,36,0,ran,qwen2.5:3b,short,1,100,c010.1,1789623292.952767,1789623295.285405,1519.708,2332.559,1255.184,1519.653,61,62,73.814,1,,,7.50,e0ef6fde
m6-sweep,5258181f9347,37,0,ran,qwen2.5:3b,short,1,100,c010.1,1789623295.785641,1789623296.864569,493.253,1078.828,225.565,493.218,57,58,95.632,1,,,7.46,f38757e9
m6-sweep,d2199cea352f,38,0,ran,qwen2.5:3b,short,1,100,c010.1,1789623297.364786,1789623298.342071,507.453,977.203,238.476,507.411,41,42,85.152,1,,,7.46,417560dc
m6-sweep,dcc41fa13edf,39,0,ran,qwen2.5:3b,short,1,100,c010.1,1789623298.842284,1789623300.170915,497.498,1328.515,235.015,497.461,81,82,96.268,1,,,7.46,2b4ad856
m6-sweep,c999524081ed,40,0,ran,qwen2.5:3b,short,1,100,c010.1,1789623300.671156,1789623301.901525,502.484,1230.246,235.618,502.449,70,71,94.811,1,,,8.23,b8e75469
m6-sweep,80dbb2da3a13,41,0,ran,qwen2.5:3b,short,1,100,c010.1,1789623302.401789,1789623303.772449,499.831,1370.577,237.841,499.789,85,86,96.469,1,,,8.23,b641ac67
m6-sweep,71b59f722722,42,0,ran,qwen2.5:3b,short,1,100,c010.1,1789623304.272685,1789623305.30122,497.93,1028.389,234.715,497.895,52,53,96.143,1,,,8.23,d7478196
m6-sweep,04792a986314,43,0,ran,qwen2.5:3b,short,1,100,c010.1,1789623305.801542,1789623307.088415,487.039,1286.755,219.109,487.005,78,79,96.284,1,,,7.97,7d1f9f44
m6-sweep,b3d7342f404f,44,0,ran,qwen2.5:3b,short,1,100,c010.1,1789623307.588684,1789623308.905838,500.61,1317.055,233.421,500.575,63,64,75.939,1,,,7.97,3bacc103
m6-sweep,b76c5d9128f4,45,0,ran,qwen2.5:3b,short,1,100,c010.1,1789623309.406093,1789623310.662129,489.626,1255.95,224.725,489.591,75,76,96.565,1,,,7.97,912acac7
m6-sweep,ba95df898332,46,0,ran,qwen2.5:3b,short,1,100,c010.1,1789623311.162397,1789623312.421368,488.692,1258.887,223.926,488.647,53,54,67.515,1,,,8.69,88eff1ae
m6-sweep,6b8d1ec4b99f,47,0,ran,qwen2.5:3b,short,1,100,c010.1,1789623312.921676,1789623314.110381,487.772,1188.609,225.164,487.737,53,54,74.197,1,,,8.69,ec30cc94
m6-sweep,ae837eaf9606,48,0,ran,qwen2.5:3b,short,1,100,c010.1,1789623314.610607,1789623316.083873,504.054,1473.152,233.03,504.019,72,73,73.264,1,,,8.69,6826e744
m6-sweep,c7cc18f39d86,49,0,ran,qwen2.5:3b,short,1,100,c010.1,1789623316.584124,1789623317.797035,500.017,1212.799,233.611,499.982,61,62,84.177,1,,,8.16,8ec8b911
m6-sweep,0719bb9b3096,50,0,ran,qwen2.5:3b,short,1,100,c010.1,1789623318.297283,1789623319.602529,494.494,1305.149,230.483,494.458,78,79,94.985,1,,,8.16,49c961e8
m6-sweep,3a1b8792fbec,51,0,ran,qwen2.5:3b,short,1,100,c010.1,1789623320.10275,1789623321.178732,502.584,1075.897,231.793,502.543,56,57,95.934,1,,,8.16,9a638e1c
m6-sweep,0e3569a06ea4,52,0,ran,qwen2.5:3b,short,1,100,c010.1,1789623321.67897,1789623322.793099,493.321,1114.02,229.21,493.287,59,60,93.443,1,,,7.74,08e80cd3
m6-sweep,d31bbe4b25a5,0,1,ran,qwen2.5:0.5b,short,0,0,c011.1,1789623325.258532,1789623328.096052,2731.938,2837.411,23.9,2731.875,24,25,218.067,1,,,7.44,0e10fc65
m6-sweep,0e686bb015b8,1,1,ran,qwen2.5:0.5b,short,0,0,c011.1,1789623328.596271,1789623328.75509,60.732,158.598,22.237,60.681,24,25,235.015,1,,,7.44,fbf89eef
m6-sweep,e94e2ed0ca38,2,1,ran,qwen2.5:0.5b,short,0,0,c011.1,1789623329.255406,1789623329.426907,77.726,171.386,33.569,77.666,22,23,224.214,1,,,7.44,2db95f71
m6-sweep,8a32716cca8a,3,0,ran,qwen2.5:0.5b,short,0,0,c011.1,1789623329.927165,1789623330.111235,61.873,183.972,21.488,61.833,31,32,245.701,1,,,7.44,352d2558
m6-sweep,feb429e69f81,4,0,ran,qwen2.5:0.5b,short,0,0,c011.1,1789623330.611456,1789623330.768564,60.836,156.987,23.906,60.778,24,25,239.208,1,,,7.44,7a31870f
m6-sweep,884b3fae53bc,5,0,ran,qwen2.5:0.5b,short,0,0,c011.1,1789623331.268828,1789623331.444318,72.581,175.353,28.014,72.544,28,29,262.717,1,,,7.44,2b908939
m6-sweep,fe7d2283786e,6,0,ran,qwen2.5:0.5b,short,0,0,c011.1,1789623331.944653,1789623332.10832,72.484,163.508,31.813,72.442,24,25,252.68,1,,,8.13,78f52bb9
m6-sweep,b574ef080c33,7,0,ran,qwen2.5:0.5b,short,0,0,c011.1,1789623332.608582,1789623332.770358,65.264,161.66,27.767,65.207,24,25,238.598,1,,,8.13,438a97b1
m6-sweep,f63996bb7444,8,0,ran,qwen2.5:0.5b,short,0,0,c011.1,1789623333.270614,1789623333.428701,67.931,157.94,26.825,67.84,24,25,255.53,1,,,8.13,b021bd32
m6-sweep,e6e53d288a05,9,0,ran,qwen2.5:0.5b,short,0,0,c011.1,1789623333.928975,1789623334.081458,58.943,152.28,20.151,58.908,24,25,246.42,1,,,8.13,0ba52cd3
m6-sweep,7fbdbc889add,10,0,ran,qwen2.5:0.5b,short,0,0,c011.1,1789623334.581836,1789623334.744075,63.465,162.091,21.981,63.379,24,25,233.205,1,,,8.13,d09aa7f2
m6-sweep,e297ba54f2ef,11,0,ran,qwen2.5:0.5b,short,0,0,c011.1,1789623335.244349,1789623335.422663,82.671,178.152,34.437,82.622,24,25,240.885,1,,,8.13,c200a6c3
m6-sweep,cc3ac8c67af5,12,0,ran,qwen2.5:0.5b,short,0,0,c011.1,1789623335.923059,1789623336.096985,62.404,173.76,19.343,62.364,28,29,242.466,1,,,8.13,fe63684a
m6-sweep,8ff366014951,13,0,ran,qwen2.5:0.5b,short,0,0,c011.1,1789623336.597296,1789623336.759562,73.874,162.159,28.696,73.839,24,25,260.518,1,,,8.68,6bdc8f47
m6-sweep,4f0bd371cf5a,14,0,ran,qwen2.5:0.5b,short,0,0,c011.1,1789623337.259788,1789623337.426392,78.238,166.48,34.725,78.141,22,23,237.981,1,,,8.68,116c9ba2
m6-sweep,2a0a1ea3dab0,15,0,ran,qwen2.5:0.5b,short,0,0,c011.1,1789623337.926659,1789623338.090214,66.107,163.376,25.418,66.053,24,25,236.458,1,,,8.68,f124baa2
m6-sweep,e1dfa507fec9,16,0,ran,qwen2.5:0.5b,short,0,0,c011.1,1789623338.590493,1789623338.743834,63.986,153.229,22.404,63.943,23,24,246.519,1,,,8.68,cb634877
m6-sweep,8e7620ff5cff,17,0,ran,qwen2.5:0.5b,short,0,0,c011.1,1789623339.244033,1789623339.40774,71.919,163.48,33.059,71.886,24,25,251.199,1,,,8.68,dad767df
m6-sweep,d618f3a4dc47,18,0,ran,qwen2.5:0.5b,short,0,0,c011.1,1789623339.908132,1789623340.077772,79.245,169.539,35.774,79.199,24,25,254.722,1,,,8.68,3be74d03
m6-sweep,cf9e17e455e9,19,0,ran,qwen2.5:0.5b,short,0,0,c011.1,1789623340.577989,1789623340.757375,62.168,179.284,21.477,62.128,31,32,256.157,1,,,8.68,376ebbc8
m6-sweep,3ea645c2c441,20,0,ran,qwen2.5:0.5b,short,0,0,c011.1,1789623341.257589,1789623341.410577,69.011,152.851,28.302,68.971,22,23,250.475,1,,,8.68,a9fa10c0
m6-sweep,097bbeba5301,21,0,ran,qwen2.5:0.5b,short,0,0,c011.1,1789623341.91083,1789623342.067415,63.94,156.478,28.228,63.898,24,25,248.547,1,,,9.03,aafc2570
m6-sweep,1754cbc0eed8,22,0,ran,qwen2.5:0.5b,short,0,0,c011.1,1789623342.567591,1789623342.719701,61.705,151.967,23.179,61.653,24,25,254.813,1,,,9.03,a2cc9489
m6-sweep,bdb573708195,0,1,ran,qwen2.5:0.5b,short,0,200,c012.1,1789623345.24442,1789623346.568093,887.067,1323.576,433.572,887.016,24,25,52.691,1,,,9.03,2b44455c
m6-sweep,e0f8cd2a9b8e,1,1,ran,qwen2.5:0.5b,short,0,200,c012.1,1789623347.068635,1789623348.381174,871.982,1312.431,425.576,871.945,23,24,49.949,1,,,8.78,ecbcb01c
m6-sweep,add558bed0ca,2,1,ran,qwen2.5:0.5b,short,0,200,c012.1,1789623348.8814,1789623350.18572,871.49,1304.21,420.603,871.433,24,25,53.152,1,,,8.78,4f3bf9bf
m6-sweep,43ca13ff6caf,3,0,ran,qwen2.5:0.5b,short,0,200,c012.1,1789623350.685948,1789623351.979944,868.706,1293.913,420.376,868.629,28,29,63.498,1,,,9.52,aa835f6d
m6-sweep,1b66b3e9d5c3,4,0,ran,qwen2.5:0.5b,short,0,200,c012.1,1789623352.480171,1789623353.771061,866.398,1290.806,419.759,866.353,24,25,54.193,1,,,9.52,c61d8468
m6-sweep,a738947dce92,5,0,ran,qwen2.5:0.5b,short,0,200,c012.1,1789623354.271246,1789623355.591281,884.149,1319.953,439.803,884.102,25,26,55.071,1,,,9.52,cc795afb
m6-sweep,d8cd706ba1d8,6,0,ran,qwen2.5:0.5b,short,0,200,c012.1,1789623356.091506,1789623357.423381,889.795,1331.778,437.867,889.756,24,25,52.038,1,,,8.92,e6fd57aa
m6-sweep,5c1d83724580,7,0,ran,qwen2.5:0.5b,short,0,200,c012.1,1789623357.923633,1789623359.244054,887.2,1320.327,438.667,887.147,24,25,53.102,1,,,8.92,c6515a76
m6-sweep,4dc986389118,8,0,ran,qwen2.5:0.5b,short,0,200,c012.1,1789623359.744298,1789623361.045095,878.717,1300.717,433.554,878.644,24,25,54.502,1,,,8.92,f86f15a7
m6-sweep,627d19f98606,9,0,ran,qwen2.5:0.5b,short,0,200,c012.1,1789623361.545291,1789623362.863856,882.785,1318.479,438.89,882.743,31,32,68.856,1,,,8.44,539895ed
m6-sweep,8f7a38f04d70,10,0,ran,qwen2.5:0.5b,short,0,200,c012.1,1789623363.364069,1789623364.671731,875.861,1307.577,435.372,875.823,24,25,53.276,1,,,8.44,6e7a6484
m6-sweep,cf6314a6d52d,11,0,ran,qwen2.5:0.5b,short,0,200,c012.1,1789623365.171956,1789623366.467933,873.941,1295.893,432.225,873.904,24,25,54.509,1,,,8.44,ca2eb84d
m6-sweep,92c4175f75bd,12,0,ran,qwen2.5:0.5b,short,0,200,c012.1,1789623366.968178,1789623368.436774,876.071,1468.493,432.487,876.028,24,25,38.824,1,,,8.09,a2aa18e2
m6-sweep,4b21acf3a25b,13,0,ran,qwen2.5:0.5b,short,0,200,c012.1,1789623368.937005,1789623370.252124,879.738,1315.028,435.708,879.694,45,46,101.082,1,,,8.09,ccd774db
m6-sweep,6bc3a3932423,14,0,ran,qwen2.5:0.5b,short,0,200,c012.1,1789623370.752341,1789623372.064956,880.992,1312.526,436.855,880.945,31,32,69.519,1,,,7.68,18f1dd37
m6-sweep,934aeb3633eb,15,0,ran,qwen2.5:0.5b,short,0,200,c012.1,1789623372.565217,1789623373.873579,884.625,1308.275,438.06,884.571,24,25,54.29,1,,,7.68,f94e23ec
m6-sweep,91aaf5a94d62,16,0,ran,qwen2.5:0.5b,short,0,200,c012.1,1789623374.373811,1789623375.684099,881.285,1310.203,437.08,881.229,24,25,53.623,1,,,7.68,3cf7caa8
m6-sweep,eb1e78b2c188,17,0,ran,qwen2.5:0.5b,short,0,200,c012.1,1789623376.184317,1789623377.488652,883.099,1304.254,438.474,883.06,24,25,54.612,1,,,7.31,3b4068b4
m6-sweep,53b8af6f8e6e,18,0,ran,qwen2.5:0.5b,short,0,200,c012.1,1789623377.988863,1789623379.312942,892.228,1323.983,439.44,892.186,24,25,53.271,1,,,7.31,aa4005be
m6-sweep,5fe157654ba0,19,0,ran,qwen2.5:0.5b,short,0,200,c012.1,1789623379.81335,1789623381.130306,879.402,1316.869,425.069,879.362,24,25,52.575,1,,,7.31,6a11ed43
m6-sweep,69094c63d3c1,20,0,ran,qwen2.5:0.5b,short,0,200,c012.1,1789623381.630722,1789623382.938943,873.468,1308.135,422.263,873.421,23,24,50.613,1,,,7.12,a51d3ecd
m6-sweep,0ff0839091b1,21,0,ran,qwen2.5:0.5b,short,0,200,c012.1,1789623383.439403,1789623384.730162,868.305,1290.674,418.896,868.243,22,23,49.72,1,,,7.12,e68cdd5d
m6-sweep,46a96292e0b1,22,0,ran,qwen2.5:0.5b,short,0,200,c012.1,1789623385.230432,1789623386.521726,869.645,1291.2,420.145,869.587,24,25,54.56,1,,,7.12,cbe52f6b
m6-sweep,9efd0f6f7bd4,23,0,ran,qwen2.5:0.5b,short,0,200,c012.1,1789623387.021951,1789623388.315256,865.531,1293.209,419.431,865.471,50,51,114.572,1,,,6.79,5aafada3
m6-sweep,bcb0e5a8fa28,24,0,ran,qwen2.5:0.5b,short,0,200,c012.1,1789623388.815518,1789623390.125136,867.902,1309.536,419.801,867.817,26,27,56.608,1,,,6.79,f15bd6f5
m6-sweep,113d22ddacf3,25,0,ran,qwen2.5:0.5b,short,0,200,c012.1,1789623390.625347,1789623391.943862,886.239,1318.433,439.155,886.205,31,32,69.413,1,,,6.57,3471f7c6
m6-sweep,58b4b10efcc7,26,0,ran,qwen2.5:0.5b,short,0,200,c012.1,1789623392.444062,1789623393.760933,884.063,1316.765,438.764,884.024,24,25,53.154,1,,,6.57,f6924c62
m6-sweep,9caff718640e,27,0,ran,qwen2.5:0.5b,short,0,200,c012.1,1789623394.261173,1789623395.573557,882.509,1312.303,437.965,882.453,24,25,53.514,1,,,6.57,409134ad
m6-sweep,27741d8f9c25,28,0,ran,qwen2.5:0.5b,short,0,200,c012.1,1789623396.073779,1789623397.382683,881.573,1308.807,437.465,881.537,24,25,53.835,1,,,6.20,2886e26b
m6-sweep,6447f720f3fe,29,0,ran,qwen2.5:0.5b,short,0,200,c012.1,1789623397.882876,1789623399.196977,883.379,1314.0,437.792,883.321,24,25,53.411,1,,,6.20,bdf0e05b
m6-sweep,d2670eddbc86,30,0,ran,qwen2.5:0.5b,short,0,200,c012.1,1789623399.6972,1789623401.017653,879.468,1320.348,430.906,879.423,24,25,52.168,1,,,6.20,26e530a5
m6-sweep,556b0c5e6022,31,0,ran,qwen2.5:0.5b,short,0,200,c012.1,1789623401.517843,1789623402.832407,878.852,1314.468,435.774,878.808,31,32,68.868,1,,,6.10,735c1da9
m6-sweep,3a6e485a5f14,32,0,ran,qwen2.5:0.5b,short,0,200,c012.1,1789623403.332609,1789623404.636185,878.729,1303.488,436.694,878.691,24,25,54.148,1,,,6.10,b8550b7b
m6-sweep,ddb006b207df,33,0,ran,qwen2.5:0.5b,short,0,200,c012.1,1789623405.136432,1789623406.439844,880.826,1303.33,436.41,880.768,24,25,54.437,1,,,6.10,4ee53da2
m6-sweep,c6c91c886a3b,34,0,ran,qwen2.5:0.5b,short,0,200,c012.1,1789623406.940095,1789623408.247514,885.517,1307.327,439.257,885.464,24,25,54.527,1,,,5.86,d852c2a4
m6-sweep,31a5a3d44f09,35,0,ran,qwen2.5:0.5b,short,0,200,c012.1,1789623408.747757,1789623410.062756,881.594,1314.903,436.815,881.524,24,25,53.08,1,,,5.86,ead86bd4
m6-sweep,61f88442ca1a,36,0,ran,qwen2.5:0.5b,short,0,200,c012.1,1789623410.563013,1789623411.874007,886.257,1310.897,436.316,886.203,24,25,54.164,1,,,5.55,aa44a2e6
m6-sweep,899bc3fc183f,37,0,ran,qwen2.5:0.5b,short,0,200,c012.1,1789623412.374936,1789623413.671955,869.317,1296.913,423.136,869.259,24,25,53.789,1,,,5.55,0d8b7c22
m6-sweep,a52269d0c020,38,0,ran,qwen2.5:0.5b,short,0,200,c012.1,1789623414.172198,1789623415.46581,866.322,1293.524,421.648,866.269,22,23,49.157,1,,,5.55,9a11dc04
m6-sweep,5f6eb530bd1e,39,0,ran,qwen2.5:0.5b,short,0,200,c012.1,1789623415.966064,1789623417.25509,868.543,1288.898,419.571,868.488,26,27,59.474,1,,,6.54,866e97b0
m6-sweep,428a74110baf,40,0,ran,qwen2.5:0.5b,short,0,200,c012.1,1789623417.755367,1789623419.059004,880.667,1303.544,437.45,880.596,24,25,54.389,1,,,6.54,11730110
m6-sweep,c5d92cad9513,41,0,ran,qwen2.5:0.5b,short,0,200,c012.1,1789623419.559283,1789623420.871405,887.505,1312.035,439.741,887.431,24,25,54.178,1,,,6.54,8dd74260
m6-sweep,cb8049fe3dde,42,0,ran,qwen2.5:0.5b,short,0,200,c012.1,1789623421.37161,1789623422.863747,886.669,1492.054,438.996,886.581,31,32,49.555,1,,,6.66,287e7131
m6-sweep,668c461dc94f,43,0,ran,qwen2.5:0.5b,short,0,200,c012.1,1789623423.363949,1789623424.669348,880.187,1305.29,437.648,880.073,24,25,54.105,1,,,6.66,270a9532
m6-sweep,3449a3403cfa,44,0,ran,qwen2.5:0.5b,short,0,200,c012.1,1789623425.169581,1789623426.488884,882.348,1319.219,439.547,882.312,31,32,68.67,1,,,6.66,331b1969
m6-sweep,872bcf8d9dfc,45,0,ran,qwen2.5:0.5b,short,0,200,c012.1,1789623426.989067,1789623428.296837,887.288,1307.671,438.676,887.212,24,25,54.712,1,,,6.29,f8f51e3e
m6-sweep,c2663cf56052,46,0,ran,qwen2.5:0.5b,short,0,200,c012.1,1789623428.797084,1789623430.09965,882.941,1302.483,437.597,882.882,24,25,54.822,1,,,6.29,a1e06d87
m6-sweep,1a892f6e5ac7,47,0,ran,qwen2.5:0.5b,short,0,200,c012.1,1789623430.599873,1789623431.908021,884.174,1308.062,439.521,884.138,24,25,54.26,1,,,6.02,07fcfa63
m6-sweep,34b91fb160a7,48,0,ran,qwen2.5:0.5b,short,0,200,c012.1,1789623432.408243,1789623433.722908,883.559,1314.575,436.661,883.523,25,26,55.682,1,,,6.02,c71ff873
m6-sweep,295a5f18cc8e,49,0,ran,qwen2.5:0.5b,short,0,200,c012.1,1789623434.223108,1789623435.527631,883.003,1304.431,437.37,882.967,24,25,54.576,1,,,6.02,7c97a900
m6-sweep,f8bc24672579,50,0,ran,qwen2.5:0.5b,short,0,200,c012.1,1789623436.027856,1789623437.333782,879.325,1305.837,436.287,879.25,24,25,53.926,1,,,6.02,73806c67
m6-sweep,e8c80a67a831,51,0,ran,qwen2.5:0.5b,short,0,200,c012.1,1789623437.834024,1789623439.13558,877.434,1301.47,435.636,877.375,24,25,54.241,1,,,6.02,bf94be41
m6-sweep,d39f5fa1d203,52,0,ran,qwen2.5:0.5b,short,0,200,c012.1,1789623439.63599,1789623440.94005,880.225,1303.971,437.008,880.152,24,25,54.278,1,,,6.02,9e11fca6
m6-sweep,2c59932ed772,0,1,ran,qwen2.5:0.5b,long,0,50,c013.1,1789623443.475933,1789623444.670391,727.612,1194.354,125.235,727.558,128,128,272.099,1,,,6.18,8d489406
m6-sweep,e3b83a8e4aed,1,1,ran,qwen2.5:0.5b,long,0,50,c013.1,1789623445.170656,1789623445.929243,306.672,758.483,120.227,306.622,128,128,281.09,1,,,6.18,b6f2273c
m6-sweep,ceb682422c67,2,1,ran,qwen2.5:0.5b,long,0,50,c013.1,1789623446.429482,1789623447.218105,304.613,788.533,121.178,304.573,128,128,262.44,1,,,6.41,f09da79a
m6-sweep,764783261494,3,0,ran,qwen2.5:0.5b,long,0,50,c013.1,1789623447.718485,1789623448.483508,312.692,764.916,131.79,312.658,128,128,280.835,1,,,6.41,c63ef542
m6-sweep,e213b3c24b0b,4,0,ran,qwen2.5:0.5b,long,0,50,c013.1,1789623448.983742,1789623450.220576,756.271,1236.742,133.994,756.237,128,128,264.323,1,,,6.41,05baa7f4
m6-sweep,b2da0a8db912,5,0,ran,qwen2.5:0.5b,long,0,50,c013.1,1789623450.720811,1789623451.948257,777.558,1227.356,134.746,777.507,128,128,282.349,1,,,6.45,06f11f5d
m6-sweep,aa0f4f54ac1f,6,0,ran,qwen2.5:0.5b,long,0,50,c013.1,1789623452.448517,1789623453.234366,303.819,785.74,125.835,303.751,128,128,263.529,1,,,6.45,1b2f5d03
m6-sweep,c3721b16d784,7,0,ran,qwen2.5:0.5b,long,0,50,c013.1,1789623453.734598,1789623454.487352,302.303,752.625,118.676,302.27,128,128,282.02,1,,,6.45,a37d90b4
m6-sweep,59333e6d3fbb,8,0,ran,qwen2.5:0.5b,long,0,50,c013.1,1789623454.98759,1789623456.21706,786.056,1229.38,136.515,786.018,128,128,286.472,1,,,6.45,be27be26
m6-sweep,126f70f1ab50,9,0,ran,qwen2.5:0.5b,long,0,50,c013.1,1789623456.717273,1789623457.461373,293.94,744.011,122.245,293.906,128,128,282.178,1,,,6.10,e1f5601a
m6-sweep,fa61089db198,10,0,ran,qwen2.5:0.5b,long,0,50,c013.1,1789623457.961549,1789623458.70334,300.246,741.701,123.237,300.212,128,128,287.685,1,,,6.10,4dc76c79
m6-sweep,5381a2fc4f0e,11,0,ran,qwen2.5:0.5b,long,0,50,c013.1,1789623459.203566,1789623459.96452,312.154,760.867,135.714,312.113,128,128,283.032,1,,,6.10,d607a886
m6-sweep,fbc43566b68d,12,0,ran,qwen2.5:0.5b,long,0,50,c013.1,1789623460.464716,1789623461.208825,299.92,744.02,124.488,299.881,128,128,285.972,1,,,6.10,02b67f1f
m6-sweep,6ef8a5934dc8,13,0,ran,qwen2.5:0.5b,long,0,50,c013.1,1789623461.709064,1789623462.45771,306.525,748.547,131.614,306.479,128,128,287.316,1,,,6.09,836a31f7
m6-sweep,c1245337ab37,14,0,ran,qwen2.5:0.5b,long,0,50,c013.1,1789623462.957944,1789623463.711702,304.228,753.672,128.177,304.177,128,128,282.571,1,,,6.09,1a146084
m6-sweep,086c2437562a,15,0,ran,qwen2.5:0.5b,long,0,50,c013.1,1789623464.211883,1789623464.959085,294.089,747.11,119.09,294.051,128,128,280.34,1,,,6.09,911ac746
m6-sweep,360b708c5925,16,0,ran,qwen2.5:0.5b,long,0,50,c013.1,1789623465.459249,1789623466.219924,316.468,760.583,137.15,316.433,128,128,285.962,1,,,6.09,1382d4ab
m6-sweep,c7607a467f69,17,0,ran,qwen2.5:0.5b,long,0,50,c013.1,1789623466.720139,1789623467.499611,312.314,779.385,126.733,312.278,128,128,271.907,1,,,5.76,74c853ac
m6-sweep,6bddcf717e27,18,0,ran,qwen2.5:0.5b,long,0,50,c013.1,1789623467.999851,1789623468.767531,318.135,767.591,138.654,318.102,128,128,282.564,1,,,5.76,6c32c88c
m6-sweep,64b7b7937efa,19,0,ran,qwen2.5:0.5b,long,0,50,c013.1,1789623469.267734,1789623470.026684,309.007,758.863,138.544,308.955,128,128,282.313,1,,,5.76,6a87ce4f
m6-sweep,c50af80cfcc4,20,0,ran,qwen2.5:0.5b,long,0,50,c013.1,1789623470.526919,1789623471.281903,307.374,754.894,130.48,307.335,128,128,283.786,1,,,5.76,7c07ada4
m6-sweep,a5defbad5066,21,0,ran,qwen2.5:0.5b,long,0,50,c013.1,1789623471.782128,1789623472.54172,302.224,759.502,122.095,302.175,128,128,277.73,1,,,5.54,18902e06
m6-sweep,8192d9ba31b6,22,0,ran,qwen2.5:0.5b,long,0,50,c013.1,1789623473.041946,1789623473.802849,308.14,760.811,129.765,308.089,128,128,280.557,1,,,5.54,889fef59
m6-sweep,dbc3f48857b6,23,0,ran,qwen2.5:0.5b,long,0,50,c013.1,1789623474.30583,1789623475.075639,315.422,769.718,139.991,315.371,128,128,279.553,1,,,5.54,e1ed288e
m6-sweep,6d67a8b22efa,24,0,ran,qwen2.5:0.5b,long,0,50,c013.1,1789623475.575872,1789623476.343589,309.578,767.623,126.976,309.536,128,128,277.266,1,,,5.54,3c2e4947
m6-sweep,f317118dc099,25,0,ran,qwen2.5:0.5b,long,0,50,c013.1,1789623476.844,1789623478.054683,759.473,1210.571,135.586,759.415,128,128,281.535,1,,,5.26,8368c487
m6-sweep,6cd0b9478dfc,26,0,ran,qwen2.5:0.5b,long,0,50,c013.1,1789623478.554931,1789623479.321563,313.48,766.544,128.136,313.424,128,128,280.314,1,,,5.26,a0c397e3
m6-sweep,e145c0df9a2a,27,0,ran,qwen2.5:0.5b,long,0,50,c013.1,1789623479.821786,1789623480.594095,314.993,772.218,139.195,314.941,128,128,277.763,1,,,5.26,4555c326
m6-sweep,39354e71ae70,28,0,ran,qwen2.5:0.5b,long,0,50,c013.1,1789623481.094436,1789623481.843148,296.434,748.601,124.894,296.348,128,128,280.87,1,,,5.96,dcae0dc5
m6-sweep,12636d5184fe,29,0,ran,qwen2.5:0.5b,long,0,50,c013.1,1789623482.343374,1789623483.101905,308.098,758.432,129.452,308.036,128,128,282.013,1,,,5.96,e283bf76
m6-sweep,6b4d2477d19e,30,0,ran,qwen2.5:0.5b,long,0,50,c013.1,1789623483.602139,1789623484.354117,300.378,751.888,127.045,300.343,128,128,281.278,1,,,5.96,889e6049
m6-sweep,c1fb0a07fd13,31,0,ran,qwen2.5:0.5b,long,0,50,c013.1,1789623484.854394,1789623485.60971,304.995,755.225,123.553,304.942,128,128,282.078,1,,,5.96,cf5567e7
m6-sweep,dc85436b0e2c,32,0,ran,qwen2.5:0.5b,long,0,50,c013.1,1789623486.109935,1789623486.873521,312.05,763.498,135.584,312.001,128,128,281.317,1,,,5.96,35e2c469
m6-sweep,dd7c838337c8,33,0,ran,qwen2.5:0.5b,long,0,50,c013.1,1789623487.37375,1789623488.14694,311.34,773.088,137.919,311.308,128,128,275.042,1,,,5.96,eb4ee7a9
m6-sweep,d32cfc24ae41,34,0,ran,qwen2.5:0.5b,long,0,50,c013.1,1789623488.64718,1789623489.414779,310.926,767.512,133.787,310.878,128,128,278.152,1,,,5.96,47e70e67
m6-sweep,1f5ed3424e60,35,0,ran,qwen2.5:0.5b,long,0,50,c013.1,1789623489.914958,1789623490.661749,301.997,746.7,132.537,301.962,128,128,285.584,1,,,5.96,6262194a
m6-sweep,a3d8e7374f0c,36,0,ran,qwen2.5:0.5b,long,0,50,c013.1,1789623491.161929,1789623491.916447,308.464,754.428,137.869,308.423,128,128,284.777,1,,,5.96,9f5f9525
m6-sweep,b270210e5852,37,0,ran,qwen2.5:0.5b,long,0,50,c013.1,1789623492.416665,1789623493.178457,310.216,761.701,129.282,310.168,128,128,281.294,1,,,5.96,188dbb6e
m6-sweep,e51f9cd2b6a7,38,0,ran,qwen2.5:0.5b,long,0,50,c013.1,1789623493.678667,1789623494.43882,307.467,760.069,136.406,307.432,128,128,280.6,1,,,5.96,ee0a33b5
m6-sweep,9a5739fa8411,39,0,ran,qwen2.5:0.5b,long,0,50,c013.1,1789623494.939067,1789623495.685935,301.212,746.785,120.62,301.17,128,128,285.027,1,,,5.96,749f0ccb
m6-sweep,0b84c82bdc20,40,0,ran,qwen2.5:0.5b,long,0,50,c013.1,1789623496.186119,1789623496.934559,296.348,748.348,123.751,296.314,128,128,280.973,1,,,5.89,76163bf6
m6-sweep,9f95bef7d9df,41,0,ran,qwen2.5:0.5b,long,0,50,c013.1,1789623497.434773,1789623498.194056,306.658,759.191,127.159,306.624,128,128,280.643,1,,,5.89,af32e9ec
m6-sweep,2711fbd69172,42,0,ran,qwen2.5:0.5b,long,0,50,c013.1,1789623498.694256,1789623499.462584,318.416,768.242,137.715,318.259,128,128,282.331,1,,,5.89,921f32fa
m6-sweep,c3e4d1f3a36b,43,0,ran,qwen2.5:0.5b,long,0,50,c013.1,1789623499.962756,1789623500.702769,289.499,739.932,119.245,289.448,128,128,281.951,1,,,5.89,6ae88a7f
m6-sweep,ed149be89f6d,44,0,ran,qwen2.5:0.5b,long,0,50,c013.1,1789623501.202974,1789623501.955972,302.562,752.909,122.355,302.509,128,128,282.005,1,,,5.74,2fb7d214
m6-sweep,72209c721f4d,45,0,ran,qwen2.5:0.5b,long,0,50,c013.1,1789623502.456185,1789623503.220174,316.355,763.884,135.198,316.318,128,128,283.78,1,,,5.74,843bb144
m6-sweep,6f79834f8f7d,46,0,ran,qwen2.5:0.5b,long,0,50,c013.1,1789623503.720373,1789623504.457863,291.093,737.382,118.61,291.06,128,128,284.569,1,,,5.74,2b21a344
m6-sweep,19b52e818122,47,0,ran,qwen2.5:0.5b,long,0,50,c013.1,1789623504.958091,1789623505.715277,304.48,757.089,125.289,304.437,128,128,280.595,1,,,5.74,43ef6f89
m6-sweep,b595bed493d7,48,0,ran,qwen2.5:0.5b,long,0,50,c013.1,1789623506.215493,1789623506.977635,309.949,762.051,136.231,309.912,128,128,280.91,1,,,5.68,a52c1a8d
m6-sweep,3585d128fbb1,49,0,ran,qwen2.5:0.5b,long,0,50,c013.1,1789623507.477854,1789623508.252597,314.265,774.651,131.51,314.212,128,128,275.855,1,,,5.68,4604c4e8
m6-sweep,fe0f1ef90828,50,0,ran,qwen2.5:0.5b,long,0,50,c013.1,1789623508.752861,1789623509.526865,318.285,773.911,137.214,318.25,128,128,278.737,1,,,5.68,dcd8cdf1
m6-sweep,5628a3a9d6c6,51,0,ran,qwen2.5:0.5b,long,0,50,c013.1,1789623510.027108,1789623510.771061,292.796,743.86,120.171,292.761,128,128,281.556,1,,,5.68,5d02569a
m6-sweep,6b274f9a1432,52,0,ran,qwen2.5:0.5b,long,0,50,c013.1,1789623511.271306,1789623512.045715,319.43,774.307,138.363,319.376,128,128,279.196,1,,,5.62,7d59ace6
m6-sweep,f434eb981a19,0,1,loopback,qwen2.5:0.5b,long,0,0,c014.1,1789623513.580883,1789623514.06988,35.543,488.866,1.106,35.5,128,128,280.153,1,,,5.62,01b51f13
m6-sweep,fee38858fce8,1,1,loopback,qwen2.5:0.5b,long,0,0,c014.1,1789623514.570121,1789623515.05482,32.89,484.561,0.153,32.821,128,128,281.178,1,,,5.62,fc9e3451
m6-sweep,99e8544fb72d,2,1,loopback,qwen2.5:0.5b,long,0,0,c014.1,1789623515.555063,1789623516.036255,35.98,481.078,0.126,35.923,128,128,285.33,1,,,5.62,00f4caaf
m6-sweep,1685174dfbe0,3,0,loopback,qwen2.5:0.5b,long,0,0,c014.1,1789623516.536812,1789623517.018386,33.283,481.432,0.127,33.233,128,128,283.388,1,,,6.13,1a685e21
m6-sweep,ed9b162fed35,4,0,loopback,qwen2.5:0.5b,long,0,0,c014.1,1789623517.518624,1789623518.006857,36.496,488.052,0.123,36.453,128,128,281.25,1,,,6.13,dae0e723
m6-sweep,59fb780aef3c,5,0,loopback,qwen2.5:0.5b,long,0,0,c014.1,1789623518.507072,1789623518.986257,33.938,479.028,0.16,33.867,128,128,285.336,1,,,6.13,dc0afc1f
m6-sweep,b25db72e3765,6,0,loopback,qwen2.5:0.5b,long,0,0,c014.1,1789623519.486485,1789623519.96474,33.439,478.143,0.17,33.392,128,128,285.583,1,,,6.13,db895d8d
m6-sweep,e701f12770b1,7,0,loopback,qwen2.5:0.5b,long,0,0,c014.1,1789623520.464975,1789623520.948423,37.432,483.328,0.136,37.378,128,128,284.819,1,,,6.13,de7b2d74
m6-sweep,39e278aaa3f5,8,0,loopback,qwen2.5:0.5b,long,0,0,c014.1,1789623521.448648,1789623521.930415,34.875,481.644,0.128,34.825,128,128,284.263,1,,,6.28,6f0bb8c0
m6-sweep,d485d3f7460f,9,0,loopback,qwen2.5:0.5b,long,0,0,c014.1,1789623522.430629,1789623522.913992,33.123,483.251,0.133,33.078,128,128,282.142,1,,,6.28,ff6ae771
m6-sweep,fa27751c6982,10,0,loopback,qwen2.5:0.5b,long,0,0,c014.1,1789623523.414392,1789623523.894481,32.686,479.952,0.123,32.65,128,128,283.947,1,,,6.28,a08abde2
m6-sweep,abeacd131cbe,11,0,loopback,qwen2.5:0.5b,long,0,0,c014.1,1789623524.394686,1789623524.875124,33.306,480.326,0.168,33.242,128,128,284.104,1,,,6.28,0f53d9ed
m6-sweep,de45a032e151,12,0,loopback,qwen2.5:0.5b,long,0,0,c014.1,1789623525.375348,1789623525.852723,35.137,477.163,0.152,35.101,128,128,287.314,1,,,6.28,ab252042
m6-sweep,6f4504c330b2,13,0,loopback,qwen2.5:0.5b,long,0,0,c014.1,1789623526.35296,1789623526.833434,35.438,480.363,0.133,35.402,128,128,285.441,1,,,6.28,bc482444
m6-sweep,8afa02a4a541,14,0,loopback,qwen2.5:0.5b,long,0,0,c014.1,1789623527.33364,1789623527.812772,34.115,479.007,0.169,34.076,128,128,285.463,1,,,6.10,4734e142
m6-sweep,ded2b17a805c,15,0,loopback,qwen2.5:0.5b,long,0,0,c014.1,1789623528.313001,1789623528.796686,34.925,483.567,0.139,34.883,128,128,283.077,1,,,6.10,c7f0c056
m6-sweep,0ac64bf46b36,16,0,loopback,qwen2.5:0.5b,long,0,0,c014.1,1789623529.296917,1789623529.772547,33.682,475.491,0.14,33.636,128,128,287.455,1,,,6.10,69baa215
m6-sweep,e62ad122100c,17,0,loopback,qwen2.5:0.5b,long,0,0,c014.1,1789623530.272738,1789623530.751474,33.357,478.61,0.128,33.312,128,128,285.231,1,,,6.10,47a34fa3
m6-sweep,7fed59551bd0,18,0,loopback,qwen2.5:0.5b,long,0,0,c014.1,1789623531.251664,1789623531.732533,33.514,480.731,0.123,33.459,128,128,283.979,1,,,6.10,b3c54137
m6-sweep,80ab12670e4d,19,0,loopback,qwen2.5:0.5b,long,0,0,c014.1,1789623532.232828,1789623532.712927,33.455,479.958,0.16,33.411,128,128,284.433,1,,,5.93,87c30817
m6-sweep,a46c2aafbac7,20,0,loopback,qwen2.5:0.5b,long,0,0,c014.1,1789623533.21314,1789623533.6977,36.459,484.437,0.121,36.416,128,128,283.496,1,,,5.93,b573b8d9
m6-sweep,64d37bf42469,21,0,loopback,qwen2.5:0.5b,long,0,0,c014.1,1789623534.197941,1789623534.681095,35.827,483.039,0.14,35.792,128,128,283.982,1,,,5.93,fd9ff89d
m6-sweep,d3de3f8c626c,22,0,loopback,qwen2.5:0.5b,long,0,0,c014.1,1789623535.181309,1789623535.661048,33.803,479.61,0.121,33.767,128,128,284.876,1,,,5.93,244fcfe7
m6-sweep,2c1c8d7ab4e9,23,0,loopback,qwen2.5:0.5b,long,0,0,c014.1,1789623536.161287,1789623536.639381,34.167,477.978,0.128,34.101,128,128,286.157,1,,,5.93,eb41b28a
m6-sweep,3f5210df6ee5,24,0,loopback,qwen2.5:0.5b,long,0,0,c014.1,1789623537.139591,1789623537.614958,36.232,475.255,0.142,36.181,128,128,289.278,1,,,5.86,0167fc4b
m6-sweep,f34798bb3455,25,0,loopback,qwen2.5:0.5b,long,0,0,c014.1,1789623538.115181,1789623538.593732,33.213,478.433,0.128,33.175,128,128,285.252,1,,,5.86,fd8130d3
m6-sweep,332624cf7e5c,26,0,loopback,qwen2.5:0.5b,long,0,0,c014.1,1789623539.093945,1789623539.575726,34.104,481.64,0.128,34.021,128,128,283.776,1,,,5.86,c1d4ecfa
m6-sweep,e0c8c527a982,27,0,loopback,qwen2.5:0.5b,long,0,0,c014.1,1789623540.075961,1789623540.56192,37.636,485.832,0.131,37.581,128,128,283.358,1,,,5.86,e498cef0
m6-sweep,cee688c368d8,28,0,loopback,qwen2.5:0.5b,long,0,0,c014.1,1789623541.062142,1789623541.542331,33.73,480.073,0.143,33.677,128,128,284.535,1,,,5.86,309f0eda
m6-sweep,544a6af73e3a,29,0,loopback,qwen2.5:0.5b,long,0,0,c014.1,1789623542.042492,1789623542.531442,35.495,488.84,0.127,35.456,128,128,280.14,1,,,5.71,692ec87a
m6-sweep,01c03eaa4e73,30,0,loopback,qwen2.5:0.5b,long,0,0,c014.1,1789623543.031664,1789623543.512523,34.28,480.73,0.119,34.24,128,128,284.466,1,,,5.71,c4c68b2d
m6-sweep,db1903e7a247,31,0,loopback,qwen2.5:0.5b,long,0,0,c014.1,1789623544.012751,1789623544.493257,33.857,480.382,0.119,33.806,128,128,284.419,1,,,5.71,6676ca9b
m6-sweep,e5c52a006d77,32,0,loopback,qwen2.5:0.5b,long,0,0,c014.1,1789623544.993463,1789623545.478283,36.072,484.677,0.133,36.025,128,128,283.1,1,,,5.71,2ca0f0fb
m6-sweep,2ed94b10c4f4,33,0,loopback,qwen2.5:0.5b,long,0,0,c014.1,1789623545.978519,1789623546.46216,35.194,483.507,0.194,35.129,128,128,283.285,1,,,5.71,ebb789bc
m6-sweep,941c84ebc17e,34,0,loopback,qwen2.5:0.5b,long,0,0,c014.1,1789623546.962419,1789623547.448838,33.115,486.284,0.13,33.08,128,128,280.249,1,,,5.49,9f137795
m6-sweep,01fdb7881b29,35,0,loopback,qwen2.5:0.5b,long,0,0,c014.1,1789623547.949041,1789623548.432671,35.215,483.495,0.148,35.172,128,128,283.305,1,,,5.49,46df177b
m6-sweep,fe4357cfb917,36,0,loopback,qwen2.5:0.5b,long,0,0,c014.1,1789623548.932845,1789623549.417915,35.93,484.944,0.13,35.891,128,128,282.842,1,,,5.49,cf38b6df
m6-sweep,10b2e9e401f1,37,0,loopback,qwen2.5:0.5b,long,0,0,c014.1,1789623549.918141,1789623550.397802,34.561,479.554,0.138,34.491,128,128,285.398,1,,,5.49,6e0841f5
m6-sweep,7689c4899e11,38,0,loopback,qwen2.5:0.5b,long,0,0,c014.1,1789623550.898013,1789623551.377092,33.369,478.96,0.158,33.332,128,128,285.014,1,,,5.49,de6aa09c
m6-sweep,81723421469c,39,0,loopback,qwen2.5:0.5b,long,0,0,c014.1,1789623551.87727,1789623552.360391,35.784,483.01,0.125,35.738,128,128,283.973,1,,,5.45,29ee5487
m6-sweep,67d29fc46f18,40,0,loopback,qwen2.5:0.5b,long,0,0,c014.1,1789623552.860592,1789623553.34481,34.08,484.1,0.171,34.021,128,128,282.21,1,,,5.45,7bee3711
m6-sweep,c23bb58bba3a,41,0,loopback,qwen2.5:0.5b,long,0,0,c014.1,1789623553.845066,1789623554.33804,36.98,492.855,0.143,36.913,128,128,278.585,1,,,5.45,ed40bfb3
m6-sweep,daa0c2afe645,42,0,loopback,qwen2.5:0.5b,long,0,0,c014.1,1789623554.838279,1789623555.322539,34.259,483.919,0.122,34.18,128,128,282.435,1,,,5.45,35a8fc94
m6-sweep,3f8bad5b5c11,43,0,loopback,qwen2.5:0.5b,long,0,0,c014.1,1789623555.822752,1789623556.310974,35.783,487.949,0.12,35.739,128,128,280.87,1,,,5.45,79e845a1
m6-sweep,a17f1d23d445,44,0,loopback,qwen2.5:0.5b,long,0,0,c014.1,1789623556.811158,1789623557.29256,34.068,481.232,0.131,34.032,128,128,284.012,1,,,6.46,0d3ba7a8
m6-sweep,1a5c8688b00b,45,0,loopback,qwen2.5:0.5b,long,0,0,c014.1,1789623557.79279,1789623558.27246,34.575,479.556,0.125,34.539,128,128,285.405,1,,,6.46,38494870
m6-sweep,db470d176f45,46,0,loopback,qwen2.5:0.5b,long,0,0,c014.1,1789623558.77267,1789623559.252037,33.446,479.239,0.118,33.407,128,128,284.886,1,,,6.46,2af45028
m6-sweep,ce48e6313ea3,47,0,loopback,qwen2.5:0.5b,long,0,0,c014.1,1789623559.752282,1789623560.233774,34.409,481.377,0.144,34.364,128,128,284.137,1,,,6.46,e9a5d59f
m6-sweep,b385b037c1bf,48,0,loopback,qwen2.5:0.5b,long,0,0,c014.1,1789623560.733983,1789623561.209836,34.418,475.607,0.129,34.367,128,128,287.858,1,,,6.46,66b42c75
m6-sweep,9e36250edb90,49,0,loopback,qwen2.5:0.5b,long,0,0,c014.1,1789623561.710048,1789623562.235721,39.381,525.549,0.157,39.327,128,128,261.227,1,,,6.66,b06868ba
m6-sweep,549e5aee5b93,50,0,loopback,qwen2.5:0.5b,long,0,0,c014.1,1789623562.735928,1789623563.218111,36.265,482.057,0.126,36.21,128,128,284.886,1,,,6.66,ffff6407
m6-sweep,aebab2c286fa,51,0,loopback,qwen2.5:0.5b,long,0,0,c014.1,1789623563.718405,1789623564.209543,33.434,491.015,0.149,33.398,128,128,277.547,1,,,6.66,1c46e9d2
m6-sweep,26b447505f57,52,0,loopback,qwen2.5:0.5b,long,0,0,c014.1,1789623564.709759,1789623565.197893,36.196,488.025,0.135,36.127,128,128,281.08,1,,,6.66,97c03b22
m6-sweep,d171e2c305d6,0,1,ran,qwen2.5:1.5b,long,0,50,c015.1,1789623566.855714,1789623570.896017,3200.62,4040.194,140.653,3200.547,120,121,141.739,1,,,6.77,d24b1051
m6-sweep,52ce0a6e3af7,1,1,ran,qwen2.5:1.5b,long,0,50,c015.1,1789623571.396261,1789623572.557302,351.285,1160.931,139.004,351.251,128,128,156.859,1,,,6.55,235e4cd2
m6-sweep,2136b2f39460,2,1,ran,qwen2.5:1.5b,long,0,50,c015.1,1789623573.057546,1789623574.203632,333.18,1145.967,120.958,333.142,128,128,156.252,1,,,6.55,b7f9b062
m6-sweep,f54c584982da,3,0,ran,qwen2.5:1.5b,long,0,50,c015.1,1789623574.703865,1789623576.316565,806.305,1612.607,129.347,806.248,128,128,157.509,1,,,6.55,86d4069b
m6-sweep,54befd1edde7,4,0,ran,qwen2.5:1.5b,long,0,50,c015.1,1789623576.816801,1789623577.996938,336.811,1180.028,129.49,336.776,128,128,150.614,1,,,6.26,fa176367
m6-sweep,87e1262f1aa8,5,0,ran,qwen2.5:1.5b,long,0,50,c015.1,1789623578.497178,1789623579.637489,328.379,1140.213,119.721,328.336,128,128,156.436,1,,,6.26,f2c18151
m6-sweep,4abf859ccb4c,6,0,ran,qwen2.5:1.5b,long,0,50,c015.1,1789623580.137729,1789623581.3002,340.707,1162.379,123.609,340.662,128,128,154.563,1,,,6.26,71e1625e
m6-sweep,57daaccbb496,7,0,ran,qwen2.5:1.5b,long,0,50,c015.1,1789623581.800431,1789623582.948465,334.192,1147.916,127.934,334.154,128,128,156.072,1,,,6.00,9dbc512e
m6-sweep,ee3d173339dd,8,0,ran,qwen2.5:1.5b,long,0,50,c015.1,1789623583.44866,1789623584.607899,350.658,1159.145,134.956,350.623,128,128,157.084,1,,,6.00,f99d4351
m6-sweep,32034deede9d,9,0,ran,qwen2.5:1.5b,long,0,50,c015.1,1789623585.108142,1789623586.263499,340.251,1155.241,121.128,340.216,128,128,155.83,1,,,6.00,b0999ea8
m6-sweep,ed6bd8a96824,10,0,ran,qwen2.5:1.5b,long,0,50,c015.1,1789623586.763837,1789623588.372797,798.225,1608.869,138.661,798.189,128,128,156.665,1,,,5.84,6b4e8b75
m6-sweep,f38ae2fcd343,11,0,ran,qwen2.5:1.5b,long,0,50,c015.1,1789623588.873037,1789623590.024173,336.766,1151.034,129.408,336.73,128,128,155.968,1,,,5.84,2a632360
m6-sweep,09da49aaa10b,12,0,ran,qwen2.5:1.5b,long,0,50,c015.1,1789623590.524386,1789623591.661855,328.9,1137.363,120.852,328.862,128,128,157.088,1,,,5.84,191071c1
m6-sweep,1079c8965e87,13,0,ran,qwen2.5:1.5b,long,0,50,c015.1,1789623592.162076,1789623593.317237,345.937,1155.067,137.873,345.902,128,128,156.959,1,,,5.69,e241496a
m6-sweep,8192e4ae0cf9,14,0,ran,qwen2.5:1.5b,long,0,50,c015.1,1789623593.817476,1789623594.979161,350.088,1161.587,133.74,350.052,128,128,156.5,1,,,5.69,69a5e109
m6-sweep,583e2f9b7974,15,0,ran,qwen2.5:1.5b,long,0,50,c015.1,1789623595.479396,1789623596.631425,339.548,1151.938,122.984,339.506,128,128,156.329,1,,,5.69,ec950590
m6-sweep,f9021432702d,16,0,ran,qwen2.5:1.5b,long,0,50,c015.1,1789623597.131663,1789623598.288466,339.789,1156.686,124.796,339.753,128,128,155.466,1,,,5.80,a96d7b2d
m6-sweep,20585db6538c,17,0,ran,qwen2.5:1.5b,long,0,50,c015.1,1789623598.788744,1789623600.420116,815.838,1631.279,136.613,815.8,128,128,155.744,1,,,5.80,decfb0da
m6-sweep,86702703ecaf,18,0,ran,qwen2.5:1.5b,long,0,50,c015.1,1789623600.920319,1789623602.07331,329.536,1152.892,121.6,329.501,128,128,154.247,1,,,6.13,e3e8faed
m6-sweep,acda47c5be68,19,0,ran,qwen2.5:1.5b,long,0,50,c015.1,1789623602.573555,1789623603.746162,345.542,1172.516,136.855,345.496,128,128,153.572,1,,,6.13,c874f557
m6-sweep,ce65a5abbe89,20,0,ran,qwen2.5:1.5b,long,0,50,c015.1,1789623604.246555,1789623605.414145,343.689,1167.468,126.312,343.644,128,128,154.167,1,,,6.13,a8e9eccd
m6-sweep,a9a18f5ab889,21,0,ran,qwen2.5:1.5b,long,0,50,c015.1,1789623605.914687,1789623607.082387,349.638,1167.599,139.913,349.601,128,128,155.264,1,,,6.12,f8971d10
m6-sweep,c94abd253d69,22,0,ran,qwen2.5:1.5b,long,0,50,c015.1,1789623607.582616,1789623609.171005,771.688,1588.276,132.872,771.646,128,128,155.525,1,,,6.12,0b8252ca
m6-sweep,5c18c7057916,23,0,ran,qwen2.5:1.5b,long,0,50,c015.1,1789623609.671285,1789623610.825318,338.445,1153.937,130.163,338.407,128,128,155.734,1,,,6.12,19d62c61
m6-sweep,ce9b1817a331,24,0,ran,qwen2.5:1.5b,long,0,50,c015.1,1789623611.325571,1789623612.465252,329.049,1139.588,120.004,329.012,128,128,156.686,1,,,6.03,5c9b8aac
m6-sweep,6605fe1086ee,25,0,ran,qwen2.5:1.5b,long,0,50,c015.1,1789623612.96549,1789623614.104405,327.766,1138.813,121.193,327.717,128,128,156.588,1,,,6.03,341a5e18
m6-sweep,c76923fb83e9,26,0,ran,qwen2.5:1.5b,long,0,50,c015.1,1789623614.604634,1789623615.760718,344.782,1155.989,129.184,344.75,128,128,156.557,1,,,6.03,ac179785
m6-sweep,3a5a4ea9471e,27,0,ran,qwen2.5:1.5b,long,0,50,c015.1,1789623616.261063,1789623617.435454,356.649,1174.285,140.016,356.611,128,128,155.326,1,,,6.75,56aaa013
m6-sweep,9389f37903d4,28,0,ran,qwen2.5:1.5b,long,0,50,c015.1,1789623617.935684,1789623619.084286,340.853,1148.501,127.732,340.81,128,128,157.247,1,,,6.75,542f7ef6
m6-sweep,9bc93f5ae9b3,29,0,ran,qwen2.5:1.5b,long,0,50,c015.1,1789623619.584495,1789623621.155935,763.354,1571.329,131.763,763.317,128,128,157.183,1,,,6.75,32d414c9
m6-sweep,8e3042f2ff9b,30,0,ran,qwen2.5:1.5b,long,0,50,c015.1,1789623621.656142,1789623622.806773,337.145,1150.534,129.976,337.109,128,128,156.137,1,,,6.85,526a86a2
m6-sweep,135ba59f75e8,31,0,ran,qwen2.5:1.5b,long,0,50,c015.1,1789623623.307034,1789623624.401713,328.059,1094.556,121.131,327.924,120,121,155.252,1,,,6.85,c5e115d7
m6-sweep,d645271a1a82,32,0,ran,qwen2.5:1.5b,long,0,50,c015.1,1789623624.901957,1789623626.050115,342.457,1148.057,135.927,342.411,128,128,157.646,1,,,6.85,68eb7338
m6-sweep,7621687f5ed2,33,0,ran,qwen2.5:1.5b,long,0,50,c015.1,1789623626.550382,1789623627.695901,340.57,1145.429,125.2,340.535,128,128,157.792,1,,,6.62,482bcd41
m6-sweep,14d6de43a24b,34,0,ran,qwen2.5:1.5b,long,0,50,c015.1,1789623628.19613,1789623629.335332,337.708,1139.113,122.867,337.659,128,128,158.472,1,,,6.62,8ac8fc13
m6-sweep,695c8bf9b7bf,35,0,ran,qwen2.5:1.5b,long,0,50,c015.1,1789623629.835561,1789623630.981404,340.512,1145.751,126.17,340.475,128,128,157.717,1,,,6.62,ba62202e
m6-sweep,d839e64460bf,36,0,ran,qwen2.5:1.5b,long,0,50,c015.1,1789623631.481665,1789623632.644688,352.792,1162.85,138.645,352.754,128,128,156.779,1,,,6.41,a57eee63
m6-sweep,276342aa9a37,37,0,ran,qwen2.5:1.5b,long,0,50,c015.1,1789623633.144903,1789623634.766268,809.747,1621.241,136.033,809.713,128,128,156.502,1,,,6.41,7140533d
m6-sweep,ff824d7a453b,38,0,ran,qwen2.5:1.5b,long,0,50,c015.1,1789623635.266484,1789623636.414479,337.5,1147.891,130.311,337.464,128,128,156.714,1,,,6.41,436655dc
m6-sweep,3e09d7156258,39,0,ran,qwen2.5:1.5b,long,0,50,c015.1,1789623636.914671,1789623638.074277,340.105,1159.514,130.387,340.071,128,128,154.99,1,,,5.98,fb9b1584
m6-sweep,457c6d109f82,40,0,ran,qwen2.5:1.5b,long,0,50,c015.1,1789623638.574518,1789623639.731071,345.332,1156.449,137.912,345.275,128,128,156.574,1,,,5.98,74192df7
m6-sweep,3f6b2b4c013e,41,0,ran,qwen2.5:1.5b,long,0,50,c015.1,1789623640.231597,1789623641.394242,349.63,1162.501,132.41,349.595,128,128,156.236,1,,,5.98,0a781767
m6-sweep,6913b509c020,42,0,ran,qwen2.5:1.5b,long,0,50,c015.1,1789623641.894485,1789623643.06187,354.077,1167.283,139.866,354.041,128,128,156.172,1,,,5.98,25dad278
m6-sweep,6a293966db8b,43,0,ran,qwen2.5:1.5b,long,0,50,c015.1,1789623643.562115,1789623644.714807,341.941,1152.6,128.654,341.904,128,128,156.663,1,,,5.98,1d5ce6b3
m6-sweep,1db987242ecc,44,0,ran,qwen2.5:1.5b,long,0,50,c015.1,1789623645.21503,1789623646.358954,334.938,1143.834,119.458,334.904,128,128,157.004,1,,,5.98,e423399d
m6-sweep,0a9eebbc0482,45,0,ran,qwen2.5:1.5b,long,0,50,c015.1,1789623646.859188,1789623648.019109,339.703,1159.829,123.095,339.668,128,128,154.854,1,,,5.66,29d8cead
m6-sweep,aaf8b87db091,46,0,ran,qwen2.5:1.5b,long,0,50,c015.1,1789623648.519343,1789623650.144547,818.073,1625.086,139.103,818.03,128,128,157.37,1,,,5.66,eca6c637
m6-sweep,baafaf10a18c,47,0,ran,qwen2.5:1.5b,long,0,50,c015.1,1789623650.644785,1789623651.782105,333.691,1137.214,127.193,333.647,128,128,158.054,1,,,5.66,b19d5ec2
m6-sweep,f32bba23ac62,48,0,ran,qwen2.5:1.5b,long,0,50,c015.1,1789623652.282434,1789623653.429452,339.428,1146.925,131.911,339.391,128,128,157.276,1,,,5.37,7b79c8d8
m6-sweep,187bd9b96ca9,49,0,ran,qwen2.5:1.5b,long,0,50,c015.1,1789623653.929682,1789623655.073457,331.147,1143.678,122.221,331.109,128,128,156.302,1,,,5.37,d2599de1
m6-sweep,ae9d9c15d1e6,50,0,ran,qwen2.5:1.5b,long,0,50,c015.1,1789623655.573669,1789623656.722733,335.152,1148.959,120.509,335.116,128,128,156.057,1,,,5.37,7590895d
m6-sweep,dc2f9b101a89,51,0,ran,qwen2.5:1.5b,long,0,50,c015.1,1789623657.222968,1789623658.837384,808.826,1614.324,134.038,808.789,128,128,157.666,1,,,5.18,e70b6df2
m6-sweep,20fbeec32358,52,0,ran,qwen2.5:1.5b,long,0,50,c015.1,1789623659.337617,1789623660.497622,351.487,1159.913,138.22,351.444,128,128,157.096,1,,,5.18,e0602cba
m6-sweep,e730629a0bce,0,1,ran,qwen2.5:1.5b,long,2,0,c016.1,1789623663.048587,1789623664.029703,148.493,980.988,36.211,148.436,128,128,152.554,1,,,5.00,6242ded6
m6-sweep,8e7495d165e1,1,1,ran,qwen2.5:1.5b,long,2,0,c016.1,1789623664.529914,1789623665.471095,149.396,941.036,20.935,149.324,128,128,160.426,1,,,5.00,3dd3d30d
m6-sweep,0696e7868d30,2,1,ran,qwen2.5:1.5b,long,2,0,c016.1,1789623665.971363,1789623666.932894,132.428,961.413,23.571,132.386,128,128,153.199,1,,,5.00,d8363707
m6-sweep,7ab257a2d247,3,0,ran,qwen2.5:1.5b,long,2,0,c016.1,1789623667.433118,1789623668.417448,161.931,984.217,27.78,161.876,128,128,154.447,1,,,4.84,6e7e4a4b
m6-sweep,297e723f0f4a,4,0,ran,qwen2.5:1.5b,long,2,0,c016.1,1789623668.917722,1789623669.877721,140.283,959.867,38.436,140.246,128,128,154.957,1,,,4.84,dad66296
m6-sweep,424767214ce0,5,0,ran,qwen2.5:1.5b,long,2,0,c016.1,1789623670.377944,1789623671.496159,286.707,1118.094,35.239,286.664,128,128,152.757,1,,,4.84,da624fc7
m6-sweep,c21eb2ed01e0,6,0,ran,qwen2.5:1.5b,long,2,0,c016.1,1789623671.997108,1789623673.067567,279.572,1070.335,22.656,279.531,128,128,160.604,1,,,4.94,dd5f2b70
m6-sweep,7d8d2c002abc,7,0,ran,qwen2.5:1.5b,long,2,0,c016.1,1789623673.5678,1789623674.509721,130.811,941.809,28.706,130.757,128,128,156.597,1,,,4.94,3b49c2a6
m6-sweep,cca420cf56a8,8,0,ran,qwen2.5:1.5b,long,2,0,c016.1,1789623675.009947,1789623675.953003,126.11,942.944,22.931,126.064,128,128,155.478,1,,,4.94,61ac8b02
m6-sweep,dfa5e56c5a62,9,0,ran,qwen2.5:1.5b,long,2,0,c016.1,1789623676.453226,1789623677.407785,121.063,954.451,19.511,121.016,128,128,152.39,1,,,5.34,ae71bfbe
m6-sweep,4a5e6dbe7c1c,10,0,ran,qwen2.5:1.5b,long,2,0,c016.1,1789623677.908036,1789623678.865835,141.643,957.689,33.265,141.595,128,128,155.629,1,,,5.34,f1f9a7ec
m6-sweep,c7cc5fa1a96b,11,0,ran,qwen2.5:1.5b,long,2,0,c016.1,1789623679.366083,1789623680.318705,141.294,952.511,32.346,141.253,128,128,156.555,1,,,5.34,5b343ecc
m6-sweep,814ec6683770,12,0,ran,qwen2.5:1.5b,long,2,0,c016.1,1789623680.818954,1789623681.757034,131.149,937.972,21.915,131.102,128,128,157.408,1,,,5.34,abdbc796
m6-sweep,ed73b99f0127,13,0,ran,qwen2.5:1.5b,long,2,0,c016.1,1789623682.257288,1789623683.292056,223.932,1034.647,18.468,223.896,128,128,156.652,1,,,5.07,9b5e4b18
m6-sweep,f3425380d7ec,14,0,ran,qwen2.5:1.5b,long,2,0,c016.1,1789623683.792286,1789623684.740625,134.536,948.209,34.398,134.499,128,128,156.082,1,,,5.07,90deb22c
m6-sweep,827a55c51aea,15,0,ran,qwen2.5:1.5b,long,2,0,c016.1,1789623685.240836,1789623686.199106,133.304,958.155,31.36,133.221,128,128,153.967,1,,,5.07,932617e2
m6-sweep,bb9afd3ceb01,16,0,ran,qwen2.5:1.5b,long,2,0,c016.1,1789623686.699432,1789623687.665385,130.604,965.836,27.361,130.562,128,128,152.054,1,,,5.15,f59173bb
m6-sweep,584efc4e7150,17,0,ran,qwen2.5:1.5b,long,2,0,c016.1,1789623688.165606,1789623689.123274,143.153,957.545,36.386,143.085,128,128,155.944,1,,,5.15,5fc82887
m6-sweep,f03b5ea317a9,18,0,ran,qwen2.5:1.5b,long,2,0,c016.1,1789623689.623503,1789623690.712166,253.275,1088.533,25.386,253.235,128,128,152.049,1,,,5.15,c360627a
m6-sweep,69f0dbc1fb5d,19,0,ran,qwen2.5:1.5b,long,2,0,c016.1,1789623691.212384,1789623692.350878,330.751,1138.353,18.435,330.707,128,128,157.256,1,,,5.14,070c0f99
m6-sweep,d1afdd580e49,20,0,ran,qwen2.5:1.5b,long,2,0,c016.1,1789623692.85114,1789623693.789776,120.423,938.516,20.637,120.38,128,128,155.239,1,,,5.14,586fa28c
m6-sweep,12c67f8e95ca,21,0,ran,qwen2.5:1.5b,long,2,0,c016.1,1789623694.290001,1789623695.230439,131.071,940.324,29.77,131.009,128,128,156.935,1,,,5.14,16b6ba47
m6-sweep,17409eaa87b6,22,0,ran,qwen2.5:1.5b,long,2,0,c016.1,1789623695.730679,1789623696.681654,137.849,950.853,37.276,137.815,128,128,156.211,1,,,5.14,ed30e298
m6-sweep,75dcd5f63985,23,0,ran,qwen2.5:1.5b,long,2,0,c016.1,1789623697.1819,1789623698.233095,239.177,1051.062,18.82,239.127,128,128,156.426,1,,,4.88,89f449f7
m6-sweep,84c7ab23831e,24,0,ran,qwen2.5:1.5b,long,2,0,c016.1,1789623698.733339,1789623699.672106,127.843,938.635,27.394,127.789,128,128,156.637,1,,,4.88,e53dfbb5
m6-sweep,24d88e86d360,25,0,ran,qwen2.5:1.5b,long,2,0,c016.1,1789623700.172359,1789623701.143381,137.21,970.911,33.663,137.154,128,128,152.333,1,,,4.88,c3e9a957
m6-sweep,bd93e014da3e,26,0,ran,qwen2.5:1.5b,long,2,0,c016.1,1789623701.643665,1789623702.589982,132.025,946.198,30.789,131.979,128,128,155.986,1,,,5.13,7fb3f003
m6-sweep,2b170bff6539,27,0,ran,qwen2.5:1.5b,long,2,0,c016.1,1789623703.090246,1789623704.051572,135.366,961.216,26.262,135.33,128,128,153.781,1,,,5.13,e751ea69
m6-sweep,c425fc788a53,28,0,ran,qwen2.5:1.5b,long,2,0,c016.1,1789623704.551813,1789623705.621864,252.6,1069.936,22.182,252.542,128,128,155.383,1,,,5.13,fd3bbd76
m6-sweep,60ac1593d1b1,29,0,ran,qwen2.5:1.5b,long,2,0,c016.1,1789623706.12216,1789623707.096432,142.633,974.121,33.825,142.596,128,128,152.738,1,,,5.76,6769a12d
m6-sweep,b52dea77b5ba,30,0,ran,qwen2.5:1.5b,long,2,0,c016.1,1789623707.596638,1789623708.564477,130.504,967.712,28.865,130.456,128,128,151.695,1,,,5.76,c1e18884
m6-sweep,dfd7cbfcfe29,31,0,ran,qwen2.5:1.5b,long,2,0,c016.1,1789623709.064727,1789623710.027668,119.55,962.807,19.649,119.514,128,128,150.606,1,,,5.76,e779f56c
m6-sweep,d138f25138ab,32,0,ran,qwen2.5:1.5b,long,2,0,c016.1,1789623710.52795,1789623711.474769,135.627,946.704,34.945,135.579,128,128,156.582,1,,,5.76,6bc87b41
m6-sweep,07388d760738,33,0,ran,qwen2.5:1.5b,long,2,0,c016.1,1789623711.974994,1789623713.040554,250.201,1065.428,21.696,250.148,128,128,155.785,1,,,5.38,209e01bd
m6-sweep,c5813ddf8572,34,0,ran,qwen2.5:1.5b,long,2,0,c016.1,1789623713.540791,1789623714.511625,144.499,970.717,32.039,144.438,128,128,153.713,1,,,5.38,d98f2a5f
m6-sweep,4c400c4bef2a,35,0,ran,qwen2.5:1.5b,long,2,0,c016.1,1789623715.011853,1789623715.969092,134.683,957.131,28.528,134.647,128,128,154.417,1,,,5.38,c751f9ff
m6-sweep,28b869ef0865,36,0,ran,qwen2.5:1.5b,long,2,0,c016.1,1789623716.469385,1789623717.441185,145.224,971.685,35.494,145.172,128,128,153.667,1,,,5.35,69d442f9
m6-sweep,3e76e1b53aef,37,0,ran,qwen2.5:1.5b,long,2,0,c016.1,1789623717.941397,1789623718.895361,139.979,953.854,34.138,139.933,128,128,156.044,1,,,5.35,cdd8144c
m6-sweep,cc2f004dd3ac,38,0,ran,qwen2.5:1.5b,long,2,0,c016.1,1789623719.395575,1789623720.372921,147.951,977.233,39.789,147.914,128,128,153.144,1,,,5.35,becf34e8
m6-sweep,e65191ac2b59,39,0,ran,qwen2.5:1.5b,long,2,0,c016.1,1789623720.873154,1789623722.831219,1130.29,1957.952,1022.3,1130.255,128,128,153.444,1,,,6.28,0e937be4
m6-sweep,ffb09aa7c31e,40,0,ran,qwen2.5:1.5b,long,2,0,c016.1,1789623723.331464,1789623724.266867,126.832,935.297,18.801,126.778,128,128,157.088,1,,,6.28,38079367
m6-sweep,49e45146de6d,41,0,ran,qwen2.5:1.5b,long,2,0,c016.1,1789623724.767078,1789623725.86303,287.802,1095.839,39.123,287.765,128,128,157.171,1,,,6.28,69684b92
m6-sweep,1ff7c13c3568,42,0,ran,qwen2.5:1.5b,long,2,0,c016.1,1789623726.363241,1789623727.301677,124.556,938.329,23.183,124.518,128,128,156.063,1,,,7.22,9fb2dac3
m6-sweep,129227e086e3,43,0,ran,qwen2.5:1.5b,long,2,0,c016.1,1789623727.801869,1789623728.759796,140.646,957.814,38.524,140.603,128,128,155.415,1,,,7.22,6fab1448
m6-sweep,c8a57b466ecf,44,0,ran,qwen2.5:1.5b,long,2,0,c016.1,1789623729.260052,1789623730.203605,132.46,943.423,30.859,132.415,128,128,156.604,1,,,7.22,d4d0b8cf
m6-sweep,a2ef93494cb1,45,0,ran,qwen2.5:1.5b,long,2,0,c016.1,1789623730.703857,1789623731.670974,142.369,966.996,34.041,142.332,128,128,154.009,1,,,7.22,ee54d897
m6-sweep,4100a45c0924,46,0,ran,qwen2.5:1.5b,long,2,0,c016.1,1789623732.171339,1789623733.132535,177.965,961.061,29.804,177.928,128,128,162.177,1,,,7.12,39adf872
m6-sweep,45a443c01ee1,47,0,ran,qwen2.5:1.5b,long,2,0,c016.1,1789623733.632772,1789623734.594128,142.578,961.252,32.091,142.537,128,128,155.129,1,,,7.12,1aec9891
m6-sweep,8f17fcdca1d1,48,0,ran,qwen2.5:1.5b,long,2,0,c016.1,1789623735.094481,1789623736.060009,144.667,965.411,33.567,144.624,128,128,154.738,1,,,7.12,206a11b9
m6-sweep,9090d1b9872f,49,0,ran,qwen2.5:1.5b,long,2,0,c016.1,1789623736.560225,1789623737.532803,135.228,972.46,24.953,135.193,128,128,151.69,1,,,6.95,e4fc5b3c
m6-sweep,1c1f5b924558,50,0,ran,qwen2.5:1.5b,long,2,0,c016.1,1789623738.033063,1789623738.995759,144.546,962.582,36.633,144.499,128,128,155.25,1,,,6.95,24b21037
m6-sweep,dbac48123236,51,0,ran,qwen2.5:1.5b,long,2,0,c016.1,1789623739.496011,1789623740.59342,313.931,1097.303,32.428,313.89,128,128,162.12,1,,,6.95,78b56e03
m6-sweep,6ad10e555502,52,0,ran,qwen2.5:1.5b,long,2,0,c016.1,1789623741.09372,1789623742.043097,123.214,949.265,21.226,123.168,128,128,153.744,1,,,7.04,801db644
m6-sweep,2196ece1567c,0,1,ran,qwen2.5:1.5b,short,1,0,c017.1,1789623744.584585,1789623744.799071,86.724,214.364,31.886,86.681,18,19,133.188,1,,,7.04,b7fbda19
m6-sweep,8637da4e8865,1,1,ran,qwen2.5:1.5b,short,1,0,c017.1,1789623745.299322,1789623745.483077,68.363,183.631,21.361,68.313,18,19,147.483,1,,,7.04,6d6a12dc
m6-sweep,3dbaf1f728a3,2,1,ran,qwen2.5:1.5b,short,1,0,c017.1,1789623745.983309,1789623746.168768,68.666,185.256,26.241,68.632,18,19,145.81,1,,,7.04,a31851ad
m6-sweep,e39eae980836,3,0,ran,qwen2.5:1.5b,short,1,0,c017.1,1789623746.669745,1789623746.860805,74.089,190.939,31.845,74.037,18,19,145.486,1,,,7.04,25b1fdff
m6-sweep,893feb4d2290,4,0,ran,qwen2.5:1.5b,short,1,0,c017.1,1789623747.361002,1789623747.557575,79.606,196.419,39.245,79.569,18,19,145.533,1,,,7.60,4bd2271d
m6-sweep,0e8772bab0c6,5,0,ran,qwen2.5:1.5b,short,1,0,c017.1,1789623748.05787,1789623748.244264,67.645,186.237,19.652,67.589,18,19,143.349,1,,,7.60,e57ccbe9
m6-sweep,d1955b128ee8,6,0,ran,qwen2.5:1.5b,short,1,0,c017.1,1789623748.744534,1789623748.952732,78.641,207.991,30.225,78.604,20,21,146.889,1,,,7.60,75ecb86e
m6-sweep,e13a685fbbc4,7,0,ran,qwen2.5:1.5b,short,1,0,c017.1,1789623749.453075,1789623749.632983,64.062,179.778,21.851,64.024,18,19,146.911,1,,,7.60,7b2446bd
m6-sweep,d02cf9965ce8,8,0,ran,qwen2.5:1.5b,short,1,0,c017.1,1789623750.13318,1789623750.327343,78.369,194.039,36.171,78.324,18,19,146.971,1,,,7.60,0782648d
m6-sweep,db9ed69d9018,9,0,ran,qwen2.5:1.5b,short,1,0,c017.1,1789623750.827642,1789623751.013096,68.098,185.362,21.291,68.05,18,19,144.972,1,,,7.60,0877bc4b
m6-sweep,def39a680c9e,10,0,ran,qwen2.5:1.5b,short,1,0,c017.1,1789623751.513281,1789623751.718701,79.811,205.267,34.773,79.774,18,19,135.506,1,,,7.60,731e76b4
m6-sweep,0541da5e36b0,11,0,ran,qwen2.5:1.5b,short,1,0,c017.1,1789623752.218983,1789623752.41338,73.243,194.278,26.3,73.206,18,19,140.456,1,,,7.63,2a06efef
m6-sweep,7daae77be9dd,12,0,ran,qwen2.5:1.5b,short,1,0,c017.1,1789623752.913617,1789623753.140931,79.305,227.207,28.79,79.267,18,19,114.941,1,,,7.63,7d7c74cb
m6-sweep,a08dfc8f9885,13,0,ran,qwen2.5:1.5b,short,1,0,c017.1,1789623753.641135,1789623753.832924,70.17,191.697,20.896,70.113,18,19,139.886,1,,,7.63,08b20341
m6-sweep,1c74d55807f5,14,0,ran,qwen2.5:1.5b,short,1,0,c017.1,1789623754.333142,1789623754.523475,74.384,190.161,27.172,74.329,18,19,146.834,1,,,7.63,b77518c5
m6-sweep,b76277fc9e54,15,0,ran,qwen2.5:1.5b,short,1,0,c017.1,1789623755.023803,1789623755.222084,79.829,198.118,35.229,79.785,18,19,143.715,1,,,7.63,738b882b
m6-sweep,31940f6816f1,16,0,ran,qwen2.5:1.5b,short,1,0,c017.1,1789623755.722385,1789623755.903949,64.116,181.405,23.028,64.073,18,19,144.941,1,,,7.63,8fd8e664
m6-sweep,a850ba19d4b1,17,0,ran,qwen2.5:1.5b,short,1,0,c017.1,1789623756.404231,1789623756.592478,71.808,188.039,24.844,71.755,18,19,146.26,1,,,7.63,abd2a2f0
m6-sweep,6afba278c7dd,18,0,ran,qwen2.5:1.5b,short,1,0,c017.1,1789623757.092907,1789623757.284267,68.205,191.281,26.053,68.153,18,19,138.126,1,,,7.26,af43def3
m6-sweep,3c0fb13557ab,19,0,ran,qwen2.5:1.5b,short,1,0,c017.1,1789623757.784485,1789623758.147685,71.238,363.038,26.324,71.188,46,47,154.216,1,,,7.26,e209c2e3
m6-sweep,832713ed4099,20,0,ran,qwen2.5:1.5b,short,1,0,c017.1,1789623758.647951,1789623758.865875,80.002,217.824,34.687,79.951,21,22,145.115,1,,,7.26,d54fac35
m6-sweep,45a5b650ef9a,21,0,ran,qwen2.5:1.5b,short,1,0,c017.1,1789623759.366045,1789623759.551691,69.189,185.51,25.448,69.139,18,19,146.148,1,,,7.26,d3e8e798
m6-sweep,03457b36c997,22,0,ran,qwen2.5:1.5b,short,1,0,c017.1,1789623760.051986,1789623760.267207,84.266,215.104,37.447,84.222,20,21,145.219,1,,,7.26,ecd99ea8
m6-sweep,a6250075c2ab,23,0,ran,qwen2.5:1.5b,short,1,0,c017.1,1789623760.76743,1789623760.9677,83.81,200.108,36.795,83.753,18,19,146.177,1,,,7.26,ac8e4050
m6-sweep,7b7f8e76fcfb,24,0,ran,qwen2.5:1.5b,short,1,0,c017.1,1789623761.467975,1789623761.674915,82.336,206.769,34.61,82.275,18,19,136.619,1,,,7.26,4e4717e5
m6-sweep,55be49aa86d9,25,0,ran,qwen2.5:1.5b,short,1,0,c017.1,1789623762.1752,1789623762.361156,68.603,185.755,25.166,68.55,18,19,145.111,1,,,7.32,457f5104
m6-sweep,522eafa1fd6f,26,0,ran,qwen2.5:1.5b,short,1,0,c017.1,1789623762.86148,1789623763.071146,87.805,209.451,40.215,87.762,18,19,139.75,1,,,7.32,7ebc58e6
m6-sweep,351e5fc529d2,27,0,ran,qwen2.5:1.5b,short,1,0,c017.1,1789623763.5715,1789623763.770669,64.847,199.07,23.722,64.813,21,22,149.005,1,,,7.32,5c6ddcd0
m6-sweep,52c184bfbc61,28,0,ran,qwen2.5:1.5b,short,1,0,c017.1,1789623764.270907,1789623765.502198,1086.348,1231.184,1040.912,1086.306,21,22,138.087,1,,,7.32,505ef5cb
m6-sweep,b7d6f314ab04,29,0,ran,qwen2.5:1.5b,short,1,0,c017.1,1789623766.002958,1789623766.183049,62.415,179.893,20.063,62.379,18,19,144.708,1,,,7.32,a2361d23
m6-sweep,f716951921eb,30,0,ran,qwen2.5:1.5b,short,1,0,c017.1,1789623766.683357,1789623766.893647,85.689,210.179,40.361,85.629,18,19,136.557,1,,,7.32,0382078e
m6-sweep,a915b9b582e4,31,0,ran,qwen2.5:1.5b,short,1,0,c017.1,1789623767.394161,1789623767.597846,84.308,203.573,40.204,84.269,18,19,142.539,1,,,7.93,c3c70455
m6-sweep,9dde421e66bb,32,0,ran,qwen2.5:1.5b,short,1,0,c017.1,1789623768.098094,1789623768.298381,74.299,200.049,24.053,74.249,18,19,135.189,1,,,7.93,4b7de7a4
m6-sweep,f7de492e39fd,33,0,ran,qwen2.5:1.5b,short,1,0,c017.1,1789623768.79863,1789623768.995924,78.133,197.142,36.744,78.09,18,19,142.846,1,,,7.93,4af9f0b9
m6-sweep,4f2b38e11a6d,34,0,ran,qwen2.5:1.5b,short,1,0,c017.1,1789623769.496189,1789623769.694309,76.844,197.999,33.252,76.785,18,19,140.316,1,,,7.93,18577613
m6-sweep,134df3f5d3fa,35,0,ran,qwen2.5:1.5b,short,1,0,c017.1,1789623770.194565,1789623770.381066,69.17,186.385,27.786,69.118,18,19,145.032,1,,,7.93,cc4c3c0f
m6-sweep,3bc8359c96e3,36,0,ran,qwen2.5:1.5b,short,1,0,c017.1,1789623770.881331,1789623771.069966,70.31,188.477,22.365,70.267,18,19,143.864,1,,,7.93,5e04dcf3
m6-sweep,0dba3870a9a5,37,0,ran,qwen2.5:1.5b,short,1,0,c017.1,1789623771.570764,1789623771.771535,83.213,200.571,34.112,83.17,18,19,144.855,1,,,7.93,af60dacb
m6-sweep,6111a434a4bc,38,0,ran,qwen2.5:1.5b,short,1,0,c017.1,1789623772.271757,1789623772.488814,82.331,216.959,33.759,82.281,21,22,148.558,1,,,8.50,5f85fab3
m6-sweep,001fe79d4737,39,0,ran,qwen2.5:1.5b,short,1,0,c017.1,1789623772.989123,1789623773.178605,74.182,189.382,26.733,74.116,18,19,147.57,1,,,8.50,a9d2dd28
m6-sweep,cc5100862ba4,40,0,ran,qwen2.5:1.5b,short,1,0,c017.1,1789623773.67885,1789623774.051411,80.586,372.428,34.255,80.548,46,47,154.193,1,,,8.50,8065207b
m6-sweep,890b0b467b87,41,0,ran,qwen2.5:1.5b,short,1,0,c017.1,1789623774.551675,1789623774.739942,73.155,188.14,23.819,73.114,18,19,147.846,1,,,8.50,452af12b
m6-sweep,edac492a95cc,42,0,ran,qwen2.5:1.5b,short,1,0,c017.1,1789623775.240238,1789623775.488089,77.852,247.748,35.171,77.813,26,27,147.149,1,,,8.50,ea3b6b8a
m6-sweep,3821989a6eee,43,0,ran,qwen2.5:1.5b,short,1,0,c017.1,1789623775.988314,1789623776.197919,75.702,209.504,32.411,75.658,21,22,149.475,1,,,8.50,3f93a2df
m6-sweep,c791053293da,44,0,ran,qwen2.5:1.5b,short,1,0,c017.1,1789623776.698141,1789623776.893156,77.223,194.882,31.258,77.142,18,19,144.485,1,,,8.50,aae2e8d6
m6-sweep,0b542d2ca34e,45,0,ran,qwen2.5:1.5b,short,1,0,c017.1,1789623777.393432,1789623777.836044,326.65,442.488,27.066,326.613,18,19,146.757,1,,,9.34,7e0cb1e2
m6-sweep,220f70fd1069,46,0,ran,qwen2.5:1.5b,short,1,0,c017.1,1789623778.336251,1789623778.52623,92.293,189.793,27.342,92.254,18,19,174.359,1,,,9.34,a7b4c40a
m6-sweep,b12c4c0103bc,47,0,ran,qwen2.5:1.5b,short,1,0,c017.1,1789623779.026529,1789623779.270124,73.396,243.494,25.822,73.334,26,27,146.974,1,,,9.34,8004a10c
m6-sweep,a1acccfcb746,48,0,ran,qwen2.5:1.5b,short,1,0,c017.1,1789623779.770348,1789623780.130229,64.056,359.749,20.731,64.015,46,47,152.185,1,,,9.34,9b3e7690
m6-sweep,67e9bac02c3c,49,0,ran,qwen2.5:1.5b,short,1,0,c017.1,1789623780.630457,1789623780.832727,85.712,202.148,37.661,85.63,18,19,146.003,1,,,9.34,d9a991f0
m6-sweep,027b7bdb1022,50,0,ran,qwen2.5:1.5b,short,1,0,c017.1,1789623781.332953,1789623781.707376,79.702,374.32,34.099,79.639,46,47,152.74,1,,,9.34,57dddf49
m6-sweep,e128b2a610d8,51,0,ran,qwen2.5:1.5b,short,1,0,c017.1,1789623782.207609,1789623782.445728,79.306,238.001,31.187,79.256,25,26,151.234,1,,,8.99,45430b18
m6-sweep,89c044ad7112,52,0,ran,qwen2.5:1.5b,short,1,0,c017.1,1789623782.945945,1789623783.298081,65.564,352.036,25.3,65.53,46,47,157.084,1,,,8.99,dfd37c0f
m6-sweep,49522e8becff,0,1,ran,qwen2.5:1.5b,short,0,100,c018.1,1789623785.819534,1789623786.559562,492.23,739.936,231.034,492.171,18,19,68.63,1,,,8.99,974f9e19
m6-sweep,4f9715e02716,1,1,ran,qwen2.5:1.5b,short,0,100,c018.1,1789623787.059806,1789623787.784111,484.155,724.202,222.802,484.121,18,19,70.819,1,,,8.99,c4695f8a
m6-sweep,e88270274fda,2,1,ran,qwen2.5:1.5b,short,0,100,c018.1,1789623788.284331,1789623789.024562,491.767,740.145,231.203,491.732,18,19,68.444,1,,,8.99,4507094a
m6-sweep,9455f78f1b36,3,0,ran,qwen2.5:1.5b,short,0,100,c018.1,1789623789.524783,1789623790.290098,476.79,765.187,223.666,476.745,46,47,156.035,1,,,8.99,ba966f8b
m6-sweep,88ff4b5501f3,4,0,ran,qwen2.5:1.5b,short,0,100,c018.1,1789623790.790815,1789623791.527315,495.701,736.407,236.562,495.665,18,19,70.625,1,,,8.99,af49ca96
m6-sweep,0340d4f93674,5,0,ran,qwen2.5:1.5b,short,0,100,c018.1,1789623792.027533,1789623792.757367,490.019,729.737,230.031,489.979,20,21,79.26,1,,,8.59,d643bab7
m6-sweep,ddaa2c820532,6,0,ran,qwen2.5:1.5b,short,0,100,c018.1,1789623793.257597,1789623793.966229,487.874,708.528,230.817,487.839,18,19,77.043,1,,,8.59,16193ca5
m6-sweep,b5553b11bccd,7,0,ran,qwen2.5:1.5b,short,0,100,c018.1,1789623794.466455,1789623795.177343,488.729,710.735,233.328,488.694,18,19,76.575,1,,,8.59,e76dfe74
m6-sweep,dcb5d6a432a5,8,0,ran,qwen2.5:1.5b,short,0,100,c018.1,1789623795.677666,1789623796.39854,489.461,720.642,232.2,489.418,20,21,82.187,1,,,8.59,d22f358f
m6-sweep,dd365f4eff62,9,0,ran,qwen2.5:1.5b,short,0,100,c018.1,1789623796.898841,1789623797.604156,481.46,705.21,222.902,481.414,18,19,75.978,1,,,8.31,fe49456e
m6-sweep,b14f52bc3f4c,10,0,ran,qwen2.5:1.5b,short,0,100,c018.1,1789623798.10438,1789623798.823056,495.922,718.567,236.148,495.878,18,19,76.355,1,,,8.31,3e3b64c2
m6-sweep,b0ecaa1a927a,11,0,ran,qwen2.5:1.5b,short,0,100,c018.1,1789623799.323316,1789623800.060111,495.335,736.682,237.664,495.29,18,19,70.438,1,,,8.31,31bcdd04
m6-sweep,2d9e11b369f2,12,0,ran,qwen2.5:1.5b,short,0,100,c018.1,1789623800.560356,1789623801.294435,496.145,733.974,238.202,496.089,18,19,71.48,1,,,8.31,0f6900f2
m6-sweep,f976d923ec75,13,0,ran,qwen2.5:1.5b,short,0,100,c018.1,1789623801.794642,1789623802.615881,492.869,821.077,233.728,492.832,46,47,137.108,1,,,7.96,fe831e6a
m6-sweep,61b7e12a471a,14,0,ran,qwen2.5:1.5b,short,0,100,c018.1,1789623803.116179,1789623803.856768,498.246,740.469,238.863,498.166,18,19,70.183,1,,,7.96,1fdb1ebe
m6-sweep,212929eea0e3,15,0,ran,qwen2.5:1.5b,short,0,100,c018.1,1789623804.35699,1789623805.103483,488.677,746.402,234.06,488.635,18,19,65.962,1,,,7.96,6435c868
m6-sweep,d2892df47abc,16,0,ran,qwen2.5:1.5b,short,0,100,c018.1,1789623805.603796,1789623806.325131,487.651,721.225,230.258,487.611,18,19,72.782,1,,,7.96,908cb661
m6-sweep,9d523b14f5c9,17,0,ran,qwen2.5:1.5b,short,0,100,c018.1,1789623806.825391,1789623807.535512,488.314,710.019,233.116,488.262,18,19,76.679,1,,,7.48,a79aebb1
m6-sweep,b9ee825e5ac5,18,0,ran,qwen2.5:1.5b,short,0,100,c018.1,1789623808.035761,1789623808.749969,485.468,714.121,231.662,485.425,21,22,87.469,1,,,7.48,ee7095b3
m6-sweep,6f2361e394e2,19,0,ran,qwen2.5:1.5b,short,0,100,c018.1,1789623809.250211,1789623809.980695,497.85,730.388,239.373,497.775,18,19,73.106,1,,,7.48,84fae912
m6-sweep,677a47ccb9b5,20,0,ran,qwen2.5:1.5b,short,0,100,c018.1,1789623810.480923,1789623811.195383,478.433,714.366,223.252,478.39,18,19,72.054,1,,,7.48,c76434db
m6-sweep,93b2448446f0,21,0,ran,qwen2.5:1.5b,short,0,100,c018.1,1789623811.695657,1789623812.420831,483.561,725.078,229.525,483.508,18,19,70.389,1,,,7.12,cf4d89a7
m6-sweep,4c626910923d,22,0,ran,qwen2.5:1.5b,short,0,100,c018.1,1789623812.921033,1789623813.650368,490.361,729.21,230.52,490.305,18,19,71.175,1,,,7.12,b69dc33a
m6-sweep,20bd515dd144,23,0,ran,qwen2.5:1.5b,short,0,100,c018.1,1789623814.150647,1789623814.879866,487.908,729.131,231.419,487.837,21,22,82.911,1,,,7.12,2fab5bfb
m6-sweep,ebb209a82f2a,24,0,ran,qwen2.5:1.5b,short,0,100,c018.1,1789623815.380069,1789623816.105195,483.942,725.003,225.346,483.899,18,19,70.521,1,,,7.12,9887852c
m6-sweep,9833af537dea,25,0,ran,qwen2.5:1.5b,short,0,100,c018.1,1789623816.605426,1789623817.334931,487.625,729.378,229.827,487.589,18,19,70.32,1,,,6.87,0881fcc3
m6-sweep,f3d13a1302f7,26,0,ran,qwen2.5:1.5b,short,0,100,c018.1,1789623817.835248,1789623818.54512,485.2,709.701,230.269,485.163,18,19,75.724,1,,,6.87,6d1daf20
m6-sweep,294079b55c56,27,0,ran,qwen2.5:1.5b,short,0,100,c018.1,1789623819.045537,1789623819.776603,490.065,730.976,232.222,490.01,18,19,70.566,1,,,6.87,239dd9aa
m6-sweep,f65702762382,28,0,ran,qwen2.5:1.5b,short,0,100,c018.1,1789623820.27681,1789623820.991379,474.57,714.382,221.742,474.53,18,19,70.889,1,,,6.87,7558268b
m6-sweep,4845215d9939,29,0,ran,qwen2.5:1.5b,short,0,100,c018.1,1789623821.491731,1789623822.405149,496.009,913.312,233.21,495.972,18,19,40.738,1,,,7.76,ca81b496
m6-sweep,c672e3dd15d4,30,0,ran,qwen2.5:1.5b,short,0,100,c018.1,1789623822.905351,1789623823.636595,495.078,731.1,231.646,495.042,18,19,72.027,1,,,7.76,d59f9ef5
m6-sweep,c08d91a88886,31,0,ran,qwen2.5:1.5b,short,0,100,c018.1,1789623824.136925,1789623824.86599,486.139,728.882,229.447,486.092,26,27,102.99,1,,,7.76,38314336
m6-sweep,e99d8819f699,32,0,ran,qwen2.5:1.5b,short,0,100,c018.1,1789623825.366236,1789623826.098499,490.605,732.105,232.575,490.549,18,19,70.394,1,,,7.76,b03ed264
m6-sweep,7eb258073963,33,0,ran,qwen2.5:1.5b,short,0,100,c018.1,1789623826.598778,1789623827.376034,491.78,777.125,231.487,491.706,46,47,157.704,1,,,7.54,e4ecd809
m6-sweep,bc7eb1839030,34,0,ran,qwen2.5:1.5b,short,0,100,c018.1,1789623827.876329,1789623828.611902,494.934,735.452,233.93,494.896,18,19,70.681,1,,,7.54,4ca3b48d
m6-sweep,60bde6223b17,35,0,ran,qwen2.5:1.5b,short,0,100,c018.1,1789623829.112178,1789623829.848896,495.543,736.629,234.246,495.45,24,25,95.401,1,,,7.54,8df9ef4b
m6-sweep,4f574d41b63b,36,0,ran,qwen2.5:1.5b,short,0,100,c018.1,1789623830.349241,1789623831.071206,496.156,721.808,239.525,496.122,18,19,75.337,1,,,7.54,81f9fc0a
m6-sweep,46326da8c627,37,0,ran,qwen2.5:1.5b,short,0,100,c018.1,1789623831.571595,1789623832.293171,496.052,721.462,239.861,496.017,18,19,75.418,1,,,7.34,790d3825
m6-sweep,8a1f3105f4c4,38,0,ran,qwen2.5:1.5b,short,0,100,c018.1,1789623832.793726,1789623833.533372,496.146,739.551,234.705,496.11,18,19,69.842,1,,,7.34,095ceca7
m6-sweep,9039804f97eb,39,0,ran,qwen2.5:1.5b,short,0,100,c018.1,1789623834.033631,1789623834.747192,490.538,713.443,235.703,490.504,18,19,76.266,1,,,7.34,50773b1d
m6-sweep,c9cffe178317,40,0,ran,qwen2.5:1.5b,short,0,100,c018.1,1789623835.247508,1789623835.985412,495.259,737.806,234.443,495.207,18,19,70.089,1,,,7.34,86381ffb
m6-sweep,49bb18f29189,41,0,ran,qwen2.5:1.5b,short,0,100,c018.1,1789623836.485653,1789623837.267739,491.846,781.974,234.605,491.79,46,47,155.104,1,,,7.15,e1d4f814
m6-sweep,ab2019e70368,42,0,ran,qwen2.5:1.5b,short,0,100,c018.1,1789623837.767942,1789623838.504111,497.061,736.046,234.163,497.018,20,21,79.503,1,,,7.15,af79d7d5
m6-sweep,5b4a4f6e8548,43,0,ran,qwen2.5:1.5b,short,0,100,c018.1,1789623839.004374,1789623839.738312,493.628,733.849,233.212,493.572,18,19,70.768,1,,,7.15,ccb18111
m6-sweep,b3ab5fb1460c,44,0,ran,qwen2.5:1.5b,short,0,100,c018.1,1789623840.238494,1789623840.950915,488.169,712.306,232.229,488.134,18,19,75.846,1,,,7.15,245f36b5
m6-sweep,3f35a5abf1aa,45,0,ran,qwen2.5:1.5b,short,0,100,c018.1,1789623841.451156,1789623842.361965,493.016,910.714,232.404,492.981,18,19,40.699,1,,,7.70,3e9f63f9
m6-sweep,783b79b1830e,46,0,ran,qwen2.5:1.5b,short,0,100,c018.1,1789623842.862194,1789623843.589722,487.112,727.424,227.926,487.076,26,27,104.031,1,,,7.70,0dfd7408
m6-sweep,83e986a673d1,47,0,ran,qwen2.5:1.5b,short,0,100,c018.1,1789623844.089962,1789623844.815353,495.097,725.289,234.53,495.054,18,19,73.851,1,,,7.70,f8992471
m6-sweep,dcc844c23e46,48,0,ran,qwen2.5:1.5b,short,0,100,c018.1,1789623845.315621,1789623846.046775,489.295,731.059,230.321,489.252,18,19,70.316,1,,,7.70,38565313
m6-sweep,037991dbc1f4,49,0,ran,qwen2.5:1.5b,short,0,100,c018.1,1789623846.547005,1789623847.27759,486.963,730.394,229.409,486.908,18,19,69.835,1,,,8.29,98fc6ebe
m6-sweep,b012a334e038,50,0,ran,qwen2.5:1.5b,short,0,100,c018.1,1789623847.777925,1789623848.488442,486.168,710.405,230.467,486.113,18,19,75.813,1,,,8.29,e27f8ee2
m6-sweep,345eb9ba4616,51,0,ran,qwen2.5:1.5b,short,0,100,c018.1,1789623848.988696,1789623849.716997,487.336,728.22,231.205,487.3,21,22,83.028,1,,,8.29,b38de2b7
m6-sweep,e0bee0081fd8,52,0,ran,qwen2.5:1.5b,short,0,100,c018.1,1789623850.217209,1789623850.938942,480.486,721.606,222.874,480.445,18,19,70.505,1,,,8.29,37581ddc
m6-sweep,634c7701ffff,0,1,ran,qwen2.5:3b,short,2,0,c019.1,1789623853.442494,1789623858.745036,4696.348,5302.397,1035.152,4696.281,52,53,84.152,1,,,7.64,5f3592c0
m6-sweep,3e25707608ae,1,1,ran,qwen2.5:3b,short,2,0,c019.1,1789623859.245284,1789623859.923709,118.045,678.208,31.42,118.01,52,53,91.045,1,,,7.64,3fed9836
m6-sweep,15e7c9133580,2,1,ran,qwen2.5:3b,short,2,0,c019.1,1789623860.424132,1789623861.088623,82.18,664.279,32.587,82.145,56,57,94.486,1,,,7.64,7888f4a6
m6-sweep,2e6bc670ede7,3,0,ran,qwen2.5:3b,short,2,0,c019.1,1789623861.58897,1789623862.227448,92.097,638.355,39.667,92.044,52,53,93.362,1,,,7.43,f5cb4495
m6-sweep,c41e722dbb8e,4,0,ran,qwen2.5:3b,short,2,0,c019.1,1789623862.727684,1789623863.526514,73.555,798.648,19.279,73.504,70,71,95.16,1,,,7.43,0fbb914c
m6-sweep,024e493e37a6,5,0,ran,qwen2.5:3b,short,2,0,c019.1,1789623864.02681,1789623864.954865,92.485,927.952,39.637,92.432,81,82,95.755,1,,,7.43,ea9b6962
m6-sweep,a31d833eeb98,6,0,ran,qwen2.5:3b,short,2,0,c019.1,1789623865.455838,1789623866.081027,88.954,625.017,36.043,88.923,52,53,95.138,1,,,7.43,02dbefdc
m6-sweep,625d2f80d34f,7,0,ran,qwen2.5:3b,short,2,0,c019.1,1789623866.581779,1789623867.518393,68.374,936.473,20.601,68.338,84,85,95.611,1,,,7.39,2add56af
m6-sweep,ec2a440b1fbd,8,0,ran,qwen2.5:3b,short,2,0,c019.1,1789623868.018712,1789623869.691539,1097.74,1672.686,1046.684,1097.704,56,57,95.661,1,,,7.39,8a4a7d7a
m6-sweep,483f6eefe11b,9,0,ran,qwen2.5:3b,short,2,0,c019.1,1789623870.191782,1789623870.814031,84.608,622.033,36.498,84.561,52,53,94.897,1,,,7.39,627bfab4
m6-sweep,7945b7800124,10,0,ran,qwen2.5:3b,short,2,0,c019.1,1789623871.314392,1789623872.26883,80.942,954.314,32.365,80.907,82,83,92.744,1,,,7.28,04399364
m6-sweep,c453499ed445,11,0,ran,qwen2.5:3b,short,2,0,c019.1,1789623872.769063,1789623873.870426,83.368,1101.259,33.619,83.333,99,100,96.278,1,,,7.28,d07646d8
m6-sweep,70fc6cbf3417,12,0,ran,qwen2.5:3b,short,2,0,c019.1,1789623874.370627,1789623875.08128,91.955,710.464,37.919,91.92,60,61,95.391,1,,,7.28,129fd406
m6-sweep,5e98cbcbf85e,13,0,ran,qwen2.5:3b,short,2,0,c019.1,1789623875.581565,1789623876.308042,79.281,726.377,30.021,79.237,63,64,95.813,1,,,7.28,57604190
m6-sweep,f34f1700a422,14,0,ran,qwen2.5:3b,short,2,0,c019.1,1789623876.808276,1789623877.427683,76.025,619.305,22.15,75.988,53,54,95.715,1,,,7.26,04248191
m6-sweep,7e18b43579e5,15,0,ran,qwen2.5:3b,short,2,0,c019.1,1789623877.927988,1789623878.844237,71.396,916.072,20.616,71.34,81,82,94.711,1,,,7.26,2e58d4ab
m6-sweep,1ea6f0cc16e8,16,0,ran,qwen2.5:3b,short,2,0,c019.1,1789623879.344414,1789623879.973676,92.673,629.121,36.71,92.636,52,53,95.07,1,,,7.26,a150f080
m6-sweep,4becdd5a29c0,17,0,ran,qwen2.5:3b,short,2,0,c019.1,1789623880.473912,1789623881.152253,89.26,678.237,37.296,89.225,52,53,86.591,1,,,7.26,4ff1d0e4
m6-sweep,5313fbcdd8e9,18,0,ran,qwen2.5:3b,short,2,0,c019.1,1789623881.652457,1789623883.341491,1103.785,1688.911,1056.349,1103.75,52,53,87.161,1,,,7.08,18b5ae1b
m6-sweep,8bf1842573d1,19,0,ran,qwen2.5:3b,short,2,0,c019.1,1789623883.84171,1789623884.554441,75.978,712.62,25.809,75.926,62,63,95.815,1,,,7.08,b795692b
m6-sweep,9410350030c7,20,0,ran,qwen2.5:3b,short,2,0,c019.1,1789623885.05469,1789623885.848561,71.488,793.668,20.753,71.428,70,71,95.544,1,,,7.08,77f1f76c
m6-sweep,8cd8e1b8cd04,21,0,ran,qwen2.5:3b,short,2,0,c019.1,1789623886.34891,1789623886.843566,71.931,494.556,21.411,71.845,41,42,94.646,1,,,7.08,27708411
m6-sweep,3ee553590bc8,22,0,ran,qwen2.5:3b,short,2,0,c019.1,1789623887.343774,1789623888.296555,112.097,952.608,40.237,112.058,82,83,96.37,1,,,6.91,6136f0ec
m6-sweep,30c37853f3a3,23,0,ran,qwen2.5:3b,short,2,0,c019.1,1789623888.796843,1789623889.595725,89.445,798.781,35.552,89.41,69,70,95.864,1,,,6.91,6fef6a43
m6-sweep,855fa7ff1d53,24,0,ran,qwen2.5:3b,short,2,0,c019.1,1789623890.095949,1789623890.946614,78.539,850.549,25.795,78.503,75,76,95.854,1,,,6.91,4d9d0964
m6-sweep,9f68773edf8e,25,0,ran,qwen2.5:3b,short,2,0,c019.1,1789623891.446819,1789623892.137755,69.797,690.809,22.102,69.708,58,59,91.786,1,,,6.91,4b587c67
m6-sweep,3e8c515d13d9,26,0,ran,qwen2.5:3b,short,2,0,c019.1,1789623892.638047,1789623893.356866,71.747,718.697,22.893,71.711,63,64,95.834,1,,,7.40,4ba036a6
m6-sweep,9b2d9a62bf71,27,0,ran,qwen2.5:3b,short,2,0,c019.1,1789623893.857086,1789623894.590249,80.28,733.021,31.243,80.242,63,64,94.984,1,,,7.40,70393851
m6-sweep,1383b0d43036,28,0,ran,qwen2.5:3b,short,2,0,c019.1,1789623895.091296,1789623896.015639,85.883,924.229,37.15,85.85,81,82,95.426,1,,,7.40,e23697da
m6-sweep,20a571afacfe,29,0,ran,qwen2.5:3b,short,2,0,c019.1,1789623896.515942,1789623897.361991,79.437,845.944,26.374,79.402,74,75,95.237,1,,,7.13,7c60b3bf
m6-sweep,9b48e834cee3,30,0,ran,qwen2.5:3b,short,2,0,c019.1,1789623897.862232,1789623898.589834,76.497,727.479,25.586,76.461,63,64,95.241,1,,,7.13,78f6f2d1
m6-sweep,773ea970565c,31,0,ran,qwen2.5:3b,short,2,0,c019.1,1789623899.090079,1789623899.785037,84.363,694.739,29.823,84.328,59,60,95.023,1,,,7.13,88f9b547
m6-sweep,cd43a69b20c9,32,0,ran,qwen2.5:3b,short,2,0,c019.1,1789623900.285301,1789623900.888355,72.898,602.956,20.538,72.825,51,52,94.329,1,,,7.13,1de90fe5
m6-sweep,6401302d8698,33,0,ran,qwen2.5:3b,short,2,0,c019.1,1789623901.388901,1789623902.307448,85.219,918.446,35.465,85.185,81,82,96.012,1,,,7.20,d28ea308
m6-sweep,4d700a6cfebe,34,0,ran,qwen2.5:3b,short,2,0,c019.1,1789623902.807657,1789623903.619095,89.779,811.219,36.996,89.541,70,71,95.642,1,,,7.20,b841e070
m6-sweep,23d6174653d2,35,0,ran,qwen2.5:3b,short,2,0,c019.1,1789623904.119418,1789623905.635756,1093.884,1516.239,1027.729,1093.849,41,42,94.707,1,,,7.20,09b99ff3
m6-sweep,07831c83fedd,36,0,ran,qwen2.5:3b,short,2,0,c019.1,1789623906.136011,1789623906.994332,77.439,858.131,32.384,77.242,76,77,96.069,1,,,7.20,8cf6756a
m6-sweep,c3b36bc9e249,37,0,ran,qwen2.5:3b,short,2,0,c019.1,1789623907.494655,1789623908.192809,69.037,698.048,19.131,68.993,61,62,95.388,1,,,8.06,d2a1dddf
m6-sweep,59b01ccf3d86,38,0,ran,qwen2.5:3b,short,2,0,c019.1,1789623908.69302,1789623909.498464,86.053,805.222,33.459,85.813,70,71,95.944,1,,,8.06,a22e8f0d
m6-sweep,d70eef3d86d4,39,0,ran,qwen2.5:3b,short,2,0,c019.1,1789623909.998796,1789623910.920522,80.14,921.562,24.019,80.104,82,83,96.266,1,,,8.06,638330d8
m6-sweep,d3beece7f2ec,40,0,ran,qwen2.5:3b,short,2,0,c019.1,1789623911.420807,1789623912.027189,73.989,606.285,28.044,73.955,52,53,95.811,1,,,8.06,20ad1421
m6-sweep,29a7b2b13332,41,0,ran,qwen2.5:3b,short,2,0,c019.1,1789623912.527437,1789623913.315426,68.687,787.834,19.843,68.651,70,71,95.947,1,,,8.70,56979fb7
m6-sweep,20b4155b0fa2,42,0,ran,qwen2.5:3b,short,2,0,c019.1,1789623913.815698,1789623915.670274,1098.318,1854.309,1044.776,1098.261,74,75,96.562,1,,,8.70,4d8b0977
m6-sweep,0dd017ad21e8,43,0,ran,qwen2.5:3b,short,2,0,c019.1,1789623916.170628,1789623916.793343,88.543,622.55,35.49,88.499,52,53,95.504,1,,,8.70,f9151090
m6-sweep,c69a20717af6,44,0,ran,qwen2.5:3b,short,2,0,c019.1,1789623917.293628,1789623918.084957,72.702,791.143,25.09,72.666,70,71,96.041,1,,,8.48,ba69b987
m6-sweep,2cf86bedd13f,45,0,ran,qwen2.5:3b,short,2,0,c019.1,1789623918.585222,1789623919.19995,75.334,614.567,18.663,75.299,52,53,94.579,1,,,8.48,0c60e422
m6-sweep,8a81cc5c2941,46,0,ran,qwen2.5:3b,short,2,0,c019.1,1789623919.700216,1789623920.439799,94.321,739.452,38.907,94.284,63,64,96.105,1,,,8.48,21912096
m6-sweep,c16178c855ac,47,0,ran,qwen2.5:3b,short,2,0,c019.1,1789623920.940048,1789623921.66513,80.518,724.973,27.331,80.481,63,64,96.205,1,,,8.48,40084473
m6-sweep,580752cd080e,48,0,ran,qwen2.5:3b,short,2,0,c019.1,1789623922.16536,1789623922.67129,86.148,505.829,35.717,86.114,41,42,95.31,1,,,7.96,2834661c
m6-sweep,0ecbee48b2af,49,0,ran,qwen2.5:3b,short,2,0,c019.1,1789623923.171504,1789623924.252692,362.134,1080.966,38.361,362.099,70,71,95.989,1,,,7.96,0d3ce049
m6-sweep,607eb1f663bf,50,0,ran,qwen2.5:3b,short,2,0,c019.1,1789623924.75298,1789623926.445768,1111.375,1692.63,1061.948,1111.341,56,57,94.623,1,,,7.96,8fcbccdc
m6-sweep,2e9a42e34da4,51,0,ran,qwen2.5:3b,short,2,0,c019.1,1789623926.946905,1789623927.572601,83.015,625.552,30.54,82.979,52,53,94.003,1,,,7.48,95ce12b9
m6-sweep,f110bc7af9f0,52,0,ran,qwen2.5:3b,short,2,0,c019.1,1789623928.072872,1789623928.689471,73.373,616.43,20.353,73.335,52,53,93.913,1,,,7.48,f6d8e5a1
m6-sweep,9d99894e0fa4,0,1,ran,qwen2.5:1.5b,short,20,0,c020.1,1789623931.217785,1789623935.312188,3944.978,4094.291,1063.46,3944.666,18,19,113.855,1,,,7.04,e5ee0b21
m6-sweep,8274b6d10d53,1,1,ran,qwen2.5:1.5b,short,20,0,c020.1,1789623935.812427,1789623936.01131,68.197,198.641,26.94,68.146,18,19,130.325,1,,,7.04,811a29bc
m6-sweep,7ac1f8454de6,2,1,ran,qwen2.5:1.5b,short,20,0,c020.1,1789623936.511679,1789623936.729082,86.497,217.249,20.482,86.446,18,19,130.016,1,,,7.04,a26e5081
m6-sweep,37d6fb217d72,3,0,ran,qwen2.5:1.5b,short,20,0,c020.1,1789623937.229373,1789623937.411669,105.73,182.135,19.286,105.675,18,19,222.498,1,,,6.72,126dd6a6
m6-sweep,08e29cc58bbb,4,0,ran,qwen2.5:1.5b,short,20,0,c020.1,1789623937.912053,1789623938.843949,86.254,931.766,39.259,86.218,18,19,20.106,1,,,6.72,23341dc5
m6-sweep,47e0252fbbf9,5,0,ran,qwen2.5:1.5b,short,20,0,c020.1,1789623939.344151,1789623941.082019,1088.855,1737.753,1039.162,1088.757,18,19,26.198,1,,,6.72,e56f5012
m6-sweep,214393d851fe,6,0,ran,qwen2.5:1.5b,short,20,0,c020.1,1789623941.58225,1789623942.89797,1188.271,1315.588,1053.742,1188.206,18,19,133.525,1,,,6.42,9110f840
m6-sweep,0c5ac981316c,7,0,ran,qwen2.5:1.5b,short,20,0,c020.1,1789623943.398242,1789623943.859725,82.712,461.372,39.589,82.677,18,19,44.895,1,,,6.42,c5aafb50
m6-sweep,56e5841dcac5,8,0,ran,qwen2.5:1.5b,short,20,0,c020.1,1789623944.359962,1789623944.539953,64.673,179.82,24.013,64.64,18,19,147.638,1,,,6.42,d2665276
m6-sweep,33501b3dac79,9,0,ran,qwen2.5:1.5b,short,20,0,c020.1,1789623945.040266,1789623949.738995,1239.83,4698.621,1039.302,1239.79,20,21,5.493,1,,,6.39,cfe175df
m6-sweep,a591c83c8afe,10,0,ran,qwen2.5:1.5b,short,20,0,c020.1,1789623950.239161,1789623950.451078,119.41,211.811,32.466,119.375,18,19,183.981,1,,,6.39,a824dc19
m6-sweep,0603fde0d218,11,0,ran,qwen2.5:1.5b,short,20,0,c020.1,1789623950.951288,1789623951.207477,121.889,256.086,36.388,121.851,18,19,126.679,1,,,6.39,f331ec4d
m6-sweep,a9353f324da8,12,0,ran,qwen2.5:1.5b,short,20,0,c020.1,1789623951.707716,1789623954.081256,2111.621,2373.382,2047.621,2111.586,18,19,64.945,1,,,6.44,5a433f3c
m6-sweep,500c53fc7de7,13,0,ran,qwen2.5:1.5b,short,20,0,c020.1,1789623954.581588,1789623955.477851,84.9,896.148,37.06,84.868,18,19,20.955,1,,,6.44,ffb258e0
m6-sweep,dfba5c7b5e6f,14,0,ran,qwen2.5:1.5b,short,20,0,c020.1,1789623955.978083,1789623956.184763,113.908,206.569,31.569,113.872,18,19,183.464,1,,,6.44,5ceb5c36
m6-sweep,5cbad935c2c6,15,0,ran,qwen2.5:1.5b,short,20,0,c020.1,1789623956.684967,1789623962.928575,6139.223,6243.501,4140.874,6139.189,18,19,163.026,1,,,6.08,9dcb85d5
m6-sweep,c0e3022995b6,16,0,ran,qwen2.5:1.5b,short,20,0,c020.1,1789623963.428741,1789623964.951467,1142.899,1522.635,1050.078,1142.857,21,22,52.668,1,,,6.08,b911bf55
m6-sweep,c0740f9cd0e2,17,0,ran,qwen2.5:1.5b,short,20,0,c020.1,1789623965.451793,1789623966.138379,322.13,686.425,23.22,322.065,18,19,46.665,1,,,6.08,7d97e030
m6-sweep,5f078f883b85,18,0,ran,qwen2.5:1.5b,short,20,0,c020.1,1789623966.638673,1789623969.068612,2149.777,2429.822,2078.646,2149.747,18,19,60.704,1,,,5.83,a96d5f4b
m6-sweep,20fe1365819b,19,0,ran,qwen2.5:1.5b,short,20,0,c020.1,1789623969.568869,1789623969.770557,86.402,201.569,38.707,86.353,18,19,147.612,1,,,5.83,7ad3c78a
m6-sweep,8ceb79f26ab2,20,0,ran,qwen2.5:1.5b,short,20,0,c020.1,1789623970.270825,1789623970.461671,57.235,190.74,13.984,57.186,18,19,127.336,1,,,5.83,ddb085ed
m6-sweep,db5023b0a24e,21,0,ran,qwen2.5:1.5b,short,20,0,c020.1,1789623970.961891,1789623971.630905,82.96,668.899,38.786,82.92,18,19,29.013,1,,,5.83,7a5de269
m6-sweep,0aec30507a01,22,0,ran,qwen2.5:1.5b,short,20,0,c020.1,1789623972.131145,1789623972.324898,76.863,193.551,34.921,76.826,18,19,145.688,1,,,5.53,a51034b3
m6-sweep,02471178ef4d,23,0,ran,qwen2.5:1.5b,short,20,0,c020.1,1789623972.825223,1789623973.529207,588.877,703.804,31.962,588.838,18,19,147.92,1,,,5.53,44f902cb
m6-sweep,a6b2f18f72e2,24,0,ran,qwen2.5:1.5b,short,20,0,c020.1,1789623974.02952,1789623974.237735,79.898,208.084,40.204,79.83,18,19,132.619,1,,,5.53,9c7e6b64
m6-sweep,f90d2530c3ff,25,0,ran,qwen2.5:1.5b,short,20,0,c020.1,1789623974.738078,1789623974.943006,65.986,204.763,26.56,65.939,18,19,122.498,1,,,5.53,16238eb0
m6-sweep,ce9bb2674e74,26,0,ran,qwen2.5:1.5b,short,20,0,c020.1,1789623975.443263,1789623975.711884,83.488,268.496,18.961,83.435,18,19,91.888,1,,,5.53,0332b39f
m6-sweep,8709bfb9c9bc,27,0,ran,qwen2.5:1.5b,short,20,0,c020.1,1789623976.212173,1789623977.471177,1148.569,1258.847,1060.926,1148.535,18,19,154.155,1,,,5.57,cb44f222
m6-sweep,b26ab055ce82,28,0,ran,qwen2.5:1.5b,short,20,0,c020.1,1789623977.97147,1789623979.231544,1107.311,1259.88,1042.791,1107.26,18,19,111.425,1,,,5.57,7da7c6c3
m6-sweep,369f3ad12e71,29,0,ran,qwen2.5:1.5b,short,20,0,c020.1,1789623979.731892,1789623980.612244,65.514,880.24,22.675,65.477,18,19,20.866,1,,,5.57,494f4ba3
m6-sweep,6a536224c80f,30,0,ran,qwen2.5:1.5b,short,20,0,c020.1,1789623981.112532,1789623981.417446,177.162,304.694,29.9,177.115,18,19,133.301,1,,,5.57,65351eb4
m6-sweep,f143ae82d017,31,0,ran,qwen2.5:1.5b,short,20,0,c020.1,1789623981.917762,1789623988.582505,6292.909,6664.553,1046.589,6292.869,18,19,45.743,1,,,5.33,f92bc96e
m6-sweep,c457c409b56d,32,0,ran,qwen2.5:1.5b,short,20,0,c020.1,1789623989.082859,1789623990.334936,1083.162,1251.85,1033.987,1083.119,18,19,100.778,1,,,5.33,e697911e
m6-sweep,7fc8b6aea30c,33,0,ran,qwen2.5:1.5b,short,20,0,c020.1,1789623990.835263,1789623991.031137,67.09,195.754,24.552,67.034,20,21,147.671,1,,,5.33,ee863274
m6-sweep,03c9354ecf84,34,0,ran,qwen2.5:1.5b,short,20,0,c020.1,1789623991.531401,1789623991.726069,78.262,194.448,35.158,78.194,18,19,146.317,1,,,5.33,c031f0d2
m6-sweep,4084e9289aad,35,0,ran,qwen2.5:1.5b,short,20,0,c020.1,1789623992.226475,1789623993.82833,1541.153,1601.678,19.118,1541.116,18,19,280.876,1,,,5.06,72d4d9e8
m6-sweep,8ab637d3d50d,36,0,ran,qwen2.5:1.5b,short,20,0,c020.1,1789623994.328653,1789623995.059273,106.975,730.5,39.469,106.928,18,19,27.264,1,,,5.06,18b70172
m6-sweep,f6666a334396,37,0,ran,qwen2.5:1.5b,short,20,0,c020.1,1789623995.559549,1789623998.058896,2107.79,2499.212,2039.475,2107.75,18,19,43.431,1,,,4.90,73c28225
m6-sweep,877678b7a649,38,0,ran,qwen2.5:1.5b,short,20,0,c020.1,1789623998.559144,1789623998.763332,64.022,204.004,23.046,63.981,20,21,135.732,1,,,4.90,dc467b84
m6-sweep,76b58394cf02,39,0,ran,qwen2.5:1.5b,short,20,0,c020.1,1789623999.263553,1789623999.983834,596.443,720.076,39.109,596.396,18,19,137.504,1,,,4.90,92c94ad3
m6-sweep,72bb195999c5,40,0,ran,qwen2.5:1.5b,short,20,0,c020.1,1789624000.484159,1789624001.710894,1072.828,1226.574,1032.252,1072.788,18,19,110.572,1,,,4.90,32db5658
m6-sweep,790a123958cf,41,0,ran,qwen2.5:1.5b,short,20,0,c020.1,1789624002.211284,1789624002.543716,80.516,332.226,32.438,80.445,18,19,67.538,1,,,4.75,616a7b0b
m6-sweep,00721f1856c2,42,0,ran,qwen2.5:1.5b,short,20,0,c020.1,1789624003.04413,1789624003.227971,64.871,183.726,26.542,64.805,18,19,143.031,1,,,4.75,5d87e88f
m6-sweep,755d0707c298,43,0,ran,qwen2.5:1.5b,short,20,0,c020.1,1789624003.728139,1789624010.657598,6757.454,6929.329,1035.315,6757.418,18,19,98.909,1,,,4.61,d92c5f9e
m6-sweep,0da2dbdb4827,44,0,ran,qwen2.5:1.5b,short,20,0,c020.1,1789624011.15786,1789624012.390702,1086.421,1232.746,1038.618,1086.243,21,22,136.682,1,,,4.24,c75ed784
m6-sweep,8c95f3d74977,45,0,ran,qwen2.5:1.5b,short,20,0,c020.1,1789624012.890909,1789624013.596719,327.82,705.688,18.024,327.785,18,19,44.989,1,,,4.24,d31bd459
m6-sweep,b79951aeb9d8,46,0,ran,qwen2.5:1.5b,short,20,0,c020.1,1789624014.096983,1789624014.295597,74.769,198.423,32.373,74.717,18,19,137.481,1,,,4.24,e54d76fa
m6-sweep,66cf2f46a3b4,47,0,ran,qwen2.5:1.5b,short,20,0,c020.1,1789624014.795856,1789624015.328611,121.277,532.648,37.905,121.236,18,19,41.325,1,,,4.24,bb5b2b8f
m6-sweep,e506957570e0,48,0,ran,qwen2.5:1.5b,short,20,0,c020.1,1789624015.828864,1789624016.047552,109.436,218.583,21.24,109.396,18,19,155.753,1,,,4.24,e3e37b7e
m6-sweep,4cecb911e2b0,49,0,ran,qwen2.5:1.5b,short,20,0,c020.1,1789624016.547789,1789624017.848382,1127.478,1300.473,1040.04,1127.443,25,26,138.733,1,,,4.22,11103245
m6-sweep,eafd07a492c5,50,0,ran,qwen2.5:1.5b,short,20,0,c020.1,1789624018.348624,1789624021.43556,2373.869,3086.835,2076.641,2373.835,25,26,33.662,1,,,4.22,23bcde18
m6-sweep,397e133a260f,51,0,ran,qwen2.5:1.5b,short,20,0,c020.1,1789624021.935779,1789624023.629892,1374.649,1693.871,1067.954,1374.614,18,19,53.254,1,,,4.28,d42fafb2
m6-sweep,3a7dc3185940,52,0,ran,qwen2.5:1.5b,short,20,0,c020.1,1789624024.130481,1789624025.275913,85.156,1145.316,36.593,85.114,18,19,16.035,1,,,4.28,66d016f8
m6-sweep,3e62baa1d4dc,0,1,ran,qwen2.5:0.5b,long,5,0,c021.1,1789624027.786682,1789624031.109839,2809.989,3323.024,28.556,2809.907,128,128,247.546,1,,,4.10,dad88f87
m6-sweep,3eef0f9a1bf3,1,1,ran,qwen2.5:0.5b,long,5,0,c021.1,1789624031.61013,1789624032.290342,227.861,680.063,22.318,227.825,128,128,280.848,1,,,4.89,a5e1b94a
m6-sweep,9c6d33959b77,2,1,ran,qwen2.5:0.5b,long,5,0,c021.1,1789624032.790608,1789624033.346468,103.199,555.747,29.098,103.16,128,128,280.633,1,,,4.89,075f4548
m6-sweep,4b5ea69247dc,3,0,ran,qwen2.5:0.5b,long,5,0,c021.1,1789624033.846689,1789624034.398488,135.735,551.663,27.036,135.698,128,128,305.341,1,,,4.89,5963ed4b
m6-sweep,09925aaeb60c,4,0,ran,qwen2.5:0.5b,long,5,0,c021.1,1789624034.898729,1789624035.456209,105.78,557.351,32.901,105.714,128,128,281.241,1,,,4.89,cbc02bf0
m6-sweep,8b60ec39ee02,5,0,ran,qwen2.5:0.5b,long,5,0,c021.1,1789624035.956399,1789624036.679873,244.776,723.349,31.896,244.729,128,128,265.373,1,,,4.89,535a0ca2
m6-sweep,c914aa28f32d,6,0,ran,qwen2.5:0.5b,long,5,0,c021.1,1789624037.180062,1789624037.735484,101.745,555.311,35.124,101.686,128,128,280.004,1,,,4.58,a2a55601
m6-sweep,ba65757b1433,7,0,ran,qwen2.5:0.5b,long,5,0,c021.1,1789624038.235691,1789624039.793632,1107.223,1557.829,1042.491,1107.183,128,128,281.843,1,,,4.58,227513d2
m6-sweep,1ce87ace3e77,8,0,ran,qwen2.5:0.5b,long,5,0,c021.1,1789624040.293864,1789624041.07536,89.277,781.379,21.362,89.242,128,128,183.499,1,,,4.58,3a505a42
m6-sweep,fe000b597cdf,9,0,ran,qwen2.5:0.5b,long,5,0,c021.1,1789624041.575598,1789624043.194739,1131.169,1619.038,1033.213,1131.119,128,128,260.316,1,,,4.69,d9a10c45
m6-sweep,3571e68b3711,10,0,ran,qwen2.5:0.5b,long,5,0,c021.1,1789624043.694926,1789624044.248095,98.79,553.049,33.398,98.737,128,128,279.577,1,,,4.69,788e0266
m6-sweep,cbcc145f3048,11,0,ran,qwen2.5:0.5b,long,5,0,c021.1,1789624044.748318,1789624048.427071,3205.698,3678.637,3117.258,3205.664,128,128,268.534,1,,,4.88,f0d488a6
m6-sweep,27ba8b8acc92,12,0,ran,qwen2.5:0.5b,long,5,0,c021.1,1789624048.927293,1789624049.476427,85.279,549.037,20.935,85.237,128,128,273.85,1,,,4.88,b537ebf4
m6-sweep,3281e2f05955,13,0,ran,qwen2.5:0.5b,long,5,0,c021.1,1789624049.97665,1789624050.515932,93.878,539.161,30.243,93.84,128,128,285.212,1,,,4.88,9c5fb188
m6-sweep,e481d7c90f5a,14,0,ran,qwen2.5:0.5b,long,5,0,c021.1,1789624051.016145,1789624051.620308,99.589,604.049,29.245,99.539,128,128,251.755,1,,,4.88,8101a034
m6-sweep,8024c9321ce7,15,0,ran,qwen2.5:0.5b,long,5,0,c021.1,1789624052.120541,1789624052.65962,86.533,538.947,22.444,86.477,128,128,280.716,1,,,4.97,4b132678
m6-sweep,73e51cc35635,16,0,ran,qwen2.5:0.5b,long,5,0,c021.1,1789624053.159859,1789624053.785236,109.103,625.257,37.954,109.061,128,128,246.051,1,,,4.97,f2859b18
m6-sweep,b7d316195c41,17,0,ran,qwen2.5:0.5b,long,5,0,c021.1,1789624054.285473,1789624054.840857,105.239,555.283,31.997,105.202,128,128,282.195,1,,,4.97,171ebc58
m6-sweep,12a1cbbe06a8,18,0,ran,qwen2.5:0.5b,long,5,0,c021.1,1789624055.341125,1789624055.898565,108.426,557.315,37.653,108.377,128,128,282.921,1,,,4.97,ac633daa
m6-sweep,f27a94e7ec44,19,0,ran,qwen2.5:0.5b,long,5,0,c021.1,1789624056.39878,1789624056.9509,93.914,552.018,23.602,93.88,128,128,277.23,1,,,4.97,17ade939
m6-sweep,3919c740a1ba,20,0,ran,qwen2.5:0.5b,long,5,0,c021.1,1789624057.451158,1789624058.255069,109.815,803.742,36.707,109.772,128,128,183.016,1,,,4.97,08efe96e
m6-sweep,f515522c244e,21,0,ran,qwen2.5:0.5b,long,5,0,c021.1,1789624058.755324,1789624059.311024,95.034,555.582,31.092,94.976,128,128,275.759,1,,,4.97,0d4d047f
m6-sweep,e4ab54ace6ad,22,0,ran,qwen2.5:0.5b,long,5,0,c021.1,1789624059.811542,1789624060.382699,110.523,571.023,36.59,110.489,128,128,275.787,1,,,4.97,57149719
m6-sweep,83a73f264a50,23,0,ran,qwen2.5:0.5b,long,5,0,c021.1,1789624060.883003,1789624061.435865,105.336,552.751,29.947,105.303,128,128,283.853,1,,,4.97,ca2c4499
m6-sweep,0d987ebaddae,24,0,ran,qwen2.5:0.5b,long,5,0,c021.1,1789624061.93622,1789624062.643707,259.312,707.375,33.201,259.245,128,128,283.443,1,,,5.37,7cd58df4
m6-sweep,c82ad6531551,25,0,ran,qwen2.5:0.5b,long,5,0,c021.1,1789624063.143918,1789624064.713134,1113.909,1569.104,1041.888,1113.852,128,128,279.002,1,,,5.37,119dc6dd
m6-sweep,36f2a93c012f,26,0,ran,qwen2.5:0.5b,long,5,0,c021.1,1789624065.213366,1789624065.79189,105.537,578.398,34.72,105.486,128,128,268.578,1,,,5.37,cf920e4d
m6-sweep,1338669e3724,27,0,ran,qwen2.5:0.5b,long,5,0,c021.1,1789624066.292115,1789624066.877089,102.864,584.855,38.637,102.807,128,128,263.49,1,,,5.37,ee9ddf78
m6-sweep,d6ea6caf3902,28,0,ran,qwen2.5:0.5b,long,5,0,c021.1,1789624067.377418,1789624067.927507,102.955,549.993,34.802,102.919,128,128,284.092,1,,,5.42,4418db01
m6-sweep,27a743a909d4,29,0,ran,qwen2.5:0.5b,long,5,0,c021.1,1789624068.427722,1789624068.967057,85.312,539.222,21.698,85.262,128,128,279.792,1,,,5.42,11a26744
m6-sweep,e7736f4309d0,30,0,ran,qwen2.5:0.5b,long,5,0,c021.1,1789624069.467282,1789624070.045175,105.567,577.775,39.414,105.511,128,128,268.949,1,,,5.42,6a8d912a
m6-sweep,ae0549394ff8,31,0,ran,qwen2.5:0.5b,long,5,0,c021.1,1789624070.545426,1789624071.095242,105.775,549.705,39.11,105.701,128,128,286.081,1,,,5.42,0a24d1e5
m6-sweep,f79f98196988,32,0,ran,qwen2.5:0.5b,long,5,0,c021.1,1789624071.595469,1789624072.194935,85.261,599.344,21.298,85.216,128,128,247.042,1,,,5.42,bd5450d2
m6-sweep,97646d939099,33,0,ran,qwen2.5:0.5b,long,5,0,c021.1,1789624072.695154,1789624073.240867,87.989,545.602,24.241,87.946,128,128,277.527,1,,,5.31,8396c80d
m6-sweep,e12682a7b7a4,34,0,ran,qwen2.5:0.5b,long,5,0,c021.1,1789624073.741135,1789624075.327352,1120.097,1586.102,1054.31,1120.04,128,128,272.529,1,,,5.31,7bc704e2
m6-sweep,aad2029ba207,35,0,ran,qwen2.5:0.5b,long,5,0,c021.1,1789624075.827589,1789624076.39555,97.719,567.845,25.13,97.682,128,128,270.14,1,,,5.31,11e35d17
m6-sweep,9e9a91b98a80,36,0,ran,qwen2.5:0.5b,long,5,0,c021.1,1789624076.895783,1789624077.472195,105.181,576.296,33.24,105.131,128,128,269.573,1,,,5.69,4af9c7a8
m6-sweep,1e1191800da7,37,0,ran,qwen2.5:0.5b,long,5,0,c021.1,1789624077.972421,1789624078.671672,244.747,699.119,32.942,244.694,128,128,279.506,1,,,5.69,604e43db
m6-sweep,d6fa4bc9c02f,38,0,ran,qwen2.5:0.5b,long,5,0,c021.1,1789624079.171923,1789624079.769934,105.664,597.893,31.246,105.616,128,128,258.01,1,,,5.69,6162796b
m6-sweep,4de99d1357ad,39,0,ran,qwen2.5:0.5b,long,5,0,c021.1,1789624080.270133,1789624080.828761,108.628,558.496,33.954,108.588,128,128,282.305,1,,,5.69,ef3c95b1
m6-sweep,1117518ec6a8,40,0,ran,qwen2.5:0.5b,long,5,0,c021.1,1789624081.329008,1789624081.886503,98.061,557.316,31.326,98.012,128,128,276.535,1,,,5.69,e6506401
m6-sweep,2809dbe1a67a,41,0,ran,qwen2.5:0.5b,long,5,0,c021.1,1789624082.386796,1789624082.963112,102.855,576.188,30.961,102.804,128,128,268.31,1,,,5.55,908df545
m6-sweep,4bb86f5a23b6,42,0,ran,qwen2.5:0.5b,long,5,0,c021.1,1789624083.463333,1789624084.028801,103.32,565.274,31.154,103.268,128,128,274.919,1,,,5.55,73d80798
m6-sweep,10058240df1e,43,0,ran,qwen2.5:0.5b,long,5,0,c021.1,1789624084.529031,1789624085.075989,84.829,546.838,22.287,84.776,128,128,274.887,1,,,5.55,315f5e03
m6-sweep,bcf205946648,44,0,ran,qwen2.5:0.5b,long,5,0,c021.1,1789624085.57621,1789624086.255073,223.734,678.748,30.91,223.676,128,128,279.112,1,,,5.55,631ac064
m6-sweep,f7434ca62f73,45,0,ran,qwen2.5:0.5b,long,5,0,c021.1,1789624086.755333,1789624087.316076,119.752,560.614,32.058,119.701,128,128,288.072,1,,,6.55,9690cb8d
m6-sweep,690471dc6c80,46,0,ran,qwen2.5:0.5b,long,5,0,c021.1,1789624087.816391,1789624088.408774,108.904,592.252,39.655,108.86,128,128,262.751,1,,,6.55,b2c10371
m6-sweep,4df7b17f993b,47,0,ran,qwen2.5:0.5b,long,5,0,c021.1,1789624088.909024,1789624089.475092,102.134,565.946,38.189,102.094,128,128,273.818,1,,,6.55,092cc523
m6-sweep,c6840b7da31c,48,0,ran,qwen2.5:0.5b,long,5,0,c021.1,1789624089.975374,1789624090.565665,125.139,590.165,37.538,125.086,128,128,273.103,1,,,6.55,18d7988c
m6-sweep,32250565aecb,49,0,ran,qwen2.5:0.5b,long,5,0,c021.1,1789624091.065897,1789624091.619384,103.88,553.374,37.196,103.837,128,128,282.54,1,,,6.55,40eb5fd0
m6-sweep,d4937073de51,50,0,ran,qwen2.5:0.5b,long,5,0,c021.1,1789624092.119637,1789624092.673663,94.419,553.916,28.136,94.359,128,128,276.389,1,,,6.42,ea813d8b
m6-sweep,641681690ef5,51,0,ran,qwen2.5:0.5b,long,5,0,c021.1,1789624093.173906,1789624093.737714,110.222,563.678,34.498,110.178,128,128,280.071,1,,,6.42,6bffe56a
m6-sweep,2fa05e98b7c6,52,0,ran,qwen2.5:0.5b,long,5,0,c021.1,1789624094.237954,1789624094.800555,106.839,562.473,33.582,106.798,128,128,278.732,1,,,6.42,9188a084
m6-sweep,fe35ac707915,0,1,ran,qwen2.5:0.5b,short,0,0,c022.1,1789624097.23022,1789624097.397789,73.885,167.44,30.343,73.835,24,25,245.845,1,,,6.07,2e3857e7
m6-sweep,1a3e6b940c41,1,1,ran,qwen2.5:0.5b,short,0,0,c022.1,1789624097.898078,1789624098.089219,71.435,191.017,32.167,71.381,31,32,250.874,1,,,6.07,d1224043
m6-sweep,abcae9d97464,2,1,ran,qwen2.5:0.5b,short,0,0,c022.1,1789624098.589417,1789624098.75956,71.162,169.962,28.737,71.11,26,27,253.037,1,,,6.07,6c5254a4
m6-sweep,e4a857b51c8d,3,0,ran,qwen2.5:0.5b,short,0,0,c022.1,1789624099.259794,1789624099.437595,76.143,177.698,33.957,76.091,28,29,265.865,1,,,6.07,cc06762f
m6-sweep,32b6557e8461,4,0,ran,qwen2.5:0.5b,short,0,0,c022.1,1789624099.937835,1789624100.098724,72.886,160.741,30.608,72.833,24,25,261.795,1,,,6.07,2e825d31
m6-sweep,560caeb77e5b,5,0,ran,qwen2.5:0.5b,short,0,0,c022.1,1789624100.598998,1789624100.792979,76.107,193.885,39.604,76.063,31,32,254.717,1,,,6.07,63b841fe
m6-sweep,d35039da16a1,6,0,ran,qwen2.5:0.5b,short,0,0,c022.1,1789624101.293205,1789624101.457048,71.171,163.694,34.071,71.113,24,25,248.586,1,,,6.07,ab606700
m6-sweep,007cf6fdfe81,7,0,ran,qwen2.5:0.5b,short,0,0,c022.1,1789624101.957338,1789624102.132977,80.2,175.51,37.467,80.161,24,25,241.317,1,,,6.07,b8e3422d
m6-sweep,0eb3e3db475f,8,0,ran,qwen2.5:0.5b,short,0,0,c022.1,1789624102.633222,1789624102.807511,81.478,174.107,35.638,81.418,24,25,248.303,1,,,6.62,7c259482
m6-sweep,df7371d3f1b4,9,0,ran,qwen2.5:0.5b,short,0,0,c022.1,1789624103.3078,1789624103.469255,67.461,161.309,30.542,67.41,24,25,245.076,1,,,6.62,9fba35a4
m6-sweep,d496c416aaa8,10,0,ran,qwen2.5:0.5b,short,0,0,c022.1,1789624103.96955,1789624104.12785,63.551,158.202,26.32,63.496,24,25,242.998,1,,,6.62,e9ea537d
m6-sweep,fb92831f7c9a,11,0,ran,qwen2.5:0.5b,short,0,0,c022.1,1789624104.628105,1789624104.829734,84.057,201.53,40.769,84.004,31,32,255.377,1,,,6.62,34293714
m6-sweep,61991a729dba,12,0,ran,qwen2.5:0.5b,short,0,0,c022.1,1789624105.329934,1789624105.48326,66.187,153.18,24.74,66.141,24,25,264.388,1,,,6.62,b53effd1
m6-sweep,724c70d932a8,13,0,ran,qwen2.5:0.5b,short,0,0,c022.1,1789624105.983576,1789624106.172715,67.108,189.03,24.801,67.055,31,32,246.059,1,,,6.62,20502753
m6-sweep,31efdfbebf83,14,0,ran,qwen2.5:0.5b,short,0,0,c022.1,1789624106.672953,1789624106.850641,58.226,177.578,21.189,58.182,31,32,251.358,1,,,6.62,484e56da
m6-sweep,c7bfab1f8e93,15,0,ran,qwen2.5:0.5b,short,0,0,c022.1,1789624107.350875,1789624107.507372,69.777,156.341,30.443,69.703,24,25,265.698,1,,,6.25,496babf0
m6-sweep,a01fd9e0b60c,16,0,ran,qwen2.5:0.5b,short,0,0,c022.1,1789624108.007617,1789624108.155823,61.932,148.086,20.538,61.894,24,25,266.965,1,,,6.25,f1584534
m6-sweep,add2db62c832,17,0,ran,qwen2.5:0.5b,short,0,0,c022.1,1789624108.656154,1789624108.822105,69.585,165.721,24.921,69.526,24,25,239.245,1,,,6.25,6cfdee14
m6-sweep,346cba456219,18,0,ran,qwen2.5:0.5b,short,0,0,c022.1,1789624109.322434,1789624109.476594,62.224,154.064,24.304,62.181,24,25,250.435,1,,,6.25,3ac8d2e8
m6-sweep,95dbf57de27d,19,0,ran,qwen2.5:0.5b,short,0,0,c022.1,1789624109.976806,1789624110.129518,65.078,152.605,25.086,65.03,23,24,251.353,1,,,6.25,9c8418b7
m6-sweep,21331e4e1c2b,20,0,ran,qwen2.5:0.5b,short,0,0,c022.1,1789624110.629751,1789624110.794758,75.848,164.895,33.92,75.772,23,24,247.059,1,,,6.25,e48935ee
m6-sweep,09363f2e2ccb,21,0,ran,qwen2.5:0.5b,short,0,0,c022.1,1789624111.294992,1789624111.479098,67.604,183.983,30.307,67.56,31,32,257.777,1,,,6.25,e1bdc6a2
m6-sweep,7ff0ad2ec32e,22,0,ran,qwen2.5:0.5b,short,0,0,c022.1,1789624111.979302,1789624112.141081,69.866,161.647,28.67,69.83,24,25,250.595,1,,,6.25,110934f4
m6-sweep,b8669a0ee8c5,0,1,ran,qwen2.5:1.5b,short,5,50,c023.1,1789624114.635489,1789624117.593915,2816.392,2958.332,122.383,2816.342,20,21,133.859,1,,,6.65,af6f497d
m6-sweep,857111d7c04e,1,1,ran,qwen2.5:1.5b,short,5,50,c023.1,1789624118.094164,1789624118.510138,281.092,415.769,133.912,281.059,18,19,126.228,1,,,6.65,7f21b990
m6-sweep,89c7bae83c81,2,1,ran,qwen2.5:1.5b,short,5,50,c023.1,1789624119.010595,1789624119.550912,281.631,540.221,127.076,281.593,18,19,65.741,1,,,6.65,c4ca2f90
m6-sweep,d834b27efb5d,3,0,ran,qwen2.5:1.5b,short,5,50,c023.1,1789624120.051161,1789624120.634208,447.521,582.954,126.262,447.482,18,19,125.523,1,,,6.65,8da15f91
m6-sweep,3357176962f7,4,0,ran,qwen2.5:1.5b,short,5,50,c023.1,1789624121.134459,1789624121.549855,282.624,415.291,132.157,282.572,20,21,143.216,1,,,6.65,bb4f97ee
m6-sweep,f0c55c2c7a27,5,0,ran,qwen2.5:1.5b,short,5,50,c023.1,1789624122.050106,1789624122.467244,279.054,416.956,131.755,279.011,18,19,123.276,1,,,7.16,adfd58d5
m6-sweep,96f36128bd81,6,0,ran,qwen2.5:1.5b,short,5,50,c023.1,1789624122.967545,1789624123.449744,283.973,482.095,132.167,283.935,21,22,100.948,1,,,7.16,616825dc
m6-sweep,c0312e98f514,7,0,ran,qwen2.5:1.5b,short,5,50,c023.1,1789624123.949975,1789624124.410981,286.169,460.902,136.916,286.133,25,26,137.353,1,,,7.16,c183dab3
m6-sweep,026320c415d9,8,0,ran,qwen2.5:1.5b,short,5,50,c023.1,1789624124.911204,1789624125.318862,282.886,407.533,125.697,282.818,18,19,136.385,1,,,7.16,69406c29
m6-sweep,d2a8b2463fc2,9,0,ran,qwen2.5:1.5b,short,5,50,c023.1,1789624125.819292,1789624126.229179,277.029,409.757,128.941,276.936,18,19,128.081,1,,,7.16,a0808017
m6-sweep,4477ab62a54a,10,0,ran,qwen2.5:1.5b,short,5,50,c023.1,1789624126.729472,1789624127.132641,275.688,403.008,122.106,275.651,18,19,133.522,1,,,7.16,3be8aa04
m6-sweep,27fd361d0b8a,11,0,ran,qwen2.5:1.5b,short,5,50,c023.1,1789624127.632908,1789624128.039224,275.481,406.214,124.19,275.431,18,19,130.036,1,,,7.63,1bb3d429
m6-sweep,d2ad1b9e1090,12,0,ran,qwen2.5:1.5b,short,5,50,c023.1,1789624128.539478,1789624128.9485,277.273,408.893,126.565,277.203,18,19,129.159,1,,,7.63,a8b24e55
m6-sweep,1c188ea7354d,13,0,ran,qwen2.5:1.5b,short,5,50,c023.1,1789624129.448822,1789624129.862453,279.043,413.489,130.339,279.006,18,19,126.445,1,,,7.63,e0d8f2ef
m6-sweep,62fab08588ec,14,0,ran,qwen2.5:1.5b,short,5,50,c023.1,1789624130.362817,1789624131.966082,1473.461,1603.154,1152.475,1473.425,18,19,131.079,1,,,7.63,a8a179e3
m6-sweep,71d22379f769,15,0,ran,qwen2.5:1.5b,short,5,50,c023.1,1789624132.466345,1789624132.885881,289.173,419.413,136.518,289.134,18,19,130.528,1,,,7.34,67fcfec9
m6-sweep,b2c770babb5c,16,0,ran,qwen2.5:1.5b,short,5,50,c023.1,1789624133.386155,1789624133.917596,267.667,531.328,118.641,267.616,18,19,64.477,1,,,7.34,71b3e464
m6-sweep,1be0764c650a,17,0,ran,qwen2.5:1.5b,short,5,50,c023.1,1789624134.417837,1789624134.846914,275.612,428.944,122.911,275.542,18,19,110.87,1,,,7.34,1700e70c
m6-sweep,2a2ddfcfcceb,18,0,ran,qwen2.5:1.5b,short,5,50,c023.1,1789624135.350806,1789624137.069267,1297.24,1718.354,1142.665,1297.205,18,19,40.369,1,,,7.34,835629f5
m6-sweep,a29efed8b1b9,19,0,ran,qwen2.5:1.5b,short,5,50,c023.1,1789624137.56952,1789624138.033727,289.288,464.118,138.337,289.253,18,19,97.238,1,,,6.99,15b24fb1
m6-sweep,a5018b04f997,20,0,ran,qwen2.5:1.5b,short,5,50,c023.1,1789624138.533918,1789624139.740614,811.195,1206.577,126.898,811.159,46,47,113.814,1,,,6.99,89ab9528
m6-sweep,b6e4a3439924,21,0,ran,qwen2.5:1.5b,short,5,50,c023.1,1789624140.240895,1789624140.653811,280.683,412.773,129.973,280.644,18,19,128.701,1,,,6.99,83a60ef6
m6-sweep,a523d0d8882f,22,0,ran,qwen2.5:1.5b,short,5,50,c023.1,1789624141.154067,1789624141.563433,277.362,409.24,128.503,277.324,18,19,128.907,1,,,6.99,e7db55bd
m6-sweep,69f9caedcefc,23,0,ran,qwen2.5:1.5b,short,5,50,c023.1,1789624142.063745,1789624142.652771,457.018,588.892,133.744,456.982,18,19,128.911,1,,,6.67,94baa7a5
m6-sweep,b2add468fe5f,24,0,ran,qwen2.5:1.5b,short,5,50,c023.1,1789624143.153098,1789624143.574407,275.621,421.132,129.758,275.562,18,19,116.829,1,,,6.67,444a67f6
m6-sweep,dd9bd0b49cf4,25,0,ran,qwen2.5:1.5b,short,5,50,c023.1,1789624144.074743,1789624144.632006,290.676,557.157,136.194,290.638,26,27,93.815,1,,,6.67,a6cc3f1f
m6-sweep,64a24e6feea6,26,0,ran,qwen2.5:1.5b,short,5,50,c023.1,1789624145.132477,1789624145.846587,273.554,713.966,123.825,273.499,18,19,38.6,1,,,6.67,fe11168a
m6-sweep,a8d97eeb48bd,27,0,ran,qwen2.5:1.5b,short,5,50,c023.1,1789624146.346871,1789624146.748728,266.456,401.727,119.491,266.421,18,19,125.673,1,,,6.67,c2433eb5
m6-sweep,586badb4513d,28,0,ran,qwen2.5:1.5b,short,5,50,c023.1,1789624147.248951,1789624147.713154,282.654,464.081,130.36,282.617,18,19,93.702,1,,,6.37,f7bb0f32
m6-sweep,eff53ca2d59d,29,0,ran,qwen2.5:1.5b,short,5,50,c023.1,1789624148.213525,1789624148.630416,294.734,416.744,138.689,294.675,18,19,139.333,1,,,6.37,e1fe22d2
m6-sweep,a01b976f948e,30,0,ran,qwen2.5:1.5b,short,5,50,c023.1,1789624149.130702,1789624150.563277,1298.07,1432.422,1154.139,1298.035,18,19,126.533,1,,,6.37,00c3e9ab
m6-sweep,44d7e2b58d8d,31,0,ran,qwen2.5:1.5b,short,5,50,c023.1,1789624151.063657,1789624151.629834,565.904,566.078,127.286,565.857,18,19,97860.313,1,,,6.37,e5b86103
m6-sweep,e202dc90c9e8,32,0,ran,qwen2.5:1.5b,short,5,50,c023.1,1789624152.130042,1789624152.539276,274.381,409.145,123.391,274.309,18,19,126.146,1,,,6.10,52e42d25
m6-sweep,b8ba1f8e1269,33,0,ran,qwen2.5:1.5b,short,5,50,c023.1,1789624153.039695,1789624153.459041,285.271,419.172,134.56,285.234,18,19,126.959,1,,,6.10,03c66589
m6-sweep,2c8677e5e67c,34,0,ran,qwen2.5:1.5b,short,5,50,c023.1,1789624153.959326,1789624154.855583,714.087,896.063,135.503,714.046,20,21,104.409,1,,,6.10,b99876f8
m6-sweep,0c7f9ad24033,35,0,ran,qwen2.5:1.5b,short,5,50,c023.1,1789624155.355817,1789624156.071823,456.544,715.877,131.852,456.502,20,21,73.265,1,,,6.10,cb9dbbdb
m6-sweep,8b4c5e5accee,36,0,ran,qwen2.5:1.5b,short,5,50,c023.1,1789624156.572123,1789624157.645892,276.959,1073.668,120.586,276.903,46,47,56.482,1,,,6.74,e16e522b
m6-sweep,92b5f43c05c6,37,0,ran,qwen2.5:1.5b,short,5,50,c023.1,1789624158.146132,1789624158.583001,286.617,436.757,131.398,286.581,18,19,113.228,1,,,6.74,ced7da8a
m6-sweep,4ce847869bfc,38,0,ran,qwen2.5:1.5b,short,5,50,c023.1,1789624159.083258,1789624159.49579,276.299,412.385,127.619,276.262,18,19,124.922,1,,,6.74,a6819e42
m6-sweep,8c8c69d90619,39,0,ran,qwen2.5:1.5b,short,5,50,c023.1,1789624159.996075,1789624160.628812,279.028,632.644,130.342,278.99,46,47,127.257,1,,,6.74,92a51c71
m6-sweep,f52b295e4670,40,0,ran,qwen2.5:1.5b,short,5,50,c023.1,1789624161.129057,1789624161.583461,287.001,454.297,129.208,286.956,18,19,101.616,1,,,6.74,0853ab3a
m6-sweep,bc415f4c7df5,41,0,ran,qwen2.5:1.5b,short,5,50,c023.1,1789624162.083711,1789624162.637666,288.592,553.826,138.792,288.52,18,19,64.095,1,,,6.92,15f6d458
m6-sweep,ae52b0f880f2,42,0,ran,qwen2.5:1.5b,short,5,50,c023.1,1789624163.1379,1789624163.570046,272.356,432.02,121.01,272.313,21,22,125.263,1,,,6.92,0f4b9a61
m6-sweep,6021336389db,43,0,ran,qwen2.5:1.5b,short,5,50,c023.1,1789624164.07039,1789624164.517189,289.338,446.601,134.206,289.263,18,19,108.099,1,,,6.92,5f45b3f6
m6-sweep,56f47168625b,44,0,ran,qwen2.5:1.5b,short,5,50,c023.1,1789624165.017528,1789624165.606443,288.173,588.799,138.82,288.137,18,19,56.549,1,,,6.92,1b245b9c
m6-sweep,f3f838cad1c8,45,0,ran,qwen2.5:1.5b,short,5,50,c023.1,1789624166.106702,1789624166.523054,288.063,416.234,134.329,288.011,18,19,132.636,1,,,6.92,432f141d
m6-sweep,f601efe8920c,46,0,ran,qwen2.5:1.5b,short,5,50,c023.1,1789624167.023268,1789624167.462673,272.982,439.283,126.462,272.945,18,19,102.225,1,,,7.01,ce52c00b
m6-sweep,735cb0190b3e,47,0,ran,qwen2.5:1.5b,short,5,50,c023.1,1789624167.962993,1789624168.400794,268.968,437.685,120.06,268.932,26,27,148.177,1,,,7.01,9fdf28f0
m6-sweep,ec4ee170456c,48,0,ran,qwen2.5:1.5b,short,5,50,c023.1,1789624168.901029,1789624169.344843,296.462,443.72,139.704,296.424,18,19,115.444,1,,,7.01,a9e1c1e1
m6-sweep,890c4be5ac19,49,0,ran,qwen2.5:1.5b,short,5,50,c023.1,1789624169.84508,1789624170.388611,279.877,543.426,129.811,279.839,18,19,64.504,1,,,7.01,8166e79d
m6-sweep,3bc1317129eb,50,0,ran,qwen2.5:1.5b,short,5,50,c023.1,1789624170.888849,1789624172.045529,274.298,1156.592,119.049,274.26,57,58,63.471,1,,,7.01,40a18b41
m6-sweep,5f16e1363c1b,51,0,ran,qwen2.5:1.5b,short,5,50,c023.1,1789624172.545758,1789624173.517541,842.766,971.682,135.535,842.732,18,19,131.869,1,,,6.60,1deaf9d6
m6-sweep,5cfc91ef08ec,52,0,ran,qwen2.5:1.5b,short,5,50,c023.1,1789624174.01774,1789624174.448759,273.134,430.919,127.167,273.09,18,19,107.741,1,,,6.60,4dddaaaf
m6-sweep,0affddcf03a1,0,1,loopback,qwen2.5:3b,short,0,0,c024.1,1789624175.999758,1789624179.77392,2884.641,3774.031,1.22,2884.596,81,82,89.949,1,,,6.32,ce42aa69
m6-sweep,27f8535e9a85,1,1,loopback,qwen2.5:3b,short,0,0,c024.1,1789624180.274233,1789624181.146248,26.777,871.836,0.222,26.71,83,84,97.035,1,,,6.32,8cce9a66
m6-sweep,def51dcf0ff0,2,1,loopback,qwen2.5:3b,short,0,0,c024.1,1789624181.646498,1789624182.389879,31.174,743.259,0.157,31.137,70,71,96.899,1,,,6.21,9f0afce1
m6-sweep,214201759429,3,0,loopback,qwen2.5:3b,short,0,0,c024.1,1789624182.890127,1789624183.894153,29.672,1003.872,0.143,29.63,96,97,97.516,1,,,6.21,60d8faee
m6-sweep,6c6f79e9d2c5,4,0,loopback,qwen2.5:3b,short,0,0,c024.1,1789624184.39444,1789624185.229468,31.235,834.914,0.202,31.191,78,79,95.809,1,,,6.21,1c8b43d8
m6-sweep,79090ef1417a,5,0,loopback,qwen2.5:3b,short,0,0,c024.1,1789624185.729838,1789624186.394003,34.949,664.048,0.175,34.904,61,62,95.374,1,,,6.21,310b104c
m6-sweep,7e3972c4265a,6,0,loopback,qwen2.5:3b,short,0,0,c024.1,1789624186.894239,1789624187.918726,29.423,1024.322,0.143,29.316,97,98,96.492,1,,,5.87,c7510acb
m6-sweep,ce0b080cfda8,7,0,loopback,qwen2.5:3b,short,0,0,c024.1,1789624188.418955,1789624188.984607,28.809,565.485,0.134,28.773,52,53,95.029,1,,,5.87,7cda193b
m6-sweep,ccab313ac6f5,8,0,loopback,qwen2.5:3b,short,0,0,c024.1,1789624189.485268,1789624190.357854,30.843,872.432,0.184,30.808,82,83,96.247,1,,,5.87,654a42be
m6-sweep,5b03e198178e,9,0,loopback,qwen2.5:3b,short,0,0,c024.1,1789624190.858107,1789624191.604203,27.893,745.974,0.181,27.849,70,71,96.089,1,,,5.87,68ebf392
m6-sweep,ae254652f264,10,0,loopback,qwen2.5:3b,short,0,0,c024.1,1789624192.113995,1789624192.715947,28.721,601.84,0.128,28.68,56,57,95.966,1,,,7.00,3c3b388b
m6-sweep,a319e41bf551,11,0,loopback,qwen2.5:3b,short,0,0,c024.1,1789624193.216193,1789624194.0096,26.704,793.282,0.142,26.648,75,76,96.533,1,,,7.00,ef580bec
m6-sweep,251a37fa83c8,12,0,loopback,qwen2.5:3b,short,0,0,c024.1,1789624194.509874,1789624195.047615,26.486,537.623,0.145,26.42,50,51,95.865,1,,,7.00,fd287039
m6-sweep,a9c9e192665f,13,0,loopback,qwen2.5:3b,short,0,0,c024.1,1789624195.54781,1789624196.208569,35.059,660.648,0.115,34.967,61,62,95.91,1,,,7.00,6f691148
m6-sweep,4d821cfd33a9,14,0,loopback,qwen2.5:3b,short,0,0,c024.1,1789624196.708797,1789624197.28724,27.585,578.319,0.129,27.543,54,55,96.235,1,,,7.00,c2f724a2
m6-sweep,b45b2802ac9f,15,0,loopback,qwen2.5:3b,short,0,0,c024.1,1789624197.787468,1789624198.35068,29.037,562.984,0.132,28.983,52,53,95.515,1,,,7.96,2a10e34a
m6-sweep,6743bb76d5a0,16,0,loopback,qwen2.5:3b,short,0,0,c024.1,1789624198.851022,1789624199.743446,27.342,892.312,0.158,27.279,85,86,97.113,1,,,7.96,6677ecc0
m6-sweep,8c4abd1f5c31,17,0,loopback,qwen2.5:3b,short,0,0,c024.1,1789624200.24366,1789624200.832611,27.768,588.846,0.129,27.712,55,56,96.243,1,,,7.96,0d11002b
m6-sweep,f891780fefb5,18,0,loopback,qwen2.5:3b,short,0,0,c024.1,1789624201.332815,1789624202.07811,29.854,745.122,0.123,29.818,70,71,96.467,1,,,7.96,8d053d8c
m6-sweep,fcd130a3e649,19,0,loopback,qwen2.5:3b,short,0,0,c024.1,1789624202.578426,1789624203.371383,28.842,792.847,0.169,28.789,75,76,96.858,1,,,8.21,a02c0fbc
m6-sweep,4806ec51f911,20,0,loopback,qwen2.5:3b,short,0,0,c024.1,1789624203.871543,1789624204.438326,35.122,566.657,0.16,35.052,52,53,95.949,1,,,8.21,214f9727
m6-sweep,73ec118a6788,21,0,loopback,qwen2.5:3b,short,0,0,c024.1,1789624204.938522,1789624205.493806,25.794,555.169,0.181,25.725,52,53,96.34,1,,,8.21,59d2bea2
m6-sweep,2b66c8b7319c,22,0,loopback,qwen2.5:3b,short,0,0,c024.1,1789624205.994026,1789624206.592028,26.088,597.834,0.192,26.041,56,57,96.197,1,,,8.21,51acff1b
m6-sweep,f0e8ed03ada1,23,0,loopback,qwen2.5:3b,short,0,0,c024.1,1789624207.092286,1789624207.832993,26.643,740.591,0.193,26.597,70,71,96.646,1,,,8.19,4ec98a51
m6-sweep,0b1fa38023a8,24,0,loopback,qwen2.5:3b,short,0,0,c024.1,1789624208.3332,1789624209.072902,28.222,739.587,0.149,28.179,70,71,96.997,1,,,8.19,f98a820d
m6-sweep,a09be4343d05,25,0,loopback,qwen2.5:3b,short,0,0,c024.1,1789624209.573097,1789624210.419188,31.015,845.97,0.137,30.956,80,81,96.938,1,,,8.19,d6ab1baf
m6-sweep,87972b7056bf,26,0,loopback,qwen2.5:3b,short,0,0,c024.1,1789624210.919437,1789624211.669702,34.079,750.153,0.13,34.037,70,71,96.359,1,,,8.19,0fb9ed8c
m6-sweep,d803d6b6ff1e,27,0,loopback,qwen2.5:3b,short,0,0,c024.1,1789624212.169923,1789624212.800316,27.843,630.265,0.126,27.799,59,60,96.278,1,,,8.66,944939aa
m6-sweep,1dff5f7bbac0,28,0,loopback,qwen2.5:3b,short,0,0,c024.1,1789624213.300551,1789624214.083063,28.978,782.327,0.213,28.931,74,75,96.901,1,,,8.66,e47b79d6
m6-sweep,a6eeddfccdde,29,0,loopback,qwen2.5:3b,short,0,0,c024.1,1789624214.583331,1789624215.443781,35.49,860.335,0.131,35.395,81,82,96.988,1,,,8.66,73ee8933
m6-sweep,e211200ce73f,30,0,loopback,qwen2.5:3b,short,0,0,c024.1,1789624215.943996,1789624216.906552,29.746,962.319,0.124,29.7,90,91,95.435,1,,,8.66,feb2bf2f
m6-sweep,81f523f446d3,31,0,loopback,qwen2.5:3b,short,0,0,c024.1,1789624217.40685,1789624218.022357,34.371,615.222,0.153,34.306,56,57,94.689,1,,,8.44,26a00fad
m6-sweep,a83dd4c2d1b2,32,0,loopback,qwen2.5:3b,short,0,0,c024.1,1789624218.522585,1789624219.36448,34.581,841.771,0.153,34.523,78,79,95.393,1,,,8.44,c0d7ee9f
m6-sweep,333227b59483,33,0,loopback,qwen2.5:3b,short,0,0,c024.1,1789624219.864844,1789624220.511077,25.915,646.011,0.136,25.811,60,61,95.147,1,,,8.44,ffa9204c
m6-sweep,75862c4f0e35,34,0,loopback,qwen2.5:3b,short,0,0,c024.1,1789624221.011253,1789624221.752291,32.203,740.907,0.155,32.132,69,70,95.95,1,,,8.44,051d0bb0
m6-sweep,51880112c483,35,0,loopback,qwen2.5:3b,short,0,0,c024.1,1789624222.252517,1789624222.816624,29.025,563.976,0.158,28.981,52,53,95.336,1,,,9.13,e10ba003
m6-sweep,bbcbe6466cf6,36,0,loopback,qwen2.5:3b,short,0,0,c024.1,1789624223.316886,1789624224.065204,27.063,748.189,0.176,27.01,70,71,95.684,1,,,9.13,7edfb7b2
m6-sweep,1987f9b64e88,37,0,loopback,qwen2.5:3b,short,0,0,c024.1,1789624224.565452,1789624225.550039,33.234,984.48,0.135,33.183,93,94,96.715,1,,,9.13,4aaf6357
m6-sweep,72bd25b47b76,38,0,loopback,qwen2.5:3b,short,0,0,c024.1,1789624226.050254,1789624226.871183,28.103,820.812,0.145,28.045,77,78,95.874,1,,,9.13,14abd69b
m6-sweep,a34050165ff4,39,0,loopback,qwen2.5:3b,short,0,0,c024.1,1789624227.371357,1789624228.165725,29.444,794.264,0.152,29.377,75,76,96.755,1,,,8.72,4a7d6576
m6-sweep,636bc4702d0d,40,0,loopback,qwen2.5:3b,short,0,0,c024.1,1789624228.665944,1789624229.275414,33.071,609.307,0.128,33.013,56,57,95.447,1,,,8.72,26bfea05
m6-sweep,7eb3bdf43a22,41,0,loopback,qwen2.5:3b,short,0,0,c024.1,1789624229.775723,1789624230.641869,26.992,865.908,0.162,26.936,82,83,96.553,1,,,8.72,90e9b127
m6-sweep,4beb8c4833eb,42,0,loopback,qwen2.5:3b,short,0,0,c024.1,1789624231.142165,1789624231.998567,31.328,856.276,0.135,31.292,81,82,96.976,1,,,8.72,5f296192
m6-sweep,db6666ad95ae,43,0,loopback,qwen2.5:3b,short,0,0,c024.1,1789624232.498788,1789624233.371063,27.114,872.155,0.177,27.058,83,84,97.037,1,,,8.26,4caebd13
m6-sweep,165da9653150,44,0,loopback,qwen2.5:3b,short,0,0,c024.1,1789624233.880097,1789624234.565336,31.817,685.007,0.134,31.782,64,65,96.45,1,,,8.26,4946ba4c
m6-sweep,8185f0f248e3,45,0,loopback,qwen2.5:3b,short,0,0,c024.1,1789624235.065665,1789624236.021349,33.756,955.529,0.13,33.657,90,91,96.553,1,,,8.26,32fe1eab
m6-sweep,7bfdc513eea8,46,0,loopback,qwen2.5:3b,short,0,0,c024.1,1789624236.521571,1789624237.468933,29.675,947.252,0.139,29.626,90,91,96.995,1,,,9.04,b878fcd0
m6-sweep,e5d69c842e5c,47,0,loopback,qwen2.5:3b,short,0,0,c024.1,1789624237.969141,1789624238.621317,29.286,652.066,0.17,29.218,61,62,96.342,1,,,9.04,ab9d8abb
m6-sweep,bcf862096985,48,0,loopback,qwen2.5:3b,short,0,0,c024.1,1789624239.121533,1789624239.681531,29.636,559.877,0.119,29.581,52,53,96.183,1,,,9.04,364f4507
m6-sweep,1aec160a42b1,49,0,loopback,qwen2.5:3b,short,0,0,c024.1,1789624240.18175,1789624240.742813,29.259,560.932,0.127,29.195,52,53,95.924,1,,,9.04,22ccf3b0
m6-sweep,14835f3ece48,50,0,loopback,qwen2.5:3b,short,0,0,c024.1,1789624241.243081,1789624242.029663,26.323,786.459,0.14,26.261,74,75,96.035,1,,,9.04,18f6e78a
m6-sweep,83e412026cf6,51,0,loopback,qwen2.5:3b,short,0,0,c024.1,1789624242.52987,1789624243.080156,27.98,550.149,0.136,27.931,51,52,95.754,1,,,8.56,849434f3
m6-sweep,ba93fe9e6e2a,52,0,loopback,qwen2.5:3b,short,0,0,c024.1,1789624243.580455,1789624244.481394,24.652,900.832,0.136,24.6,85,86,95.871,1,,,8.56,978eedc9
m6-sweep,d82e705289f8,0,1,loopback,qwen2.5:0.5b,short,0,0,c025.1,1789624245.16284,1789624247.883438,2620.877,2720.49,1.53,2620.836,24,25,230.893,1,,,8.11,2bde783b
m6-sweep,5f6a82a1f468,1,1,loopback,qwen2.5:0.5b,short,0,0,c025.1,1789624248.383688,1789624248.491879,15.753,108.076,0.134,15.718,24,25,249.126,1,,,8.11,b2af5ee5
m6-sweep,c025af9c7755,2,1,loopback,qwen2.5:0.5b,short,0,0,c025.1,1789624248.993974,1789624249.106564,18.83,112.42,0.222,18.785,24,25,245.753,1,,,8.11,dc8f5ac9
m6-sweep,f806f99dacec,3,0,loopback,qwen2.5:0.5b,short,0,0,c025.1,1789624249.606929,1789624249.725909,16.755,118.858,0.139,16.719,27,28,254.645,1,,,8.11,258a1f8c
m6-sweep,e61011450eea,4,0,loopback,qwen2.5:0.5b,short,0,0,c025.1,1789624250.226129,1789624250.414258,15.823,187.981,0.197,15.783,47,48,267.196,1,,,8.11,9f10cc3a
m6-sweep,fee2d271633e,5,0,loopback,qwen2.5:0.5b,short,0,0,c025.1,1789624250.914489,1789624251.020041,19.597,105.422,0.217,19.562,24,25,267.989,1,,,8.11,73a553c9
m6-sweep,ed43407b269b,6,0,loopback,qwen2.5:0.5b,short,0,0,c025.1,1789624251.520322,1789624251.628321,19.265,107.864,0.16,19.23,25,26,270.883,1,,,8.11,6730716d
m6-sweep,5f7bf4688af6,7,0,loopback,qwen2.5:0.5b,short,0,0,c025.1,1789624252.128563,1789624252.232345,19.19,103.626,0.168,19.141,24,25,272.396,1,,,8.11,9b97365b
m6-sweep,ea641bea3e33,8,0,loopback,qwen2.5:0.5b,short,0,0,c025.1,1789624252.73296,1789624252.844025,18.273,110.954,0.123,18.238,24,25,248.163,1,,,8.58,b71e3a52
m6-sweep,43b96ae2027d,9,0,loopback,qwen2.5:0.5b,short,0,0,c025.1,1789624253.34427,1789624253.450413,16.703,106.025,0.137,16.659,23,24,246.3,1,,,8.58,a13cd08e
m6-sweep,645270e9a4e0,10,0,loopback,qwen2.5:0.5b,short,0,0,c025.1,1789624253.950677,1789624254.08879,17.031,138.008,0.131,16.989,31,32,247.98,1,,,8.58,47013811
m6-sweep,cda09fadc7e4,11,0,loopback,qwen2.5:0.5b,short,0,0,c025.1,1789624254.589028,1789624254.72172,15.294,132.589,0.133,15.252,31,32,255.765,1,,,8.58,3f0398ac
m6-sweep,39e44d7a7b26,12,0,loopback,qwen2.5:0.5b,short,0,0,c025.1,1789624255.221947,1789624255.326086,14.997,104.011,0.134,14.955,23,24,247.154,1,,,8.58,daeb6ac6
m6-sweep,47cc3fe2ea48,13,0,loopback,qwen2.5:0.5b,short,0,0,c025.1,1789624255.826344,1789624255.942755,19.809,116.262,0.135,19.766,24,25,238.459,1,,,8.58,7c1a9b89
m6-sweep,05e5203e04cf,14,0,loopback,qwen2.5:0.5b,short,0,0,c025.1,1789624256.443025,1789624256.558306,22.625,115.162,0.125,22.588,24,25,248.55,1,,,8.58,9ebd0d28
m6-sweep,64b10cb9546d,15,0,loopback,qwen2.5:0.5b,short,0,0,c025.1,1789624257.058525,1789624257.167598,17.024,108.941,0.14,16.965,24,25,250.225,1,,,8.58,4710fee8
m6-sweep,5fb7c460ab9e,16,0,loopback,qwen2.5:0.5b,short,0,0,c025.1,1789624257.66786,1789624257.78067,20.317,112.692,0.13,20.264,24,25,248.986,1,,,9.10,9a39bd91
m6-sweep,517b3ff40c48,17,0,loopback,qwen2.5:0.5b,short,0,0,c025.1,1789624258.281055,1789624258.399186,19.45,118.014,0.134,19.402,26,27,253.641,1,,,9.10,a1bbc2be
m6-sweep,0115459ffa1b,18,0,loopback,qwen2.5:0.5b,short,0,0,c025.1,1789624258.899406,1789624259.011743,18.712,112.234,0.128,18.625,24,25,245.933,1,,,9.10,e5e19aef
m6-sweep,3c4ec5b93a26,19,0,loopback,qwen2.5:0.5b,short,0,0,c025.1,1789624259.511971,1789624259.620948,15.466,108.874,0.139,15.41,24,25,246.23,1,,,9.10,d78ef7a7
m6-sweep,11d9aec44cfc,20,0,loopback,qwen2.5:0.5b,short,0,0,c025.1,1789624260.121162,1789624260.235617,21.363,114.336,0.188,21.324,24,25,247.383,1,,,9.10,c8af15f8
m6-sweep,c9ce5fe2765f,21,0,loopback,qwen2.5:0.5b,short,0,0,c025.1,1789624260.745189,1789624260.86701,21.929,121.652,0.163,21.882,26,27,250.695,1,,,9.10,548162f6
m6-sweep,5fdd4dc3c1b3,22,0,loopback,qwen2.5:0.5b,short,0,0,c025.1,1789624261.367369,1789624261.48106,17.872,113.581,0.169,17.821,25,26,250.759,1,,,9.10,f115f6ed
m6-sweep,748383bbf056,23,0,loopback,qwen2.5:0.5b,short,0,0,c025.1,1789624261.981281,1789624262.092327,19.68,110.917,0.126,19.634,24,25,252.091,1,,,9.10,15f6d720
m6-sweep,14e2df298965,24,0,loopback,qwen2.5:0.5b,short,0,0,c025.1,1789624262.592553,1789624262.729435,19.18,136.778,0.139,19.143,31,32,255.108,1,,,8.77,84485b56
m6-sweep,b83d69b878aa,25,0,loopback,qwen2.5:0.5b,short,0,0,c025.1,1789624263.229651,1789624263.340158,19.345,110.396,0.194,19.306,24,25,252.603,1,,,8.77,1d6c9945
m6-sweep,fb9732756a6c,26,0,loopback,qwen2.5:0.5b,short,0,0,c025.1,1789624263.840374,1789624263.949242,14.823,108.74,0.169,14.779,24,25,244.898,1,,,8.77,0681d1dc
m6-sweep,4a30d0440a7f,27,0,loopback,qwen2.5:0.5b,short,0,0,c025.1,1789624264.449441,1789624264.564863,22.483,115.304,0.133,22.44,24,25,247.786,1,,,8.77,d5e867e0
m6-sweep,78a30eba9e40,28,0,loopback,qwen2.5:0.5b,short,0,0,c025.1,1789624265.065081,1789624265.179255,21.212,114.005,0.167,21.164,24,25,247.863,1,,,8.77,8045bde3
m6-sweep,50126baaaa2a,29,0,loopback,qwen2.5:0.5b,short,0,0,c025.1,1789624265.679498,1789624265.791389,17.731,111.779,0.145,17.674,24,25,244.556,1,,,8.77,9db65624
m6-sweep,81dc28461a91,30,0,loopback,qwen2.5:0.5b,short,0,0,c025.1,1789624266.291599,1789624266.401752,16.311,110.051,0.123,16.258,24,25,245.358,1,,,8.77,2b64d61c
m6-sweep,377e22e9fdf9,31,0,loopback,qwen2.5:0.5b,short,0,0,c025.1,1789624266.901949,1789624267.012108,18.418,109.968,0.216,18.378,24,25,251.229,1,,,8.77,e2aaf7c2
m6-sweep,f39df9930a72,32,0,loopback,qwen2.5:0.5b,short,0,0,c025.1,1789624267.512367,1789624267.64599,19.597,133.464,0.134,19.563,30,31,254.683,1,,,8.15,10d2245f
m6-sweep,e1539cf790a0,33,0,loopback,qwen2.5:0.5b,short,0,0,c025.1,1789624268.146269,1789624268.283027,16.056,136.649,0.141,15.998,31,32,248.771,1,,,8.15,fd1c4d54
m6-sweep,3be979e10494,34,0,loopback,qwen2.5:0.5b,short,0,0,c025.1,1789624268.783262,1789624268.901161,21.758,117.771,0.167,21.723,24,25,239.55,1,,,8.15,50c58df1
m6-sweep,c2dad9eb14db,35,0,loopback,qwen2.5:0.5b,short,0,0,c025.1,1789624269.401398,1789624269.51206,22.718,110.553,0.164,22.665,23,24,250.471,1,,,8.15,dae86dad
m6-sweep,8ddf5acf727e,36,0,loopback,qwen2.5:0.5b,short,0,0,c025.1,1789624270.012228,1789624270.147979,17.815,135.649,0.135,17.769,31,32,254.597,1,,,8.15,53f52185
m6-sweep,46c52bba1458,37,0,loopback,qwen2.5:0.5b,short,0,0,c025.1,1789624270.648177,1789624270.755246,20.132,106.859,0.126,20.091,24,25,265.2,1,,,8.15,b1ba461d
m6-sweep,2ac52481d59a,38,0,loopback,qwen2.5:0.5b,short,0,0,c025.1,1789624271.255498,1789624271.358922,17.834,103.314,0.141,17.783,23,24,257.37,1,,,8.15,d49dd8c3
m6-sweep,22e3e366a476,39,0,loopback,qwen2.5:0.5b,short,0,0,c025.1,1789624271.85907,1789624271.96728,19.323,108.108,0.13,19.285,24,25,259.052,1,,,8.15,5bca289a
m6-sweep,c31749ef0a00,40,0,loopback,qwen2.5:0.5b,short,0,0,c025.1,1789624272.467482,1789624272.578367,17.979,110.75,0.148,17.931,24,25,247.92,1,,,7.73,f585ae74
m6-sweep,1b5796c066d6,41,0,loopback,qwen2.5:0.5b,short,0,0,c025.1,1789624273.078637,1789624273.190275,20.647,111.476,0.137,20.603,24,25,253.224,1,,,7.73,cbf76a02
m6-sweep,d6fd2e0f06f1,42,0,loopback,qwen2.5:0.5b,short,0,0,c025.1,1789624273.690539,1789624273.80155,18.808,110.908,0.131,18.75,24,25,249.73,1,,,7.73,70b18a05
m6-sweep,0ac791cde082,43,0,loopback,qwen2.5:0.5b,short,0,0,c025.1,1789624274.301768,1789624274.410143,16.332,108.287,0.134,16.296,24,25,250.122,1,,,7.73,af7d6236
m6-sweep,cc3813bc02a6,44,0,loopback,qwen2.5:0.5b,short,0,0,c025.1,1789624274.910403,1789624275.020305,16.592,109.784,0.15,16.554,24,25,246.801,1,,,7.73,df4d755c
m6-sweep,f01ef1d9c2d6,45,0,loopback,qwen2.5:0.5b,short,0,0,c025.1,1789624275.520562,1789624275.631418,18.115,110.75,0.155,18.049,24,25,248.286,1,,,7.73,bac02b76
m6-sweep,efdb8b08f015,46,0,loopback,qwen2.5:0.5b,short,0,0,c025.1,1789624276.131666,1789624276.260709,21.751,128.961,0.132,21.689,28,29,251.843,1,,,7.73,10241c77
m6-sweep,0ddc92851086,47,0,loopback,qwen2.5:0.5b,short,0,0,c025.1,1789624276.760912,1789624276.882411,25.931,121.326,0.197,25.872,25,26,251.586,1,,,7.73,3c3130cc
m6-sweep,133fa18b0c7f,48,0,loopback,qwen2.5:0.5b,short,0,0,c025.1,1789624277.382634,1789624277.499892,19.646,117.126,0.127,19.602,24,25,235.945,1,,,8.00,0c89393c
m6-sweep,54ee217b3bb5,49,0,loopback,qwen2.5:0.5b,short,0,0,c025.1,1789624278.000126,1789624278.112021,18.875,111.779,0.177,18.814,24,25,247.567,1,,,8.00,f208c596
m6-sweep,c930aa1758b6,50,0,loopback,qwen2.5:0.5b,short,0,0,c025.1,1789624278.612235,1789624278.816197,17.782,203.836,0.123,17.739,50,51,263.365,1,,,8.00,86db8437
m6-sweep,bd78564761db,51,0,loopback,qwen2.5:0.5b,short,0,0,c025.1,1789624279.316416,1789624279.421162,19.957,104.636,0.138,19.905,24,25,271.613,1,,,8.00,d45777bf
m6-sweep,cc0a72cded0a,52,0,loopback,qwen2.5:0.5b,short,0,0,c025.1,1789624279.921366,1789624280.02752,20.59,105.989,0.172,20.522,24,25,269.322,1,,,8.00,5f5b8c8b
m6-sweep,ed79723bd5ef,0,1,ran,qwen2.5:3b,long,20,0,c026.1,1789624281.682856,1789624286.271063,3115.096,4588.088,31.327,3115.046,110,111,73.999,1,,,7.68,97cb1384
m6-sweep,d0f3073b0b18,1,1,ran,qwen2.5:3b,long,20,0,c026.1,1789624286.771337,1789624288.390579,190.529,1619.124,37.755,190.48,127,128,88.199,1,,,7.62,c59a1cb9
m6-sweep,bf049b57837d,2,1,ran,qwen2.5:3b,long,20,0,c026.1,1789624288.890863,1789624291.167112,192.457,2276.128,34.288,192.421,103,104,48.952,1,,,7.62,3979720d
m6-sweep,76a07a8b1cc8,3,0,ran,qwen2.5:3b,long,20,0,c026.1,1789624291.667388,1789624293.492018,305.251,1824.52,30.606,305.215,110,111,71.745,1,,,7.17,a31628e5
m6-sweep,a816c1a3f93a,4,0,ran,qwen2.5:3b,long,20,0,c026.1,1789624293.992235,1789624299.451754,2238.903,5459.412,2063.074,2238.867,122,123,37.572,1,,,7.08,08a3684c
m6-sweep,dc73be7bba74,5,0,ran,qwen2.5:3b,long,20,0,c026.1,1789624299.951937,1789624301.068015,200.711,1115.9,31.941,200.677,80,81,86.321,1,,,7.08,ae56d4f7
m6-sweep,0787bd852ab1,6,0,ran,qwen2.5:3b,long,20,0,c026.1,1789624301.568396,1789624303.944355,1189.162,2375.824,1033.222,1189.094,83,84,69.101,1,,,6.91,db3fbcfe
m6-sweep,050b5c8e8b21,7,0,ran,qwen2.5:3b,long,20,0,c026.1,1789624304.444614,1789624306.845134,1758.572,2400.334,1022.708,1758.525,110,111,169.845,1,,,6.91,d80b57fd
m6-sweep,854d35ef633f,8,0,ran,qwen2.5:3b,long,20,0,c026.1,1789624307.345421,1789624310.152074,1236.553,2806.527,1061.23,1236.519,121,122,76.434,1,,,6.52,e72bffcf
m6-sweep,28ae32cd75f7,9,0,ran,qwen2.5:3b,long,20,0,c026.1,1789624310.652291,1789624312.667521,186.895,2015.12,32.27,186.858,107,108,57.98,1,,,6.47,ebd7447b
m6-sweep,728c69a4ddd4,10,0,ran,qwen2.5:3b,long,20,0,c026.1,1789624313.16777,1789624315.507312,1002.245,2339.402,30.296,1002.209,116,117,86.003,1,,,6.47,ec7bd5fd
m6-sweep,79f16d5777a0,11,0,ran,qwen2.5:3b,long,20,0,c026.1,1789624316.007608,1789624321.211277,3614.369,5203.562,1041.278,3614.333,115,116,71.735,1,,,6.36,5a8a4765
m6-sweep,438493c9dc2d,12,0,ran,qwen2.5:3b,long,20,0,c026.1,1789624321.711505,1789624323.314671,530.156,1603.038,22.846,530.122,102,103,94.139,1,,,6.09,b5a6e644
m6-sweep,04da8a288cfb,13,0,ran,qwen2.5:3b,long,20,0,c026.1,1789624323.814945,1789624325.068109,185.564,1253.054,29.495,185.531,81,82,74.942,1,,,6.09,cd2239fe
m6-sweep,b1f14d9cee84,14,0,ran,qwen2.5:3b,long,20,0,c026.1,1789624325.568317,1789624328.752454,1185.558,3184.006,1031.044,1185.517,80,81,39.531,1,,,6.80,e85f11df
m6-sweep,a777b79cd0a5,15,0,ran,qwen2.5:3b,long,20,0,c026.1,1789624329.252682,1789624330.944149,193.239,1691.35,20.829,193.194,113,114,74.761,1,,,6.80,2fd3e5ca
m6-sweep,dc780a3c7298,16,0,ran,qwen2.5:3b,long,20,0,c026.1,1789624331.444369,1789624336.371143,1179.246,4926.667,1031.092,1179.195,115,116,30.421,1,,,6.66,a210cb7a
m6-sweep,c900e755fd34,17,0,ran,qwen2.5:3b,long,20,0,c026.1,1789624336.871352,1789624338.61397,203.06,1742.51,30.789,203.009,79,80,50.667,1,,,7.65,e0751bb4
m6-sweep,b64e4f06dee8,18,0,ran,qwen2.5:3b,long,20,0,c026.1,1789624339.114205,1789624340.589585,243.246,1475.251,23.797,243.209,101,102,81.168,1,,,7.65,2455ed5d
m6-sweep,2e9b1959a0a4,19,0,ran,qwen2.5:3b,long,20,0,c026.1,1789624341.090019,1789624343.862238,1328.456,2772.077,1033.048,1328.413,105,106,72.041,1,,,7.35,22b9a1d1
m6-sweep,041128dfe650,20,0,ran,qwen2.5:3b,long,20,0,c026.1,1789624344.362431,1789624345.737253,206.846,1374.709,31.438,206.807,113,114,95.902,1,,,7.35,98277fac
m6-sweep,af759e3446ad,21,0,ran,qwen2.5:3b,long,20,0,c026.1,1789624346.248409,1789624348.823981,1194.085,2575.36,1042.748,1194.042,92,93,65.881,1,,,7.16,1f06d4df
m6-sweep,d630446674ac,22,0,ran,qwen2.5:3b,long,20,0,c026.1,1789624349.324283,1789624351.794868,946.562,2470.468,35.035,946.525,119,120,77.433,1,,,7.16,bd300fb7
m6-sweep,1ed3f49f0e4e,23,0,ran,qwen2.5:3b,long,20,0,c026.1,1789624352.295124,1789624353.697033,173.887,1401.802,23.811,173.821,111,112,89.583,1,,,6.99,fd55985b
m6-sweep,73d97175979b,24,0,ran,qwen2.5:3b,long,20,0,c026.1,1789624354.197265,1789624356.019083,167.508,1821.711,12.053,167.472,101,102,60.452,1,,,6.99,dffd937f
m6-sweep,0cea415219a7,25,0,ran,qwen2.5:3b,long,20,0,c026.1,1789624356.519399,1789624358.652545,1191.03,2133.039,1024.308,1190.993,79,80,82.802,1,,,6.59,1c6eeef9
m6-sweep,6d514b30db9e,26,0,ran,qwen2.5:3b,long,20,0,c026.1,1789624359.152761,1789624363.03507,1233.441,3882.202,1058.053,1233.37,114,115,42.661,1,,,6.38,077d8767
m6-sweep,9ce99c84758a,27,0,ran,qwen2.5:3b,long,20,0,c026.1,1789624363.535286,1789624367.152542,1968.379,3617.159,31.731,1968.344,94,95,56.405,1,,,6.38,4fd956ad
m6-sweep,ce41360931b2,28,0,ran,qwen2.5:3b,long,20,0,c026.1,1789624367.65275,1789624369.394484,186.904,1741.639,32.013,186.869,123,124,78.47,1,,,6.11,dcf57b31
m6-sweep,d04fe9ca4d83,29,0,ran,qwen2.5:3b,long,20,0,c026.1,1789624369.894693,1789624371.431626,183.416,1536.82,33.304,183.378,99,100,72.41,1,,,6.11,e6e17c0e
m6-sweep,70fe8afb30bf,30,0,ran,qwen2.5:3b,long,20,0,c026.1,1789624371.931875,1789624374.555338,176.063,2623.355,28.917,176.026,128,128,51.894,1,,,6.90,1d645577
m6-sweep,40cfd87a498f,31,0,ran,qwen2.5:3b,long,20,0,c026.1,1789624375.055545,1789624378.411541,1244.194,3355.867,1047.891,1244.156,112,113,52.565,1,,,7.87,6969bab3
m6-sweep,9c1740d8a890,32,0,ran,qwen2.5:3b,long,20,0,c026.1,1789624378.91177,1789624381.526888,1242.945,2615.002,1040.587,1242.909,123,124,88.918,1,,,7.87,87efe445
m6-sweep,6a8d168a0754,33,0,ran,qwen2.5:3b,long,20,0,c026.1,1789624382.027107,1789624383.436165,171.902,1408.902,26.014,171.853,110,111,88.116,1,,,8.76,73aa90be
m6-sweep,409d79759ee8,34,0,ran,qwen2.5:3b,long,20,0,c026.1,1789624383.936429,1789624385.347649,174.403,1411.023,19.099,174.359,116,117,92.995,1,,,8.76,19ebb08a
m6-sweep,420c58a62793,35,0,ran,qwen2.5:3b,long,20,0,c026.1,1789624385.847944,1789624388.779487,331.126,2931.426,33.16,331.092,92,93,34.996,1,,,8.62,7a8c23aa
m6-sweep,b4a12e6cfdb2,36,0,ran,qwen2.5:3b,long,20,0,c026.1,1789624389.279701,1789624391.669204,368.845,2389.401,39.538,368.809,79,80,38.603,1,,,8.62,8a9f17f1
m6-sweep,784ce99ec597,37,0,ran,qwen2.5:3b,long,20,0,c026.1,1789624392.169396,1789624394.539033,182.478,2369.521,15.397,182.435,81,82,36.579,1,,,8.57,cd03fd67
m6-sweep,f98624cb055f,38,0,ran,qwen2.5:3b,long,20,0,c026.1,1789624395.03922,1789624397.318578,1303.875,2279.19,1032.754,1303.818,92,93,93.303,1,,,8.57,2750697c
m6-sweep,5d07209a224c,39,0,ran,qwen2.5:3b,long,20,0,c026.1,1789624397.818896,1789624399.844213,201.511,2025.197,20.825,201.475,77,78,41.674,1,,,9.01,2e04e1a2
m6-sweep,d5f5dcef96fa,40,0,ran,qwen2.5:3b,long,20,0,c026.1,1789624400.344435,1789624401.774511,178.371,1429.986,32.502,178.335,111,112,87.886,1,,,9.01,8fb82b6d
m6-sweep,fccacc4f399e,41,0,ran,qwen2.5:3b,long,20,0,c026.1,1789624402.274724,1789624404.38738,471.526,2112.549,33.059,471.487,117,118,70.688,1,,,8.37,3011e201
m6-sweep,619e3906d29f,42,0,ran,qwen2.5:3b,long,20,0,c026.1,1789624404.887628,1789624408.842791,2328.457,3955.068,2087.986,2328.42,79,80,47.952,1,,,9.22,ffc3fc7a
m6-sweep,4966e26ddc12,43,0,ran,qwen2.5:3b,long,20,0,c026.1,1789624409.342991,1789624412.556231,1213.551,3213.126,1039.322,1213.516,119,120,59.013,1,,,9.22,3c0557a4
m6-sweep,523055d8bf3a,44,0,ran,qwen2.5:3b,long,20,0,c026.1,1789624413.056527,1789624418.043465,3440.228,4986.833,1050.96,3440.19,127,128,81.469,1,,,8.56,94468aec
m6-sweep,e374db4e10c1,45,0,ran,qwen2.5:3b,long,20,0,c026.1,1789624418.544614,1789624422.447342,250.115,3902.624,32.638,250.081,122,123,33.128,1,,,8.56,064e5bab
m6-sweep,0f7f9536a501,46,0,ran,qwen2.5:3b,long,20,0,c026.1,1789624422.947556,1789624425.403804,1250.165,2456.121,1034.93,1250.13,79,80,64.679,1,,,8.12,49839ebb
m6-sweep,088312e7010d,47,0,ran,qwen2.5:3b,long,20,0,c026.1,1789624425.904039,1789624427.709022,463.319,1804.859,20.308,463.277,111,112,81.995,1,,,7.79,fb4bc054
m6-sweep,b00cbf2a9e7e,48,0,ran,qwen2.5:3b,long,20,0,c026.1,1789624428.209244,1789624429.901954,337.229,1692.6,30.031,337.1,103,104,75.256,1,,,7.79,4b5ebdc1
m6-sweep,f6d1d0f4a353,49,0,ran,qwen2.5:3b,long,20,0,c026.1,1789624430.402227,1789624432.409468,178.043,2007.135,30.364,178.009,79,80,42.644,1,,,7.79,47877abb
m6-sweep,dbc7bb088047,50,0,ran,qwen2.5:3b,long,20,0,c026.1,1789624432.909672,1789624434.446474,175.757,1536.598,31.812,175.722,114,115,83.037,1,,,7.64,6b9e7446
m6-sweep,b6836c08045a,51,0,ran,qwen2.5:3b,long,20,0,c026.1,1789624434.946751,1789624436.636457,187.567,1689.572,36.623,187.498,110,111,72.57,1,,,7.64,5976de1e
m6-sweep,26cffc9adf2f,52,0,ran,qwen2.5:3b,long,20,0,c026.1,1789624437.136669,1789624439.316772,239.799,2179.974,22.112,239.762,107,108,54.634,1,,,7.43,9a02fe51
m6-sweep,d405150d8816,0,1,ran,qwen2.5:3b,short,0,100,c027.1,1789624441.858457,1789624442.909593,505.398,1051.035,224.617,505.356,52,53,93.469,1,,,8.20,20ce7a8d
m6-sweep,aff7a5fc3a09,1,1,ran,qwen2.5:3b,short,0,100,c027.1,1789624443.409958,1789624444.49887,489.983,1088.777,227.93,489.946,58,59,95.191,1,,,8.20,5c312cfa
m6-sweep,f724e21b6363,2,1,ran,qwen2.5:3b,short,0,100,c027.1,1789624444.999131,1789624446.17767,497.115,1178.416,232.256,497.082,66,67,95.406,1,,,8.20,dbace093
m6-sweep,8275c4086740,3,0,ran,qwen2.5:3b,short,0,100,c027.1,1789624446.677967,1789624447.76053,505.715,1082.437,235.372,505.681,56,57,95.367,1,,,8.26,8f036a88
m6-sweep,637f83354048,4,0,ran,qwen2.5:3b,short,0,100,c027.1,1789624448.260831,1789624449.791458,511.254,1530.542,238.732,511.21,99,100,96.146,1,,,8.26,00828d90
m6-sweep,ad4c44b509df,5,0,ran,qwen2.5:3b,short,0,100,c027.1,1789624450.29166,1789624451.638782,503.153,1347.005,237.192,503.117,82,83,95.988,1,,,8.26,155e6d21
m6-sweep,1ffec5789bca,6,0,ran,qwen2.5:3b,short,0,100,c027.1,1789624452.139055,1789624453.429458,491.819,1290.283,229.001,491.785,78,79,96.435,1,,,7.92,2aafa3d5
m6-sweep,a4be8a934a6f,7,0,ran,qwen2.5:3b,short,0,100,c027.1,1789624453.929885,1789624455.249532,488.241,1319.557,223.87,488.199,81,82,96.233,1,,,7.92,b38d537f
m6-sweep,c24f5dc5191a,8,0,ran,qwen2.5:3b,short,0,100,c027.1,1789624455.749729,1789624457.252167,484.756,1502.351,221.083,484.722,99,100,96.305,1,,,7.92,790dcd70
m6-sweep,9ce31e9de0f1,9,0,ran,qwen2.5:3b,short,0,100,c027.1,1789624457.752378,1789624458.845363,489.023,1092.882,225.063,488.989,59,60,96.049,1,,,7.45,3ff939a6
m6-sweep,7307776a0e6f,10,0,ran,qwen2.5:3b,short,0,100,c027.1,1789624459.34561,1789624460.47943,490.446,1133.738,226.623,490.411,63,64,96.379,1,,,7.45,13445133
m6-sweep,e35df19b9e10,11,0,ran,qwen2.5:3b,short,0,100,c027.1,1789624460.979636,1789624462.032743,491.699,1053.021,228.271,491.644,55,56,96.202,1,,,7.45,3f788a03
m6-sweep,c9877325e325,12,0,ran,qwen2.5:3b,short,0,100,c027.1,1789624462.532972,1789624463.563543,499.299,1030.45,237.504,499.253,52,53,96.018,1,,,7.17,b99557bb
m6-sweep,412cf4aa4515,13,0,ran,qwen2.5:3b,short,0,100,c027.1,1789624464.063758,1789624465.081741,483.555,1017.879,222.919,483.512,52,53,95.448,1,,,7.17,07512453
m6-sweep,135baff7e5fb,14,0,ran,qwen2.5:3b,short,0,100,c027.1,1789624465.581988,1789624466.905469,481.986,1323.4,221.757,481.949,82,83,96.266,1,,,7.17,1cd5d52c
m6-sweep,a8cb9b56227c,15,0,ran,qwen2.5:3b,short,0,100,c027.1,1789624467.405678,1789624468.739615,492.283,1333.806,224.938,492.249,82,83,96.254,1,,,6.92,33b25827
m6-sweep,42ee04d8fc99,16,0,ran,qwen2.5:3b,short,0,100,c027.1,1789624469.239883,1789624470.448722,492.265,1208.72,227.487,492.229,70,71,96.308,1,,,6.92,e0f26f35
m6-sweep,905e192949d3,17,0,ran,qwen2.5:3b,short,0,100,c027.1,1789624470.948981,1789624472.06986,489.46,1120.786,227.225,489.417,61,62,95.038,1,,,6.92,f52be98a
m6-sweep,d4c191ada68c,18,0,ran,qwen2.5:3b,short,0,100,c027.1,1789624472.570095,1789624473.684118,500.35,1113.936,236.703,500.142,60,61,96.156,1,,,6.76,a9cf0853
m6-sweep,ecc2701a73fa,19,0,ran,qwen2.5:3b,short,0,100,c027.1,1789624474.184392,1789624475.496022,502.437,1311.54,233.564,502.401,78,79,95.167,1,,,6.76,d26c7a4d
m6-sweep,2139d34dd38c,20,0,ran,qwen2.5:3b,short,0,100,c027.1,1789624475.99628,1789624477.229535,510.569,1233.139,239.553,510.534,70,71,95.493,1,,,6.76,34ea2e44
m6-sweep,b8e5a280c387,21,0,ran,qwen2.5:3b,short,0,100,c027.1,1789624477.729807,1789624478.820581,481.752,1090.689,219.931,481.717,59,60,95.248,1,,,6.54,911ec4eb
m6-sweep,3037d026362e,22,0,ran,qwen2.5:3b,short,0,100,c027.1,1789624479.320814,1789624480.627367,500.845,1306.434,230.686,500.811,78,79,95.582,1,,,6.54,5c431de7
m6-sweep,ec23b626f1ad,23,0,ran,qwen2.5:3b,short,0,100,c027.1,1789624481.127663,1789624482.162607,497.895,1034.831,233.181,497.851,52,53,94.983,1,,,6.54,2c2c6f5d
m6-sweep,00195252fe7b,24,0,ran,qwen2.5:3b,short,0,100,c027.1,1789624482.662846,1789624483.87251,486.856,1209.502,222.076,486.761,70,71,95.482,1,,,6.26,90fef1a4
m6-sweep,c29f5531275d,25,0,ran,qwen2.5:3b,short,0,100,c027.1,1789624484.372773,1789624485.459421,495.114,1086.522,231.273,495.079,52,53,86.235,1,,,6.26,f1c9579e
m6-sweep,00145ae6d57e,26,0,ran,qwen2.5:3b,short,0,100,c027.1,1789624485.959682,1789624487.368788,502.448,1408.975,234.234,502.258,82,83,89.352,1,,,6.26,25d02ad7
m6-sweep,9e2af1c201b2,27,0,ran,qwen2.5:3b,short,0,100,c027.1,1789624487.869131,1789624489.011544,492.998,1142.307,225.99,492.964,63,64,95.486,1,,,6.08,814449c8
m6-sweep,9d0a7accc424,28,0,ran,qwen2.5:3b,short,0,100,c027.1,1789624489.511806,1789624490.829713,499.187,1317.813,236.409,499.154,80,81,96.503,1,,,6.08,01b455dc
m6-sweep,e20aa5fef561,29,0,ran,qwen2.5:3b,short,0,100,c027.1,1789624491.329937,1789624492.621807,483.475,1291.781,220.526,483.441,79,80,96.498,1,,,6.08,eaf8bf63
m6-sweep,3eb5c934bfa6,30,0,ran,qwen2.5:3b,short,0,100,c027.1,1789624493.122025,1789624494.45152,489.689,1329.408,227.495,489.654,82,83,96.461,1,,,5.67,44f5e82c
m6-sweep,e856814ecf30,31,0,ran,qwen2.5:3b,short,0,100,c027.1,1789624494.951747,1789624496.257187,494.968,1305.353,232.122,494.933,75,76,91.315,1,,,5.67,0a229e80
m6-sweep,fe3de48b016e,32,0,ran,qwen2.5:3b,short,0,100,c027.1,1789624496.757434,1789624497.966991,491.112,1209.442,225.085,491.079,70,71,96.056,1,,,6.42,f44c5785
m6-sweep,c43a4c05db1b,33,0,ran,qwen2.5:3b,short,0,100,c027.1,1789624498.467434,1789624499.678783,492.31,1211.225,226.14,492.276,70,71,95.978,1,,,6.42,b4ce5140
m6-sweep,264a1857eba2,34,0,ran,qwen2.5:3b,short,0,100,c027.1,1789624500.179071,1789624501.294291,487.321,1115.107,224.706,487.283,61,62,95.574,1,,,6.42,530a3e43
m6-sweep,c169101a46e2,35,0,ran,qwen2.5:3b,short,0,100,c027.1,1789624501.794487,1789624502.848322,490.2,1053.74,222.531,490.159,55,56,95.823,1,,,6.22,9fc294b4
m6-sweep,ecdbfba4452e,36,0,ran,qwen2.5:3b,short,0,100,c027.1,1789624503.348589,1789624504.425337,501.098,1076.618,238.594,501.056,56,57,95.566,1,,,6.22,a7150e6c
m6-sweep,bdf46ab28f7e,37,0,ran,qwen2.5:3b,short,0,100,c027.1,1789624504.925632,1789624505.901776,497.875,976.052,238.633,497.841,43,44,87.834,1,,,6.22,74620cea
m6-sweep,0d04e0301c51,38,0,ran,qwen2.5:3b,short,0,100,c027.1,1789624506.401967,1789624507.373553,492.789,971.5,229.62,492.747,41,42,83.558,1,,,6.22,85dcc99c
m6-sweep,4a97623183fb,39,0,ran,qwen2.5:3b,short,0,100,c027.1,1789624507.874137,1789624509.247887,492.411,1373.654,231.59,492.375,85,86,95.32,1,,,5.96,fa47de1f
m6-sweep,4e0326f44130,40,0,ran,qwen2.5:3b,short,0,100,c027.1,1789624509.74812,1789624511.025694,493.462,1277.487,223.612,493.426,70,71,88.007,1,,,5.96,4b969375
m6-sweep,c3da6ddd1911,41,0,ran,qwen2.5:3b,short,0,100,c027.1,1789624511.525946,1789624512.867268,505.566,1341.236,240.064,505.523,81,82,95.732,1,,,6.53,6f956cb3
m6-sweep,ea12731af2c7,42,0,ran,qwen2.5:3b,short,0,100,c027.1,1789624513.367483,1789624514.481545,484.645,1113.945,220.003,484.602,56,57,87.399,1,,,6.53,54deb8aa
m6-sweep,d35c47d9e8a9,43,0,ran,qwen2.5:3b,short,0,100,c027.1,1789624514.981905,1789624516.402416,484.022,1420.425,220.165,483.959,85,86,89.705,1,,,6.53,c3b67fb2
m6-sweep,e77daf83e315,44,0,ran,qwen2.5:3b,short,0,100,c027.1,1789624516.902647,1789624517.952307,493.133,1049.561,225.778,493.065,54,55,95.25,1,,,6.16,a12803dd
m6-sweep,a5538086f77d,45,0,ran,qwen2.5:3b,short,0,100,c027.1,1789624518.452515,1789624519.970428,496.545,1517.813,235.595,496.509,99,100,95.959,1,,,6.16,cc8dda13
m6-sweep,d04c5b06ccec,46,0,ran,qwen2.5:3b,short,0,100,c027.1,1789624520.470616,1789624521.525608,493.208,1054.894,228.174,493.174,55,56,96.139,1,,,6.16,0e9b57bd
m6-sweep,51efafd6e396,47,0,ran,qwen2.5:3b,short,0,100,c027.1,1789624522.025815,1789624523.080158,481.633,1054.23,218.647,481.597,56,57,96.054,1,,,6.31,24fc6e35
m6-sweep,153320e4ddfc,48,0,ran,qwen2.5:3b,short,0,100,c027.1,1789624523.580402,1789624524.719099,494.475,1138.601,233.335,494.441,63,64,96.255,1,,,6.31,3f1e59ad
m6-sweep,5800a9df3d2f,49,0,ran,qwen2.5:3b,short,0,100,c027.1,1789624525.219303,1789624526.512275,495.108,1292.849,231.283,495.066,78,79,96.522,1,,,6.31,d759c135
m6-sweep,709be40c96e8,50,0,ran,qwen2.5:3b,short,0,100,c027.1,1789624527.012549,1789624528.100763,481.228,1088.128,219.929,481.193,59,60,95.568,1,,,7.01,ee5a1498
m6-sweep,5e2790f3d0f9,51,0,ran,qwen2.5:3b,short,0,100,c027.1,1789624528.600944,1789624529.678801,503.812,1077.705,233.554,503.777,56,57,95.837,1,,,7.01,7ab055e7
m6-sweep,9bc6ec8e1b05,52,0,ran,qwen2.5:3b,short,0,100,c027.1,1789624530.179123,1789624531.551143,496.474,1371.901,233.085,496.439,85,86,95.953,1,,,7.01,9d3d9182
m6-sweep,75010eaaf237,0,1,ran,qwen2.5:1.5b,long,1,100,c028.1,1789624534.093267,1789624538.189823,3219.081,4096.342,222.286,3219.041,128,128,144.769,1,,,6.79,e0c54f1c
m6-sweep,ba2dbc1b09b5,1,1,ran,qwen2.5:1.5b,long,1,100,c028.1,1789624538.690164,1789624540.826376,1297.204,2136.084,224.399,1297.169,128,128,151.392,1,,,6.79,ebb64e96
m6-sweep,d3506515018f,2,1,ran,qwen2.5:1.5b,long,1,100,c028.1,1789624541.326701,1789624542.68718,550.856,1360.374,231.083,550.807,128,128,156.883,1,,,6.81,de17a60a
m6-sweep,552e44970e8d,3,0,ran,qwen2.5:1.5b,long,1,100,c028.1,1789624543.1874,1789624544.481179,547.799,1293.664,227.062,547.764,114,115,151.502,1,,,6.81,d6e3dd64
m6-sweep,74ce02210f69,4,0,ran,qwen2.5:1.5b,long,1,100,c028.1,1789624544.9814,1789624547.112125,1307.238,2130.627,237.671,1307.163,128,128,154.241,1,,,6.81,dbdeec1b
m6-sweep,3d841b39c585,5,0,ran,qwen2.5:1.5b,long,1,100,c028.1,1789624547.612388,1789624549.71332,1267.353,2100.842,224.18,1267.31,128,128,152.371,1,,,6.34,e0eb0e33
m6-sweep,06790a07fd43,6,0,ran,qwen2.5:1.5b,long,1,100,c028.1,1789624550.213537,1789624551.609718,549.588,1396.089,238.907,549.551,128,128,150.029,1,,,6.34,bd6319d6
m6-sweep,3353058a4daf,7,0,ran,qwen2.5:1.5b,long,1,100,c028.1,1789624552.109921,1789624553.469477,542.196,1359.348,220.406,542.152,128,128,155.418,1,,,6.32,f5a2dea8
m6-sweep,14b6aa9bae2e,8,0,ran,qwen2.5:1.5b,long,1,100,c028.1,1789624553.969779,1789624556.11958,1322.703,2149.705,237.318,1322.668,128,128,153.567,1,,,6.32,3c2aeac8
m6-sweep,1d5417a03a21,9,0,ran,qwen2.5:1.5b,long,1,100,c028.1,1789624556.619814,1789624558.1823,546.323,1562.384,227.372,546.285,128,128,124.992,1,,,7.33,70a1e1b1
m6-sweep,2d9fc3d7804e,10,0,ran,qwen2.5:1.5b,long,1,100,c028.1,1789624558.682506,1789624560.030342,543.676,1347.734,227.163,543.624,128,128,157.949,1,,,7.33,404f0a7a
m6-sweep,dd95c30086c3,11,0,ran,qwen2.5:1.5b,long,1,100,c028.1,1789624560.530591,1789624561.786505,535.882,1255.812,226.588,535.837,113,114,155.571,1,,,7.33,680b9a6e
m6-sweep,9ae9cb26eb45,12,0,ran,qwen2.5:1.5b,long,1,100,c028.1,1789624562.286735,1789624563.644248,551.353,1357.392,230.842,551.318,128,128,157.561,1,,,7.06,754b7a18
m6-sweep,8821e4019531,13,0,ran,qwen2.5:1.5b,long,1,100,c028.1,1789624564.144489,1789624565.491717,542.367,1347.131,221.156,542.314,128,128,157.81,1,,,7.06,f713f57a
m6-sweep,cbc7c7d8fb87,14,0,ran,qwen2.5:1.5b,long,1,100,c028.1,1789624565.991945,1789624567.350522,548.363,1358.478,233.1,548.328,128,128,156.768,1,,,7.06,b8e2a1fb
m6-sweep,18f754ad8825,15,0,ran,qwen2.5:1.5b,long,1,100,c028.1,1789624567.850765,1789624569.199162,540.411,1348.303,226.226,540.371,128,128,157.199,1,,,6.82,211cdf59
m6-sweep,fbf1f9e1727d,16,0,ran,qwen2.5:1.5b,long,1,100,c028.1,1789624569.699335,1789624571.04285,538.091,1343.417,222.959,538.056,128,128,157.7,1,,,6.82,e8fe2b2f
m6-sweep,b6818c69550f,17,0,ran,qwen2.5:1.5b,long,1,100,c028.1,1789624571.543122,1789624572.922538,546.627,1379.323,220.883,546.591,128,128,152.517,1,,,6.83,1bb377fe
m6-sweep,170b2dd2f3b2,18,0,ran,qwen2.5:1.5b,long,1,100,c028.1,1789624573.423103,1789624574.811935,563.519,1388.727,235.261,563.483,128,128,153.901,1,,,6.83,436e9dc3
m6-sweep,0e422db7695d,19,0,ran,qwen2.5:1.5b,long,1,100,c028.1,1789624575.31306,1789624576.894861,559.276,1581.708,236.243,559.241,128,128,124.214,1,,,6.83,b3aa47a8
m6-sweep,c11dc435bf86,20,0,ran,qwen2.5:1.5b,long,1,100,c028.1,1789624577.395127,1789624578.91864,552.028,1523.389,228.364,551.989,128,128,130.744,1,,,6.37,028ebed6
m6-sweep,4bfbb2e1cc54,21,0,ran,qwen2.5:1.5b,long,1,100,c028.1,1789624579.418924,1789624580.782508,555.372,1363.496,232.757,555.228,128,128,157.154,1,,,6.37,f3c5c082
m6-sweep,1affd5473bf9,22,0,ran,qwen2.5:1.5b,long,1,100,c028.1,1789624581.282734,1789624583.391427,548.309,2108.597,224.436,548.266,128,128,81.395,1,,,6.18,bb0a2a2a
m6-sweep,7fb5fcc00d3b,23,0,ran,qwen2.5:1.5b,long,1,100,c028.1,1789624583.891657,1789624585.42988,543.042,1538.114,220.87,543.008,128,128,127.629,1,,,6.18,26745f0b
m6-sweep,31ea5fae1b0c,24,0,ran,qwen2.5:1.5b,long,1,100,c028.1,1789624585.930124,1789624587.304155,554.127,1373.934,232.096,554.09,128,128,154.915,1,,,6.18,9f265a9c
m6-sweep,99cfda3255a9,25,0,ran,qwen2.5:1.5b,long,1,100,c028.1,1789624587.804379,1789624589.161915,553.567,1357.426,231.778,553.53,128,128,157.988,1,,,5.92,da3f549d
m6-sweep,1c6ff609607c,26,0,ran,qwen2.5:1.5b,long,1,100,c028.1,1789624589.662161,1789624591.024586,554.167,1362.318,231.972,554.132,128,128,157.149,1,,,5.92,c5901318
m6-sweep,2b9c46a44ec4,27,0,ran,qwen2.5:1.5b,long,1,100,c028.1,1789624591.524842,1789624592.918662,542.998,1393.706,220.724,542.945,128,128,149.287,1,,,5.85,2fe8e79b
m6-sweep,7fa86f278ff2,28,0,ran,qwen2.5:1.5b,long,1,100,c028.1,1789624593.418822,1789624594.919304,546.566,1500.384,225.9,546.528,128,128,133.149,1,,,5.85,9e3c03cf
m6-sweep,3348cb3c494c,29,0,ran,qwen2.5:1.5b,long,1,100,c028.1,1789624595.419526,1789624596.873121,543.213,1453.507,222.726,543.151,128,128,139.515,1,,,5.85,d433b1c2
m6-sweep,94258ffc9ee3,30,0,ran,qwen2.5:1.5b,long,1,100,c028.1,1789624597.373325,1789624598.646782,546.09,1273.364,225.404,546.054,113,114,154.0,1,,,5.54,29e1fdb8
m6-sweep,9af5bd0fcb1a,31,0,ran,qwen2.5:1.5b,long,1,100,c028.1,1789624599.147025,1789624601.877501,1460.285,2730.379,220.415,1460.242,128,128,99.993,1,,,5.54,2b7d69ba
m6-sweep,63763250179a,32,0,ran,qwen2.5:1.5b,long,1,100,c028.1,1789624602.37769,1789624603.816992,544.309,1439.196,224.08,544.272,128,128,141.917,1,,,5.74,88283f2a
m6-sweep,b0f55773b7c2,33,0,ran,qwen2.5:1.5b,long,1,100,c028.1,1789624604.317628,1789624605.688877,558.568,1371.156,235.003,558.532,128,128,156.291,1,,,5.74,25ee9141
m6-sweep,53afaa642c5b,34,0,ran,qwen2.5:1.5b,long,1,100,c028.1,1789624606.189328,1789624607.757608,551.459,1568.187,227.533,551.425,128,128,124.91,1,,,5.44,13706d02
m6-sweep,dfcab0516aae,35,0,ran,qwen2.5:1.5b,long,1,100,c028.1,1789624608.257848,1789624609.766863,553.522,1508.916,229.435,553.488,128,128,132.93,1,,,5.44,d676460f
m6-sweep,8b1d79f2cef5,36,0,ran,qwen2.5:1.5b,long,1,100,c028.1,1789624610.267098,1789624611.628129,551.851,1360.935,226.931,551.7,128,128,156.968,1,,,5.44,1bce8adb
m6-sweep,ec17016f6700,37,0,ran,qwen2.5:1.5b,long,1,100,c028.1,1789624612.128344,1789624613.568611,629.117,1440.166,227.633,629.082,128,128,156.587,1,,,5.40,e9164b09
m6-sweep,fd41cafe4d39,38,0,ran,qwen2.5:1.5b,long,1,100,c028.1,1789624614.068831,1789624615.638445,538.573,1569.525,224.978,538.537,128,128,123.187,1,,,5.40,88ce141f
m6-sweep,22d821fdd9a3,39,0,ran,qwen2.5:1.5b,long,1,100,c028.1,1789624616.138654,1789624617.612281,538.239,1473.53,226.11,538.203,128,128,135.787,1,,,5.40,cb1c134f
m6-sweep,78ac78199859,40,0,ran,qwen2.5:1.5b,long,1,100,c028.1,1789624618.112505,1789624619.58215,537.707,1469.554,223.969,537.669,128,128,136.288,1,,,5.21,91032f26
m6-sweep,c1cec726f536,41,0,ran,qwen2.5:1.5b,long,1,100,c028.1,1789624620.082396,1789624621.441613,539.376,1359.124,224.318,539.34,128,128,154.926,1,,,5.21,9c7d7d1b
m6-sweep,105ea9d0d306,42,0,ran,qwen2.5:1.5b,long,1,100,c028.1,1789624621.941866,1789624624.048242,1284.188,2106.281,222.942,1284.15,128,128,154.484,1,,,4.95,d45bd363
m6-sweep,2d9363408580,43,0,ran,qwen2.5:1.5b,long,1,100,c028.1,1789624624.548463,1789624626.02238,534.092,1473.797,220.253,534.041,128,128,135.149,1,,,4.95,f8cf0a2e
m6-sweep,e04472fb7ce6,44,0,ran,qwen2.5:1.5b,long,1,100,c028.1,1789624626.522603,1789624628.088236,537.966,1565.543,223.311,537.922,128,128,123.592,1,,,5.12,6e811c70
m6-sweep,feb3be2106a9,45,0,ran,qwen2.5:1.5b,long,1,100,c028.1,1789624628.588439,1789624629.931882,536.17,1343.344,223.861,536.137,128,128,157.339,1,,,5.12,49914379
m6-sweep,f85b990ddaaa,46,0,ran,qwen2.5:1.5b,long,1,100,c028.1,1789624630.432121,1789624631.911387,544.015,1479.158,229.727,543.972,128,128,135.808,1,,,5.12,b9b5fc49
m6-sweep,af37d3713f2d,47,0,ran,qwen2.5:1.5b,long,1,100,c028.1,1789624632.411584,1789624633.757316,543.652,1345.635,222.705,543.617,128,128,158.357,1,,,4.95,fa42820d
m6-sweep,15df07dfa06c,48,0,ran,qwen2.5:1.5b,long,1,100,c028.1,1789624634.257522,1789624635.612236,547.656,1354.625,226.36,547.606,128,128,157.379,1,,,4.95,0e067536
m6-sweep,856211219f96,49,0,ran,qwen2.5:1.5b,long,1,100,c028.1,1789624636.112489,1789624637.489096,563.335,1376.515,238.421,563.291,128,128,156.177,1,,,4.95,58907c2e
m6-sweep,4569bd85b23a,50,0,ran,qwen2.5:1.5b,long,1,100,c028.1,1789624637.989337,1789624639.350528,546.482,1361.098,230.956,546.445,128,128,155.902,1,,,4.87,9f55a3e2
m6-sweep,b92022c24e99,51,0,ran,qwen2.5:1.5b,long,1,100,c028.1,1789624639.853158,1789624641.241822,554.508,1388.561,232.314,554.472,128,128,152.268,1,,,4.87,1fb1b8a2
m6-sweep,d8fe3eee5e99,52,0,ran,qwen2.5:1.5b,long,1,100,c028.1,1789624641.742042,1789624643.975914,1283.039,2233.77,220.982,1282.983,128,128,133.581,1,,,4.80,ad977d58
m6-sweep,805d63793c68,0,1,ran,qwen2.5:1.5b,long,0,20,c029.1,1789624646.504504,1789624647.553833,219.895,1049.232,66.353,219.835,128,128,153.134,1,,,4.80,ee45f7f1
m6-sweep,d02affe89cb8,1,1,ran,qwen2.5:1.5b,long,0,20,c029.1,1789624648.054068,1789624649.083975,222.798,1029.802,78.776,222.735,128,128,157.372,1,,,4.58,5cd9520f
m6-sweep,c153e3c73bdd,2,1,ran,qwen2.5:1.5b,long,0,20,c029.1,1789624649.584187,1789624650.603736,211.291,1019.456,68.155,211.258,128,128,157.146,1,,,4.58,cbc35316
m6-sweep,56190d6712d7,3,0,ran,qwen2.5:1.5b,long,0,20,c029.1,1789624651.10398,1789624652.129097,219.804,1025.025,71.192,219.769,128,128,157.721,1,,,4.58,d0efb111
m6-sweep,17d039a6ccb9,4,0,ran,qwen2.5:1.5b,long,0,20,c029.1,1789624652.629321,1789624653.659068,215.19,1029.643,63.753,215.157,128,128,155.933,1,,,4.45,93de023a
m6-sweep,35940ece8b6a,5,0,ran,qwen2.5:1.5b,long,0,20,c029.1,1789624654.159252,1789624655.226328,229.672,1066.977,77.271,229.615,128,128,151.677,1,,,4.45,527e02a7
m6-sweep,308aa0dd8c1d,6,0,ran,qwen2.5:1.5b,long,0,20,c029.1,1789624655.726553,1789624657.043058,498.807,1316.391,76.101,498.765,128,128,155.336,1,,,4.45,356a249e
m6-sweep,ee16c87107a6,7,0,ran,qwen2.5:1.5b,long,0,20,c029.1,1789624657.543295,1789624658.564159,214.124,1020.765,69.774,214.09,128,128,157.443,1,,,5.21,38fba238
m6-sweep,eda3bdd112cf,8,0,ran,qwen2.5:1.5b,long,0,20,c029.1,1789624659.064366,1789624660.089881,208.679,1025.423,65.763,208.642,128,128,155.495,1,,,5.21,b681b463
m6-sweep,c1f0ffcc4bc0,9,0,ran,qwen2.5:1.5b,long,0,20,c029.1,1789624660.590095,1789624661.616267,217.463,1026.073,76.338,217.43,128,128,157.06,1,,,5.21,dc3a91f5
m6-sweep,4518b3d2694b,10,0,ran,qwen2.5:1.5b,long,0,20,c029.1,1789624662.11647,1789624663.138804,215.735,1022.174,65.077,215.701,128,128,157.482,1,,,6.40,a8b0f770
m6-sweep,9f6eaff17ab3,11,0,ran,qwen2.5:1.5b,long,0,20,c029.1,1789624663.639066,1789624664.657577,210.336,1018.414,59.037,210.295,128,128,157.163,1,,,6.40,8dd25632
m6-sweep,f4ddff1d6869,12,0,ran,qwen2.5:1.5b,long,0,20,c029.1,1789624665.157804,1789624666.192132,226.458,1034.238,75.079,226.412,128,128,157.221,1,,,6.40,23e0b6f1
m6-sweep,aa92ca9cbd2f,13,0,ran,qwen2.5:1.5b,long,0,20,c029.1,1789624666.69239,1789624667.722396,221.266,1029.902,69.274,221.208,128,128,157.055,1,,,6.40,012990cb
m6-sweep,2cdf11d5e0cb,14,0,ran,qwen2.5:1.5b,long,0,20,c029.1,1789624668.222652,1789624669.277508,231.499,1054.762,80.316,231.462,128,128,154.264,1,,,6.45,a885a91a
m6-sweep,26b1a1603557,15,0,ran,qwen2.5:1.5b,long,0,20,c029.1,1789624669.777768,1789624670.81654,219.678,1038.678,66.693,219.643,128,128,155.067,1,,,6.45,8ae642bd
m6-sweep,69f764d554eb,16,0,ran,qwen2.5:1.5b,long,0,20,c029.1,1789624671.3171,1789624672.362586,228.269,1045.384,76.054,228.203,128,128,155.425,1,,,6.45,37c481b6
m6-sweep,b1ab9ba6219c,17,0,ran,qwen2.5:1.5b,long,0,20,c029.1,1789624672.862827,1789624673.90174,221.968,1038.822,69.214,221.916,128,128,155.474,1,,,6.01,0d328679
m6-sweep,809c97890b3a,18,0,ran,qwen2.5:1.5b,long,0,20,c029.1,1789624674.401978,1789624675.432888,215.008,1030.822,63.757,214.972,128,128,155.673,1,,,6.01,7beffcdc
m6-sweep,3bc7179ea1a6,19,0,ran,qwen2.5:1.5b,long,0,20,c029.1,1789624675.933211,1789624676.969167,223.805,1035.867,70.413,223.769,128,128,156.392,1,,,6.01,52cd7ff3
m6-sweep,5899e7bb6775,20,0,ran,qwen2.5:1.5b,long,0,20,c029.1,1789624677.469398,1789624678.502292,220.642,1032.8,66.74,220.606,128,128,156.373,1,,,5.77,6783460e
m6-sweep,e0f4fe40125a,21,0,ran,qwen2.5:1.5b,long,0,20,c029.1,1789624679.002506,1789624680.033704,218.974,1031.087,66.703,218.94,128,128,156.382,1,,,5.77,1a9858a9
m6-sweep,20ba6dd2354f,22,0,ran,qwen2.5:1.5b,long,0,20,c029.1,1789624680.533924,1789624681.568453,220.447,1034.429,70.839,220.389,128,128,156.023,1,,,5.77,df62880b
m6-sweep,4701483d9f34,23,0,ran,qwen2.5:1.5b,long,0,20,c029.1,1789624682.068681,1789624683.102247,221.097,1033.44,68.432,221.056,128,128,156.338,1,,,5.47,81a138bc
m6-sweep,1d03c8b68156,24,0,ran,qwen2.5:1.5b,long,0,20,c029.1,1789624683.60247,1789624684.62844,215.9,1025.863,65.388,215.85,128,128,156.797,1,,,5.47,22ab76c4
m6-sweep,dd107aed3738,25,0,ran,qwen2.5:1.5b,long,0,20,c029.1,1789624685.128677,1789624686.156911,221.53,1028.135,70.458,221.398,128,128,157.45,1,,,5.47,2f36d6a2
m6-sweep,8f587e19b8bc,26,0,ran,qwen2.5:1.5b,long,0,20,c029.1,1789624686.657122,1789624687.686283,220.527,1029.061,69.746,220.493,128,128,157.074,1,,,5.47,e65f8d99
m6-sweep,eb435bcdf3a6,27,0,ran,qwen2.5:1.5b,long,0,20,c029.1,1789624688.186518,1789624689.220168,219.498,1033.545,67.502,219.431,128,128,156.011,1,,,5.43,9eaeaf83
m6-sweep,dc5842a3b16e,28,0,ran,qwen2.5:1.5b,long,0,20,c029.1,1789624689.720397,1789624690.742805,213.108,1022.275,63.384,213.075,126,127,154.48,1,,,5.43,8ef16ff7
m6-sweep,c729f5412de5,29,0,ran,qwen2.5:1.5b,long,0,20,c029.1,1789624691.24307,1789624692.277369,224.852,1034.207,67.989,224.802,128,128,156.915,1,,,5.43,b399e65d
m6-sweep,b5224b74f903,30,0,ran,qwen2.5:1.5b,long,0,20,c029.1,1789624692.777623,1789624693.803183,214.359,1025.467,61.532,214.323,128,128,156.576,1,,,5.23,e7783f37
m6-sweep,d295fae98045,31,0,ran,qwen2.5:1.5b,long,0,20,c029.1,1789624694.303412,1789624695.328059,218.046,1024.543,66.814,218.012,128,128,157.471,1,,,5.23,ca7742fd
m6-sweep,85b99adacca8,32,0,ran,qwen2.5:1.5b,long,0,20,c029.1,1789624695.828289,1789624696.968723,497.483,1140.343,79.309,497.447,101,102,155.555,1,,,5.23,90ed56b4
m6-sweep,37f0a0dc3965,33,0,ran,qwen2.5:1.5b,long,0,20,c029.1,1789624697.468941,1789624698.501265,223.922,1032.233,73.34,223.887,128,128,157.118,1,,,5.54,252561a0
m6-sweep,e949a2aa6e08,34,0,ran,qwen2.5:1.5b,long,0,20,c029.1,1789624699.0015,1789624700.034843,224.596,1033.25,75.178,224.562,128,128,157.051,1,,,5.54,eef64771
m6-sweep,4f87b7c699a3,35,0,ran,qwen2.5:1.5b,long,0,20,c029.1,1789624700.535093,1789624701.406083,215.325,870.876,61.777,215.285,101,102,152.544,1,,,5.54,7755a477
m6-sweep,13ad0592ba30,36,0,ran,qwen2.5:1.5b,long,0,20,c029.1,1789624701.906395,1789624702.948311,221.714,1041.822,68.738,221.671,128,128,154.858,1,,,5.89,58264066
m6-sweep,342cdda6c107,37,0,ran,qwen2.5:1.5b,long,0,20,c029.1,1789624703.448574,1789624704.493651,229.255,1044.983,76.05,229.188,128,128,155.689,1,,,5.89,0717b407
m6-sweep,c4f3d3c344ac,38,0,ran,qwen2.5:1.5b,long,0,20,c029.1,1789624704.993904,1789624706.042285,230.025,1048.172,79.292,229.986,128,128,155.229,1,,,5.89,a88a0207
m6-sweep,bde0874100ac,39,0,ran,qwen2.5:1.5b,long,0,20,c029.1,1789624706.542618,1789624707.588809,230.921,1046.096,76.404,230.888,128,128,155.795,1,,,5.89,469cbe65
m6-sweep,e3e3c6b7bd91,40,0,ran,qwen2.5:1.5b,long,0,20,c029.1,1789624708.089043,1789624709.118388,215.255,1029.253,64.101,215.22,128,128,156.02,1,,,5.74,272a0312
m6-sweep,221fcf5bedb8,41,0,ran,qwen2.5:1.5b,long,0,20,c029.1,1789624709.618572,1789624710.655337,219.985,1036.671,67.928,219.873,128,128,155.506,1,,,5.74,fd65a581
m6-sweep,d69be96ed299,42,0,ran,qwen2.5:1.5b,long,0,20,c029.1,1789624711.155561,1789624712.438137,467.96,1282.485,66.993,467.908,128,128,155.919,1,,,5.74,fe210785
m6-sweep,8f3d96f8d95f,43,0,ran,qwen2.5:1.5b,long,0,20,c029.1,1789624712.938339,1789624713.960014,213.997,1021.58,71.527,213.963,128,128,157.259,1,,,5.68,dee66e1f
m6-sweep,8dbbb8808818,44,0,ran,qwen2.5:1.5b,long,0,20,c029.1,1789624714.460255,1789624715.475097,202.692,1014.75,59.104,202.638,128,128,156.393,1,,,5.68,4f531a78
m6-sweep,87d1f104017d,45,0,ran,qwen2.5:1.5b,long,0,20,c029.1,1789624715.975307,1789624717.012416,229.251,1037.021,76.436,229.214,128,128,157.223,1,,,5.68,c3408fc8
m6-sweep,4e47746099b8,46,0,ran,qwen2.5:1.5b,long,0,20,c029.1,1789624717.512578,1789624718.53081,213.349,1018.131,60.674,213.309,128,128,157.807,1,,,5.79,9714479c
m6-sweep,0fd110653419,47,0,ran,qwen2.5:1.5b,long,0,20,c029.1,1789624719.031014,1789624720.065516,226.311,1034.41,73.106,226.112,128,128,157.159,1,,,5.79,de9a40a8
m6-sweep,b2467211c31f,48,0,ran,qwen2.5:1.5b,long,0,20,c029.1,1789624720.565737,1789624721.868527,494.353,1302.697,74.349,494.319,128,128,157.111,1,,,5.79,833c0a2c
m6-sweep,fa1142f73361,49,0,ran,qwen2.5:1.5b,long,0,20,c029.1,1789624722.368718,1789624723.404871,221.276,1036.063,68.714,221.242,128,128,155.869,1,,,6.61,5b9e9ea5
m6-sweep,27b9ab36027a,50,0,ran,qwen2.5:1.5b,long,0,20,c029.1,1789624723.905096,1789624724.924385,209.25,1019.187,65.987,209.214,128,128,156.802,1,,,6.61,5f262a88
m6-sweep,92265cb1ec6f,51,0,ran,qwen2.5:1.5b,long,0,20,c029.1,1789624725.424639,1789624726.480339,231.441,1055.606,78.253,231.399,128,128,154.095,1,,,6.61,a9cdee2f
m6-sweep,bac2309f6240,52,0,ran,qwen2.5:1.5b,long,0,20,c029.1,1789624726.980558,1789624728.012296,215.779,1031.648,71.506,215.744,128,128,155.662,1,,,6.80,a4e6c47b
m6-sweep,c6a7d70bbb32,0,1,ran,qwen2.5:0.5b,long,5,50,c030.1,1789624730.524499,1789624734.037296,2974.221,3512.661,136.395,2974.128,128,128,235.866,1,,,6.57,03cce141
m6-sweep,f4cfb4370404,1,1,ran,qwen2.5:0.5b,long,5,50,c030.1,1789624734.537653,1789624736.017945,793.797,1480.142,134.604,793.76,128,128,185.038,1,,,6.57,ad439603
m6-sweep,04222af0b439,2,1,ran,qwen2.5:0.5b,long,5,50,c030.1,1789624736.518263,1789624737.34817,300.602,829.799,126.136,300.565,128,128,239.986,1,,,6.57,031a719e
m6-sweep,17d0f487feee,3,0,ran,qwen2.5:0.5b,long,5,50,c030.1,1789624737.848966,1789624738.786068,288.68,936.997,112.188,288.642,128,128,195.892,1,,,6.13,ad1cdf28
m6-sweep,f8f8957aebaf,4,0,ran,qwen2.5:0.5b,long,5,50,c030.1,1789624739.286437,1789624740.615696,939.472,1329.135,120.942,939.432,128,128,325.922,1,,,6.13,49da00c3
m6-sweep,f51d9fb6212c,5,0,ran,qwen2.5:0.5b,long,5,50,c030.1,1789624741.115981,1789624741.93344,293.145,817.369,119.957,293.109,128,128,242.263,1,,,6.13,e34a49a6
m6-sweep,67ced7c82ffd,6,0,ran,qwen2.5:0.5b,long,5,50,c030.1,1789624742.433633,1789624743.267784,294.097,834.035,121.273,294.061,128,128,235.212,1,,,6.12,ac78a8f7
m6-sweep,5786f9d5a7b6,7,0,ran,qwen2.5:0.5b,long,5,50,c030.1,1789624743.767994,1789624744.584,303.313,815.901,122.454,303.262,128,128,247.762,1,,,6.12,b85261db
m6-sweep,a56d4c434185,8,0,ran,qwen2.5:0.5b,long,5,50,c030.1,1789624745.084287,1789624746.477177,320.545,1392.794,139.687,320.509,128,128,118.443,1,,,6.12,64f40f91
m6-sweep,2a88a4322d28,9,0,ran,qwen2.5:0.5b,long,5,50,c030.1,1789624746.977465,1789624747.801924,307.248,824.365,134.566,307.214,128,128,245.593,1,,,6.12,0e2d76ec
m6-sweep,ad9d45b0d117,10,0,ran,qwen2.5:0.5b,long,5,50,c030.1,1789624748.302175,1789624749.139836,310.058,837.551,139.713,310.007,128,128,240.762,1,,,6.11,da80fec5
m6-sweep,0c9f326a0960,11,0,ran,qwen2.5:0.5b,long,5,50,c030.1,1789624749.640024,1789624750.992898,305.725,1352.769,135.244,305.691,128,128,121.294,1,,,6.11,63921bbb
m6-sweep,417797db4dc0,12,0,ran,qwen2.5:0.5b,long,5,50,c030.1,1789624751.493125,1789624752.317887,303.674,824.66,128.696,303.614,128,128,243.769,1,,,6.11,2bbf2a8e
m6-sweep,11ba351440a8,13,0,ran,qwen2.5:0.5b,long,5,50,c030.1,1789624752.818134,1789624755.241891,1961.45,2423.653,121.723,1961.415,128,128,274.771,1,,,6.42,687c139d
m6-sweep,adde324862bc,14,0,ran,qwen2.5:0.5b,long,5,50,c030.1,1789624755.742126,1789624756.992067,731.77,1249.846,133.407,731.737,128,128,245.138,1,,,6.42,46b3d912
m6-sweep,9fc0431a21dc,15,0,ran,qwen2.5:0.5b,long,5,50,c030.1,1789624757.492283,1789624758.324269,307.777,831.885,139.409,307.742,128,128,242.316,1,,,6.31,21752013
m6-sweep,40294533bac3,16,0,ran,qwen2.5:0.5b,long,5,50,c030.1,1789624758.824471,1789624759.829485,610.878,1004.855,137.805,610.838,128,128,322.354,1,,,6.31,8e122dc4
m6-sweep,0e27093848df,17,0,ran,qwen2.5:0.5b,long,5,50,c030.1,1789624760.329754,1789624761.217408,312.456,887.56,138.303,312.402,128,128,220.83,1,,,6.31,696b87a8
m6-sweep,eb44c97413a3,18,0,ran,qwen2.5:0.5b,long,5,50,c030.1,1789624761.71764,1789624762.539999,308.09,822.262,129.566,308.056,128,128,246.999,1,,,6.31,bf8434fa
m6-sweep,910d065c0cbe,19,0,ran,qwen2.5:0.5b,long,5,50,c030.1,1789624763.040207,1789624764.53361,799.946,1493.298,118.504,799.912,128,128,183.168,1,,,6.12,358cc5f1
m6-sweep,29864eda1a25,20,0,ran,qwen2.5:0.5b,long,5,50,c030.1,1789624765.034084,1789624765.887483,456.404,853.303,130.904,456.351,128,128,319.98,1,,,6.12,28b51e64
m6-sweep,c24f40def07d,21,0,ran,qwen2.5:0.5b,long,5,50,c030.1,1789624766.387778,1789624767.210221,296.739,822.322,123.678,296.705,128,128,241.636,1,,,6.12,4c3d64f4
m6-sweep,f46a0f116baa,22,0,ran,qwen2.5:0.5b,long,5,50,c030.1,1789624767.710449,1789624768.582025,305.388,871.467,122.204,305.352,128,128,224.35,1,,,5.79,9290ba85
m6-sweep,95200ab2d15f,23,0,ran,qwen2.5:0.5b,long,5,50,c030.1,1789624769.082289,1789624769.904685,311.192,822.304,130.712,311.155,128,128,248.478,1,,,5.79,ea1ab431
m6-sweep,3cf7699f8502,24,0,ran,qwen2.5:0.5b,long,5,50,c030.1,1789624770.405054,1789624772.236276,1318.263,1831.099,1134.269,1318.207,128,128,247.642,1,,,5.79,99733e25
m6-sweep,52618a397337,25,0,ran,qwen2.5:0.5b,long,5,50,c030.1,1789624772.736494,1789624773.558382,293.906,821.791,121.008,293.863,128,128,240.583,1,,,5.57,8373c260
m6-sweep,e80e8f482262,26,0,ran,qwen2.5:0.5b,long,5,50,c030.1,1789624774.058601,1789624775.062377,476.872,1003.663,119.372,476.837,128,128,241.083,1,,,5.57,f18e5f8b
m6-sweep,43d1e9e1735a,27,0,ran,qwen2.5:0.5b,long,5,50,c030.1,1789624775.562574,1789624776.298805,291.108,736.136,118.649,291.073,128,128,285.375,1,,,5.57,a940f05f
m6-sweep,0fbc7702695b,28,0,ran,qwen2.5:0.5b,long,5,50,c030.1,1789624776.799022,1789624777.649765,305.158,850.654,131.832,305.12,128,128,232.816,1,,,5.57,e6e384f8
m6-sweep,be194354a4ca,29,0,ran,qwen2.5:0.5b,long,5,50,c030.1,1789624778.150002,1789624779.550924,919.756,1400.816,137.325,919.713,128,128,264.0,1,,,5.76,a5428e78
m6-sweep,8a06dd74d098,30,0,ran,qwen2.5:0.5b,long,5,50,c030.1,1789624780.05119,1789624780.881235,301.802,829.949,127.129,301.768,128,128,240.463,1,,,5.76,34456aa8
m6-sweep,d208f0fe0b0c,31,0,ran,qwen2.5:0.5b,long,5,50,c030.1,1789624781.381449,1789624782.133666,290.089,752.103,110.143,290.054,128,128,274.884,1,,,5.76,4ff0af60
m6-sweep,8259e72bccc9,32,0,ran,qwen2.5:0.5b,long,5,50,c030.1,1789624782.633864,1789624783.479136,301.226,845.183,129.024,301.192,128,128,233.474,1,,,5.94,6cd9024f
m6-sweep,878b5102db5b,33,0,ran,qwen2.5:0.5b,long,5,50,c030.1,1789624783.979652,1789624784.811275,315.964,831.524,139.014,315.931,128,128,246.334,1,,,5.94,43a4150a
m6-sweep,b8e74445e60e,34,0,ran,qwen2.5:0.5b,long,5,50,c030.1,1789624785.311492,1789624786.104432,308.904,792.847,139.686,308.868,128,128,262.428,1,,,5.94,0e4f456f
m6-sweep,46f7f1707dfc,35,0,ran,qwen2.5:0.5b,long,5,50,c030.1,1789624786.604659,1789624787.43584,317.725,831.089,136.379,317.69,128,128,247.388,1,,,5.94,168ca366
m6-sweep,3d5c1b8a4479,36,0,ran,qwen2.5:0.5b,long,5,50,c030.1,1789624787.936075,1789624788.786145,591.436,849.964,137.676,591.382,128,128,491.244,1,,,5.63,face368d
m6-sweep,3235842828e2,37,0,ran,qwen2.5:0.5b,long,5,50,c030.1,1789624789.286442,1789624790.119639,308.744,833.104,137.875,308.707,128,128,242.2,1,,,5.63,f1ae7244
m6-sweep,19cda3565ade,38,0,ran,qwen2.5:0.5b,long,5,50,c030.1,1789624790.619866,1789624794.777479,3638.669,4157.513,1141.102,3638.634,128,128,244.775,1,,,5.25,653471b5
m6-sweep,9d6d2a789d3d,39,0,ran,qwen2.5:0.5b,long,5,50,c030.1,1789624795.277677,1789624796.107876,310.455,830.107,138.134,310.42,128,128,244.394,1,,,5.25,22e513f7
m6-sweep,bf4cd9af2fc3,40,0,ran,qwen2.5:0.5b,long,5,50,c030.1,1789624796.608058,1789624797.488545,315.301,880.389,138.576,315.248,128,128,224.743,1,,,5.25,51047c1d
m6-sweep,7c954630106f,41,0,ran,qwen2.5:0.5b,long,5,50,c030.1,1789624797.9888,1789624799.352348,837.219,1363.455,127.357,837.174,128,128,241.337,1,,,5.15,9d846cca
m6-sweep,14a33d2508e0,42,0,ran,qwen2.5:0.5b,long,5,50,c030.1,1789624799.852772,1789624800.670808,294.316,817.944,122.818,294.268,128,128,242.538,1,,,5.15,8e005fb8
m6-sweep,42ab24a1e807,43,0,ran,qwen2.5:0.5b,long,5,50,c030.1,1789624801.171036,1789624802.509874,810.798,1338.734,122.307,810.762,128,128,240.56,1,,,5.15,df654e6f
m6-sweep,628c2ac7c09d,44,0,ran,qwen2.5:0.5b,long,5,50,c030.1,1789624803.010103,1789624803.845505,308.769,835.293,137.638,308.72,128,128,241.205,1,,,5.22,0d4a3b5a
m6-sweep,9d0e3160e917,45,0,ran,qwen2.5:0.5b,long,5,50,c030.1,1789624804.345747,1789624805.160707,291.317,814.855,120.506,291.271,128,128,242.58,1,,,5.22,0211ac7f
m6-sweep,ce431bd214df,46,0,ran,qwen2.5:0.5b,long,5,50,c030.1,1789624805.660988,1789624806.626014,453.997,964.92,119.523,453.962,128,128,248.57,1,,,5.22,d25d37bc
m6-sweep,ea56742b5c80,47,0,ran,qwen2.5:0.5b,long,5,50,c030.1,1789624807.126247,1789624807.97533,289.999,848.99,118.442,289.95,128,128,227.195,1,,,5.12,d0beb9aa
m6-sweep,b21b1d2970a7,48,0,ran,qwen2.5:0.5b,long,5,50,c030.1,1789624808.475543,1789624809.337623,301.222,861.987,126.195,301.17,128,128,226.476,1,,,5.12,b4258d5b
m6-sweep,ba9c9e258994,49,0,ran,qwen2.5:0.5b,long,5,50,c030.1,1789624809.83785,1789624810.661842,296.945,823.883,123.584,296.862,128,128,241.015,1,,,5.12,c25a75b0
m6-sweep,d304b265e4a7,50,0,ran,qwen2.5:0.5b,long,5,50,c030.1,1789624811.162084,1789624811.976751,292.224,814.574,120.128,292.186,128,128,243.132,1,,,5.12,8b2a4ddd
m6-sweep,acb997c827a0,51,0,ran,qwen2.5:0.5b,long,5,50,c030.1,1789624812.476971,1789624813.288799,317.431,811.715,138.399,317.397,128,128,256.937,1,,,5.11,2bed4c32
m6-sweep,68180d09597e,52,0,ran,qwen2.5:0.5b,long,5,50,c030.1,1789624813.789061,1789624814.607185,297.67,818.031,118.787,297.618,128,128,244.062,1,,,5.11,94bb975f
m6-sweep,70e15ed41bd4,0,1,ran,qwen2.5:0.5b,long,0,20,c031.1,1789624817.137821,1789624818.04282,435.724,904.904,67.453,435.685,128,128,270.685,1,,,5.02,5746ced4
m6-sweep,c6fcb286c8ac,1,1,ran,qwen2.5:0.5b,long,0,20,c031.1,1789624818.54307,1789624819.161165,167.984,617.99,61.294,167.91,128,128,282.218,1,,,5.02,9cc7ae19
m6-sweep,e54c966bc710,2,1,ran,qwen2.5:0.5b,long,0,20,c031.1,1789624819.661347,1789624820.284894,175.21,623.455,65.79,175.168,128,128,283.327,1,,,5.02,b2425282
m6-sweep,8782a1740ee6,3,0,ran,qwen2.5:0.5b,long,0,20,c031.1,1789624820.785126,1789624821.405507,173.004,620.272,61.441,172.946,128,128,283.946,1,,,5.02,c701cdc3
m6-sweep,fb9d84f06dd2,4,0,ran,qwen2.5:0.5b,long,0,20,c031.1,1789624821.90576,1789624822.52469,168.305,618.722,61.694,168.264,128,128,281.961,1,,,5.02,ce427331
m6-sweep,ab99ad402022,5,0,ran,qwen2.5:0.5b,long,0,20,c031.1,1789624823.02489,1789624823.644555,171.934,619.573,62.029,171.882,128,128,283.711,1,,,4.70,28d6f200
m6-sweep,fef953e5a616,6,0,ran,qwen2.5:0.5b,long,0,20,c031.1,1789624824.144758,1789624824.761978,167.362,617.117,60.971,167.313,128,128,282.376,1,,,4.70,b8bba2af
m6-sweep,6df7df37daba,7,0,ran,qwen2.5:0.5b,long,0,20,c031.1,1789624825.262228,1789624825.889503,183.966,627.167,65.521,183.894,128,128,286.552,1,,,4.70,1d8ae842
m6-sweep,e966b99cfb6a,8,0,ran,qwen2.5:0.5b,long,0,20,c031.1,1789624826.389728,1789624827.006788,167.729,616.933,59.241,167.694,128,128,282.722,1,,,4.70,3e7fe167
m6-sweep,b4d56ce7417f,9,0,ran,qwen2.5:0.5b,long,0,20,c031.1,1789624827.50703,1789624828.136378,180.841,629.223,62.27,180.804,128,128,283.241,1,,,5.37,8a5dc7be
m6-sweep,2c2a4ce2d855,10,0,ran,qwen2.5:0.5b,long,0,20,c031.1,1789624828.636597,1789624829.280179,187.956,643.487,72.45,187.89,128,128,278.796,1,,,5.37,2b616b90
m6-sweep,5c36f067da6b,11,0,ran,qwen2.5:0.5b,long,0,20,c031.1,1789624829.780852,1789624830.435172,197.462,654.221,78.901,197.424,128,128,278.046,1,,,5.37,3245d35c
m6-sweep,b6296c82dd4b,12,0,ran,qwen2.5:0.5b,long,0,20,c031.1,1789624830.93541,1789624831.583792,189.554,648.29,80.318,189.504,128,128,276.848,1,,,5.37,a2c494c8
m6-sweep,a1014f5b5082,13,0,ran,qwen2.5:0.5b,long,0,20,c031.1,1789624832.084078,1789624832.974582,431.686,890.408,64.318,431.631,128,128,276.856,1,,,5.26,47ee2674
m6-sweep,1358533fee64,14,0,ran,qwen2.5:0.5b,long,0,20,c031.1,1789624833.475119,1789624834.116375,189.496,641.158,80.401,189.454,128,128,281.184,1,,,5.26,fd5fb95c
m6-sweep,b961999020fe,15,0,ran,qwen2.5:0.5b,long,0,20,c031.1,1789624834.618982,1789624835.2663,173.584,647.103,61.217,173.54,128,128,268.204,1,,,5.26,acea05e9
m6-sweep,8374032f86cf,16,0,ran,qwen2.5:0.5b,long,0,20,c031.1,1789624835.768406,1789624836.387311,168.716,618.814,60.874,168.67,128,128,282.16,1,,,5.26,e1f2d8d8
m6-sweep,7d423b6ade0b,17,0,ran,qwen2.5:0.5b,long,0,20,c031.1,1789624836.887554,1789624837.557208,181.986,669.56,72.669,181.943,128,128,260.473,1,,,5.26,2bdb5f98
m6-sweep,6a0b97304636,18,0,ran,qwen2.5:0.5b,long,0,20,c031.1,1789624838.057462,1789624838.684317,175.072,626.758,65.535,175.014,128,128,281.169,1,,,5.08,9f57feda
m6-sweep,32d9cb0a8d75,19,0,ran,qwen2.5:0.5b,long,0,20,c031.1,1789624839.184551,1789624839.811559,173.925,626.897,66.707,173.89,128,128,280.37,1,,,5.08,746d6576
m6-sweep,dda2037574cb,20,0,ran,qwen2.5:0.5b,long,0,20,c031.1,1789624840.311824,1789624840.956116,185.736,644.191,67.083,185.695,128,128,277.018,1,,,5.08,d9094d14
m6-sweep,c91d0509c3d2,21,0,ran,qwen2.5:0.5b,long,0,20,c031.1,1789624841.456359,1789624842.092006,180.904,635.539,68.926,180.868,128,128,279.345,1,,,5.08,35f3ffe7
m6-sweep,54c0f2bdd552,22,0,ran,qwen2.5:0.5b,long,0,20,c031.1,1789624842.592224,1789624843.244653,193.135,652.334,76.314,193.102,128,128,276.568,1,,,5.15,3b4238b3
m6-sweep,cc2b3016d1f9,23,0,ran,qwen2.5:0.5b,long,0,20,c031.1,1789624843.744876,1789624844.375109,179.834,630.1,64.221,179.792,128,128,282.056,1,,,5.15,a3de472b
m6-sweep,1cbc1b171869,24,0,ran,qwen2.5:0.5b,long,0,20,c031.1,1789624844.87536,1789624845.554521,192.5,679.056,76.013,192.456,128,128,261.019,1,,,5.15,f7424c2b
m6-sweep,11bd4140cbd6,25,0,ran,qwen2.5:0.5b,long,0,20,c031.1,1789624846.054765,1789624846.685953,175.502,631.094,66.205,175.466,128,128,278.758,1,,,5.15,13d3f006
m6-sweep,6deb85567707,26,0,ran,qwen2.5:0.5b,long,0,20,c031.1,1789624847.186201,1789624848.076351,438.879,890.052,74.911,438.814,128,128,281.488,1,,,6.10,ca8eced7
m6-sweep,8f6001cfb15c,27,0,ran,qwen2.5:0.5b,long,0,20,c031.1,1789624848.576567,1789624849.198297,171.517,621.578,61.644,171.474,128,128,282.184,1,,,6.10,53458b20
m6-sweep,c68b05fc32e0,28,0,ran,qwen2.5:0.5b,long,0,20,c031.1,1789624849.698577,1789624850.331248,169.875,632.561,60.687,169.84,128,128,274.484,1,,,6.10,053aebc8
m6-sweep,6f45e7f9aa7e,29,0,ran,qwen2.5:0.5b,long,0,20,c031.1,1789624850.831462,1789624851.474486,189.916,642.932,72.937,189.67,128,128,280.343,1,,,6.10,f702d433
m6-sweep,f0e33d08b53d,30,0,ran,qwen2.5:0.5b,long,0,20,c031.1,1789624851.974727,1789624852.605359,178.96,630.537,72.357,178.909,128,128,281.237,1,,,6.10,cf5706ae
m6-sweep,e893a0ff7c70,31,0,ran,qwen2.5:0.5b,long,0,20,c031.1,1789624853.105557,1789624853.743113,189.041,637.43,79.174,189.005,128,128,283.236,1,,,6.09,b5d1c91d
m6-sweep,438194c03a60,32,0,ran,qwen2.5:0.5b,long,0,20,c031.1,1789624854.243311,1789624854.86364,169.068,620.236,59.58,169.034,128,128,281.492,1,,,6.09,664834da
m6-sweep,9b77226444a2,33,0,ran,qwen2.5:0.5b,long,0,20,c031.1,1789624855.363845,1789624855.99713,187.291,633.183,77.838,187.255,128,128,284.822,1,,,6.09,559e9733
m6-sweep,2554a218b15d,34,0,ran,qwen2.5:0.5b,long,0,20,c031.1,1789624856.497361,1789624857.138863,186.22,641.388,68.742,186.164,128,128,279.018,1,,,6.09,30dc3419
m6-sweep,733742457fdd,35,0,ran,qwen2.5:0.5b,long,0,20,c031.1,1789624857.639121,1789624858.265337,177.615,626.122,68.765,177.582,128,128,283.162,1,,,6.88,b9a27b56
m6-sweep,1c18950fcdab,36,0,ran,qwen2.5:0.5b,long,0,20,c031.1,1789624858.765552,1789624859.392876,179.756,627.231,61.676,179.721,128,128,283.814,1,,,6.88,47adbc5f
m6-sweep,4973535640d3,37,0,ran,qwen2.5:0.5b,long,0,20,c031.1,1789624859.893125,1789624860.798621,459.428,905.404,74.739,459.393,128,128,284.769,1,,,6.88,31c3a31c
m6-sweep,b5d67919d54d,38,0,ran,qwen2.5:0.5b,long,0,20,c031.1,1789624861.299197,1789624861.937972,176.42,638.679,65.622,176.37,128,128,274.738,1,,,6.88,d1cf4517
m6-sweep,995aea085a76,39,0,ran,qwen2.5:0.5b,long,0,20,c031.1,1789624862.438258,1789624863.117532,189.811,679.169,77.665,189.768,128,128,259.524,1,,,6.81,a3c47502
m6-sweep,20636475ca19,40,0,ran,qwen2.5:0.5b,long,0,20,c031.1,1789624863.617777,1789624864.287299,193.346,669.415,75.239,193.27,128,128,266.768,1,,,6.81,81e23184
m6-sweep,647a9adc13cd,41,0,ran,qwen2.5:0.5b,long,0,20,c031.1,1789624864.787875,1789624865.414406,166.805,626.422,58.915,166.759,128,128,276.317,1,,,6.81,197eef44
m6-sweep,17190bb2a1d3,42,0,ran,qwen2.5:0.5b,long,0,20,c031.1,1789624865.914648,1789624866.554527,189.144,639.782,80.313,189.107,128,128,281.822,1,,,6.81,08527b20
m6-sweep,b08acd91a2af,43,0,ran,qwen2.5:0.5b,long,0,20,c031.1,1789624867.054753,1789624867.679507,172.359,624.66,63.912,172.325,128,128,280.787,1,,,6.81,fbcd4504
m6-sweep,f5de3f0ab09a,44,0,ran,qwen2.5:0.5b,long,0,20,c031.1,1789624868.179726,1789624868.800887,172.113,621.064,62.267,172.064,128,128,282.882,1,,,6.67,fc8315fd
m6-sweep,9cc58a12dc75,45,0,ran,qwen2.5:0.5b,long,0,20,c031.1,1789624869.301123,1789624870.157848,406.812,856.63,63.613,406.769,128,128,282.336,1,,,6.67,56108bb2
m6-sweep,bc276e463cff,46,0,ran,qwen2.5:0.5b,long,0,20,c031.1,1789624870.65809,1789624871.280075,174.67,621.894,64.869,174.637,128,128,283.975,1,,,6.67,b0381795
m6-sweep,8d9379095237,47,0,ran,qwen2.5:0.5b,long,0,20,c031.1,1789624871.780291,1789624872.404147,174.991,623.692,65.261,174.921,128,128,283.039,1,,,6.67,5653b0f1
m6-sweep,196981ea4c17,48,0,ran,qwen2.5:0.5b,long,0,20,c031.1,1789624872.904392,1789624873.521701,168.923,617.202,60.508,168.878,128,128,283.305,1,,,6.45,c93ed53b
m6-sweep,eec9f2309da5,49,0,ran,qwen2.5:0.5b,long,0,20,c031.1,1789624874.021928,1789624874.637332,170.182,615.315,63.191,170.11,128,128,285.308,1,,,6.45,71eb46cf
m6-sweep,3b928dfb8868,50,0,ran,qwen2.5:0.5b,long,0,20,c031.1,1789624875.137578,1789624875.761834,177.826,624.162,66.102,177.756,128,128,284.54,1,,,6.45,b5d4e2a2
m6-sweep,3cf81b781346,51,0,ran,qwen2.5:0.5b,long,0,20,c031.1,1789624876.262054,1789624876.884038,174.051,621.889,64.071,173.982,128,128,283.585,1,,,6.45,c2d8cb47
m6-sweep,3cb9994f2a85,52,0,ran,qwen2.5:0.5b,long,0,20,c031.1,1789624877.384243,1789624878.010791,175.281,626.456,63.816,175.232,128,128,281.487,1,,,6.58,e899f911
m6-sweep,3564c3ae7161,0,1,ran,qwen2.5:3b,long,0,100,c032.1,1789624880.535601,1789624885.22783,3746.114,4692.073,226.031,3746.056,87,88,90.913,1,,,6.45,87cbba0e
m6-sweep,4c979f06a7fa,1,1,ran,qwen2.5:3b,long,0,100,c032.1,1789624885.72813,1789624887.600664,594.423,1872.43,230.456,594.386,123,124,95.461,1,,,6.45,81e343eb
m6-sweep,92a4b289d9b4,2,1,ran,qwen2.5:3b,long,0,100,c032.1,1789624888.100921,1789624889.504282,590.122,1403.254,224.671,590.087,78,79,94.696,1,,,6.50,bea0a3b3
m6-sweep,ee6e82cc4f33,3,0,ran,qwen2.5:3b,long,0,100,c032.1,1789624890.004507,1789624891.651325,586.368,1646.629,219.433,586.32,102,103,95.26,1,,,6.50,862e76ad
m6-sweep,43aac0408576,4,0,ran,qwen2.5:3b,long,0,100,c032.1,1789624892.151556,1789624893.72102,597.02,1569.358,232.885,596.983,92,93,93.589,1,,,7.42,821e33d4
m6-sweep,83a814a780d1,5,0,ran,qwen2.5:3b,long,0,100,c032.1,1789624894.221296,1789624896.740291,1386.642,2518.897,239.069,1386.604,107,108,93.618,1,,,7.42,996fcf13
m6-sweep,e7eebc2d5eb8,6,0,ran,qwen2.5:3b,long,0,100,c032.1,1789624897.240687,1789624898.700916,587.508,1459.964,227.745,587.473,83,84,93.988,1,,,7.78,3902b20a
m6-sweep,5ce6fb45ab88,7,0,ran,qwen2.5:3b,long,0,100,c032.1,1789624899.20117,1789624900.863591,590.621,1662.098,227.119,590.586,102,103,94.262,1,,,7.78,b41fa66d
m6-sweep,500dbd1d89cf,8,0,ran,qwen2.5:3b,long,0,100,c032.1,1789624901.363937,1789624902.775569,584.359,1411.536,222.456,584.321,79,80,94.297,1,,,7.78,d6e3e0f6
m6-sweep,ff97b07d8593,9,0,ran,qwen2.5:3b,long,0,100,c032.1,1789624903.275781,1789624905.119325,602.825,1843.442,236.834,602.788,119,120,95.114,1,,,7.40,f4fa140f
m6-sweep,3fddd4e20ee4,10,0,ran,qwen2.5:3b,long,0,100,c032.1,1789624905.619541,1789624907.304871,590.78,1685.229,223.942,590.736,105,106,95.025,1,,,7.40,9e749ee3
m6-sweep,960e1eb239e3,11,0,ran,qwen2.5:3b,long,0,100,c032.1,1789624907.80509,1789624909.234305,599.631,1429.117,236.595,599.594,79,80,94.034,1,,,7.05,e7b07b67
m6-sweep,c5aa9843029f,12,0,ran,qwen2.5:3b,long,0,100,c032.1,1789624909.734544,1789624911.61666,599.975,1882.016,230.609,599.941,123,124,95.161,1,,,7.05,a6172096
m6-sweep,836453465c90,13,0,ran,qwen2.5:3b,long,0,100,c032.1,1789624912.116887,1789624913.762633,595.248,1645.633,225.886,595.213,100,101,94.251,1,,,7.12,65fb6112
m6-sweep,0578d98253f0,14,0,ran,qwen2.5:3b,long,0,100,c032.1,1789624914.262871,1789624915.833979,591.721,1571.011,220.691,591.687,94,95,94.967,1,,,7.12,3ecee1e8
m6-sweep,bfd5e8399618,15,0,ran,qwen2.5:3b,long,0,100,c032.1,1789624916.33423,1789624918.253568,599.347,1919.245,232.662,599.312,128,128,96.22,1,,,7.03,b6074dfa
m6-sweep,fbf31de036d3,16,0,ran,qwen2.5:3b,long,0,100,c032.1,1789624918.753818,1789624920.441907,596.111,1687.97,227.117,596.076,105,106,95.25,1,,,7.03,2db46b31
m6-sweep,392ce20c6985,17,0,ran,qwen2.5:3b,long,0,100,c032.1,1789624920.942121,1789624922.774877,603.503,1832.626,235.273,603.468,118,119,95.19,1,,,7.03,7808f0fa
m6-sweep,cb3eb498cf53,18,0,ran,qwen2.5:3b,long,0,100,c032.1,1789624923.275149,1789624924.603985,596.239,1328.661,223.629,596.202,70,71,94.208,1,,,7.27,caa5a229
m6-sweep,20651d02fac4,19,0,ran,qwen2.5:3b,long,0,100,c032.1,1789624925.104331,1789624926.806638,605.103,1702.212,237.404,605.062,105,106,94.795,1,,,7.27,a2ddf730
m6-sweep,a36816691dc7,20,0,ran,qwen2.5:3b,long,0,100,c032.1,1789624927.308333,1789624929.603629,1375.64,2295.2,235.572,1375.565,87,88,93.523,1,,,6.93,da5e2095
m6-sweep,c71a7b8060f2,21,0,ran,qwen2.5:3b,long,0,100,c032.1,1789624930.103864,1789624931.557411,589.93,1453.445,226.407,589.895,82,83,93.803,1,,,6.93,82198ba1
m6-sweep,12a600449f6c,22,0,ran,qwen2.5:3b,long,0,100,c032.1,1789624932.057676,1789624933.986895,599.088,1929.118,228.28,599.051,128,128,95.487,1,,,7.50,7902053b
m6-sweep,77d81314b6eb,23,0,ran,qwen2.5:3b,long,0,100,c032.1,1789624934.487135,1789624935.910506,608.993,1423.039,236.988,608.948,78,79,94.589,1,,,7.50,13f2aebf
m6-sweep,54757482adf6,24,0,ran,qwen2.5:3b,long,0,100,c032.1,1789624936.410868,1789624938.21679,591.572,1805.817,221.862,591.528,116,117,94.709,1,,,7.14,991f7795
m6-sweep,4b6bf905583a,25,0,ran,qwen2.5:3b,long,0,100,c032.1,1789624938.717039,1789624940.519066,592.063,1801.89,220.67,592.028,116,117,95.055,1,,,7.14,7ed15ebf
m6-sweep,92a5409cd5be,26,0,ran,qwen2.5:3b,long,0,100,c032.1,1789624941.019352,1789624942.679362,588.222,1659.917,218.746,588.186,103,104,95.176,1,,,7.14,3b787651
m6-sweep,18bb5a048ce3,27,0,ran,qwen2.5:3b,long,0,100,c032.1,1789624943.179588,1789624944.997235,603.529,1817.471,233.856,603.493,116,117,94.733,1,,,6.72,173d752c
m6-sweep,a55dfc3fe24c,28,0,ran,qwen2.5:3b,long,0,100,c032.1,1789624945.49756,1789624947.294879,595.296,1797.217,226.094,595.26,115,116,94.848,1,,,6.72,4c56092a
m6-sweep,b391586c571c,29,0,ran,qwen2.5:3b,long,0,100,c032.1,1789624947.795123,1789624949.718588,596.635,1923.348,224.516,596.599,128,128,95.725,1,,,6.35,29beab9a
m6-sweep,e29e841b4bf4,30,0,ran,qwen2.5:3b,long,0,100,c032.1,1789624950.21888,1789624952.074403,605.261,1855.43,234.518,605.222,120,121,95.187,1,,,6.35,36f1a8a5
m6-sweep,d914d4fe7025,31,0,ran,qwen2.5:3b,long,0,100,c032.1,1789624952.574628,1789624954.250762,601.144,1676.034,230.85,601.109,103,104,94.893,1,,,6.08,6ee58ba6
m6-sweep,a8eb699aaded,32,0,ran,qwen2.5:3b,long,0,100,c032.1,1789624954.750988,1789624956.264912,608.549,1513.823,238.296,608.514,87,88,94.999,1,,,6.08,c00269b7
m6-sweep,39d4b6aa47ee,33,0,ran,qwen2.5:3b,long,0,100,c032.1,1789624956.765147,1789624959.15742,1344.064,2392.18,236.247,1344.028,99,100,93.501,1,,,6.87,4cee202e
m6-sweep,84e53c29ffdd,34,0,ran,qwen2.5:3b,long,0,100,c032.1,1789624959.657658,1789624961.521726,603.763,1863.874,230.76,603.728,120,121,94.436,1,,,6.87,00bcb42e
m6-sweep,b2beeca37953,35,0,ran,qwen2.5:3b,long,0,100,c032.1,1789624962.022159,1789624963.48149,591.629,1459.209,220.358,591.585,83,84,94.516,1,,,7.52,f1a43338
m6-sweep,8b7bed691e6c,36,0,ran,qwen2.5:3b,long,0,100,c032.1,1789624963.982085,1789624965.590046,592.938,1607.869,222.898,592.902,97,98,94.588,1,,,7.52,90c38719
m6-sweep,4ce36023fe7d,37,0,ran,qwen2.5:3b,long,0,100,c032.1,1789624966.0903,1789624967.592094,594.206,1501.701,223.464,594.172,87,88,94.766,1,,,7.52,f6451b86
m6-sweep,c895b57ea5c3,38,0,ran,qwen2.5:3b,long,0,100,c032.1,1789624968.092334,1789624969.753721,606.288,1661.29,236.28,606.252,101,102,94.786,1,,,7.24,301d6aef
m6-sweep,c26be330e967,39,0,ran,qwen2.5:3b,long,0,100,c032.1,1789624970.25395,1789624971.687027,605.757,1432.991,235.408,605.723,79,80,94.29,1,,,7.24,4a81c93d
m6-sweep,73d6b8aa2579,40,0,ran,qwen2.5:3b,long,0,100,c032.1,1789624972.187294,1789624973.699903,605.949,1512.52,240.12,605.914,87,88,94.863,1,,,8.26,69ff7973
m6-sweep,de48442640e4,41,0,ran,qwen2.5:3b,long,0,100,c032.1,1789624974.200125,1789624976.076992,594.18,1876.772,225.303,594.145,123,124,95.12,1,,,8.26,e29d7ed4
m6-sweep,9e67bb1f9f50,42,0,ran,qwen2.5:3b,long,0,100,c032.1,1789624976.577164,1789624978.260962,593.422,1683.707,224.121,593.378,105,106,95.388,1,,,8.96,b23ec221
m6-sweep,0f0477337378,43,0,ran,qwen2.5:3b,long,0,100,c032.1,1789624978.761188,1789624980.628225,594.259,1866.899,227.492,594.224,122,123,95.078,1,,,8.96,e32e9f86
m6-sweep,28d5554d804e,44,0,ran,qwen2.5:3b,long,0,100,c032.1,1789624981.128522,1789624982.540529,587.87,1411.913,220.415,587.833,79,80,94.655,1,,,8.96,60093aa8
m6-sweep,cf2121cd7c22,45,0,ran,qwen2.5:3b,long,0,100,c032.1,1789624983.040759,1789624984.502052,608.41,1460.939,237.926,608.375,82,83,95.011,1,,,8.41,d854bc6d
m6-sweep,6543ef41fe25,46,0,ran,qwen2.5:3b,long,0,100,c032.1,1789624985.002263,1789624986.424841,600.524,1422.489,229.127,600.49,79,80,94.895,1,,,8.41,a8278f6f
m6-sweep,d36985b760ea,47,0,ran,qwen2.5:3b,long,0,100,c032.1,1789624986.925063,1789624988.579362,589.297,1654.158,223.859,589.254,102,103,94.848,1,,,9.41,97440925
m6-sweep,bc1809075470,48,0,ran,qwen2.5:3b,long,0,100,c032.1,1789624989.079644,1789624990.680079,605.713,1600.338,239.133,605.677,95,96,94.508,1,,,9.41,e5821356
m6-sweep,6ff378ba5fc2,49,0,ran,qwen2.5:3b,long,0,100,c032.1,1789624991.180892,1789624992.877571,611.677,1696.484,239.862,611.642,103,104,94.026,1,,,9.41,17f1da39
m6-sweep,325b99338a4e,50,0,ran,qwen2.5:3b,long,0,100,c032.1,1789624993.377779,1789624995.198875,598.932,1820.951,230.95,598.885,116,117,94.107,1,,,8.82,5e2ce8ec
m6-sweep,b3b2c7a9187a,51,0,ran,qwen2.5:3b,long,0,100,c032.1,1789624995.699196,1789624997.182459,612.153,1483.167,240.936,612.106,83,84,94.143,1,,,8.82,4c4d3906
m6-sweep,ea41112198e4,52,0,ran,qwen2.5:3b,long,0,100,c032.1,1789624997.682679,1789624999.517891,597.303,1835.036,225.613,597.267,118,119,94.528,1,,,8.51,4f10da73
m6-sweep,d6eae03b42e4,0,1,ran,qwen2.5:0.5b,short,0,0,c033.1,1789625001.949928,1789625004.747074,2660.552,2797.054,21.895,2660.503,31,32,219.776,1,,,7.99,fef69e14
m6-sweep,6f97b3c00ad6,1,1,ran,qwen2.5:0.5b,short,0,0,c033.1,1789625005.24743,1789625005.447913,81.415,200.357,40.026,81.371,31,32,252.222,1,,,7.99,3807051e
m6-sweep,915f00a0b766,2,1,ran,qwen2.5:0.5b,short,0,0,c033.1,1789625005.948144,1789625006.099891,63.173,151.589,25.292,63.124,24,25,260.133,1,,,7.99,a5543ee5
m6-sweep,9ea3c0f62823,3,0,ran,qwen2.5:0.5b,short,0,0,c033.1,1789625006.600182,1789625006.787353,67.311,187.045,27.59,67.252,31,32,250.556,1,,,7.99,75779fab
m6-sweep,644a8dc47fe5,4,0,ran,qwen2.5:0.5b,short,0,0,c033.1,1789625007.287654,1789625007.447382,67.207,159.554,28.115,67.114,24,25,249.061,1,,,7.99,d4e50108
m6-sweep,a415592e1241,5,0,ran,qwen2.5:0.5b,short,0,0,c033.1,1789625007.947674,1789625008.113946,65.57,166.156,24.095,65.515,28,29,268.425,1,,,9.19,761c2d18
m6-sweep,3f9925d0ea96,6,0,ran,qwen2.5:0.5b,short,0,0,c033.1,1789625008.614226,1789625008.795608,73.937,181.222,36.736,73.883,28,29,251.666,1,,,9.19,6838e6ec
m6-sweep,91b7eca38713,7,0,ran,qwen2.5:0.5b,short,0,0,c033.1,1789625009.295902,1789625009.49574,68.917,199.724,29.598,68.849,31,32,229.346,1,,,9.19,41bf4bcc
m6-sweep,05c0cb0223ae,8,0,ran,qwen2.5:0.5b,short,0,0,c033.1,1789625009.995967,1789625010.16766,84.609,171.568,39.25,84.566,24,25,264.494,1,,,9.19,7523ef37
m6-sweep,534e7cd4180a,9,0,ran,qwen2.5:0.5b,short,0,0,c033.1,1789625010.667893,1789625010.831503,72.376,163.349,27.108,72.339,24,25,252.823,1,,,9.19,888d2094
m6-sweep,6b41eae9674c,10,0,ran,qwen2.5:0.5b,short,0,0,c033.1,1789625011.331791,1789625011.499473,72.847,167.571,30.611,72.802,24,25,242.811,1,,,9.19,0450b1b1
m6-sweep,52c0a07216c4,11,0,ran,qwen2.5:0.5b,short,0,0,c033.1,1789625011.999683,1789625012.170699,75.967,170.891,36.057,75.927,24,25,242.3,1,,,9.19,28b0e5c0
m6-sweep,9daf7d196e19,12,0,ran,qwen2.5:0.5b,short,0,0,c033.1,1789625012.670944,1789625012.820924,56.946,149.872,19.593,56.911,24,25,247.511,1,,,9.19,5ba392a0
m6-sweep,63d2157d8cdb,13,0,ran,qwen2.5:0.5b,short,0,0,c033.1,1789625013.321149,1789625013.508653,69.038,187.401,29.183,68.955,31,32,253.458,1,,,9.66,b866a540
m6-sweep,78badc0c1a87,14,0,ran,qwen2.5:0.5b,short,0,0,c033.1,1789625014.00889,1789625014.166001,68.834,157.001,29.243,68.799,24,25,260.87,1,,,9.66,0b99669f
m6-sweep,c61bdbcae12e,15,0,ran,qwen2.5:0.5b,short,0,0,c033.1,1789625014.666211,1789625014.817188,62.839,150.878,24.152,62.803,24,25,261.249,1,,,9.66,3e91c78c
m6-sweep,facb0def50eb,16,0,ran,qwen2.5:0.5b,short,0,0,c033.1,1789625015.317395,1789625015.490522,76.268,172.972,32.871,76.224,24,25,237.841,1,,,9.66,f5ad7991
m6-sweep,eb9c188579ee,17,0,ran,qwen2.5:0.5b,short,0,0,c033.1,1789625015.990824,1789625016.171974,72.888,180.984,33.977,72.817,28,29,249.778,1,,,9.66,57314fe9
m6-sweep,c15acdc9872e,18,0,ran,qwen2.5:0.5b,short,0,0,c033.1,1789625016.672295,1789625016.859424,64.132,187.03,20.078,64.088,31,32,244.105,1,,,9.66,8ea688f7
m6-sweep,0d9d1bec4c9c,19,0,ran,qwen2.5:0.5b,short,0,0,c033.1,1789625017.359645,1789625017.51103,60.224,151.224,23.547,60.189,24,25,252.746,1,,,9.66,1b64b325
m6-sweep,1903b7ab43c3,20,0,ran,qwen2.5:0.5b,short,0,0,c033.1,1789625018.011289,1789625018.16786,62.699,156.469,24.584,62.665,24,25,245.281,1,,,9.29,265b9382
m6-sweep,03f70b194ed4,21,0,ran,qwen2.5:0.5b,short,0,0,c033.1,1789625018.668077,1789625018.822845,59.843,154.605,20.451,59.769,24,25,242.713,1,,,9.29,03fe8935
m6-sweep,c33538e6cfaf,22,0,ran,qwen2.5:0.5b,short,0,0,c033.1,1789625019.323131,1789625019.480155,59.557,156.707,22.405,59.513,24,25,236.746,1,,,9.29,8e5b07e3
m6-sweep,2876f5db5219,0,1,ran,qwen2.5:1.5b,long,0.5,0,c034.1,1789625021.986002,1789625026.001298,3146.675,4015.095,32.788,3146.632,128,128,146.243,1,,,8.86,5b54daa2
m6-sweep,583049560c02,1,1,ran,qwen2.5:1.5b,long,0.5,0,c034.1,1789625026.50396,1789625027.48586,150.44,981.776,40.941,150.407,128,128,152.766,1,,,8.86,2cc6001d
m6-sweep,8768bda1e570,2,1,ran,qwen2.5:1.5b,long,0.5,0,c034.1,1789625027.986107,1789625029.089781,282.608,1103.549,35.037,282.565,128,128,154.701,1,,,8.31,1c87c4d0
m6-sweep,e32026b69847,3,0,ran,qwen2.5:1.5b,long,0.5,0,c034.1,1789625029.590045,1789625030.550716,132.365,960.559,24.165,132.311,128,128,153.346,1,,,8.31,1b8c0b8c
m6-sweep,d9d1f209eae3,4,0,ran,qwen2.5:1.5b,long,0.5,0,c034.1,1789625031.05092,1789625032.156184,286.137,1105.14,34.038,286.099,128,128,155.067,1,,,8.31,851cc6e2
m6-sweep,b5a6b3b4a0cd,5,0,ran,qwen2.5:1.5b,long,0.5,0,c034.1,1789625032.656399,1789625033.599082,124.235,942.561,25.824,124.198,128,128,155.195,1,,,8.45,983a674b
m6-sweep,93a2883f1291,6,0,ran,qwen2.5:1.5b,long,0.5,0,c034.1,1789625034.099305,1789625035.037006,123.342,937.595,23.321,123.306,128,128,155.971,1,,,8.45,198abb04
m6-sweep,7d2c2643045e,7,0,ran,qwen2.5:1.5b,long,0.5,0,c034.1,1789625035.537223,1789625036.476264,126.169,938.936,30.683,126.118,128,128,156.256,1,,,8.45,314af183
m6-sweep,bf2ef65f6230,8,0,ran,qwen2.5:1.5b,long,0.5,0,c034.1,1789625036.976462,1789625037.854391,143.158,877.808,36.043,143.089,115,116,155.176,1,,,8.45,44385a81
m6-sweep,7769fc19fc87,9,0,ran,qwen2.5:1.5b,long,0.5,0,c034.1,1789625038.354618,1789625039.308808,139.695,954.081,32.423,139.638,128,128,155.946,1,,,8.01,efc2342e
m6-sweep,0de3c61f299c,10,0,ran,qwen2.5:1.5b,long,0.5,0,c034.1,1789625039.809025,1789625040.756211,134.452,947.048,28.197,134.405,128,128,156.289,1,,,8.01,52066c23
m6-sweep,33b883c1d136,11,0,ran,qwen2.5:1.5b,long,0.5,0,c034.1,1789625041.256474,1789625042.214821,142.104,958.233,35.872,142.068,128,128,155.613,1,,,8.01,39b41594
m6-sweep,c485c8cd25dc,12,0,ran,qwen2.5:1.5b,long,0.5,0,c034.1,1789625042.715043,1789625043.65926,132.083,944.11,29.277,132.044,128,128,156.399,1,,,7.69,49f7f684
m6-sweep,452b50377f74,13,0,ran,qwen2.5:1.5b,long,0.5,0,c034.1,1789625044.15943,1789625045.309011,290.233,1149.465,34.348,290.176,128,128,147.806,1,,,7.69,e292af46
m6-sweep,e676751ddd61,14,0,ran,qwen2.5:1.5b,long,0.5,0,c034.1,1789625045.809253,1789625046.801724,142.304,992.351,27.984,142.253,128,128,149.403,1,,,7.69,1e75728f
m6-sweep,d3e0fbb49f94,15,0,ran,qwen2.5:1.5b,long,0.5,0,c034.1,1789625047.301982,1789625048.26667,171.265,964.575,39.719,171.227,128,128,160.089,1,,,8.28,2900cdbf
m6-sweep,ce29acc75d3f,16,0,ran,qwen2.5:1.5b,long,0.5,0,c034.1,1789625048.766897,1789625049.716926,157.548,949.878,28.036,157.512,128,128,160.287,1,,,8.28,66423b12
m6-sweep,d47ed8429156,17,0,ran,qwen2.5:1.5b,long,0.5,0,c034.1,1789625050.217144,1789625051.167131,137.841,949.874,38.996,137.801,128,128,156.398,1,,,8.28,7e29e0a5
m6-sweep,4c1a626ad729,18,0,ran,qwen2.5:1.5b,long,0.5,0,c034.1,1789625051.667334,1789625052.620013,131.035,952.574,31.023,130.993,128,128,154.588,1,,,8.28,ad5655f2
m6-sweep,c4644fe0e551,19,0,ran,qwen2.5:1.5b,long,0.5,0,c034.1,1789625053.120238,1789625054.066778,134.232,946.418,24.064,134.182,128,128,156.368,1,,,7.85,dcbfba78
m6-sweep,03673bbe0c80,20,0,ran,qwen2.5:1.5b,long,0.5,0,c034.1,1789625054.566984,1789625055.522005,133.78,954.917,23.196,133.692,128,128,154.664,1,,,7.85,3c049118
m6-sweep,944bacd6d13b,21,0,ran,qwen2.5:1.5b,long,0.5,0,c034.1,1789625056.022265,1789625056.977529,132.239,955.157,22.605,132.147,128,128,154.329,1,,,7.85,fcc36f15
m6-sweep,48335460c660,22,0,ran,qwen2.5:1.5b,long,0.5,0,c034.1,1789625057.477767,1789625058.43698,137.418,959.107,31.917,137.382,128,128,154.56,1,,,7.38,e2a492d4
m6-sweep,bc79c2fe81c3,23,0,ran,qwen2.5:1.5b,long,0.5,0,c034.1,1789625058.937284,1789625059.894134,140.429,956.741,33.031,140.373,128,128,155.578,1,,,7.38,718aec4f
m6-sweep,110c6c16e06c,24,0,ran,qwen2.5:1.5b,long,0.5,0,c034.1,1789625060.394363,1789625061.364684,148.91,970.2,39.261,148.87,128,128,154.635,1,,,7.38,f3faac37
m6-sweep,9d4a99a8722b,25,0,ran,qwen2.5:1.5b,long,0.5,0,c034.1,1789625061.864932,1789625062.809804,127.295,944.752,21.524,127.242,128,128,155.36,1,,,7.38,5a9b586d
m6-sweep,60b4f676db30,26,0,ran,qwen2.5:1.5b,long,0.5,0,c034.1,1789625063.309992,1789625064.264579,136.154,954.478,28.471,136.04,128,128,155.195,1,,,6.95,b807c725
m6-sweep,d3280d46b4a7,27,0,ran,qwen2.5:1.5b,long,0.5,0,c034.1,1789625064.764798,1789625065.717144,140.582,952.217,30.313,140.524,128,128,156.474,1,,,6.95,1128ac22
m6-sweep,336021edab9e,28,0,ran,qwen2.5:1.5b,long,0.5,0,c034.1,1789625066.217397,1789625067.288502,256.194,1070.986,25.171,256.11,128,128,155.868,1,,,6.95,7494620f
m6-sweep,a3ac4f1264f6,29,0,ran,qwen2.5:1.5b,long,0.5,0,c034.1,1789625067.788722,1789625068.744347,135.679,955.514,34.607,135.642,128,128,154.909,1,,,7.68,8c865259
m6-sweep,1bb8e2841b20,30,0,ran,qwen2.5:1.5b,long,0.5,0,c034.1,1789625069.244578,1789625070.191203,132.16,946.513,30.58,132.124,128,128,155.952,1,,,7.68,4a849b93
m6-sweep,9a592b07c881,31,0,ran,qwen2.5:1.5b,long,0.5,0,c034.1,1789625070.691427,1789625071.645561,136.073,954.017,34.622,136.038,128,128,155.267,1,,,7.68,259674d6
m6-sweep,9d3c14b0a343,32,0,ran,qwen2.5:1.5b,long,0.5,0,c034.1,1789625072.145798,1789625073.248991,285.201,1103.087,33.215,285.148,128,128,155.278,1,,,8.42,e87cd2e0
m6-sweep,72f979cea33f,33,0,ran,qwen2.5:1.5b,long,0.5,0,c034.1,1789625073.749219,1789625074.6941,128.413,944.753,26.541,128.379,128,128,155.573,1,,,8.42,5d72ca05
m6-sweep,93eff6dcce3e,34,0,ran,qwen2.5:1.5b,long,0.5,0,c034.1,1789625075.194378,1789625076.140506,135.081,946.01,32.838,135.01,128,128,156.611,1,,,8.42,3f8cf467
m6-sweep,c4203eddb502,35,0,ran,qwen2.5:1.5b,long,0.5,0,c034.1,1789625076.640742,1789625077.58296,129.323,942.098,19.827,129.289,128,128,156.255,1,,,8.42,35f6aa74
m6-sweep,612846b37b17,36,0,ran,qwen2.5:1.5b,long,0.5,0,c034.1,1789625078.083138,1789625079.024763,132.122,941.52,33.924,132.074,128,128,156.907,1,,,8.07,706c403a
m6-sweep,101a98a19331,37,0,ran,qwen2.5:1.5b,long,0.5,0,c034.1,1789625079.524974,1789625080.475806,137.701,950.725,29.796,137.667,128,128,156.207,1,,,8.07,9f6ebdf3
m6-sweep,d57ef37031f8,38,0,ran,qwen2.5:1.5b,long,0.5,0,c034.1,1789625080.976026,1789625081.922389,134.051,946.258,27.009,134.002,128,128,156.364,1,,,8.07,2dddcfac
m6-sweep,587a3707c122,39,0,ran,qwen2.5:1.5b,long,0.5,0,c034.1,1789625082.422549,1789625083.523717,287.442,1101.063,38.467,287.406,128,128,156.092,1,,,8.14,1a11258d
m6-sweep,f0060fadb9aa,40,0,ran,qwen2.5:1.5b,long,0.5,0,c034.1,1789625084.023943,1789625084.955735,118.449,931.679,18.552,118.408,128,128,156.167,1,,,8.14,a91d8454
m6-sweep,998da99c4673,41,0,ran,qwen2.5:1.5b,long,0.5,0,c034.1,1789625085.455973,1789625086.401191,132.764,945.107,30.779,132.722,128,128,156.338,1,,,8.14,7d0ad8f9
m6-sweep,04b46fd141f6,42,0,ran,qwen2.5:1.5b,long,0.5,0,c034.1,1789625086.901421,1789625087.85527,125.643,953.723,26.822,125.605,128,128,153.367,1,,,8.14,1c9e98dd
m6-sweep,405b9283579d,43,0,ran,qwen2.5:1.5b,long,0.5,0,c034.1,1789625088.355496,1789625089.350779,139.851,995.172,38.549,139.804,128,128,148.482,1,,,7.73,07e39b26
m6-sweep,d01689a0e006,44,0,ran,qwen2.5:1.5b,long,0.5,0,c034.1,1789625089.851014,1789625090.802979,132.115,951.851,23.107,132.057,128,128,154.928,1,,,7.73,6d5e3135
m6-sweep,9cef2fc0d378,45,0,ran,qwen2.5:1.5b,long,0.5,0,c034.1,1789625091.304095,1789625092.264644,141.853,960.428,31.5,141.803,128,128,155.148,1,,,7.73,244519cb
m6-sweep,6fb896935704,46,0,ran,qwen2.5:1.5b,long,0.5,0,c034.1,1789625092.765077,1789625093.720303,138.54,955.115,30.438,138.504,128,128,155.528,1,,,7.51,6fb53e28
m6-sweep,818670ae5cbe,47,0,ran,qwen2.5:1.5b,long,0.5,0,c034.1,1789625094.220524,1789625095.174892,139.456,954.259,31.114,139.404,128,128,155.866,1,,,7.51,a7ea6443
m6-sweep,429c54a9ccc5,48,0,ran,qwen2.5:1.5b,long,0.5,0,c034.1,1789625095.675125,1789625096.630064,141.361,954.827,32.883,141.316,128,128,156.122,1,,,7.51,0c5b2ae1
m6-sweep,ef5e015d19b7,49,0,ran,qwen2.5:1.5b,long,0.5,0,c034.1,1789625097.130248,1789625098.215239,257.249,1084.872,28.329,257.199,128,128,153.451,1,,,8.35,c9ee8688
m6-sweep,656a947db3d2,50,0,ran,qwen2.5:1.5b,long,0.5,0,c034.1,1789625098.715482,1789625099.649177,118.798,933.596,18.571,118.758,128,128,155.867,1,,,8.35,67fd6afa
m6-sweep,2c12107918dc,51,0,ran,qwen2.5:1.5b,long,0.5,0,c034.1,1789625100.149383,1789625101.094276,129.456,944.733,21.256,129.41,128,128,155.775,1,,,8.35,b0d8a2ba
m6-sweep,1521ec830cf4,52,0,ran,qwen2.5:1.5b,long,0.5,0,c034.1,1789625101.59451,1789625102.54159,131.017,946.962,21.309,130.958,128,128,155.648,1,,,8.35,56c90069
m6-sweep,10aa332d5afb,0,1,ran,qwen2.5:1.5b,short,1,50,c035.1,1789625105.086846,1789625105.505818,291.348,418.862,128.795,291.28,18,19,133.319,1,,,8.00,5f60215a
m6-sweep,b30bd5c5e099,1,1,ran,qwen2.5:1.5b,short,1,50,c035.1,1789625106.006049,1789625106.450383,291.703,444.233,139.563,291.668,18,19,111.453,1,,,8.00,9b3bceb9
m6-sweep,141f230a9798,2,1,ran,qwen2.5:1.5b,short,1,50,c035.1,1789625106.950609,1789625107.401188,285.238,450.463,132.618,285.202,26,27,151.309,1,,,8.00,bbc1f32a
m6-sweep,b7a1825ebcbe,3,0,ran,qwen2.5:1.5b,short,1,50,c035.1,1789625107.901448,1789625109.334022,1301.352,1432.464,1150.902,1301.317,18,19,129.66,1,,,7.76,08194313
m6-sweep,0a9305a8a875,4,0,ran,qwen2.5:1.5b,short,1,50,c035.1,1789625109.83431,1789625110.242556,276.672,408.081,126.232,276.64,20,21,144.587,1,,,7.76,fc6eabcf
m6-sweep,f655bc714f39,5,0,ran,qwen2.5:1.5b,short,1,50,c035.1,1789625110.74288,1789625111.152368,275.801,409.375,127.374,275.717,18,19,127.27,1,,,7.76,f8a2b529
m6-sweep,323833c323fa,6,0,ran,qwen2.5:1.5b,short,1,50,c035.1,1789625111.652613,1789625112.064675,283.175,411.943,128.428,283.13,18,19,132.02,1,,,7.76,31532929
m6-sweep,e153521df744,7,0,ran,qwen2.5:1.5b,short,1,50,c035.1,1789625112.564955,1789625112.978454,279.465,413.399,128.017,279.43,21,22,149.327,1,,,7.76,e17e93fd
m6-sweep,25b5f7f96918,8,0,ran,qwen2.5:1.5b,short,1,50,c035.1,1789625113.478726,1789625113.896957,281.596,418.081,135.468,281.562,18,19,124.556,1,,,7.54,d67aa9b6
m6-sweep,5c834cedad6b,9,0,ran,qwen2.5:1.5b,short,1,50,c035.1,1789625114.397274,1789625114.80992,283.93,412.543,129.922,283.894,18,19,132.179,1,,,7.54,5ed76cfe
m6-sweep,a701bfd33e05,10,0,ran,qwen2.5:1.5b,short,1,50,c035.1,1789625115.310208,1789625115.721848,278.197,411.551,128.105,278.112,18,19,127.48,1,,,7.54,3c856cb5
m6-sweep,538b0ccae61e,11,0,ran,qwen2.5:1.5b,short,1,50,c035.1,1789625116.222053,1789625116.628116,274.658,405.972,126.834,274.616,18,19,129.461,1,,,7.54,030356ce
m6-sweep,4d90d5064bcf,12,0,ran,qwen2.5:1.5b,short,1,50,c035.1,1789625117.128328,1789625117.548742,290.761,420.293,138.183,290.727,18,19,131.242,1,,,7.54,f792c3c9
m6-sweep,b959686aca0f,13,0,ran,qwen2.5:1.5b,short,1,50,c035.1,1789625118.049008,1789625118.459623,277.0,410.489,127.943,276.965,18,19,127.351,1,,,7.42,be7a7c32
m6-sweep,19ed04700daa,14,0,ran,qwen2.5:1.5b,short,1,50,c035.1,1789625118.959903,1789625119.525903,278.777,565.909,124.995,278.742,21,22,69.654,1,,,7.42,52feb11e
m6-sweep,0cd485cf69dc,15,0,ran,qwen2.5:1.5b,short,1,50,c035.1,1789625120.02626,1789625120.429611,273.034,403.26,119.113,272.983,18,19,130.543,1,,,7.42,0ea6556f
m6-sweep,8468306b02a6,16,0,ran,qwen2.5:1.5b,short,1,50,c035.1,1789625120.929921,1789625121.328795,267.3,398.784,120.08,267.261,18,19,129.293,1,,,7.42,0233bbe1
m6-sweep,9e46748462b0,17,0,ran,qwen2.5:1.5b,short,1,50,c035.1,1789625121.830045,1789625122.231571,269.454,401.378,121.967,269.418,18,19,128.862,1,,,7.42,4c7dfa19
m6-sweep,b0da9dbf135f,18,0,ran,qwen2.5:1.5b,short,1,50,c035.1,1789625122.731826,1789625123.15005,283.314,418.134,134.339,283.277,18,19,126.094,1,,,7.87,c5cacc6e
m6-sweep,41f99502f2b8,19,0,ran,qwen2.5:1.5b,short,1,50,c035.1,1789625123.650299,1789625124.068248,284.57,417.819,132.255,284.535,20,21,142.59,1,,,7.87,d871bab3
m6-sweep,a1792810d731,20,0,ran,qwen2.5:1.5b,short,1,50,c035.1,1789625124.568538,1789625124.9878,284.435,419.142,128.44,284.385,21,22,148.47,1,,,7.87,4f0ffc3a
m6-sweep,1320791fa474,21,0,ran,qwen2.5:1.5b,short,1,50,c035.1,1789625125.488029,1789625125.909601,286.065,421.438,137.443,286.021,18,19,125.579,1,,,7.87,b700ecd1
m6-sweep,f4ed67154dce,22,0,ran,qwen2.5:1.5b,short,1,50,c035.1,1789625126.409883,1789625126.823961,279.089,413.914,129.591,279.053,18,19,126.089,1,,,7.87,7c99ed96
m6-sweep,8eb521ba20d9,23,0,ran,qwen2.5:1.5b,short,1,50,c035.1,1789625127.324318,1789625127.727981,271.92,403.573,121.682,271.885,18,19,129.128,1,,,7.87,4678e099
m6-sweep,f338d097835a,24,0,ran,qwen2.5:1.5b,short,1,50,c035.1,1789625128.228221,1789625128.643436,281.627,415.124,132.555,281.567,21,22,149.816,1,,,7.48,b38ab8f0
m6-sweep,6d4d11712a81,25,0,ran,qwen2.5:1.5b,short,1,50,c035.1,1789625129.14367,1789625129.593419,297.42,449.56,137.496,297.379,18,19,111.739,1,,,7.48,7f40a65b
m6-sweep,4d4e89444317,26,0,ran,qwen2.5:1.5b,short,1,50,c035.1,1789625130.093827,1789625130.499676,271.598,405.72,123.536,271.562,18,19,126.75,1,,,7.48,8ac13762
m6-sweep,6825785d7ec6,27,0,ran,qwen2.5:1.5b,short,1,50,c035.1,1789625130.999954,1789625132.435754,1302.354,1435.696,1145.709,1302.223,18,19,127.492,1,,,7.48,297d53af
m6-sweep,88a4b5b25825,28,0,ran,qwen2.5:1.5b,short,1,50,c035.1,1789625132.93594,1789625133.343317,274.605,407.285,125.238,274.555,18,19,128.128,1,,,7.12,15160d58
m6-sweep,32c4b8a68a40,29,0,ran,qwen2.5:1.5b,short,1,50,c035.1,1789625133.843528,1789625134.267123,287.981,423.47,140.794,287.932,18,19,125.471,1,,,7.12,6820a4fc
m6-sweep,637c56d82afa,30,0,ran,qwen2.5:1.5b,short,1,50,c035.1,1789625134.767392,1789625135.181809,284.318,414.328,129.758,284.264,18,19,130.759,1,,,7.12,0b097977
m6-sweep,4918234c0a59,31,0,ran,qwen2.5:1.5b,short,1,50,c035.1,1789625135.682043,1789625136.097683,281.553,415.535,131.822,281.514,18,19,126.883,1,,,7.12,ac0be328
m6-sweep,a8ee32e750e4,32,0,ran,qwen2.5:1.5b,short,1,50,c035.1,1789625136.597947,1789625137.009155,277.989,411.043,128.687,277.936,18,19,127.768,1,,,7.12,fdec72f6
m6-sweep,2acb3ff7f63b,33,0,ran,qwen2.5:1.5b,short,1,50,c035.1,1789625137.509436,1789625137.920554,274.436,410.984,127.33,274.402,18,19,124.498,1,,,7.12,f7d22a10
m6-sweep,abf52cff1eba,34,0,ran,qwen2.5:1.5b,short,1,50,c035.1,1789625138.420833,1789625138.873826,274.151,452.857,127.003,274.117,20,21,106.32,1,,,7.43,ed29b72b
m6-sweep,b2da24582535,35,0,ran,qwen2.5:1.5b,short,1,50,c035.1,1789625139.374223,1789625139.784315,279.195,409.904,128.176,279.16,18,19,130.06,1,,,7.43,9816b497
m6-sweep,c6bce1f0d9a6,36,0,ran,qwen2.5:1.5b,short,1,50,c035.1,1789625140.284697,1789625140.692474,278.076,407.656,126.07,278.042,18,19,131.194,1,,,7.43,99e72071
m6-sweep,d145485a2d89,37,0,ran,qwen2.5:1.5b,short,1,50,c035.1,1789625141.192764,1789625141.600215,280.703,407.338,126.578,280.666,18,19,134.244,1,,,7.43,0320b7aa
m6-sweep,51584e0f338b,38,0,ran,qwen2.5:1.5b,short,1,50,c035.1,1789625142.100472,1789625142.517144,279.606,416.556,127.659,279.535,21,22,146.039,1,,,7.43,2268adcd
m6-sweep,07ead96dab0b,39,0,ran,qwen2.5:1.5b,short,1,50,c035.1,1789625143.017387,1789625143.451181,283.013,433.661,131.551,282.938,18,19,112.845,1,,,7.23,c03255d0
m6-sweep,697915203b6c,40,0,ran,qwen2.5:1.5b,short,1,50,c035.1,1789625143.951517,1789625144.357215,276.813,405.605,126.825,276.771,18,19,131.996,1,,,7.23,43dab28f
m6-sweep,0c47c9848e94,41,0,ran,qwen2.5:1.5b,short,1,50,c035.1,1789625144.857452,1789625145.264917,270.912,407.359,123.4,270.875,18,19,124.591,1,,,7.23,de20a1a6
m6-sweep,f2beee8b9c6e,42,0,ran,qwen2.5:1.5b,short,1,50,c035.1,1789625145.765142,1789625146.171478,279.736,406.209,126.38,279.7,18,19,134.416,1,,,7.23,3e0e6bd3
m6-sweep,d3e0db066d18,43,0,ran,qwen2.5:1.5b,short,1,50,c035.1,1789625146.671765,1789625147.079536,278.523,407.655,126.659,278.485,18,19,131.648,1,,,7.23,6cc33a8b
m6-sweep,a358b32a9378,44,0,ran,qwen2.5:1.5b,short,1,50,c035.1,1789625147.579727,1789625148.008317,279.6,428.505,125.081,279.552,18,19,114.167,1,,,7.23,2a00437f
m6-sweep,897458e74899,45,0,ran,qwen2.5:1.5b,short,1,50,c035.1,1789625148.508524,1789625149.061832,279.693,553.188,127.478,279.651,26,27,91.41,1,,,8.02,61a2581d
m6-sweep,1a44968f8b4d,46,0,ran,qwen2.5:1.5b,short,1,50,c035.1,1789625149.562102,1789625150.147419,444.754,585.197,122.256,444.719,18,19,121.046,1,,,8.02,3b1f7397
m6-sweep,e167dccef124,47,0,ran,qwen2.5:1.5b,short,1,50,c035.1,1789625150.647725,1789625151.048162,275.917,400.329,119.679,275.88,18,19,136.643,1,,,8.02,2ebf01cd
m6-sweep,04f887a45531,48,0,ran,qwen2.5:1.5b,short,1,50,c035.1,1789625151.548405,1789625152.187828,285.04,639.283,132.732,285.003,46,47,127.031,1,,,8.02,e11118de
m6-sweep,02f7886392c6,49,0,ran,qwen2.5:1.5b,short,1,50,c035.1,1789625152.689585,1789625153.103853,284.839,414.166,130.122,284.782,18,19,131.449,1,,,8.02,9f2df277
m6-sweep,71ece99db073,50,0,ran,qwen2.5:1.5b,short,1,50,c035.1,1789625153.604359,1789625154.015947,276.618,411.473,125.616,276.546,18,19,126.061,1,,,8.90,2265e835
m6-sweep,dbb1a73cab1a,51,0,ran,qwen2.5:1.5b,short,1,50,c035.1,1789625154.516227,1789625154.932946,283.434,416.628,131.925,283.386,18,19,127.633,1,,,8.90,4cfd5dd0
m6-sweep,77d31792fbf9,52,0,ran,qwen2.5:1.5b,short,1,50,c035.1,1789625155.43318,1789625155.852638,283.195,419.371,131.473,283.158,21,22,146.868,1,,,8.90,1dc74e3e
m6-sweep,582a77d169a1,0,1,loopback,qwen2.5:1.5b,short,0,0,c036.1,1789625157.370447,1789625157.525492,28.161,154.888,1.024,28.096,18,19,134.147,1,,,8.90,0cbcc8f8
m6-sweep,e68e8f601eba,1,1,loopback,qwen2.5:1.5b,short,0,0,c036.1,1789625158.025752,1789625158.160118,18.301,134.214,0.161,18.25,18,19,146.662,1,,,8.50,01072edd
m6-sweep,988a4a569828,2,1,loopback,qwen2.5:1.5b,short,0,0,c036.1,1789625158.660389,1789625158.798502,21.636,137.984,0.136,21.514,18,19,146.113,1,,,8.50,ccb68680
m6-sweep,27bcfbb87c31,3,0,loopback,qwen2.5:1.5b,short,0,0,c036.1,1789625159.298732,1789625159.448795,22.085,149.918,0.206,22.039,20,21,148.63,1,,,8.50,dd4ecc08
m6-sweep,47f35837b95c,4,0,loopback,qwen2.5:1.5b,short,0,0,c036.1,1789625159.949004,1789625160.095108,27.111,145.974,0.179,27.075,18,19,143.023,1,,,8.50,d5ed317c
m6-sweep,35bb2974f35a,5,0,loopback,qwen2.5:1.5b,short,0,0,c036.1,1789625160.595311,1789625160.735587,24.349,140.137,0.166,24.289,18,19,146.82,1,,,8.50,f29800c0
m6-sweep,c86d626da092,6,0,loopback,qwen2.5:1.5b,short,0,0,c036.1,1789625161.235906,1789625161.422899,22.223,186.867,0.128,22.18,26,27,151.843,1,,,8.50,99217351
m6-sweep,6a62884516ef,7,0,loopback,qwen2.5:1.5b,short,0,0,c036.1,1789625161.931898,1789625162.070884,22.892,138.861,0.209,22.85,18,19,146.59,1,,,8.50,fd7b27eb
m6-sweep,c888af42cb4a,8,0,loopback,qwen2.5:1.5b,short,0,0,c036.1,1789625162.571092,1789625162.711603,24.068,140.344,0.14,23.998,18,19,146.204,1,,,8.50,2593ed4a
m6-sweep,a5b438a265f8,9,0,loopback,qwen2.5:1.5b,short,0,0,c036.1,1789625163.211881,1789625163.359821,25.015,147.727,0.156,24.98,18,19,138.535,1,,,8.14,0254af13
m6-sweep,dafb6efb8cef,10,0,loopback,qwen2.5:1.5b,short,0,0,c036.1,1789625163.860151,1789625164.005118,28.079,144.834,0.132,28.035,18,19,145.604,1,,,8.14,9bfabee6
m6-sweep,e6e59dd0aaec,11,0,loopback,qwen2.5:1.5b,short,0,0,c036.1,1789625164.505347,1789625164.916104,24.088,410.648,0.151,24.041,61,62,155.215,1,,,8.14,e42f5567
m6-sweep,907d96880d51,12,0,loopback,qwen2.5:1.5b,short,0,0,c036.1,1789625165.4163,1789625165.558493,26.472,142.017,0.125,26.437,18,19,147.129,1,,,8.14,1d977a4c
m6-sweep,839deb59f833,13,0,loopback,qwen2.5:1.5b,short,0,0,c036.1,1789625166.058751,1789625166.199417,23.665,140.558,0.143,23.607,18,19,145.432,1,,,8.14,71171cff
m6-sweep,8c619f61cbd9,14,0,loopback,qwen2.5:1.5b,short,0,0,c036.1,1789625166.699628,1789625166.84512,29.674,145.377,0.136,29.63,18,19,146.927,1,,,8.14,91a56d97
m6-sweep,12dab28d2c34,15,0,loopback,qwen2.5:1.5b,short,0,0,c036.1,1789625167.345408,1789625167.497042,19.351,151.494,0.229,19.305,21,22,151.352,1,,,8.14,abe8be92
m6-sweep,f9864f1f0722,16,0,loopback,qwen2.5:1.5b,short,0,0,c036.1,1789625167.997288,1789625168.136615,24.721,139.164,0.178,24.685,18,19,148.546,1,,,8.14,5ee96611
m6-sweep,0c8d69d735da,17,0,loopback,qwen2.5:1.5b,short,0,0,c036.1,1789625168.636888,1789625168.823242,23.859,186.227,0.156,23.814,25,26,147.813,1,,,8.93,46ae701b
m6-sweep,8da3942733f0,18,0,loopback,qwen2.5:1.5b,short,0,0,c036.1,1789625169.323457,1789625169.459649,21.908,136.075,0.131,21.844,18,19,148.904,1,,,8.93,298b4def
m6-sweep,fbf1752d35c4,19,0,loopback,qwen2.5:1.5b,short,0,0,c036.1,1789625169.959905,1789625170.153977,20.613,193.853,0.13,20.561,26,27,144.308,1,,,8.93,2acd6e6a
m6-sweep,2393c729e166,20,0,loopback,qwen2.5:1.5b,short,0,0,c036.1,1789625170.654344,1789625170.797781,25.67,143.327,0.145,25.632,18,19,144.488,1,,,8.93,cb05a38b
m6-sweep,c376e7b136b1,21,0,loopback,qwen2.5:1.5b,short,0,0,c036.1,1789625171.297995,1789625171.440054,26.055,141.949,0.336,26.018,18,19,146.685,1,,,8.93,f979b9d6
m6-sweep,a03918bc6153,22,0,loopback,qwen2.5:1.5b,short,0,0,c036.1,1789625171.940266,1789625172.08232,25.062,141.954,0.143,24.994,18,19,145.433,1,,,8.93,d82a9376
m6-sweep,ffa5ad1374ca,23,0,loopback,qwen2.5:1.5b,short,0,0,c036.1,1789625172.582641,1789625172.720979,23.423,138.175,0.128,23.387,18,19,148.145,1,,,8.93,5f5d5c13
m6-sweep,95b63042bb1a,24,0,loopback,qwen2.5:1.5b,short,0,0,c036.1,1789625173.221251,1789625173.359068,21.769,137.675,0.137,21.724,18,19,146.671,1,,,8.38,288f9d48
m6-sweep,293cea0d764e,25,0,loopback,qwen2.5:1.5b,short,0,0,c036.1,1789625173.859332,1789625173.99718,22.552,137.74,0.161,22.515,18,19,147.585,1,,,8.38,be72d85c
m6-sweep,8bf63801ce93,26,0,loopback,qwen2.5:1.5b,short,0,0,c036.1,1789625174.497414,1789625174.692144,24.49,194.608,0.13,24.455,25,26,141.079,1,,,8.38,47cfb4e5
m6-sweep,30fef24307fe,27,0,loopback,qwen2.5:1.5b,short,0,0,c036.1,1789625175.192343,1789625175.325629,18.973,133.183,0.136,18.853,18,19,148.849,1,,,8.38,e92f63d5
m6-sweep,1f4287c455f4,28,0,loopback,qwen2.5:1.5b,short,0,0,c036.1,1789625175.82584,1789625175.965127,23.87,139.175,0.124,23.832,18,19,147.435,1,,,8.38,898c039e
m6-sweep,1f9a6f19935f,29,0,loopback,qwen2.5:1.5b,short,0,0,c036.1,1789625176.465347,1789625176.608968,27.03,143.442,0.125,26.992,18,19,146.033,1,,,8.38,23f0b323
m6-sweep,563abea6c94b,30,0,loopback,qwen2.5:1.5b,short,0,0,c036.1,1789625177.109276,1789625177.249524,22.688,140.08,0.199,22.623,18,19,144.814,1,,,8.38,0149ec36
m6-sweep,d937a9e7f112,31,0,loopback,qwen2.5:1.5b,short,0,0,c036.1,1789625177.749776,1789625178.06324,25.591,313.225,0.133,25.482,46,47,156.449,1,,,8.38,e2ab68d0
m6-sweep,557ed7c63128,32,0,loopback,qwen2.5:1.5b,short,0,0,c036.1,1789625178.563538,1789625178.702744,24.393,139.104,0.119,24.352,18,19,148.198,1,,,8.99,5e147152
m6-sweep,b3b53a590e5f,33,0,loopback,qwen2.5:1.5b,short,0,0,c036.1,1789625179.202984,1789625179.346809,28.277,143.705,0.131,28.184,18,19,147.279,1,,,8.99,766cbc82
m6-sweep,c3a2f0392bac,34,0,loopback,qwen2.5:1.5b,short,0,0,c036.1,1789625179.847036,1789625179.988681,25.098,141.537,0.131,25.058,18,19,146.0,1,,,8.99,0bccddfb
m6-sweep,069c05f58e97,35,0,loopback,qwen2.5:1.5b,short,0,0,c036.1,1789625180.488894,1789625180.634165,19.255,145.183,0.14,19.162,18,19,134.998,1,,,8.99,6fbc8c58
m6-sweep,3861393cb6f9,36,0,loopback,qwen2.5:1.5b,short,0,0,c036.1,1789625181.134457,1789625181.269403,19.621,134.824,0.134,19.579,18,19,147.566,1,,,8.99,a43cea7a
m6-sweep,192081f2d85f,37,0,loopback,qwen2.5:1.5b,short,0,0,c036.1,1789625181.769635,1789625181.917388,28.052,147.64,0.127,28.015,18,19,142.155,1,,,8.99,c4c37505
m6-sweep,6f0ff8895c38,38,0,loopback,qwen2.5:1.5b,short,0,0,c036.1,1789625182.417582,1789625182.614959,28.311,197.169,0.141,28.275,26,27,148.054,1,,,8.99,92cac2d5
m6-sweep,bdb089a9207a,39,0,loopback,qwen2.5:1.5b,short,0,0,c036.1,1789625183.115272,1789625183.257348,24.665,141.84,0.171,24.628,18,19,145.081,1,,,9.79,2105c206
m6-sweep,ef30c0de5f35,40,0,loopback,qwen2.5:1.5b,short,0,0,c036.1,1789625183.75767,1789625183.894023,21.108,136.225,0.121,21.055,18,19,147.677,1,,,9.79,71b11916
m6-sweep,ef2cf8b1be7b,41,0,loopback,qwen2.5:1.5b,short,0,0,c036.1,1789625184.394287,1789625184.534383,23.656,139.966,0.242,23.596,18,19,146.162,1,,,9.79,519b10a5
m6-sweep,2e9788998b6f,42,0,loopback,qwen2.5:1.5b,short,0,0,c036.1,1789625185.034626,1789625185.171935,20.291,137.224,0.135,20.24,18,19,145.383,1,,,9.79,faae6a8c
m6-sweep,0255223fe196,43,0,loopback,qwen2.5:1.5b,short,0,0,c036.1,1789625185.672859,1789625185.819351,21.927,146.356,0.138,21.876,18,19,136.625,1,,,9.79,9d6076bc
m6-sweep,4974141d8bc0,44,0,loopback,qwen2.5:1.5b,short,0,0,c036.1,1789625186.319598,1789625186.635992,20.592,316.079,0.149,20.537,46,47,152.291,1,,,9.79,d2b30aaf
m6-sweep,bbd30bc6a99c,45,0,loopback,qwen2.5:1.5b,short,0,0,c036.1,1789625187.136302,1789625187.275889,20.22,139.447,0.159,20.036,18,19,142.585,1,,,9.79,d503a46a
m6-sweep,d4fcd0ae044d,46,0,loopback,qwen2.5:1.5b,short,0,0,c036.1,1789625187.776146,1789625187.914515,23.252,138.248,0.15,23.194,18,19,147.832,1,,,9.79,1d5d0ad9
m6-sweep,2fdbc9d604fe,47,0,loopback,qwen2.5:1.5b,short,0,0,c036.1,1789625188.414736,1789625188.552109,20.91,137.254,0.133,20.875,18,19,146.118,1,,,10.21,037a9ea7
m6-sweep,42844f907154,48,0,loopback,qwen2.5:1.5b,short,0,0,c036.1,1789625189.052356,1789625189.192424,25.44,139.904,0.136,25.404,18,19,148.519,1,,,10.21,1e1340a9
m6-sweep,e853c8324b8f,49,0,loopback,qwen2.5:1.5b,short,0,0,c036.1,1789625189.692697,1789625189.837871,21.828,145.08,0.137,21.793,18,19,137.929,1,,,10.21,7b7e653c
m6-sweep,44e4ccbc8324,50,0,loopback,qwen2.5:1.5b,short,0,0,c036.1,1789625190.338158,1789625190.483147,24.93,144.856,0.162,24.893,18,19,141.755,1,,,10.21,5c018c00
m6-sweep,e618796ad75b,51,0,loopback,qwen2.5:1.5b,short,0,0,c036.1,1789625190.983568,1789625191.121866,21.456,138.12,0.124,21.421,18,19,145.717,1,,,10.21,a0c0ae50
m6-sweep,8a1a7c224f8d,52,0,loopback,qwen2.5:1.5b,short,0,0,c036.1,1789625191.622147,1789625191.766715,25.914,144.434,0.183,25.876,18,19,143.435,1,,,10.21,7239cb9d
m6-sweep,aec3893a3958,0,1,ran,qwen2.5:1.5b,short,0.5,0,c037.1,1789625193.414096,1789625193.600808,70.35,186.467,29.983,70.281,18,19,146.404,1,,,9.71,4f520f27
m6-sweep,94172885a3cd,1,1,ran,qwen2.5:1.5b,short,0.5,0,c037.1,1789625194.101193,1789625194.348339,68.44,246.94,21.24,68.373,26,27,140.056,1,,,9.71,9a9d7af1
m6-sweep,233a1105969f,2,1,ran,qwen2.5:1.5b,short,0.5,0,c037.1,1789625194.848568,1789625195.057916,83.717,209.223,38.053,83.675,18,19,135.452,1,,,9.71,9216f5ca
m6-sweep,4a4cde571b2e,3,0,ran,qwen2.5:1.5b,short,0.5,0,c037.1,1789625195.558228,1789625195.925644,70.198,367.092,27.546,70.152,46,47,151.569,1,,,9.71,bc815815
m6-sweep,ada4a49549c1,4,0,ran,qwen2.5:1.5b,short,0.5,0,c037.1,1789625196.425995,1789625196.625289,81.268,199.128,37.003,81.226,18,19,144.239,1,,,9.71,ef58df37
m6-sweep,7cf1a05fc701,5,0,ran,qwen2.5:1.5b,short,0.5,0,c037.1,1789625197.125547,1789625197.331275,85.45,205.569,34.191,85.404,18,19,141.526,1,,,9.71,475daf26
m6-sweep,19b180c1cca7,6,0,ran,qwen2.5:1.5b,short,0.5,0,c037.1,1789625197.831892,1789625198.034422,66.937,202.43,26.12,66.886,21,22,147.609,1,,,9.71,349493af
m6-sweep,1e26ba6ebff1,7,0,ran,qwen2.5:1.5b,short,0.5,0,c037.1,1789625198.534651,1789625198.719076,68.889,184.307,27.711,68.854,18,19,147.29,1,,,9.01,b2fe5095
m6-sweep,7a7ae7381e83,8,0,ran,qwen2.5:1.5b,short,0.5,0,c037.1,1789625199.219292,1789625199.524397,65.305,305.001,19.597,65.26,37,38,150.191,1,,,9.01,3a73ba2c
m6-sweep,01dbb385681d,9,0,ran,qwen2.5:1.5b,short,0.5,0,c037.1,1789625200.024586,1789625200.222706,78.885,197.959,30.864,78.842,18,19,142.768,1,,,9.01,077fd535
m6-sweep,ce5dd765d975,10,0,ran,qwen2.5:1.5b,short,0.5,0,c037.1,1789625200.723017,1789625200.918306,78.51,194.976,37.662,78.475,18,19,145.966,1,,,9.01,0b914d9b
m6-sweep,10d2206a4b95,11,0,ran,qwen2.5:1.5b,short,0.5,0,c037.1,1789625201.418677,1789625201.860702,68.514,441.924,26.557,68.479,59,60,155.326,1,,,9.01,a5f66053
m6-sweep,7f60b69fed98,12,0,ran,qwen2.5:1.5b,short,0.5,0,c037.1,1789625202.360911,1789625202.72679,76.508,365.673,31.969,76.452,46,47,155.621,1,,,9.01,9eabc158
m6-sweep,05d0849fbe02,13,0,ran,qwen2.5:1.5b,short,0.5,0,c037.1,1789625203.227129,1789625203.412002,66.108,184.701,21.682,66.074,18,19,143.348,1,,,8.61,5a52cb25
m6-sweep,feee480a335f,14,0,ran,qwen2.5:1.5b,short,0.5,0,c037.1,1789625203.912286,1789625204.119966,75.505,207.516,27.886,75.457,20,21,143.928,1,,,8.61,2259794b
m6-sweep,b22a9a3b1e46,15,0,ran,qwen2.5:1.5b,short,0.5,0,c037.1,1789625204.620355,1789625204.829086,82.635,208.616,38.796,82.601,18,19,134.941,1,,,8.61,eb581aff
m6-sweep,86313edda7b2,16,0,ran,qwen2.5:1.5b,short,0.5,0,c037.1,1789625205.329354,1789625205.518568,72.678,189.122,27.399,72.591,18,19,145.993,1,,,8.61,344dc48e
m6-sweep,cf3f431eb0d3,17,0,ran,qwen2.5:1.5b,short,0.5,0,c037.1,1789625206.018787,1789625206.217921,77.003,198.986,34.866,76.957,18,19,139.363,1,,,8.61,88dde018
m6-sweep,b80e5e8c56d0,18,0,ran,qwen2.5:1.5b,short,0.5,0,c037.1,1789625206.718178,1789625206.899545,65.174,181.248,22.507,65.128,18,19,146.458,1,,,8.61,8da8bdde
m6-sweep,85960193b0e3,19,0,ran,qwen2.5:1.5b,short,0.5,0,c037.1,1789625207.399815,1789625207.594591,78.943,194.67,37.141,78.884,18,19,146.897,1,,,8.61,a5a3dd93
m6-sweep,5827d4352c9f,20,0,ran,qwen2.5:1.5b,short,0.5,0,c037.1,1789625208.094828,1789625208.272981,62.554,178.05,18.887,62.504,18,19,147.191,1,,,8.48,ed5aeb04
m6-sweep,948a2e22d5bf,21,0,ran,qwen2.5:1.5b,short,0.5,0,c037.1,1789625208.773219,1789625208.970991,81.69,197.641,37.242,81.617,18,19,146.613,1,,,8.48,9f8cfa47
m6-sweep,547dbc5510da,22,0,ran,qwen2.5:1.5b,short,0.5,0,c037.1,1789625209.471224,1789625209.714444,76.868,243.057,36.229,76.819,26,27,150.431,1,,,8.48,99657ed4
m6-sweep,f2a909e92ba6,23,0,ran,qwen2.5:1.5b,short,0.5,0,c037.1,1789625210.214703,1789625210.415709,76.396,200.79,26.833,76.313,18,19,136.663,1,,,8.48,d1899622
m6-sweep,78f7ce7092d6,24,0,ran,qwen2.5:1.5b,short,0.5,0,c037.1,1789625210.916564,1789625211.184451,69.584,267.751,23.522,69.535,18,19,85.786,1,,,8.48,62e65bfd
m6-sweep,152dc8305eb1,25,0,ran,qwen2.5:1.5b,short,0.5,0,c037.1,1789625211.684726,1789625211.882512,82.263,197.635,39.842,82.225,18,19,147.35,1,,,8.48,5d4fdf6b
m6-sweep,06e68638d25d,26,0,ran,qwen2.5:1.5b,short,0.5,0,c037.1,1789625212.38277,1789625212.579042,79.618,196.083,40.493,79.576,18,19,145.966,1,,,8.48,cf9402c4
m6-sweep,3ac7237eeeb5,27,0,ran,qwen2.5:1.5b,short,0.5,0,c037.1,1789625213.079375,1789625213.279448,66.145,199.959,19.46,66.103,21,22,149.462,1,,,8.28,de365bdf
m6-sweep,900204eaef4f,28,0,ran,qwen2.5:1.5b,short,0.5,0,c037.1,1789625213.779664,1789625213.977577,75.971,197.757,27.542,75.884,18,19,139.589,1,,,8.28,1ccf5691
m6-sweep,1994589e13b1,29,0,ran,qwen2.5:1.5b,short,0.5,0,c037.1,1789625214.477841,1789625214.680721,84.663,202.68,39.365,84.629,18,19,144.047,1,,,8.28,35c10ade
m6-sweep,232c43865c56,30,0,ran,qwen2.5:1.5b,short,0.5,0,c037.1,1789625215.181069,1789625215.375908,62.209,194.726,19.872,62.135,21,22,150.923,1,,,8.28,7aab6e02
m6-sweep,d800f4aa816c,31,0,ran,qwen2.5:1.5b,short,0.5,0,c037.1,1789625215.876174,1789625216.066714,76.026,190.39,30.502,75.977,18,19,148.648,1,,,8.28,f77148a4
m6-sweep,ed1028951ae4,32,0,ran,qwen2.5:1.5b,short,0.5,0,c037.1,1789625216.567046,1789625216.773011,72.324,205.858,30.121,72.288,21,22,149.775,1,,,8.28,7e2cec25
m6-sweep,1ff5b9f80b9e,33,0,ran,qwen2.5:1.5b,short,0.5,0,c037.1,1789625217.273227,1789625217.501522,73.491,228.184,32.714,73.44,24,25,148.681,1,,,8.28,4099aaa5
m6-sweep,664d9da16170,34,0,ran,qwen2.5:1.5b,short,0.5,0,c037.1,1789625218.001786,1789625218.189061,71.398,187.156,23.752,71.362,18,19,146.858,1,,,8.28,17756631
m6-sweep,38d6ca08d644,35,0,ran,qwen2.5:1.5b,short,0.5,0,c037.1,1789625218.689291,1789625218.888554,77.838,199.089,34.734,77.778,18,19,140.204,1,,,8.98,91506cec
m6-sweep,386ce6af4905,36,0,ran,qwen2.5:1.5b,short,0.5,0,c037.1,1789625219.388914,1789625219.78586,81.835,396.789,37.644,81.798,50,51,155.578,1,,,8.98,14a7a4a4
m6-sweep,da36de7701a6,37,0,ran,qwen2.5:1.5b,short,0.5,0,c037.1,1789625220.286133,1789625220.485382,83.195,199.092,35.721,83.152,18,19,146.682,1,,,8.98,0f30d708
m6-sweep,fef83a2b0dd5,38,0,ran,qwen2.5:1.5b,short,0.5,0,c037.1,1789625220.98571,1789625221.410374,82.558,424.499,33.417,82.52,54,55,154.997,1,,,8.98,2a1a43d0
m6-sweep,a687bb57c82b,39,0,ran,qwen2.5:1.5b,short,0.5,0,c037.1,1789625221.910657,1789625222.102397,75.566,191.575,26.894,75.519,18,19,146.541,1,,,8.98,8b8fe1bd
m6-sweep,83b8ba6dd7ed,40,0,ran,qwen2.5:1.5b,short,0.5,0,c037.1,1789625222.602684,1789625222.795807,76.584,193.013,29.785,76.529,18,19,146.012,1,,,8.98,110d9920
m6-sweep,18ebe77bc75a,41,0,ran,qwen2.5:1.5b,short,0.5,0,c037.1,1789625223.296023,1789625223.523151,74.369,227.007,34.833,74.332,24,25,150.683,1,,,8.74,af3bbf6a
m6-sweep,b65c48a20fdc,42,0,ran,qwen2.5:1.5b,short,0.5,0,c037.1,1789625224.023392,1789625224.212856,71.919,189.224,31.531,71.875,18,19,144.921,1,,,8.74,e9fea29e
m6-sweep,f7d1ba54ab32,43,0,ran,qwen2.5:1.5b,short,0.5,0,c037.1,1789625224.713133,1789625224.896326,66.413,183.061,18.677,66.363,18,19,145.738,1,,,8.74,8b0df202
m6-sweep,d172857fb04e,44,0,ran,qwen2.5:1.5b,short,0.5,0,c037.1,1789625225.396604,1789625225.765008,75.729,368.209,31.409,75.669,46,47,153.857,1,,,8.74,e23eedfc
m6-sweep,44641f8d3713,45,0,ran,qwen2.5:1.5b,short,0.5,0,c037.1,1789625226.265337,1789625226.699941,79.809,434.451,35.412,79.76,56,57,155.086,1,,,8.74,1d4e3e6e
m6-sweep,639f22d71991,46,0,ran,qwen2.5:1.5b,short,0.5,0,c037.1,1789625227.200201,1789625227.412614,92.319,212.214,39.515,92.264,18,19,141.79,1,,,8.74,9a863cbd
m6-sweep,6338f3205435,47,0,ran,qwen2.5:1.5b,short,0.5,0,c037.1,1789625227.912862,1789625228.093354,64.466,180.384,25.332,64.414,18,19,146.655,1,,,8.74,25f9b5ad
m6-sweep,c727f9c2b6ee,48,0,ran,qwen2.5:1.5b,short,0.5,0,c037.1,1789625228.593538,1789625228.793656,63.845,200.013,20.099,63.798,21,22,146.877,1,,,9.40,ffff7180
m6-sweep,023642ed0493,49,0,ran,qwen2.5:1.5b,short,0.5,0,c037.1,1789625229.293891,1789625229.481304,70.365,187.248,28.292,70.327,18,19,145.445,1,,,9.40,473b71a4
m6-sweep,06a3bbee6ea4,50,0,ran,qwen2.5:1.5b,short,0.5,0,c037.1,1789625229.98157,1789625230.186252,86.285,204.557,39.553,86.246,18,19,143.735,1,,,9.40,324635da
m6-sweep,4524af716fb8,51,0,ran,qwen2.5:1.5b,short,0.5,0,c037.1,1789625230.686482,1789625230.888684,83.057,201.958,33.987,83.003,18,19,142.976,1,,,9.40,f1e9cb26
m6-sweep,f0eb7c5c47c5,52,0,ran,qwen2.5:1.5b,short,0.5,0,c037.1,1789625231.388951,1789625231.580259,73.341,191.092,27.096,73.275,18,19,144.372,1,,,9.40,5c7bdf4e
m6-sweep,47aca868c748,0,1,ran,qwen2.5:3b,long,5,100,c038.1,1789625234.093273,1789625238.592313,3506.418,4498.94,234.434,3506.364,94,95,93.701,1,,,8.42,66b7f9ec
m6-sweep,cf26a1d9e23f,1,1,ran,qwen2.5:3b,long,5,100,c038.1,1789625239.092551,1789625241.058808,590.306,1966.14,223.467,590.272,123,124,88.673,1,,,8.42,0667032d
m6-sweep,0ec735f95e26,2,1,ran,qwen2.5:3b,long,5,100,c038.1,1789625241.559105,1789625242.995317,602.712,1436.093,226.491,602.675,80,81,94.794,1,,,8.42,9b10d3f6
m6-sweep,9400b5dc78ab,3,0,ran,qwen2.5:3b,long,5,100,c038.1,1789625243.495546,1789625246.024565,1328.812,2528.906,233.813,1328.774,115,116,94.993,1,,,8.55,423bb6b9
m6-sweep,98f8bf8e3c0d,4,0,ran,qwen2.5:3b,long,5,100,c038.1,1789625246.524776,1789625248.351225,585.707,1826.334,220.755,585.67,92,93,73.35,1,,,8.75,63495718
m6-sweep,fcf6061ac76a,5,0,ran,qwen2.5:3b,long,5,100,c038.1,1789625248.851493,1789625251.132235,611.858,2280.642,241.032,611.819,123,124,73.107,1,,,8.75,d7bebd99
m6-sweep,09d8041aeb2c,6,0,ran,qwen2.5:3b,long,5,100,c038.1,1789625251.632684,1789625253.596006,584.55,1963.209,227.518,584.514,127,128,91.393,1,,,9.41,7a83173f
m6-sweep,8f643f35a269,7,0,ran,qwen2.5:3b,long,5,100,c038.1,1789625254.096268,1789625256.580973,1549.687,2484.588,223.851,1549.65,86,87,90.919,1,,,9.41,5703b291
m6-sweep,0f99535b65f6,8,0,ran,qwen2.5:3b,long,5,100,c038.1,1789625257.081213,1789625258.938622,602.865,1857.307,234.993,602.818,117,118,92.471,1,,,9.70,6e463cbb
m6-sweep,c1acf31b6304,9,0,ran,qwen2.5:3b,long,5,100,c038.1,1789625259.438849,1789625261.214477,593.581,1775.5,228.153,593.547,109,110,91.377,1,,,9.70,8c403345
m6-sweep,f631e613a863,10,0,ran,qwen2.5:3b,long,5,100,c038.1,1789625261.71472,1789625263.366743,597.327,1651.922,225.421,597.275,80,81,74.91,1,,,10.28,bca7f94c
m6-sweep,aa23d237446c,11,0,ran,qwen2.5:3b,long,5,100,c038.1,1789625263.866992,1789625266.156718,855.12,2289.626,225.605,855.082,121,122,83.652,1,,,10.28,32a8986a
m6-sweep,4264bd2f1881,12,0,ran,qwen2.5:3b,long,5,100,c038.1,1789625266.656971,1789625269.757472,1540.352,3100.375,225.846,1540.315,107,108,67.948,1,,,9.86,1ad55718
m6-sweep,3a209aeca7f5,13,0,ran,qwen2.5:3b,long,5,100,c038.1,1789625270.257683,1789625271.920121,592.872,1662.326,223.443,592.836,83,84,76.675,1,,,9.86,28384e14
m6-sweep,652325f9c976,14,0,ran,qwen2.5:3b,long,5,100,c038.1,1789625272.420345,1789625274.969016,1324.202,2548.555,226.882,1324.165,107,108,86.576,1,,,9.31,898c0c71
m6-sweep,c34d96cd470c,15,0,ran,qwen2.5:3b,long,5,100,c038.1,1789625275.469266,1789625277.10429,588.579,1634.852,221.292,588.533,92,93,86.975,1,,,9.31,719f5974
m6-sweep,7aa0fd1bb52e,16,0,ran,qwen2.5:3b,long,5,100,c038.1,1789625277.604586,1789625280.245938,1366.387,2641.247,228.222,1366.341,101,102,78.44,1,,,8.72,c1c278c9
m6-sweep,155848ca9140,17,0,ran,qwen2.5:3b,long,5,100,c038.1,1789625280.746159,1789625283.895906,1560.359,3149.619,227.895,1560.321,123,124,76.765,1,,,8.66,132365c7
m6-sweep,07d1817b0ac2,18,0,ran,qwen2.5:3b,long,5,100,c038.1,1789625284.396154,1789625285.830569,607.954,1434.308,235.692,607.919,79,80,94.391,1,,,8.66,c840d14e
m6-sweep,b49e0a45e0a3,19,0,ran,qwen2.5:3b,long,5,100,c038.1,1789625286.331209,1789625288.69508,1348.164,2363.699,235.478,1348.117,87,88,84.684,1,,,9.17,c51f91ef
m6-sweep,05ab77d49c87,20,0,ran,qwen2.5:3b,long,5,100,c038.1,1789625289.195282,1789625292.223865,1614.272,3028.476,1239.674,1614.234,117,118,82.025,1,,,9.17,5f9a5897
m6-sweep,559fedc36109,21,0,ran,qwen2.5:3b,long,5,100,c038.1,1789625292.724107,1789625294.505263,846.988,1781.044,222.404,846.94,110,111,116.695,1,,,9.32,49152452
m6-sweep,12c6944c7466,22,0,ran,qwen2.5:3b,long,5,100,c038.1,1789625295.005524,1789625296.815559,595.234,1809.927,234.217,595.197,98,99,79.856,1,,,9.32,8bd399b6
m6-sweep,f0d713cbab4f,23,0,ran,qwen2.5:3b,long,5,100,c038.1,1789625297.31591,1789625298.856124,593.602,1540.033,231.823,593.566,80,81,83.471,1,,,9.93,d14c1632
m6-sweep,74c84077a2f0,24,0,ran,qwen2.5:3b,long,5,100,c038.1,1789625299.356535,1789625301.152992,594.784,1796.309,230.28,594.736,114,115,94.047,1,,,9.93,07bbeebd
m6-sweep,d4c8495b246a,25,0,ran,qwen2.5:3b,long,5,100,c038.1,1789625301.653296,1789625303.288393,611.219,1634.968,238.095,611.183,98,99,94.75,1,,,10.26,41a3111f
m6-sweep,4d6b5b32cbdf,26,0,ran,qwen2.5:3b,long,5,100,c038.1,1789625303.788694,1789625305.727723,591.402,1938.927,222.909,591.357,110,111,80.889,1,,,10.26,f20b2289
m6-sweep,e05fd5fbc5aa,27,0,ran,qwen2.5:3b,long,5,100,c038.1,1789625306.22796,1789625307.651203,598.289,1423.151,227.796,598.252,79,80,94.561,1,,,10.26,d38d1c15
m6-sweep,bf2fb88c2cd1,28,0,ran,qwen2.5:3b,long,5,100,c038.1,1789625308.151433,1789625311.14668,1625.497,2995.14,1241.467,1625.462,124,125,89.804,1,,,9.76,323b66f0
m6-sweep,2441a9812eb3,29,0,ran,qwen2.5:3b,long,5,100,c038.1,1789625311.646914,1789625313.199594,608.467,1552.573,236.02,608.43,84,85,87.914,1,,,9.76,98695d79
m6-sweep,0e2f8203f9bf,30,0,ran,qwen2.5:3b,long,5,100,c038.1,1789625313.700541,1789625315.655409,1008.199,1954.762,221.77,1008.161,101,102,105.645,1,,,10.34,cd95692b
m6-sweep,0936749e67de,31,0,ran,qwen2.5:3b,long,5,100,c038.1,1789625316.155751,1789625318.90097,1620.366,2745.108,1237.756,1620.33,79,80,69.349,1,,,10.87,1e0c0ec1
m6-sweep,75e3b9e45fb1,32,0,ran,qwen2.5:3b,long,5,100,c038.1,1789625319.401177,1789625321.040527,588.581,1639.251,227.234,588.543,97,98,91.37,1,,,10.87,40c48124
m6-sweep,3e0aa5f45109,33,0,ran,qwen2.5:3b,long,5,100,c038.1,1789625321.541127,1789625323.327696,593.59,1786.463,231.146,593.554,108,109,89.699,1,,,11.44,bc1bccc6
m6-sweep,597050c0d5ca,34,0,ran,qwen2.5:3b,long,5,100,c038.1,1789625323.827931,1789625326.428167,1620.735,2600.121,230.766,1620.658,79,80,79.642,1,,,11.44,c010ccca
m6-sweep,2488aad5bf22,35,0,ran,qwen2.5:3b,long,5,100,c038.1,1789625326.928438,1789625328.792624,1082.567,1864.086,229.115,1082.517,115,116,145.87,1,,,11.97,421930b2
m6-sweep,e34bd9c3fc94,36,0,ran,qwen2.5:3b,long,5,100,c038.1,1789625329.292886,1789625330.79774,595.238,1504.759,228.012,595.201,87,88,94.555,1,,,11.97,120a4feb
m6-sweep,51c202d1591d,37,0,ran,qwen2.5:3b,long,5,100,c038.1,1789625331.297962,1789625333.087343,591.624,1789.245,223.996,591.58,116,117,96.024,1,,,11.97,71c4df9d
m6-sweep,3f69dd56c23a,38,0,ran,qwen2.5:3b,long,5,100,c038.1,1789625333.587658,1789625335.415279,603.465,1827.521,232.948,603.428,110,111,89.048,1,,,11.65,b471ec41
m6-sweep,ea295a341e40,39,0,ran,qwen2.5:3b,long,5,100,c038.1,1789625335.915743,1789625337.91536,598.648,1999.521,231.518,598.612,103,104,72.812,1,,,11.65,3881fc79
m6-sweep,43b95cc79c87,40,0,ran,qwen2.5:3b,long,5,100,c038.1,1789625338.415541,1789625340.22855,588.885,1812.914,221.193,588.733,100,101,80.88,1,,,10.88,4d01f113
m6-sweep,4b4cf9d27506,41,0,ran,qwen2.5:3b,long,5,100,c038.1,1789625340.7288,1789625343.232385,603.976,2503.493,233.724,603.94,110,111,57.383,1,,,10.88,39a0aee5
m6-sweep,b5a49da51471,42,0,ran,qwen2.5:3b,long,5,100,c038.1,1789625343.732604,1789625345.788677,590.932,2055.969,222.92,590.896,118,119,79.861,1,,,10.41,f6cfa936
m6-sweep,68c0ebb080c7,43,0,ran,qwen2.5:3b,long,5,100,c038.1,1789625346.28987,1789625347.915218,605.888,1625.162,234.863,605.85,92,93,89.279,1,,,10.41,e9e0252d
m6-sweep,88f13e72f38d,44,0,ran,qwen2.5:3b,long,5,100,c038.1,1789625348.415533,1789625351.064738,1622.697,2649.104,1230.428,1622.647,82,83,78.916,1,,,9.73,10d08c83
m6-sweep,53f0652f8e80,45,0,ran,qwen2.5:3b,long,5,100,c038.1,1789625351.564986,1789625353.508539,595.647,1943.439,224.597,595.609,128,128,94.228,1,,,10.32,99592fd0
m6-sweep,ceba4f6ffd18,46,0,ran,qwen2.5:3b,long,5,100,c038.1,1789625354.008783,1789625356.417301,1352.58,2408.417,221.309,1352.543,78,79,72.928,1,,,10.32,ff01b0d4
m6-sweep,7a02264a5bd5,47,0,ran,qwen2.5:3b,long,5,100,c038.1,1789625356.917538,1789625359.816929,1949.303,2899.261,1256.255,1949.265,82,83,85.267,1,,,9.65,2fb957ec
m6-sweep,6d0e69a8503c,48,0,ran,qwen2.5:3b,long,5,100,c038.1,1789625360.317199,1789625362.067491,582.98,1750.195,224.676,582.927,99,100,83.961,1,,,9.65,1e631d0c
m6-sweep,1ee6cd52c2fe,49,0,ran,qwen2.5:3b,long,5,100,c038.1,1789625362.567712,1789625364.425225,588.364,1857.417,226.222,588.327,122,123,95.347,1,,,9.28,03efc8f1
m6-sweep,7c4ae086f69d,50,0,ran,qwen2.5:3b,long,5,100,c038.1,1789625364.925449,1789625366.716518,603.589,1790.965,232.275,603.552,97,98,80.851,1,,,9.28,61fb1e57
m6-sweep,79d2542bfaf4,51,0,ran,qwen2.5:3b,long,5,100,c038.1,1789625367.216765,1789625368.999826,588.163,1782.937,223.014,588.125,102,103,84.535,1,,,9.01,3c4c297a
m6-sweep,f0e6dee3243d,52,0,ran,qwen2.5:3b,long,5,100,c038.1,1789625369.500102,1789625371.257294,599.226,1757.087,229.925,599.188,103,104,88.094,1,,,9.01,3482a1ab
m6-sweep,504881715980,0,1,ran,qwen2.5:0.5b,long,1,50,c039.1,1789625373.784322,1789625377.335068,2932.125,3550.593,134.726,2932.075,128,128,205.346,1,,,8.37,6ad2b102
m6-sweep,c112ee03678d,1,1,ran,qwen2.5:0.5b,long,1,50,c039.1,1789625377.835351,1789625378.642665,310.519,807.209,128.507,310.484,128,128,255.693,1,,,9.06,9c3c7eba
m6-sweep,918ba9cc5ff3,2,1,ran,qwen2.5:0.5b,long,1,50,c039.1,1789625379.143018,1789625379.96242,312.483,819.297,126.651,312.448,128,128,250.585,1,,,9.06,5b964862
m6-sweep,4ccf3109d9c1,3,0,ran,qwen2.5:0.5b,long,1,50,c039.1,1789625380.46274,1789625381.768384,782.159,1305.538,130.071,782.125,128,128,242.654,1,,,9.06,8b5d2296
m6-sweep,d9c6d6014598,4,0,ran,qwen2.5:0.5b,long,1,50,c039.1,1789625382.268604,1789625383.028611,300.981,759.92,127.096,300.944,128,128,276.726,1,,,9.06,b2f44d57
m6-sweep,47e5c74e5398,5,0,ran,qwen2.5:0.5b,long,1,50,c039.1,1789625383.528815,1789625384.749847,297.536,1220.938,125.639,297.479,128,128,137.535,1,,,8.58,8ec18e19
m6-sweep,2e378ecc7800,6,0,ran,qwen2.5:0.5b,long,1,50,c039.1,1789625385.250119,1789625386.00922,301.695,758.992,126.607,301.653,128,128,277.719,1,,,8.58,ee3e6902
m6-sweep,9330ff41e3ec,7,0,ran,qwen2.5:0.5b,long,1,50,c039.1,1789625386.509433,1789625387.256439,294.563,746.914,121.329,294.527,128,128,280.755,1,,,8.58,318aed71
m6-sweep,f492301097bd,8,0,ran,qwen2.5:0.5b,long,1,50,c039.1,1789625387.756679,1789625388.578373,298.922,821.599,124.993,298.886,128,128,242.98,1,,,9.41,a71ed9cb
m6-sweep,cdd75ef4833d,9,0,ran,qwen2.5:0.5b,long,1,50,c039.1,1789625389.078556,1789625389.896835,291.574,818.181,118.973,291.539,128,128,241.167,1,,,9.41,b3f014f7
m6-sweep,3d21fb8c2114,10,0,ran,qwen2.5:0.5b,long,1,50,c039.1,1789625390.397015,1789625391.162649,289.777,765.442,121.032,289.743,128,128,266.995,1,,,9.41,db66aa6b
m6-sweep,35e46f0adc66,11,0,ran,qwen2.5:0.5b,long,1,50,c039.1,1789625391.662985,1789625392.422961,307.043,759.881,127.613,306.982,128,128,280.454,1,,,9.41,a49d1cb9
m6-sweep,430632a916d6,12,0,ran,qwen2.5:0.5b,long,1,50,c039.1,1789625392.923187,1789625393.764328,315.624,841.034,135.43,315.589,128,128,241.716,1,,,8.90,2540097d
m6-sweep,cfccaa2b0cf5,13,0,ran,qwen2.5:0.5b,long,1,50,c039.1,1789625394.264532,1789625395.119496,299.122,854.859,126.103,299.074,128,128,228.525,1,,,8.90,6db279cd
m6-sweep,4e89025dec47,14,0,ran,qwen2.5:0.5b,long,1,50,c039.1,1789625395.619655,1789625397.393945,1305.691,1774.193,1125.468,1305.657,128,128,271.077,1,,,8.90,6aeb6eab
m6-sweep,adf74af90a54,15,0,ran,qwen2.5:0.5b,long,1,50,c039.1,1789625397.894163,1789625398.645875,304.026,751.561,124.35,303.897,128,128,283.777,1,,,8.59,53f28d86
m6-sweep,dcd26b937cd0,16,0,ran,qwen2.5:0.5b,long,1,50,c039.1,1789625399.146088,1789625399.888859,295.137,742.666,123.359,295.031,128,128,283.781,1,,,8.59,7227042e
m6-sweep,f68daf494d99,17,0,ran,qwen2.5:0.5b,long,1,50,c039.1,1789625400.389069,1789625401.210384,306.846,821.221,127.706,306.811,128,128,246.902,1,,,8.59,317a40d6
m6-sweep,583352cb2f7b,18,0,ran,qwen2.5:0.5b,long,1,50,c039.1,1789625401.710618,1789625402.4775,316.639,766.788,138.001,316.604,128,128,282.129,1,,,8.59,e813b0a1
m6-sweep,3179947c129f,19,0,ran,qwen2.5:0.5b,long,1,50,c039.1,1789625402.977715,1789625403.735361,307.141,757.54,136.701,307.104,128,128,281.972,1,,,9.42,00770ecd
m6-sweep,3a1830314b55,20,0,ran,qwen2.5:0.5b,long,1,50,c039.1,1789625404.235597,1789625405.020041,300.576,784.342,122.924,300.539,128,128,262.524,1,,,9.42,30f34270
m6-sweep,86c5f5678a79,21,0,ran,qwen2.5:0.5b,long,1,50,c039.1,1789625405.52026,1789625406.276406,303.443,756.033,123.662,303.408,128,128,280.607,1,,,9.42,eb8b9961
m6-sweep,6de955e27557,22,0,ran,qwen2.5:0.5b,long,1,50,c039.1,1789625406.776641,1789625407.596313,288.565,819.577,120.549,288.529,128,128,239.166,1,,,9.42,baca10e3
m6-sweep,e134177b791c,23,0,ran,qwen2.5:0.5b,long,1,50,c039.1,1789625408.096512,1789625408.865687,318.894,769.086,139.104,318.859,128,128,282.102,1,,,9.15,d5a53041
m6-sweep,99a867e47c3c,24,0,ran,qwen2.5:0.5b,long,1,50,c039.1,1789625409.365909,1789625410.178925,292.314,812.924,122.589,292.219,128,128,243.944,1,,,9.15,437312d2
m6-sweep,2fd6aa4a8245,25,0,ran,qwen2.5:0.5b,long,1,50,c039.1,1789625410.679135,1789625411.441008,305.878,761.782,124.915,305.844,128,128,278.568,1,,,9.15,a8684109
m6-sweep,a7670bd5330a,26,0,ran,qwen2.5:0.5b,long,1,50,c039.1,1789625411.941561,1789625412.700762,304.854,759.108,124.02,304.802,128,128,279.58,1,,,9.15,f9e9fc5e
m6-sweep,3d0b35b29b63,27,0,ran,qwen2.5:0.5b,long,1,50,c039.1,1789625413.201046,1789625414.061819,293.9,860.678,120.235,293.855,128,128,224.074,1,,,8.73,3b9adf54
m6-sweep,6a6a0480f5dd,28,0,ran,qwen2.5:0.5b,long,1,50,c039.1,1789625414.562066,1789625415.750871,720.571,1188.702,119.976,720.534,128,128,271.292,1,,,8.73,4f7b8f11
m6-sweep,d11e6f7831cf,29,0,ran,qwen2.5:0.5b,long,1,50,c039.1,1789625416.25111,1789625417.016126,306.584,764.911,135.41,306.55,128,128,277.094,1,,,8.73,388f0ad4
m6-sweep,3d8160c919dd,30,0,ran,qwen2.5:0.5b,long,1,50,c039.1,1789625417.516378,1789625419.314666,1325.842,1798.198,1151.765,1325.761,128,128,268.865,1,,,8.27,25e0e183
m6-sweep,db2ac69b63b0,31,0,ran,qwen2.5:0.5b,long,1,50,c039.1,1789625419.814896,1789625420.566258,305.373,751.22,134.943,305.332,128,128,284.851,1,,,8.27,3c7b430a
m6-sweep,55a479911db6,32,0,ran,qwen2.5:0.5b,long,1,50,c039.1,1789625421.066493,1789625421.825564,306.615,758.965,136.594,306.58,128,128,280.756,1,,,8.27,b791fd52
m6-sweep,8fff392ce304,33,0,ran,qwen2.5:0.5b,long,1,50,c039.1,1789625422.325802,1789625423.074069,298.708,748.168,130.295,298.666,128,128,282.561,1,,,8.27,95c8096a
m6-sweep,6db6eeac0171,34,0,ran,qwen2.5:0.5b,long,1,50,c039.1,1789625423.574275,1789625424.433909,301.607,859.537,128.975,301.572,128,128,227.627,1,,,7.85,46972004
m6-sweep,95d044b20aaf,35,0,ran,qwen2.5:0.5b,long,1,50,c039.1,1789625424.934153,1789625426.156616,721.748,1222.345,123.628,721.713,128,128,253.697,1,,,7.85,9c9aac44
m6-sweep,c4a8b1be00be,36,0,ran,qwen2.5:0.5b,long,1,50,c039.1,1789625426.65684,1789625427.426236,289.335,769.248,119.844,289.251,128,128,264.632,1,,,7.85,e83f366d
m6-sweep,cb10ae684e90,37,0,ran,qwen2.5:0.5b,long,1,50,c039.1,1789625427.926458,1789625428.67054,294.504,743.992,124.441,294.469,128,128,282.544,1,,,7.86,e1bf3eae
m6-sweep,ba5082effb50,38,0,ran,qwen2.5:0.5b,long,1,50,c039.1,1789625429.170762,1789625429.914912,298.119,744.044,126.314,298.085,128,128,284.801,1,,,7.86,07bec1b3
m6-sweep,b542ec6297b3,39,0,ran,qwen2.5:0.5b,long,1,50,c039.1,1789625430.415127,1789625431.718741,855.606,1303.501,130.504,855.571,128,128,283.549,1,,,7.86,c4604aa3
m6-sweep,26b283ff60d0,40,0,ran,qwen2.5:0.5b,long,1,50,c039.1,1789625432.218939,1789625433.074903,293.549,855.86,125.139,293.506,128,128,225.854,1,,,7.86,3f887c1e
m6-sweep,5527d3a7cb14,41,0,ran,qwen2.5:0.5b,long,1,50,c039.1,1789625433.575159,1789625434.384718,289.284,809.465,119.897,289.248,128,128,244.146,1,,,7.63,f849f90c
m6-sweep,17b36af31918,42,0,ran,qwen2.5:0.5b,long,1,50,c039.1,1789625434.884959,1789625435.706473,307.051,821.419,125.318,307.009,128,128,246.905,1,,,7.63,345a6112
m6-sweep,cd0553f7f1b1,43,0,ran,qwen2.5:0.5b,long,1,50,c039.1,1789625436.206721,1789625436.979402,312.174,772.591,139.419,312.126,128,128,275.837,1,,,7.63,c134091b
m6-sweep,b34947a9e1e9,44,0,ran,qwen2.5:0.5b,long,1,50,c039.1,1789625437.479621,1789625438.644385,721.098,1164.675,119.349,721.056,128,128,286.309,1,,,8.30,29a6e2e5
m6-sweep,90984cb6817e,45,0,ran,qwen2.5:0.5b,long,1,50,c039.1,1789625439.14461,1789625439.903543,312.471,758.838,136.059,312.437,128,128,284.519,1,,,8.30,2b07b857
m6-sweep,45bd5f5d5edf,46,0,ran,qwen2.5:0.5b,long,1,50,c039.1,1789625440.403784,1789625441.21424,291.21,810.331,119.788,291.176,128,128,244.645,1,,,8.30,1e96fa84
m6-sweep,536db6b69b4d,47,0,ran,qwen2.5:0.5b,long,1,50,c039.1,1789625441.714468,1789625442.557157,310.967,842.595,139.826,310.932,128,128,238.889,1,,,8.30,09d6f716
m6-sweep,06593cee6fc3,48,0,ran,qwen2.5:0.5b,long,1,50,c039.1,1789625443.057382,1789625444.044989,296.671,987.499,125.395,296.635,128,128,183.837,1,,,8.36,2cec6ec4
m6-sweep,08b59c454114,49,0,ran,qwen2.5:0.5b,long,1,50,c039.1,1789625444.545242,1789625445.378895,305.235,833.558,134.13,305.2,128,128,240.383,1,,,8.36,dcc4aa99
m6-sweep,c6201ceae95a,50,0,ran,qwen2.5:0.5b,long,1,50,c039.1,1789625445.879411,1789625446.86967,303.138,990.153,123.138,303.105,128,128,184.858,1,,,8.36,b4f13426
m6-sweep,b1137301dbfd,51,0,ran,qwen2.5:0.5b,long,1,50,c039.1,1789625447.370011,1789625448.118539,302.515,748.436,128.038,302.48,128,128,284.803,1,,,8.36,8b1d18a8
m6-sweep,747b39726b4d,52,0,ran,qwen2.5:0.5b,long,1,50,c039.1,1789625448.618797,1789625449.449787,309.716,830.892,135.463,309.678,128,128,243.68,1,,,7.93,64e4caf2
m6-sweep,179abfdc65f8,0,1,ran,qwen2.5:3b,long,0,50,c040.1,1789625451.95518,1789625456.328125,3177.609,4372.849,131.775,3177.549,110,111,91.195,1,,,7.78,9dd386c7
m6-sweep,670ce198cd2c,1,1,ran,qwen2.5:3b,long,0,50,c040.1,1789625456.828375,1789625458.271131,378.304,1442.618,118.857,378.257,102,103,94.897,1,,,7.78,bf11e3e4
m6-sweep,d44dba17162e,2,1,ran,qwen2.5:3b,long,0,50,c040.1,1789625458.771379,1789625460.43853,833.225,1667.012,131.444,833.062,80,81,94.748,1,,,8.59,688433a7
m6-sweep,5f1a01a008ff,3,0,ran,qwen2.5:3b,long,0,50,c040.1,1789625460.938784,1789625462.355068,389.735,1416.134,136.015,389.701,98,99,94.505,1,,,8.59,70efc2a1
m6-sweep,a7b7a372aa3d,4,0,ran,qwen2.5:3b,long,0,50,c040.1,1789625462.85535,1789625464.189535,375.905,1334.038,121.669,375.859,92,93,94.976,1,,,8.39,ba372424
m6-sweep,8e552411051c,5,0,ran,qwen2.5:3b,long,0,50,c040.1,1789625464.689819,1789625466.212882,379.238,1522.964,126.005,379.196,110,111,95.303,1,,,8.39,b01c641e
m6-sweep,3462b0108a66,6,0,ran,qwen2.5:3b,long,0,50,c040.1,1789625466.71312,1789625467.972996,392.591,1259.778,131.884,392.536,83,84,94.559,1,,,8.39,c240321c
m6-sweep,64ef98a78d2a,7,0,ran,qwen2.5:3b,long,0,50,c040.1,1789625468.473214,1789625470.589396,847.441,2116.045,125.866,847.388,122,123,95.38,1,,,7.95,9782a4bf
m6-sweep,a4715cc9b7eb,8,0,ran,qwen2.5:3b,long,0,50,c040.1,1789625471.089681,1789625472.286277,375.202,1196.459,121.818,375.168,79,80,94.976,1,,,7.95,5ce83cbf
m6-sweep,fca6a02f94d0,9,0,ran,qwen2.5:3b,long,0,50,c040.1,1789625472.786529,1789625474.026883,385.238,1240.214,136.324,385.2,82,83,94.74,1,,,7.72,03bc5b76
m6-sweep,77b1f87289ee,10,0,ran,qwen2.5:3b,long,0,50,c040.1,1789625474.527238,1789625476.155274,393.858,1627.941,134.852,393.816,117,118,93.997,1,,,7.72,3eebe6f8
m6-sweep,86ffd550a719,11,0,ran,qwen2.5:3b,long,0,50,c040.1,1789625476.656404,1789625477.875848,376.095,1219.302,124.379,376.054,80,81,93.69,1,,,7.72,aecdd310
m6-sweep,4c55c8762672,12,0,ran,qwen2.5:3b,long,0,50,c040.1,1789625478.37614,1789625479.797643,381.635,1421.403,119.781,381.585,99,100,94.252,1,,,7.26,b73ea956
m6-sweep,0a0432cd26de,13,0,ran,qwen2.5:3b,long,0,50,c040.1,1789625480.297886,1789625481.514601,400.711,1216.606,137.983,400.656,78,79,94.375,1,,,7.26,fb7e5aee
m6-sweep,795a8856b27d,14,0,ran,qwen2.5:3b,long,0,50,c040.1,1789625482.015171,1789625483.51693,392.932,1501.617,129.382,392.874,106,107,94.707,1,,,6.92,3412bcb7
m6-sweep,163d8f059c05,15,0,ran,qwen2.5:3b,long,0,50,c040.1,1789625484.017231,1789625485.23348,403.0,1216.058,139.347,402.964,78,79,94.704,1,,,6.92,6edb8d64
m6-sweep,224dd820e38d,16,0,ran,qwen2.5:3b,long,0,50,c040.1,1789625485.733864,1789625487.216318,390.312,1482.345,128.041,390.259,105,106,95.235,1,,,6.92,1a3e0e10
m6-sweep,e7302339df6e,17,0,ran,qwen2.5:3b,long,0,50,c040.1,1789625487.716539,1789625489.084041,386.162,1367.369,123.929,386.093,94,95,94.781,1,,,6.77,69465f53
m6-sweep,8d84f83d91b6,18,0,ran,qwen2.5:3b,long,0,50,c040.1,1789625489.58428,1789625491.704764,800.588,2120.374,119.189,800.552,128,128,96.228,1,,,6.77,1e9e1064
m6-sweep,0d634187ca55,19,0,ran,qwen2.5:3b,long,0,50,c040.1,1789625492.205024,1789625493.526548,387.269,1321.423,125.37,387.196,90,91,95.273,1,,,6.62,55937eaa
m6-sweep,3003e9e6aa0d,20,0,ran,qwen2.5:3b,long,0,50,c040.1,1789625494.02678,1789625495.533738,383.782,1506.802,132.055,383.723,108,109,95.279,1,,,6.62,72733f73
m6-sweep,09f1183c22f8,21,0,ran,qwen2.5:3b,long,0,50,c040.1,1789625496.034106,1789625497.436606,391.049,1402.409,130.257,390.991,97,98,94.922,1,,,6.62,3ae7ed5a
m6-sweep,2c9b5778729a,22,0,ran,qwen2.5:3b,long,0,50,c040.1,1789625497.936834,1789625499.561494,391.349,1624.476,129.722,391.297,118,119,94.881,1,,,6.49,ca2e2564
m6-sweep,e9b2d80896eb,23,0,ran,qwen2.5:3b,long,0,50,c040.1,1789625500.061919,1789625501.461872,389.102,1399.856,124.187,389.049,97,98,94.979,1,,,6.49,39c13770
m6-sweep,50585c9df315,24,0,ran,qwen2.5:3b,long,0,50,c040.1,1789625501.962111,1789625503.175109,391.485,1212.901,126.211,391.452,79,80,94.958,1,,,6.49,42ab0fb6
m6-sweep,94ac031e418a,25,0,ran,qwen2.5:3b,long,0,50,c040.1,1789625503.675332,1789625505.363686,825.453,1688.247,124.351,825.411,83,84,95.04,1,,,6.29,b9d6551d
m6-sweep,1f85ddb755d5,26,0,ran,qwen2.5:3b,long,0,50,c040.1,1789625505.863917,1789625507.469847,387.733,1605.825,130.965,387.679,115,116,93.589,1,,,6.29,921f9115
m6-sweep,6d361c689d0e,27,0,ran,qwen2.5:3b,long,0,50,c040.1,1789625507.970107,1789625509.689652,381.573,1719.44,124.253,381.536,127,128,94.18,1,,,7.07,be54bbca
m6-sweep,910bb572a46a,28,0,ran,qwen2.5:3b,long,0,50,c040.1,1789625510.190012,1789625511.462635,399.327,1272.528,134.585,399.263,83,84,93.907,1,,,7.07,1933c937
m6-sweep,dbd4ae2693d4,29,0,ran,qwen2.5:3b,long,0,50,c040.1,1789625511.962868,1789625513.392136,402.466,1429.116,138.13,402.432,98,99,94.482,1,,,7.07,c7910c1b
m6-sweep,19fa1506b763,30,0,ran,qwen2.5:3b,long,0,50,c040.1,1789625513.892478,1789625515.46603,390.078,1573.45,123.149,390.021,113,114,94.645,1,,,7.87,42f8200d
m6-sweep,971ee6954d0a,31,0,ran,qwen2.5:3b,long,0,50,c040.1,1789625515.966352,1789625517.585918,388.414,1619.457,124.827,388.37,118,119,95.041,1,,,7.87,59114139
m6-sweep,bf30c2c6d901,32,0,ran,qwen2.5:3b,long,0,50,c040.1,1789625518.086235,1789625519.453623,404.664,1367.228,137.713,404.624,92,93,94.539,1,,,8.68,004d0a7e
m6-sweep,fbc9b965690e,33,0,ran,qwen2.5:3b,long,0,50,c040.1,1789625519.954083,1789625521.423943,396.935,1469.752,135.554,396.894,103,104,95.077,1,,,8.68,da836568
m6-sweep,94c40cc6069b,34,0,ran,qwen2.5:3b,long,0,50,c040.1,1789625521.924186,1789625523.646008,400.637,1721.729,138.981,400.6,128,128,96.133,1,,,8.78,d5c84a0a
m6-sweep,3910152ea5e0,35,0,ran,qwen2.5:3b,long,0,50,c040.1,1789625524.14624,1789625525.627774,386.731,1481.415,123.425,386.677,105,106,95.005,1,,,8.78,2846cc7d
m6-sweep,786c84e84f71,36,0,ran,qwen2.5:3b,long,0,50,c040.1,1789625526.128003,1789625527.348781,397.072,1220.683,136.487,397.034,79,80,94.705,1,,,8.78,1ec16df4
m6-sweep,9320ba972cf4,37,0,ran,qwen2.5:3b,long,0,50,c040.1,1789625527.849029,1789625529.375456,389.338,1526.334,124.139,389.266,109,110,94.987,1,,,8.48,c10106a6
m6-sweep,75ac86bdb5f1,38,0,ran,qwen2.5:3b,long,0,50,c040.1,1789625529.875647,1789625531.891073,806.21,2015.296,123.598,806.154,116,117,95.113,1,,,8.48,7c6e12fd
m6-sweep,eb8b4fd60c21,39,0,ran,qwen2.5:3b,long,0,50,c040.1,1789625532.391336,1789625533.837531,384.402,1446.1,127.693,384.354,102,103,95.131,1,,,9.00,83375f2e
m6-sweep,79eb27cfd95d,40,0,ran,qwen2.5:3b,long,0,50,c040.1,1789625534.337785,1789625535.824693,389.884,1486.812,127.19,389.832,105,106,94.81,1,,,9.00,c988fe13
m6-sweep,33d5f70c525b,41,0,ran,qwen2.5:3b,long,0,50,c040.1,1789625536.324893,1789625537.944679,389.636,1619.691,129.789,389.593,118,119,95.118,1,,,9.00,80483583
m6-sweep,0bbc893ee76f,42,0,ran,qwen2.5:3b,long,0,50,c040.1,1789625538.444916,1789625539.684764,398.599,1239.74,133.896,398.547,80,81,93.92,1,,,8.60,1b02bda1
m6-sweep,f5315770d457,43,0,ran,qwen2.5:3b,long,0,50,c040.1,1789625540.185057,1789625541.443776,384.752,1258.616,122.504,384.7,83,84,93.836,1,,,8.60,34512389
m6-sweep,747d87ef7290,44,0,ran,qwen2.5:3b,long,0,50,c040.1,1789625541.943986,1789625543.584124,816.285,1640.0,132.474,816.244,78,79,93.479,1,,,8.39,3bffd636
m6-sweep,3eb421c1464f,45,0,ran,qwen2.5:3b,long,0,50,c040.1,1789625544.084466,1789625545.779198,385.924,1694.622,125.365,385.867,125,126,94.751,1,,,8.39,a24fbf00
m6-sweep,b677e6bfe0dc,46,0,ran,qwen2.5:3b,long,0,50,c040.1,1789625546.279492,1789625547.484651,377.64,1205.06,120.486,377.598,79,80,94.269,1,,,8.39,9a2334a2
m6-sweep,9b8ced64eae5,47,0,ran,qwen2.5:3b,long,0,50,c040.1,1789625547.984878,1789625549.706001,392.761,1721.023,131.686,392.677,127,128,94.861,1,,,8.04,4bdb27dc
m6-sweep,3ead007dc23d,48,0,ran,qwen2.5:3b,long,0,50,c040.1,1789625550.206245,1789625551.885677,390.427,1679.329,125.681,390.376,123,124,94.654,1,,,8.04,d9797650
m6-sweep,e321c04f2fa3,49,0,ran,qwen2.5:3b,long,0,50,c040.1,1789625552.385899,1789625553.587835,383.942,1201.804,119.358,383.886,78,79,94.148,1,,,7.88,69860a8e
m6-sweep,ae8b91639f31,50,0,ran,qwen2.5:3b,long,0,50,c040.1,1789625554.088109,1789625555.876376,857.148,1788.17,135.218,857.081,89,90,94.52,1,,,7.88,c7c17eef
m6-sweep,cc4728d61cab,51,0,ran,qwen2.5:3b,long,0,50,c040.1,1789625556.376571,1789625557.851742,400.536,1475.049,139.035,400.492,103,104,94.927,1,,,7.88,850245ec
m6-sweep,b1bd56a0d04e,52,0,ran,qwen2.5:3b,long,0,50,c040.1,1789625558.352007,1789625560.029799,384.615,1677.66,129.638,384.547,124,125,95.124,1,,,7.49,5a11c47e
m6-sweep,ea2409afb209,0,1,ran,qwen2.5:3b,short,20,0,c041.1,1789625562.565275,1789625566.748063,1110.679,4182.675,1046.133,1110.637,101,102,32.552,1,,,7.13,ddc6356c
m6-sweep,45885fc2f530,1,1,ran,qwen2.5:3b,short,20,0,c041.1,1789625567.248299,1789625568.20285,390.352,954.42,20.879,390.308,53,54,92.187,1,,,7.13,7e0e4b50
m6-sweep,44375bf800e9,2,1,ran,qwen2.5:3b,short,20,0,c041.1,1789625568.703084,1789625569.366542,84.153,663.299,33.555,84.117,56,57,94.967,1,,,6.88,31ebbda0
m6-sweep,ce1f1ae823d7,3,0,ran,qwen2.5:3b,short,20,0,c041.1,1789625569.866905,1789625571.643498,1104.836,1776.408,1055.075,1104.787,52,53,75.941,1,,,6.88,97b55970
m6-sweep,38fcb0e6c070,4,0,ran,qwen2.5:3b,short,20,0,c041.1,1789625572.14381,1789625573.139725,91.464,995.804,38.135,91.41,82,83,89.568,1,,,6.88,ccd0be0c
m6-sweep,fcf456555403,5,0,ran,qwen2.5:3b,short,20,0,c041.1,1789625573.640233,1789625575.834983,1080.112,2194.658,1031.1,1080.075,81,82,71.778,1,,,6.49,c6ea033f
m6-sweep,af1244931fa2,6,0,ran,qwen2.5:3b,short,20,0,c041.1,1789625576.335206,1789625578.91145,1140.84,2576.124,1035.709,1140.805,59,60,40.41,1,,,6.37,91cdd31b
m6-sweep,07d79df7d9e9,7,0,ran,qwen2.5:3b,short,20,0,c041.1,1789625579.411726,1789625582.032391,147.465,2620.562,21.572,147.43,82,83,32.752,1,,,6.37,bc1e9dee
m6-sweep,7252a888a3c0,8,0,ran,qwen2.5:3b,short,20,0,c041.1,1789625582.532619,1789625585.617557,2004.854,3084.83,22.046,2004.82,56,57,50.927,1,,,6.18,18a552ed
m6-sweep,4a295ea30bbd,9,0,ran,qwen2.5:3b,short,20,0,c041.1,1789625586.117767,1789625590.331673,2432.469,4213.808,2059.301,2432.376,65,66,35.928,1,,,6.00,e0988e39
m6-sweep,e899aff42f48,10,0,ran,qwen2.5:3b,short,20,0,c041.1,1789625590.831921,1789625592.654923,93.232,1822.902,39.273,93.197,70,71,39.892,1,,,6.00,e7eb4dee
m6-sweep,db8478572663,11,0,ran,qwen2.5:3b,short,20,0,c041.1,1789625593.155141,1789625593.804673,73.575,649.416,25.008,73.538,52,53,88.566,1,,,6.80,d4aabd16
m6-sweep,1747d8c84e8b,12,0,ran,qwen2.5:3b,short,20,0,c041.1,1789625594.304919,1789625596.372117,88.35,2067.084,36.698,88.254,52,53,25.774,1,,,6.80,a12606d9
m6-sweep,da418ebf9e44,13,0,ran,qwen2.5:3b,short,20,0,c041.1,1789625596.872343,1789625597.731527,347.728,859.06,32.944,347.674,53,54,101.695,1,,,6.80,6f10d017
m6-sweep,6660a502801a,14,0,ran,qwen2.5:3b,short,20,0,c041.1,1789625598.23174,1789625599.54812,333.478,1316.283,32.396,333.433,43,44,42.735,1,,,6.34,fc02a7ce
m6-sweep,fe2678be606c,15,0,ran,qwen2.5:3b,short,20,0,c041.1,1789625600.048304,1789625603.149525,1103.019,3101.104,1034.38,1102.975,56,57,27.526,1,,,6.34,975bbbc9
m6-sweep,c9d291b65bd9,16,0,ran,qwen2.5:3b,short,20,0,c041.1,1789625603.650545,1789625605.736277,371.698,2085.646,36.6,371.61,56,57,32.09,1,,,6.15,286ffe7c
m6-sweep,4c015564397e,17,0,ran,qwen2.5:3b,short,20,0,c041.1,1789625606.236902,1789625607.014543,145.045,777.547,35.325,144.991,63,64,98.023,1,,,6.15,d00085a9
m6-sweep,66e773f0f288,18,0,ran,qwen2.5:3b,short,20,0,c041.1,1789625607.514765,1789625610.267227,2046.529,2752.338,38.39,2046.498,64,65,89.259,1,,,6.14,802e2348
m6-sweep,9a33b838ba37,19,0,ran,qwen2.5:3b,short,20,0,c041.1,1789625610.767453,1789625611.725358,74.49,957.674,24.588,74.438,82,83,91.714,1,,,6.14,57252c9b
m6-sweep,3f3b6e10999c,20,0,ran,qwen2.5:3b,short,20,0,c041.1,1789625612.225765,1789625613.699806,75.323,1473.928,21.559,75.288,54,55,37.895,1,,,5.89,e8179829
m6-sweep,23bbef4b2a11,21,0,ran,qwen2.5:3b,short,20,0,c041.1,1789625614.200039,1789625614.917346,193.255,717.169,32.88,193.15,41,42,76.348,1,,,5.89,fc821ac9
m6-sweep,b82615e78bee,22,0,ran,qwen2.5:3b,short,20,0,c041.1,1789625615.417541,1789625616.209668,88.863,792.009,38.273,88.828,53,54,73.953,1,,,5.89,c67715a7
m6-sweep,77cadab02c58,23,0,ran,qwen2.5:3b,short,20,0,c041.1,1789625616.709899,1789625628.098483,10398.518,11388.452,1034.586,10398.468,90,91,89.905,1,,,5.75,f9bad85d
m6-sweep,1e579ce7ead8,24,0,ran,qwen2.5:3b,short,20,0,c041.1,1789625628.598733,1789625629.732282,82.863,1133.446,33.526,82.826,81,82,76.148,1,,,5.77,aa7e9b9a
m6-sweep,22d4ced3686c,25,0,ran,qwen2.5:3b,short,20,0,c041.1,1789625630.232504,1789625632.29226,1105.865,2059.535,1053.839,1105.817,82,83,84.935,1,,,5.77,ae96492f
m6-sweep,a3472868a136,26,0,ran,qwen2.5:3b,short,20,0,c041.1,1789625632.792629,1789625634.691585,1638.46,1898.825,1044.191,1638.42,76,77,288.058,1,,,5.63,6e27d0ed
m6-sweep,d32000f9f49a,27,0,ran,qwen2.5:3b,short,20,0,c041.1,1789625635.191832,1789625636.188914,109.274,996.87,21.115,109.222,78,79,86.751,1,,,5.63,1e2287c5
m6-sweep,c2ca98f5f6f7,28,0,ran,qwen2.5:3b,short,20,0,c041.1,1789625636.689261,1789625638.678152,96.853,1988.778,23.622,96.818,56,57,29.071,1,,,5.26,3450d4e5
m6-sweep,f68bfbf77a55,29,0,ran,qwen2.5:3b,short,20,0,c041.1,1789625639.178544,1789625643.035762,2711.176,3857.108,2095.333,2711.141,83,84,71.557,1,,,5.26,5cef6555
m6-sweep,0002ade06ba1,30,0,ran,qwen2.5:3b,short,20,0,c041.1,1789625643.53599,1789625644.691502,116.645,1155.315,29.406,116.589,80,81,76.059,1,,,5.08,61933914
m6-sweep,afad5c3e26d8,31,0,ran,qwen2.5:3b,short,20,0,c041.1,1789625645.191812,1789625646.352895,357.728,1160.986,23.181,357.692,41,42,49.797,1,,,5.08,2835f5f0
m6-sweep,9d58bf83a21b,32,0,ran,qwen2.5:3b,short,20,0,c041.1,1789625646.853094,1789625648.684704,1087.353,1831.517,1037.235,1087.316,72,73,95.409,1,,,6.27,e7891d03
m6-sweep,f53ca7385b4d,33,0,ran,qwen2.5:3b,short,20,0,c041.1,1789625649.184943,1789625652.417156,1167.458,3232.127,1054.737,1167.421,78,79,37.294,1,,,6.27,16ca622d
m6-sweep,c684bdaf60b1,34,0,ran,qwen2.5:3b,short,20,0,c041.1,1789625652.91738,1789625658.269341,3218.236,5351.876,3093.744,3218.2,96,97,44.525,1,,,5.93,ec3ed453
m6-sweep,2b500c7f632b,35,0,ran,qwen2.5:3b,short,20,0,c041.1,1789625658.769572,1789625666.560537,81.529,7790.839,29.916,81.494,81,82,10.377,1,,,5.55,aaef4e82
m6-sweep,909591835191,36,0,ran,qwen2.5:3b,short,20,0,c041.1,1789625667.060771,1789625668.0274,84.349,966.531,31.189,84.313,63,64,70.28,1,,,5.55,4b27399a
m6-sweep,25d824f4b82c,37,0,ran,qwen2.5:3b,short,20,0,c041.1,1789625668.527706,1789625669.67052,373.628,1142.636,39.35,373.58,52,53,66.319,1,,,5.75,b5752398
m6-sweep,5055364a0faf,38,0,ran,qwen2.5:3b,short,20,0,c041.1,1789625670.170896,1789625675.993294,4726.796,5822.308,2080.1,4726.758,85,86,76.676,1,,,5.61,77d7c8fb
m6-sweep,4e7930c95bcd,39,0,ran,qwen2.5:3b,short,20,0,c041.1,1789625676.493571,1789625677.139481,88.554,645.798,33.668,88.503,53,54,93.316,1,,,5.61,3493766e
m6-sweep,9812b2f6959b,40,0,ran,qwen2.5:3b,short,20,0,c041.1,1789625677.639704,1789625678.999282,84.349,1359.481,36.456,84.312,85,86,65.876,1,,,6.44,050e427b
m6-sweep,277fc97286e5,41,0,ran,qwen2.5:3b,short,20,0,c041.1,1789625679.499518,1789625680.731653,70.457,1232.031,19.224,70.422,81,82,68.872,1,,,6.44,cd74c069
m6-sweep,3c3ade2b1148,42,0,ran,qwen2.5:3b,short,20,0,c041.1,1789625681.231878,1789625681.947063,106.752,715.058,19.673,106.7,58,59,93.703,1,,,6.44,44d2a3e9
m6-sweep,66c0ff78fe03,43,0,ran,qwen2.5:3b,short,20,0,c041.1,1789625682.447348,1789625685.719498,2844.914,3272.044,30.002,2844.862,41,42,93.648,1,,,6.16,a76bd081
m6-sweep,4a967c9be076,44,0,ran,qwen2.5:3b,short,20,0,c041.1,1789625686.219705,1789625688.109354,1094.309,1889.453,1043.608,1094.242,56,57,69.17,1,,,6.16,41c8b7c5
m6-sweep,af1aedda0e7b,45,0,ran,qwen2.5:3b,short,20,0,c041.1,1789625688.60971,1789625690.022603,610.661,1412.773,33.632,610.626,78,79,95.997,1,,,5.91,d4a259e9
m6-sweep,650655d0cdcc,46,0,ran,qwen2.5:3b,short,20,0,c041.1,1789625690.522844,1789625691.341728,146.688,818.671,37.087,146.643,70,71,102.681,1,,,5.91,1da6a004
m6-sweep,02d0650d4e40,47,0,ran,qwen2.5:3b,short,20,0,c041.1,1789625691.8421,1789625692.779845,88.469,937.552,37.788,88.431,76,77,88.331,1,,,5.91,6d6163ae
m6-sweep,c980a34bac25,48,0,ran,qwen2.5:3b,short,20,0,c041.1,1789625693.280122,1789625694.189328,80.78,909.093,23.077,80.743,81,82,96.582,1,,,5.68,e3daa193
m6-sweep,48c1af3e01c6,49,0,ran,qwen2.5:3b,short,20,0,c041.1,1789625694.689535,1789625699.296033,3209.875,4606.393,3093.379,3209.838,82,83,58.001,1,,,6.50,2bda3921
m6-sweep,d209fc0e0afc,50,0,ran,qwen2.5:3b,short,20,0,c041.1,1789625699.796257,1789625703.223662,1671.798,3427.3,1031.312,1671.68,82,83,46.141,1,,,6.50,94078c83
m6-sweep,c8c950daa2fe,51,0,ran,qwen2.5:3b,short,20,0,c041.1,1789625703.723903,1789625705.991783,90.454,2267.778,35.686,90.417,56,57,25.26,1,,,6.14,6859e8e1
m6-sweep,ca78f1a2927a,52,0,ran,qwen2.5:3b,short,20,0,c041.1,1789625706.492056,1789625707.486163,161.96,994.006,24.56,161.924,56,57,66.102,1,,,6.14,ead7c036
m6-sweep,0590d43435c6,0,1,ran,qwen2.5:3b,long,0,200,c042.1,1789625709.991356,1789625711.969626,1007.16,1978.121,439.623,1007.061,92,93,93.722,1,,,5.89,f15ed7cf
m6-sweep,fbc0ddc4c111,1,1,ran,qwen2.5:3b,long,0,200,c042.1,1789625712.469949,1789625714.562129,983.916,2092.04,420.068,983.878,106,107,94.755,1,,,5.82,c5e3f797
m6-sweep,7eee2ee2ebc2,2,1,ran,qwen2.5:3b,long,0,200,c042.1,1789625715.062606,1789625718.459923,2329.071,3397.16,429.608,2329.013,102,103,94.561,1,,,5.82,74d3bde3
m6-sweep,ada2b51f4c93,3,0,ran,qwen2.5:3b,long,0,200,c042.1,1789625718.960222,1789625721.047961,997.618,2087.626,436.563,997.573,103,104,93.577,1,,,5.99,63aa2926
m6-sweep,6ec32ba66ca9,4,0,ran,qwen2.5:3b,long,0,200,c042.1,1789625721.548176,1789625723.66755,989.229,2119.235,428.342,989.17,108,109,94.69,1,,,6.72,144fd4e4
m6-sweep,e3802bac801b,5,0,ran,qwen2.5:3b,long,0,200,c042.1,1789625724.167821,1789625726.238153,995.604,2070.238,434.471,995.567,103,104,94.916,1,,,6.72,7827df6e
m6-sweep,997981a1c441,6,0,ran,qwen2.5:3b,long,0,200,c042.1,1789625726.738414,1789625728.79581,994.406,2057.225,433.335,994.357,102,103,95.03,1,,,6.74,ac3ff41e
m6-sweep,d8f8da5478ba,7,0,ran,qwen2.5:3b,long,0,200,c042.1,1789625729.296207,1789625731.581097,996.833,2284.794,435.06,996.763,123,124,94.723,1,,,6.74,52217516
m6-sweep,44d7feabc7c1,8,0,ran,qwen2.5:3b,long,0,200,c042.1,1789625732.081354,1789625734.413931,995.777,2332.476,426.154,995.737,128,128,95.01,1,,,7.40,1a097074
m6-sweep,7aa4dd88afd6,9,0,ran,qwen2.5:3b,long,0,200,c042.1,1789625734.914159,1789625736.779994,987.271,1865.711,421.873,987.226,81,82,91.07,1,,,7.40,d5bd1dcf
m6-sweep,8dafdd8afe2f,10,0,ran,qwen2.5:3b,long,0,200,c042.1,1789625737.281424,1789625739.595668,984.284,2314.144,420.41,984.239,127,128,94.747,1,,,7.37,0ba47038
m6-sweep,d3a97728aac0,11,0,ran,qwen2.5:3b,long,0,200,c042.1,1789625740.095896,1789625741.970281,999.785,1874.288,436.255,999.743,83,84,93.767,1,,,7.37,942a828f
m6-sweep,e97a7127fba0,12,0,ran,qwen2.5:3b,long,0,200,c042.1,1789625742.470537,1789625744.321818,986.876,1851.176,420.258,986.828,79,80,90.246,1,,,6.94,afd2228b
m6-sweep,79a9278346b5,13,0,ran,qwen2.5:3b,long,0,200,c042.1,1789625744.82204,1789625746.994231,980.302,2172.07,418.462,980.197,114,115,94.817,1,,,6.94,35b63ce0
m6-sweep,918433dd9524,14,0,ran,qwen2.5:3b,long,0,200,c042.1,1789625747.494466,1789625750.946554,2387.897,3451.991,437.75,2387.849,102,103,94.916,1,,,6.62,8e3e06fd
m6-sweep,c5b96d3df55c,15,0,ran,qwen2.5:3b,long,0,200,c042.1,1789625751.446801,1789625753.750921,999.012,2303.921,435.545,998.973,119,120,90.428,1,,,6.33,1642b1c9
m6-sweep,204c52ca6759,16,0,ran,qwen2.5:3b,long,0,200,c042.1,1789625754.251163,1789625757.799131,2376.647,3547.845,438.208,2376.609,112,113,94.775,1,,,6.33,3c0162e4
m6-sweep,de050bdce543,17,0,ran,qwen2.5:3b,long,0,200,c042.1,1789625758.299357,1789625760.442673,973.252,2143.178,421.352,973.201,112,113,94.878,1,,,6.06,030af678
m6-sweep,4eeca4b50585,18,0,ran,qwen2.5:3b,long,0,200,c042.1,1789625760.942916,1789625762.951095,994.233,2008.069,437.48,994.193,97,98,94.69,1,,,6.06,46b4ffa4
m6-sweep,29201ed17a81,19,0,ran,qwen2.5:3b,long,0,200,c042.1,1789625763.451318,1789625765.768271,976.087,2316.847,420.531,976.045,128,128,94.722,1,,,5.90,8416653e
m6-sweep,3afad7fd9a6a,20,0,ran,qwen2.5:3b,long,0,200,c042.1,1789625766.268514,1789625768.535056,999.878,2266.426,432.755,999.84,119,120,93.167,1,,,5.90,127cce26
m6-sweep,e7de9e802e1d,21,0,ran,qwen2.5:3b,long,0,200,c042.1,1789625769.035309,1789625770.880623,989.418,1845.217,424.176,989.373,76,77,87.637,1,,,5.83,edb76ac0
m6-sweep,048921f2f4d3,22,0,ran,qwen2.5:3b,long,0,200,c042.1,1789625771.380863,1789625773.239949,989.553,1858.991,428.965,989.507,83,84,94.314,1,,,5.83,e380b7a7
m6-sweep,a814a7ee8693,23,0,ran,qwen2.5:3b,long,0,200,c042.1,1789625773.740185,1789625775.813659,975.978,2073.381,419.595,975.937,103,104,92.947,1,,,5.60,e4114183
m6-sweep,4dd00aa2f2f1,24,0,ran,qwen2.5:3b,long,0,200,c042.1,1789625776.31389,1789625778.430378,985.212,2116.383,422.604,985.173,108,109,94.592,1,,,5.60,7177b854
m6-sweep,9d0d8df7028f,25,0,ran,qwen2.5:3b,long,0,200,c042.1,1789625778.930613,1789625781.127356,979.703,2196.636,418.928,979.666,116,117,94.5,1,,,5.31,08153aa5
m6-sweep,fc3fa3acd5d5,26,0,ran,qwen2.5:3b,long,0,200,c042.1,1789625781.627761,1789625784.876314,2383.343,3248.417,431.506,2383.252,81,82,92.478,1,,,5.13,9f3de0f7
m6-sweep,04c2979e1ada,27,0,ran,qwen2.5:3b,long,0,200,c042.1,1789625785.376652,1789625787.514742,996.25,2137.942,438.265,996.212,110,111,95.472,1,,,5.13,e74b2a15
m6-sweep,d5d7711753f5,28,0,ran,qwen2.5:3b,long,0,200,c042.1,1789625788.015013,1789625790.05786,975.925,2042.681,425.144,975.886,102,103,94.68,1,,,4.96,2d66ad74
m6-sweep,2a35844f6859,29,0,ran,qwen2.5:3b,long,0,200,c042.1,1789625790.558079,1789625792.41488,987.83,1856.704,421.016,987.792,80,81,90.922,1,,,4.96,e3df8bc7
m6-sweep,1be757822628,30,0,ran,qwen2.5:3b,long,0,200,c042.1,1789625792.915113,1789625794.972263,982.153,2057.062,423.621,982.09,103,104,94.892,1,,,6.16,b77e34a3
m6-sweep,a56bd23cd841,31,0,ran,qwen2.5:3b,long,0,200,c042.1,1789625795.472465,1789625797.331824,978.271,1859.267,424.018,978.232,81,82,90.806,1,,,6.16,de603fbd
m6-sweep,27df56c60541,32,0,ran,qwen2.5:3b,long,0,200,c042.1,1789625797.8334,1789625800.124946,993.388,2291.433,427.345,993.328,123,124,93.988,1,,,5.99,197c753c
m6-sweep,3b23cc2301c7,33,0,ran,qwen2.5:3b,long,0,200,c042.1,1789625800.625398,1789625802.542561,993.444,1916.977,438.619,993.405,88,89,94.203,1,,,5.99,9bf45fb6
m6-sweep,6440c3af31d5,34,0,ran,qwen2.5:3b,long,0,200,c042.1,1789625803.042856,1789625805.342932,1005.758,2299.938,438.27,1005.682,123,124,94.268,1,,,5.83,a4aa7990
m6-sweep,0249e906de0e,35,0,ran,qwen2.5:3b,long,0,200,c042.1,1789625805.843195,1789625809.055675,2343.694,3212.327,424.721,2343.601,81,82,92.099,1,,,5.84,eb8cdf0b
m6-sweep,f83cc48e416a,36,0,ran,qwen2.5:3b,long,0,200,c042.1,1789625809.555909,1789625811.718342,990.732,2162.161,439.138,990.694,112,113,94.756,1,,,5.84,7aa25d6b
m6-sweep,fad7ab936ed2,37,0,ran,qwen2.5:3b,long,0,200,c042.1,1789625812.218687,1789625814.347246,973.596,2128.417,421.376,973.545,111,112,95.253,1,,,6.66,724f3ff4
m6-sweep,04f5845d86ba,38,0,ran,qwen2.5:3b,long,0,200,c042.1,1789625814.847467,1789625817.015098,991.421,2167.537,427.321,991.384,113,114,95.229,1,,,6.66,a047d4c9
m6-sweep,c302a39a3b21,39,0,ran,qwen2.5:3b,long,0,200,c042.1,1789625817.515324,1789625819.811464,985.284,2296.029,430.646,985.207,125,126,94.603,1,,,6.84,f019bb10
m6-sweep,08d6edb8d1d0,40,0,ran,qwen2.5:3b,long,0,200,c042.1,1789625820.311701,1789625822.614265,991.425,2302.441,437.329,991.387,120,121,90.769,1,,,6.84,77575ddd
m6-sweep,c53540176630,41,0,ran,qwen2.5:3b,long,0,200,c042.1,1789625823.114486,1789625825.410155,998.692,2295.573,435.661,998.638,124,125,94.843,1,,,6.54,21f6709f
m6-sweep,62bcacce9281,42,0,ran,qwen2.5:3b,long,0,200,c042.1,1789625825.910443,1789625827.986807,982.495,2076.272,425.2,982.449,105,106,95.083,1,,,6.54,a1a59f3c
m6-sweep,00c97c2625e2,43,0,ran,qwen2.5:3b,long,0,200,c042.1,1789625828.487006,1789625830.454845,995.254,1967.712,431.666,995.179,92,93,93.577,1,,,6.25,9495fe25
m6-sweep,50384b4d557e,44,0,ran,qwen2.5:3b,long,0,200,c042.1,1789625830.955058,1789625833.075602,1005.124,2120.425,437.054,1005.078,106,107,94.145,1,,,6.25,2278bf63
m6-sweep,63dd60b72266,45,0,ran,qwen2.5:3b,long,0,200,c042.1,1789625833.575855,1789625835.427968,986.734,1852.02,421.622,986.616,81,82,92.455,1,,,5.99,300b6478
m6-sweep,64971ca36401,46,0,ran,qwen2.5:3b,long,0,200,c042.1,1789625835.928207,1789625837.782456,982.518,1854.152,420.011,982.481,78,79,88.34,1,,,5.99,00f096e5
m6-sweep,b2e920e4e1cb,47,0,ran,qwen2.5:3b,long,0,200,c042.1,1789625838.282686,1789625841.828494,2349.063,3545.681,429.16,2349.026,114,115,94.433,1,,,5.59,6af849c8
m6-sweep,8b84be3a0fba,48,0,ran,qwen2.5:3b,long,0,200,c042.1,1789625842.328819,1789625844.370677,990.757,2041.762,435.447,990.719,101,102,95.147,1,,,6.59,35b2dc46
m6-sweep,6f1e64583d86,49,0,ran,qwen2.5:3b,long,0,200,c042.1,1789625844.870909,1789625847.040058,989.876,2169.05,436.808,989.833,113,114,94.982,1,,,6.59,db7130f3
m6-sweep,ae4a5f19d5b7,50,0,ran,qwen2.5:3b,long,0,200,c042.1,1789625847.540297,1789625849.625586,987.591,2085.19,425.399,987.552,105,106,94.752,1,,,7.50,3ba448f6
m6-sweep,fa80db25c072,51,0,ran,qwen2.5:3b,long,0,200,c042.1,1789625850.125753,1789625852.330965,982.331,2205.12,423.177,982.277,117,118,94.865,1,,,7.50,a14d84f2
m6-sweep,b7f4091615b7,52,0,ran,qwen2.5:3b,long,0,200,c042.1,1789625852.831213,1789625854.870637,976.335,2039.243,423.346,976.298,102,103,95.022,1,,,7.14,e29206f0
m6-sweep,e7493964b805,0,1,ran,qwen2.5:0.5b,short,5,100,c043.1,1789625857.417782,1789625860.921402,3282.959,3503.499,234.869,3282.909,27,28,117.892,1,,,6.97,fd6b6f29
m6-sweep,293731a7caae,1,1,ran,qwen2.5:0.5b,short,5,100,c043.1,1789625861.421673,1789625863.455961,1812.625,2034.186,1251.691,1812.59,24,25,103.809,1,,,6.97,4d3183d2
m6-sweep,87283e780b8d,2,1,ran,qwen2.5:0.5b,short,5,100,c043.1,1789625863.956204,1789625864.675874,490.838,719.584,234.533,490.782,26,27,109.291,1,,,6.57,a7fc07e2
m6-sweep,b2cd26896683,3,0,ran,qwen2.5:0.5b,short,5,100,c043.1,1789625865.176093,1789625866.794411,1395.714,1618.226,235.953,1395.668,23,24,98.871,1,,,6.57,c3edaf41
m6-sweep,1b008f295569,4,0,ran,qwen2.5:0.5b,short,5,100,c043.1,1789625867.294633,1789625868.016428,481.431,721.705,227.067,481.386,24,25,95.724,1,,,6.57,517e0c38
m6-sweep,37ebb3f66699,5,0,ran,qwen2.5:0.5b,short,5,100,c043.1,1789625868.516687,1789625869.486305,969.353,969.521,233.63,969.315,24,25,136612.022,1,,,6.28,a3a99461
m6-sweep,07681d5fa5df,6,0,ran,qwen2.5:0.5b,short,5,100,c043.1,1789625869.986525,1789625870.710264,486.91,723.608,228.91,486.866,24,25,97.17,1,,,6.28,5a3906c4
m6-sweep,c5f6175a03d7,7,0,ran,qwen2.5:0.5b,short,5,100,c043.1,1789625871.210512,1789625872.165142,479.071,954.52,224.722,479.027,24,25,48.375,1,,,6.28,b3c00fa5
m6-sweep,ee05345fd62b,8,0,ran,qwen2.5:0.5b,short,5,100,c043.1,1789625872.665485,1789625874.309164,1401.299,1643.595,227.921,1401.263,31,32,123.815,1,,,5.94,4374da4a
m6-sweep,a76b4678048c,9,0,ran,qwen2.5:0.5b,short,5,100,c043.1,1789625874.809406,1789625875.583828,475.03,774.278,223.778,474.993,24,25,76.859,1,,,5.94,d7e34de4
m6-sweep,4a7e32934c1a,10,0,ran,qwen2.5:0.5b,short,5,100,c043.1,1789625876.0841,1789625876.807917,477.36,723.719,224.94,477.317,22,23,85.242,1,,,5.94,afd223e8
m6-sweep,8f08f0ac49a3,11,0,ran,qwen2.5:0.5b,short,5,100,c043.1,1789625877.308132,1789625878.054399,739.452,746.182,238.023,739.414,24,25,3417.504,1,,,5.94,bc682c26
m6-sweep,2101336c53a9,12,0,ran,qwen2.5:0.5b,short,5,100,c043.1,1789625878.554636,1789625879.274373,476.246,719.634,224.38,476.197,24,25,94.499,1,,,5.62,0d90c682
m6-sweep,454b239dbcba,13,0,ran,qwen2.5:0.5b,short,5,100,c043.1,1789625879.774601,1789625881.518987,1505.646,1744.282,1250.199,1505.61,24,25,96.381,1,,,5.62,1bb03d71
m6-sweep,bd92a8dbaf9b,14,0,ran,qwen2.5:0.5b,short,5,100,c043.1,1789625882.019247,1789625882.724154,478.193,704.813,224.811,478.155,24,25,101.492,1,,,5.62,abd0af66
m6-sweep,b5e9e46aeabb,15,0,ran,qwen2.5:0.5b,short,5,100,c043.1,1789625883.224377,1789625884.158679,461.578,934.209,227.229,461.509,31,32,63.474,1,,,5.74,5745c4cb
m6-sweep,89d2a702875a,16,0,ran,qwen2.5:0.5b,short,5,100,c043.1,1789625884.658888,1789625885.382987,484.461,723.976,224.378,484.406,28,29,112.728,1,,,5.74,3f0c6db9
m6-sweep,93dd45045b9b,17,0,ran,qwen2.5:0.5b,short,5,100,c043.1,1789625885.883282,1789625886.588159,482.197,704.727,227.779,482.124,24,25,103.357,1,,,5.74,f0099660
m6-sweep,90bfeb2aa085,18,0,ran,qwen2.5:0.5b,short,5,100,c043.1,1789625887.088482,1789625887.875873,482.981,787.288,227.902,482.909,24,25,75.582,1,,,5.74,c55cdc15
m6-sweep,be25d0038f79,19,0,ran,qwen2.5:0.5b,short,5,100,c043.1,1789625888.376134,1789625889.08657,488.512,710.336,235.586,488.428,53,54,234.421,1,,,5.60,60867840
m6-sweep,2e6ecaf11357,20,0,ran,qwen2.5:0.5b,short,5,100,c043.1,1789625889.586783,1789625890.317958,481.947,731.081,223.155,481.888,24,25,92.32,1,,,5.60,0e825b18
m6-sweep,28b769d3a361,21,0,ran,qwen2.5:0.5b,short,5,100,c043.1,1789625890.818168,1789625892.451897,479.321,1633.611,219.258,479.278,24,25,19.926,1,,,5.60,b1a4a987
m6-sweep,887b55317115,22,0,ran,qwen2.5:0.5b,short,5,100,c043.1,1789625892.952106,1789625893.701047,499.817,748.847,238.556,499.759,24,25,92.358,1,,,5.60,2f158148
m6-sweep,2f0e76e75d80,23,0,ran,qwen2.5:0.5b,short,5,100,c043.1,1789625894.20129,1789625894.913225,479.678,711.849,225.878,479.625,24,25,99.065,1,,,6.03,0b223170
m6-sweep,0f630110b1a4,24,0,ran,qwen2.5:0.5b,short,5,100,c043.1,1789625895.413463,1789625896.134008,488.975,720.453,235.703,488.916,24,25,99.362,1,,,6.03,fc0e9cd7
m6-sweep,5273d7f97390,25,0,ran,qwen2.5:0.5b,short,5,100,c043.1,1789625896.63427,1789625897.365973,491.311,731.616,234.921,491.276,31,32,124.841,1,,,6.03,159641ef
m6-sweep,5b67b01c996f,26,0,ran,qwen2.5:0.5b,short,5,100,c043.1,1789625897.866258,1789625899.807816,1941.355,1941.481,229.018,1941.32,26,27,199357.272,1,,,6.91,dae9fa0b
m6-sweep,c00156283769,27,0,ran,qwen2.5:0.5b,short,5,100,c043.1,1789625900.308126,1789625900.989965,459.553,681.754,225.455,459.519,24,25,103.51,1,,,6.91,2b933347
m6-sweep,53a232da3037,28,0,ran,qwen2.5:0.5b,short,5,100,c043.1,1789625901.490217,1789625902.491517,780.063,1001.219,230.381,780.027,25,26,108.52,1,,,6.91,40dda982
m6-sweep,f436f036069a,29,0,ran,qwen2.5:0.5b,short,5,100,c043.1,1789625902.991734,1789625904.593407,1376.917,1601.576,224.555,1376.882,24,25,102.377,1,,,6.92,34540b9c
m6-sweep,5f52f4c2abac,30,0,ran,qwen2.5:0.5b,short,5,100,c043.1,1789625905.093634,1789625906.091441,482.059,997.704,230.447,482.019,28,29,52.362,1,,,6.92,73e5a65e
m6-sweep,f0bcd3fd5548,31,0,ran,qwen2.5:0.5b,short,5,100,c043.1,1789625906.591658,1789625907.595479,484.44,1003.717,230.715,484.406,24,25,44.292,1,,,6.92,1c132b93
m6-sweep,f3d8e24c0687,32,0,ran,qwen2.5:0.5b,short,5,100,c043.1,1789625908.095736,1789625908.827187,495.057,731.353,231.127,495.005,24,25,97.336,1,,,7.64,a0569db4
m6-sweep,828102f08167,33,0,ran,qwen2.5:0.5b,short,5,100,c043.1,1789625909.3274,1789625910.284502,956.877,957.027,227.907,956.84,31,32,199981.335,1,,,7.64,0b37c407
m6-sweep,3fe5e94209fe,34,0,ran,qwen2.5:0.5b,short,5,100,c043.1,1789625910.784707,1789625912.415479,721.964,1630.679,224.012,721.873,24,25,25.31,1,,,7.64,1a06d774
m6-sweep,0e2295415bbb,35,0,ran,qwen2.5:0.5b,short,5,100,c043.1,1789625912.915737,1789625913.615793,474.003,699.946,224.793,473.967,24,25,101.795,1,,,7.64,eadb03e0
m6-sweep,7bf94e741ef4,36,0,ran,qwen2.5:0.5b,short,5,100,c043.1,1789625914.116042,1789625914.842425,484.059,726.246,229.131,484.001,24,25,94.968,1,,,7.27,afa5ed8e
m6-sweep,c13d97b9547d,37,0,ran,qwen2.5:0.5b,short,5,100,c043.1,1789625915.342695,1789625916.069876,485.675,727.008,229.16,485.599,24,25,95.304,1,,,7.27,6e97860c
m6-sweep,5769a6f3eeaa,38,0,ran,qwen2.5:0.5b,short,5,100,c043.1,1789625916.570258,1789625917.275073,480.463,704.671,227.375,480.427,24,25,102.584,1,,,7.27,79b3f238
m6-sweep,6cac6d8b448f,39,0,ran,qwen2.5:0.5b,short,5,100,c043.1,1789625917.775404,1789625918.480722,479.562,705.223,228.777,479.529,24,25,101.923,1,,,7.27,8da2370a
m6-sweep,b0df24baba0f,40,0,ran,qwen2.5:0.5b,short,5,100,c043.1,1789625918.980956,1789625922.167921,2715.22,3186.871,2234.451,2715.154,24,25,48.765,1,,,7.01,3b89251a
m6-sweep,59348b000b70,41,0,ran,qwen2.5:0.5b,short,5,100,c043.1,1789625922.668094,1789625924.509754,1380.164,1841.552,223.918,1380.123,31,32,65.021,1,,,6.61,df0f813f
m6-sweep,2f12d7652a11,42,0,ran,qwen2.5:0.5b,short,5,100,c043.1,1789625925.010015,1789625925.735051,484.714,724.923,232.857,484.644,31,32,124.891,1,,,6.61,9c4b4906
m6-sweep,a2bcfaa06704,43,0,ran,qwen2.5:0.5b,short,5,100,c043.1,1789625926.235294,1789625927.007727,463.215,772.345,226.286,463.173,23,24,71.167,1,,,6.61,c6a9f92b
m6-sweep,feafd49eca49,44,0,ran,qwen2.5:0.5b,short,5,100,c043.1,1789625927.507962,1789625928.227019,489.543,718.965,229.564,489.488,24,25,100.252,1,,,6.61,fcb46624
m6-sweep,927871de28fd,45,0,ran,qwen2.5:0.5b,short,5,100,c043.1,1789625928.727252,1789625930.467456,1514.773,1739.996,1258.995,1514.685,24,25,102.121,1,,,6.40,02799e96
m6-sweep,46f890e0303d,46,0,ran,qwen2.5:0.5b,short,5,100,c043.1,1789625930.967695,1789625931.763798,485.229,795.986,232.684,485.193,24,25,74.013,1,,,6.40,b1b26d25
m6-sweep,fd1e299d0f87,47,0,ran,qwen2.5:0.5b,short,5,100,c043.1,1789625932.264028,1789625932.987939,482.468,723.822,226.189,482.428,31,32,124.299,1,,,6.40,81146969
m6-sweep,d3207d409a05,48,0,ran,qwen2.5:0.5b,short,5,100,c043.1,1789625933.488167,1789625934.208143,479.958,719.891,225.317,479.856,31,32,125.035,1,,,6.05,7c5f1489
m6-sweep,52d85a4529cf,49,0,ran,qwen2.5:0.5b,short,5,100,c043.1,1789625934.708336,1789625935.411675,477.966,703.209,227.15,477.915,31,32,133.189,1,,,6.05,7fdd5c59
m6-sweep,65ffacdeee4e,50,0,ran,qwen2.5:0.5b,short,5,100,c043.1,1789625935.911912,1789625936.628686,475.149,716.67,222.801,475.106,24,25,95.23,1,,,6.05,5d5f3c4c
m6-sweep,79b84dad0ddb,51,0,ran,qwen2.5:0.5b,short,5,100,c043.1,1789625937.128947,1789625937.834399,480.452,705.347,229.417,480.404,31,32,133.396,1,,,6.05,fd5dc010
m6-sweep,fc5cdeede1a6,52,0,ran,qwen2.5:0.5b,short,5,100,c043.1,1789625938.334627,1789625939.353325,778.245,1018.595,223.322,778.201,31,32,124.818,1,,,5.80,138356ab
m6-sweep,b9b4cb5da1a4,0,1,ran,qwen2.5:0.5b,short,0,0,c044.1,1789625941.778856,1789625941.942389,69.981,163.243,25.945,69.897,24,25,246.617,1,,,5.80,a14fcfc0
m6-sweep,8998328af810,1,1,ran,qwen2.5:0.5b,short,0,0,c044.1,1789625942.44273,1789625942.601131,65.346,158.229,26.039,65.288,24,25,247.624,1,,,5.80,fcb5e280
m6-sweep,70648eec6b80,2,1,ran,qwen2.5:0.5b,short,0,0,c044.1,1789625943.101415,1789625943.279329,83.977,177.726,39.418,83.94,24,25,245.336,1,,,5.80,19cd0998
m6-sweep,599843039968,3,0,ran,qwen2.5:0.5b,short,0,0,c044.1,1789625943.779639,1789625943.951968,76.858,172.207,38.912,76.791,24,25,241.22,1,,,5.58,143e223b
m6-sweep,5a47c81203fc,4,0,ran,qwen2.5:0.5b,short,0,0,c044.1,1789625944.452308,1789625944.60606,62.857,153.639,19.306,62.777,23,24,242.338,1,,,5.58,efe444c2
m6-sweep,7d28db41324f,5,0,ran,qwen2.5:0.5b,short,0,0,c044.1,1789625945.106421,1789625945.26451,66.243,157.877,30.273,66.201,24,25,250.998,1,,,5.58,082aaee5
m6-sweep,0bf555466270,6,0,ran,qwen2.5:0.5b,short,0,0,c044.1,1789625945.764785,1789625945.931393,74.834,166.49,32.827,74.767,24,25,250.938,1,,,5.58,d124f24c
m6-sweep,f4bc101660f4,7,0,ran,qwen2.5:0.5b,short,0,0,c044.1,1789625946.431573,1789625946.620692,71.654,188.989,28.04,71.619,31,32,255.677,1,,,5.58,5db7c4ab
m6-sweep,02a20fee91f7,8,0,ran,qwen2.5:0.5b,short,0,0,c044.1,1789625947.120919,1789625947.274415,65.912,153.376,27.607,65.845,24,25,262.966,1,,,5.58,d5fe4114
m6-sweep,b8f1b455d34c,9,0,ran,qwen2.5:0.5b,short,0,0,c044.1,1789625947.774664,1789625947.935608,68.504,160.833,28.826,68.44,24,25,249.109,1,,,5.58,2c46ee7d
m6-sweep,e96f93871cae,10,0,ran,qwen2.5:0.5b,short,0,0,c044.1,1789625948.435833,1789625948.591855,60.731,155.861,19.711,60.694,24,25,241.775,1,,,5.58,2ddd3652
m6-sweep,75aa23e1794b,11,0,ran,qwen2.5:0.5b,short,0,0,c044.1,1789625949.092117,1789625949.349452,67.2,257.181,27.032,67.148,50,51,257.92,1,,,6.57,b102a72b
m6-sweep,c6d9b20c9aaf,12,0,ran,qwen2.5:0.5b,short,0,0,c044.1,1789625949.849753,1789625950.021217,74.777,171.344,30.6,74.704,24,25,238.178,1,,,6.57,062173f1
m6-sweep,424eb57c542e,13,0,ran,qwen2.5:0.5b,short,0,0,c044.1,1789625950.521434,1789625950.689541,73.181,167.931,26.851,73.124,24,25,242.746,1,,,6.57,c2fcd3d6
m6-sweep,3b47544e3b68,14,0,ran,qwen2.5:0.5b,short,0,0,c044.1,1789625951.189853,1789625951.353866,67.043,163.772,24.161,66.991,24,25,237.777,1,,,6.57,70aed593
m6-sweep,b1708f7789fc,15,0,ran,qwen2.5:0.5b,short,0,0,c044.1,1789625951.85423,1789625952.016143,62.606,161.745,22.504,62.563,24,25,231.997,1,,,6.57,3382b2d4
m6-sweep,c083fd5b2ffe,16,0,ran,qwen2.5:0.5b,short,0,0,c044.1,1789625952.51644,1789625952.699023,62.698,182.484,23.438,62.567,31,32,250.446,1,,,6.57,44860aad
m6-sweep,04e5b28e4397,17,0,ran,qwen2.5:0.5b,short,0,0,c044.1,1789625953.19925,1789625953.388926,70.534,189.587,32.724,70.496,31,32,251.989,1,,,6.57,430b6610
m6-sweep,328c6111e1e8,18,0,ran,qwen2.5:0.5b,short,0,0,c044.1,1789625953.88916,1789625954.053995,73.342,164.642,33.326,73.285,24,25,251.916,1,,,6.45,883c0a1e
m6-sweep,672d429e5197,19,0,ran,qwen2.5:0.5b,short,0,0,c044.1,1789625954.55427,1789625954.750684,73.914,196.261,33.781,73.867,30,31,237.029,1,,,6.45,513d739e
m6-sweep,b577d72a1bad,20,0,ran,qwen2.5:0.5b,short,0,0,c044.1,1789625955.250991,1789625955.427413,79.347,176.32,39.54,79.307,25,26,247.49,1,,,6.45,cb5311e1
m6-sweep,de6a41f467b9,21,0,ran,qwen2.5:0.5b,short,0,0,c044.1,1789625955.927638,1789625956.088861,68.938,161.121,24.885,68.889,24,25,249.503,1,,,6.45,8f237aef
m6-sweep,d49d1a421e42,22,0,ran,qwen2.5:0.5b,short,0,0,c044.1,1789625956.589099,1789625956.756497,75.266,167.249,36.537,75.233,24,25,250.048,1,,,6.45,98a98568
m6-sweep,26c4b87e1ff5,0,1,ran,qwen2.5:3b,long,10,0,c045.1,1789625959.278626,1789625964.475682,3489.181,5196.94,26.397,3489.14,73,74,42.161,1,,,6.88,ae07e299
m6-sweep,6b06dcc121f4,1,1,ran,qwen2.5:3b,long,10,0,c045.1,1789625964.976223,1789625966.495625,341.02,1519.283,38.697,340.986,109,110,91.66,1,,,6.88,719817d8
m6-sweep,305c4c7b6874,2,1,ran,qwen2.5:3b,long,10,0,c045.1,1789625966.996716,1789625968.476733,341.026,1479.891,38.226,340.99,97,98,84.294,1,,,6.88,62ccc16d
m6-sweep,79dc744c8780,3,0,ran,qwen2.5:3b,long,10,0,c045.1,1789625968.97696,1789625969.991863,189.218,1014.798,32.112,189.158,79,80,94.479,1,,,6.49,eabc12e3
m6-sweep,98fae592c3d9,4,0,ran,qwen2.5:3b,long,10,0,c045.1,1789625970.492046,1789625973.730508,2406.783,3238.332,2051.481,2406.717,79,80,93.801,1,,,6.49,0e3ae5ea
m6-sweep,756a9e42e14a,5,0,ran,qwen2.5:3b,long,10,0,c045.1,1789625974.230733,1789625975.75626,185.382,1525.418,32.292,185.347,128,128,94.774,1,,,6.45,714fe78e
m6-sweep,0ec542e01d6f,6,0,ran,qwen2.5:3b,long,10,0,c045.1,1789625976.256476,1789625977.783821,197.883,1527.248,39.113,197.839,80,81,59.427,1,,,6.45,097147d3
m6-sweep,aab5b118a718,7,0,ran,qwen2.5:3b,long,10,0,c045.1,1789625978.284039,1789625979.481426,303.388,1197.232,32.481,303.353,81,82,89.501,1,,,6.33,d8a151b7
m6-sweep,01215cdadec8,8,0,ran,qwen2.5:3b,long,10,0,c045.1,1789625979.981722,1789625982.248057,1186.543,2266.213,1041.723,1186.507,79,80,72.244,1,,,6.33,d7f74b8d
m6-sweep,d280bb716e33,9,0,ran,qwen2.5:3b,long,10,0,c045.1,1789625982.748285,1789625985.146527,1195.095,2397.763,1034.009,1195.061,114,115,93.958,1,,,5.98,0297040a
m6-sweep,de74a737312d,10,0,ran,qwen2.5:3b,long,10,0,c045.1,1789625985.646875,1789625987.423036,500.747,1775.93,32.315,500.704,122,123,94.888,1,,,5.98,1668a804
m6-sweep,296df3a73554,11,0,ran,qwen2.5:3b,long,10,0,c045.1,1789625987.92339,1789625989.290692,191.922,1367.192,38.916,191.887,113,114,95.297,1,,,5.83,e8253bb5
m6-sweep,375db6c1eb21,12,0,ran,qwen2.5:3b,long,10,0,c045.1,1789625989.790922,1789625992.077274,1188.484,2286.127,1041.037,1188.44,104,105,93.837,1,,,5.83,b275b739
m6-sweep,9a0204ea9f9c,13,0,ran,qwen2.5:3b,long,10,0,c045.1,1789625992.577611,1789625994.190053,360.509,1612.325,35.561,360.475,116,117,91.867,1,,,5.68,d9010a78
m6-sweep,cd3d29674235,14,0,ran,qwen2.5:3b,long,10,0,c045.1,1789625994.691715,1789625996.356255,177.649,1664.418,20.748,177.613,119,120,79.367,1,,,5.68,30a85371
m6-sweep,7e2f26eb31ba,15,0,ran,qwen2.5:3b,long,10,0,c045.1,1789625996.856499,1789625998.747006,168.982,1890.375,24.417,168.918,102,103,58.673,1,,,5.68,377ba2cc
m6-sweep,16603cac0f07,16,0,ran,qwen2.5:3b,long,10,0,c045.1,1789625999.247238,1789626000.456317,183.076,1208.879,35.893,183.04,97,98,93.585,1,,,5.46,4a3c026c
m6-sweep,ee1883dc134e,17,0,ran,qwen2.5:3b,long,10,0,c045.1,1789626000.956554,1789626003.030249,1221.615,2073.536,1039.093,1221.567,79,80,91.558,1,,,5.46,d49123ca
m6-sweep,7586c8e5e544,18,0,ran,qwen2.5:3b,long,10,0,c045.1,1789626003.530457,1789626005.28284,336.282,1752.273,38.5,336.235,113,114,79.097,1,,,6.47,974f4fe4
m6-sweep,b3edbeac9b27,19,0,ran,qwen2.5:3b,long,10,0,c045.1,1789626005.783077,1789626007.240818,342.53,1457.513,33.731,342.495,106,107,94.172,1,,,6.47,d8137ca0
m6-sweep,717a36b9c037,20,0,ran,qwen2.5:3b,long,10,0,c045.1,1789626007.741169,1789626011.874252,177.107,4132.919,28.846,177.07,91,92,22.751,1,,,6.27,034cd6cb
m6-sweep,1dcbabf94762,21,0,ran,qwen2.5:3b,long,10,0,c045.1,1789626012.374481,1789626013.401162,198.978,1026.577,30.653,198.935,79,80,94.249,1,,,6.27,9efea57e
m6-sweep,635a79ec6ab2,22,0,ran,qwen2.5:3b,long,10,0,c045.1,1789626013.901383,1789626014.892366,169.17,990.848,23.418,169.132,79,80,94.928,1,,,5.93,fc5af965
m6-sweep,0fa106b49b30,23,0,ran,qwen2.5:3b,long,10,0,c045.1,1789626015.392659,1789626018.623007,2332.212,3230.212,2068.997,2332.17,91,92,100.223,1,,,5.93,d3d92822
m6-sweep,5183558e4d91,24,0,ran,qwen2.5:3b,long,10,0,c045.1,1789626019.123252,1789626033.16301,12891.318,14039.626,1059.77,12891.283,103,104,88.826,1,,,5.12,c5b4ef58
m6-sweep,f3115ecb463e,25,0,ran,qwen2.5:3b,long,10,0,c045.1,1789626033.66328,1789626034.743362,193.561,1079.947,34.825,193.516,79,80,87.998,1,,,6.23,653df3a9
m6-sweep,54c8d3ad3125,26,0,ran,qwen2.5:3b,long,10,0,c045.1,1789626035.24361,1789626036.310258,262.827,1066.516,34.773,262.783,83,84,102.03,1,,,6.23,0ce7612a
m6-sweep,27c3747b58c9,27,0,ran,qwen2.5:3b,long,10,0,c045.1,1789626036.810504,1789626038.358659,182.815,1548.04,33.028,182.782,119,120,86.433,1,,,6.23,539a4a15
m6-sweep,19690a0f86db,28,0,ran,qwen2.5:3b,long,10,0,c045.1,1789626038.858907,1789626041.806707,332.705,2947.667,33.885,332.67,94,95,35.565,1,,,6.05,04c23bd9
m6-sweep,01f90b732ac1,29,0,ran,qwen2.5:3b,long,10,0,c045.1,1789626042.30699,1789626044.842068,1206.152,2534.951,1030.574,1206.117,127,128,94.822,1,,,6.45,a6d08715
m6-sweep,31fa2580b44a,30,0,ran,qwen2.5:3b,long,10,0,c045.1,1789626045.342325,1789626046.893455,343.434,1550.951,31.966,343.398,114,115,93.58,1,,,6.45,e28d947d
m6-sweep,f2fa98b02bb9,31,0,ran,qwen2.5:3b,long,10,0,c045.1,1789626047.393729,1789626049.680811,1191.666,2286.887,1039.589,1191.63,102,103,92.219,1,,,6.65,816afa01
m6-sweep,18c5a9feecf6,32,0,ran,qwen2.5:3b,long,10,0,c045.1,1789626050.181149,1789626051.224608,178.727,1043.344,21.402,178.689,83,84,94.84,1,,,6.65,3dc08914
m6-sweep,ea086350b334,33,0,ran,qwen2.5:3b,long,10,0,c045.1,1789626051.724828,1789626052.777866,193.474,1052.925,37.688,193.438,80,81,91.919,1,,,6.65,9dcf920b
m6-sweep,bd196f4ce901,34,0,ran,qwen2.5:3b,long,10,0,c045.1,1789626053.278079,1789626054.703888,301.048,1425.688,29.914,301.013,105,106,92.474,1,,,6.52,1bcf60f3
m6-sweep,85e72155c6f6,35,0,ran,qwen2.5:3b,long,10,0,c045.1,1789626055.204956,1789626056.503831,195.939,1298.768,38.24,195.905,79,80,70.727,1,,,6.52,914d0d41
m6-sweep,cf6ff405f703,36,0,ran,qwen2.5:3b,long,10,0,c045.1,1789626057.005226,1789626058.393232,186.731,1387.829,36.975,186.685,112,113,92.415,1,,,6.52,347fb42f
m6-sweep,b6058cbc3c57,37,0,ran,qwen2.5:3b,long,10,0,c045.1,1789626058.8935,1789626060.786652,480.088,1892.991,38.308,480.045,126,127,88.47,1,,,6.16,09b9c837
m6-sweep,c76f7e329dc1,38,0,ran,qwen2.5:3b,long,10,0,c045.1,1789626061.286929,1789626063.047231,180.908,1760.203,31.403,180.87,116,117,72.817,1,,,6.16,47293252
m6-sweep,fdc7391c790d,39,0,ran,qwen2.5:3b,long,10,0,c045.1,1789626063.54744,1789626064.629938,196.69,1082.369,13.751,196.654,81,82,90.326,1,,,7.11,fdabc870
m6-sweep,e7c29ea50dc4,40,0,ran,qwen2.5:3b,long,10,0,c045.1,1789626065.130264,1789626066.558948,172.254,1428.554,26.336,172.204,117,118,92.335,1,,,7.11,b81270c9
m6-sweep,c8c8c5ad132c,41,0,ran,qwen2.5:3b,long,10,0,c045.1,1789626067.05919,1789626069.099142,565.357,2039.845,33.722,565.323,116,117,77.993,1,,,7.82,491f8d2c
m6-sweep,d998c4c67a1f,42,0,ran,qwen2.5:3b,long,10,0,c045.1,1789626069.599388,1789626070.757413,271.718,1157.887,18.665,271.652,83,84,92.533,1,,,7.82,44fa861b
m6-sweep,1c09a670ebb5,43,0,ran,qwen2.5:3b,long,10,0,c045.1,1789626071.257576,1789626072.775569,188.715,1517.877,32.17,188.679,123,124,91.787,1,,,7.82,c061f6e2
m6-sweep,92f4842e1864,44,0,ran,qwen2.5:3b,long,10,0,c045.1,1789626073.275796,1789626074.575437,183.028,1299.522,33.295,182.992,79,80,69.862,1,,,7.59,b424d01d
m6-sweep,4ae549fe88ff,45,0,ran,qwen2.5:3b,long,10,0,c045.1,1789626075.075735,1789626076.316222,185.941,1240.384,39.234,185.906,101,102,94.837,1,,,7.59,b8a75568
m6-sweep,ac02cd6fcb92,46,0,ran,qwen2.5:3b,long,10,0,c045.1,1789626076.816482,1789626077.881519,191.471,1064.843,34.489,191.435,82,83,92.744,1,,,7.59,2d3f7efe
m6-sweep,9e444bd1fb3e,47,0,ran,qwen2.5:3b,long,10,0,c045.1,1789626078.381865,1789626080.448649,1191.811,2066.449,1037.781,1191.777,78,79,88.036,1,,,7.31,b44be3e2
m6-sweep,b7838b95e826,48,0,ran,qwen2.5:3b,long,10,0,c045.1,1789626080.94907,1789626084.134074,592.356,3184.868,38.997,592.32,86,87,32.787,1,,,6.96,189ea75a
m6-sweep,b0e81c098eeb,49,0,ran,qwen2.5:3b,long,10,0,c045.1,1789626084.634358,1789626086.089543,205.627,1455.076,30.71,205.56,118,119,93.641,1,,,6.96,64b92faa
m6-sweep,df18aba10039,50,0,ran,qwen2.5:3b,long,10,0,c045.1,1789626086.58983,1789626087.710521,178.236,1120.568,20.341,178.2,87,88,91.263,1,,,6.96,34965909
m6-sweep,4f5d915c3e6b,51,0,ran,qwen2.5:3b,long,10,0,c045.1,1789626088.21074,1789626089.473148,338.219,1262.272,39.705,338.184,87,88,93.068,1,,,6.72,b44040e3
m6-sweep,d3df2511c922,52,0,ran,qwen2.5:3b,long,10,0,c045.1,1789626089.973398,1789626092.108758,1213.36,2135.245,1062.424,1213.322,87,88,93.287,1,,,6.72,7e70e638
m6-sweep,e964884acba7,0,1,ran,qwen2.5:0.5b,long,0,0,c046.1,1789626094.523804,1789626097.691586,2681.447,3167.523,29.359,2681.383,128,128,261.276,1,,,6.34,53d1499c
m6-sweep,8d9e7f4b85c1,1,1,ran,qwen2.5:0.5b,long,0,0,c046.1,1789626098.191984,1789626098.777044,95.124,584.91,25.667,95.08,128,128,259.297,1,,,6.34,d530a778
m6-sweep,fa90572c7e5c,2,1,ran,qwen2.5:0.5b,long,0,0,c046.1,1789626099.277287,1789626099.830455,99.51,553.055,25.721,99.458,128,128,280.017,1,,,6.00,e84e5283
m6-sweep,098747667580,3,0,ran,qwen2.5:0.5b,long,0,0,c046.1,1789626100.330678,1789626100.885736,98.426,554.92,33.046,98.365,128,128,278.207,1,,,6.00,385fdd95
m6-sweep,f2e9591e77fc,4,0,ran,qwen2.5:0.5b,long,0,0,c046.1,1789626101.385987,1789626101.938966,102.403,552.851,29.645,102.346,128,128,281.942,1,,,6.00,7865b55b
m6-sweep,9628f9939a80,5,0,ran,qwen2.5:0.5b,long,0,0,c046.1,1789626102.439175,1789626103.15472,254.766,715.431,37.584,254.641,128,128,275.688,1,,,6.00,9394e94b
m6-sweep,ed1bfb93de04,6,0,ran,qwen2.5:0.5b,long,0,0,c046.1,1789626103.654947,1789626104.201088,95.759,546.03,32.693,95.723,128,128,282.052,1,,,6.00,ef1d12cb
m6-sweep,c40e903626c9,7,0,ran,qwen2.5:0.5b,long,0,0,c046.1,1789626104.701297,1789626105.246669,88.446,545.253,24.907,88.403,128,128,278.017,1,,,6.00,2118d932
m6-sweep,3644dcfb0cd3,8,0,ran,qwen2.5:0.5b,long,0,0,c046.1,1789626105.746864,1789626106.312622,105.2,565.623,39.234,105.069,128,128,275.833,1,,,6.00,f45ad4f6
m6-sweep,700c6e81d209,9,0,ran,qwen2.5:0.5b,long,0,0,c046.1,1789626106.812865,1789626107.386616,100.307,573.605,31.138,100.271,128,128,268.33,1,,,6.00,1e30c943
m6-sweep,366dbeb2de93,10,0,ran,qwen2.5:0.5b,long,0,0,c046.1,1789626107.886891,1789626108.438252,100.992,551.239,35.875,100.937,128,128,282.067,1,,,6.00,5062ccf3
m6-sweep,5c01de617e02,11,0,ran,qwen2.5:0.5b,long,0,0,c046.1,1789626108.93849,1789626109.476889,85.925,538.29,20.1,85.89,128,128,280.746,1,,,6.00,fea8e3f7
m6-sweep,68a41410efba,12,0,ran,qwen2.5:0.5b,long,0,0,c046.1,1789626109.977129,1789626110.535529,107.616,558.304,35.152,107.551,128,128,281.792,1,,,6.00,415bbbc6
m6-sweep,a7027fd78236,13,0,ran,qwen2.5:0.5b,long,0,0,c046.1,1789626111.03577,1789626111.596771,102.714,560.899,32.457,102.645,128,128,277.181,1,,,6.00,d0290525
m6-sweep,25fae4d6b587,14,0,ran,qwen2.5:0.5b,long,0,0,c046.1,1789626112.096962,1789626112.767812,219.689,670.738,28.184,219.626,128,128,281.566,1,,,6.00,5f7ea8df
m6-sweep,ee3eb3affb5a,15,0,ran,qwen2.5:0.5b,long,0,0,c046.1,1789626113.268037,1789626113.803816,85.165,535.655,19.979,85.13,128,128,281.915,1,,,6.00,a3f04a81
m6-sweep,fbd314f25585,16,0,ran,qwen2.5:0.5b,long,0,0,c046.1,1789626114.304135,1789626114.838649,83.121,534.399,18.831,83.068,128,128,281.423,1,,,5.76,b7221ddc
m6-sweep,1bec71bd71de,17,0,ran,qwen2.5:0.5b,long,0,0,c046.1,1789626115.338879,1789626115.890264,103.342,551.228,38.902,103.27,128,128,283.554,1,,,5.76,ff24c395
m6-sweep,d6167efa82bf,18,0,ran,qwen2.5:0.5b,long,0,0,c046.1,1789626116.390477,1789626116.933919,88.663,543.308,22.042,88.592,128,128,279.339,1,,,5.76,39e4eeb2
m6-sweep,d3c98f9d6086,19,0,ran,qwen2.5:0.5b,long,0,0,c046.1,1789626117.43423,1789626117.979963,94.708,545.623,31.311,94.635,128,128,281.649,1,,,5.76,e59354dd
m6-sweep,b58f0d499791,20,0,ran,qwen2.5:0.5b,long,0,0,c046.1,1789626118.480158,1789626119.046246,112.359,565.952,39.568,112.311,128,128,279.986,1,,,5.70,b91339b8
m6-sweep,5c989491fc33,21,0,ran,qwen2.5:0.5b,long,0,0,c046.1,1789626119.546535,1789626120.11933,112.128,572.659,40.199,112.093,128,128,275.769,1,,,5.70,b1ebad89
m6-sweep,c47519dc8510,22,0,ran,qwen2.5:0.5b,long,0,0,c046.1,1789626120.619564,1789626121.178324,98.092,558.511,33.674,98.037,128,128,275.836,1,,,5.70,ba42c72f
m6-sweep,2b98bbb7a160,23,0,ran,qwen2.5:0.5b,long,0,0,c046.1,1789626121.678606,1789626122.218889,84.106,540.156,19.967,84.061,128,128,278.479,1,,,5.70,a9148905
m6-sweep,3fd4fcc931fa,24,0,ran,qwen2.5:0.5b,long,0,0,c046.1,1789626122.719125,1789626123.268852,94.053,549.614,22.303,94.019,128,128,278.778,1,,,5.70,d4324637
m6-sweep,3b7679f095c5,25,0,ran,qwen2.5:0.5b,long,0,0,c046.1,1789626123.769117,1789626124.319894,97.146,550.587,34.261,97.105,128,128,280.081,1,,,5.72,ccab12d6
m6-sweep,be64db4c58cb,26,0,ran,qwen2.5:0.5b,long,0,0,c046.1,1789626124.820205,1789626125.363469,92.349,543.139,21.98,92.277,128,128,281.727,1,,,5.72,517a4240
m6-sweep,1a063e1b0c22,27,0,ran,qwen2.5:0.5b,long,0,0,c046.1,1789626125.863669,1789626126.43632,109.764,572.532,34.783,109.719,128,128,274.435,1,,,5.72,37562ec5
m6-sweep,40452cb74e4e,28,0,ran,qwen2.5:0.5b,long,0,0,c046.1,1789626126.936675,1789626127.518043,86.624,581.238,18.79,86.56,128,128,256.766,1,,,5.72,73c2469e
m6-sweep,1795db4728b5,29,0,ran,qwen2.5:0.5b,long,0,0,c046.1,1789626128.018271,1789626128.719126,247.87,700.73,33.774,247.828,128,128,280.44,1,,,5.72,69fe5177
m6-sweep,c178c4dfd34f,30,0,ran,qwen2.5:0.5b,long,0,0,c046.1,1789626129.219368,1789626129.760851,88.133,541.357,21.92,88.064,128,128,280.215,1,,,5.66,1cbe334e
m6-sweep,e1c8137adfd2,31,0,ran,qwen2.5:0.5b,long,0,0,c046.1,1789626130.261098,1789626130.800233,85.519,538.994,21.522,85.482,128,128,280.059,1,,,5.66,3e8dc838
m6-sweep,6c83ca459a40,32,0,ran,qwen2.5:0.5b,long,0,0,c046.1,1789626131.300483,1789626131.832187,83.506,531.567,19.503,83.456,128,128,283.444,1,,,5.66,802743b5
m6-sweep,bd69e87b5e5e,33,0,ran,qwen2.5:0.5b,long,0,0,c046.1,1789626132.332552,1789626132.87841,87.812,545.743,23.025,87.771,128,128,277.334,1,,,5.66,c3e75618
m6-sweep,dd7ecd5c8833,34,0,ran,qwen2.5:0.5b,long,0,0,c046.1,1789626133.378625,1789626133.931176,100.212,552.447,35.197,100.145,128,128,280.828,1,,,5.66,dbb14d99
m6-sweep,da07c6155e90,35,0,ran,qwen2.5:0.5b,long,0,0,c046.1,1789626134.431399,1789626134.969762,84.394,538.25,20.564,84.323,128,128,279.824,1,,,5.77,805f08cd
m6-sweep,ae2267127c8d,36,0,ran,qwen2.5:0.5b,long,0,0,c046.1,1789626135.469993,1789626136.017563,88.895,547.459,19.667,88.86,128,128,276.951,1,,,5.77,15686873
m6-sweep,d33215f4fd65,37,0,ran,qwen2.5:0.5b,long,0,0,c046.1,1789626136.517758,1789626137.09949,93.518,581.599,29.46,93.46,128,128,260.202,1,,,5.77,ba3eae86
m6-sweep,eac2bd26a668,38,0,ran,qwen2.5:0.5b,long,0,0,c046.1,1789626137.599756,1789626138.143346,94.593,543.476,22.244,94.54,128,128,282.925,1,,,5.77,8d63b8f8
m6-sweep,f06681180d47,39,0,ran,qwen2.5:0.5b,long,0,0,c046.1,1789626138.643576,1789626139.201007,111.262,557.332,38.622,111.22,128,128,284.708,1,,,6.99,088c277d
m6-sweep,2abaf6bbb879,40,0,ran,qwen2.5:0.5b,long,0,0,c046.1,1789626139.701231,1789626140.299068,102.191,597.633,38.977,102.154,128,128,256.337,1,,,6.99,76d46785
m6-sweep,f62a7329faf0,41,0,ran,qwen2.5:0.5b,long,0,0,c046.1,1789626140.799305,1789626141.34454,91.236,545.124,19.101,91.186,128,128,279.804,1,,,6.99,435de6fd
m6-sweep,4e17037fdea2,42,0,ran,qwen2.5:0.5b,long,0,0,c046.1,1789626141.844732,1789626142.397907,100.878,553.048,28.742,100.814,128,128,280.868,1,,,6.99,eb52628b
m6-sweep,e97a2a0f9dec,43,0,ran,qwen2.5:0.5b,long,0,0,c046.1,1789626142.898112,1789626143.451427,102.417,553.195,30.6,102.372,128,128,281.735,1,,,6.99,7e5e57c7
m6-sweep,66504d486902,44,0,ran,qwen2.5:0.5b,long,0,0,c046.1,1789626143.951631,1789626144.503373,100.557,551.637,35.921,100.498,128,128,281.547,1,,,6.75,07149df8
m6-sweep,75c7f139c367,45,0,ran,qwen2.5:0.5b,long,0,0,c046.1,1789626145.003591,1789626145.541852,83.67,538.138,20.031,83.636,128,128,279.448,1,,,6.75,30bc69d5
m6-sweep,b1de4e71698b,46,0,ran,qwen2.5:0.5b,long,0,0,c046.1,1789626146.042068,1789626146.607984,110.087,565.801,38.742,110.036,128,128,278.684,1,,,6.75,c31a92c5
m6-sweep,249ccda625b7,47,0,ran,qwen2.5:0.5b,long,0,0,c046.1,1789626147.10824,1789626147.656939,98.891,548.589,28.499,98.853,128,128,282.412,1,,,6.75,af91eb59
m6-sweep,d736177e31d9,48,0,ran,qwen2.5:0.5b,long,0,0,c046.1,1789626148.157143,1789626148.705549,100.268,548.296,36.008,100.22,128,128,283.464,1,,,6.75,9a763a31
m6-sweep,de542a0f95ed,49,0,ran,qwen2.5:0.5b,long,0,0,c046.1,1789626149.205777,1789626149.750637,92.423,544.73,19.958,92.347,128,128,280.783,1,,,6.53,97a65fcf
m6-sweep,1eb9136c508f,50,0,ran,qwen2.5:0.5b,long,0,0,c046.1,1789626150.250854,1789626150.797226,99.328,546.259,28.524,99.249,128,128,284.161,1,,,6.53,bc6158b9
m6-sweep,f0670f5b1691,51,0,ran,qwen2.5:0.5b,long,0,0,c046.1,1789626151.29744,1789626151.852411,94.837,554.858,21.324,94.796,128,128,276.074,1,,,6.53,6648e64c
m6-sweep,dcb27641320b,52,0,ran,qwen2.5:0.5b,long,0,0,c046.1,1789626152.354124,1789626152.916917,107.395,562.673,36.571,107.359,128,128,278.95,1,,,6.53,d5beb466
m6-sweep,28305d7b4ec8,0,1,ran,qwen2.5:3b,long,1,0,c047.1,1789626155.436013,1789626159.770593,2995.912,4334.456,20.032,2995.842,123,124,91.144,1,,,7.03,9af6cebc
m6-sweep,6897f5af8efe,1,1,ran,qwen2.5:3b,long,1,0,c047.1,1789626160.27082,1789626161.741451,182.465,1470.49,27.346,182.428,123,124,94.719,1,,,7.03,8bc974a2
m6-sweep,1da67cf7c355,2,1,ran,qwen2.5:3b,long,1,0,c047.1,1789626162.241669,1789626163.573374,172.558,1331.571,18.574,172.443,111,112,94.908,1,,,7.03,bf25d8f8
m6-sweep,07da2f05a4ee,3,0,ran,qwen2.5:3b,long,1,0,c047.1,1789626164.07361,1789626165.329132,186.141,1255.37,32.592,186.097,102,103,94.461,1,,,6.79,f365d44a
m6-sweep,5d245c608f04,4,0,ran,qwen2.5:3b,long,1,0,c047.1,1789626165.82942,1789626167.06601,191.464,1236.32,37.347,191.418,100,101,94.75,1,,,6.79,da985f26
m6-sweep,058efa3c1f7a,5,0,ran,qwen2.5:3b,long,1,0,c047.1,1789626167.566382,1789626168.593872,182.222,1027.342,28.616,182.152,81,82,94.661,1,,,6.79,818bbfcd
m6-sweep,9f0fa320406d,6,0,ran,qwen2.5:3b,long,1,0,c047.1,1789626169.094121,1789626170.412943,295.847,1318.588,22.477,295.81,98,99,94.843,1,,,6.40,83e3647d
m6-sweep,5b1f93bb959e,7,0,ran,qwen2.5:3b,long,1,0,c047.1,1789626170.913295,1789626172.111363,168.606,1197.951,20.715,168.569,99,100,95.206,1,,,6.40,478fe220
m6-sweep,1931f8b7ca85,8,0,ran,qwen2.5:3b,long,1,0,c047.1,1789626172.611597,1789626174.074764,185.154,1463.059,38.374,185.116,123,124,95.469,1,,,7.25,d9bc4184
m6-sweep,f02b30a80d23,9,0,ran,qwen2.5:3b,long,1,0,c047.1,1789626174.574989,1789626175.839521,192.317,1264.414,38.329,192.28,103,104,95.141,1,,,7.25,85881f24
m6-sweep,5f8622c2cbf5,10,0,ran,qwen2.5:3b,long,1,0,c047.1,1789626176.33975,1789626177.665566,177.883,1325.659,23.766,177.682,110,111,94.966,1,,,7.25,f3e29ba3
m6-sweep,3506d330fcd9,11,0,ran,qwen2.5:3b,long,1,0,c047.1,1789626178.165884,1789626180.470025,1207.958,2304.009,1055.88,1207.89,105,106,94.886,1,,,7.07,fcdb3f66
m6-sweep,f7f69d06ebf0,12,0,ran,qwen2.5:3b,long,1,0,c047.1,1789626180.970253,1789626182.108692,174.251,1138.322,21.245,174.214,92,93,94.391,1,,,7.07,8abfe6da
m6-sweep,dc805763abbc,13,0,ran,qwen2.5:3b,long,1,0,c047.1,1789626182.608917,1789626183.739887,292.006,1130.8,20.252,291.969,80,81,94.183,1,,,7.07,f0f2d198
m6-sweep,0040e61c3b6c,14,0,ran,qwen2.5:3b,long,1,0,c047.1,1789626184.240204,1789626185.218445,182.15,978.117,35.262,182.085,75,76,92.969,1,,,8.03,14b1104b
m6-sweep,23e9f43e9ab7,15,0,ran,qwen2.5:3b,long,1,0,c047.1,1789626185.718694,1789626187.094107,181.365,1375.243,26.96,181.292,113,114,93.812,1,,,8.03,dbf12d76
m6-sweep,8fa18b7ffc17,16,0,ran,qwen2.5:3b,long,1,0,c047.1,1789626187.594318,1789626188.875207,175.487,1280.771,29.403,175.442,105,106,94.093,1,,,8.03,1ceb4945
m6-sweep,d5a0aaf7ed6a,17,0,ran,qwen2.5:3b,long,1,0,c047.1,1789626189.375836,1789626190.766104,183.603,1390.155,34.486,183.566,115,116,94.484,1,,,7.70,1c9e8914
m6-sweep,d6e8cb6a8ff2,18,0,ran,qwen2.5:3b,long,1,0,c047.1,1789626191.266547,1789626192.644483,190.355,1377.821,37.504,190.311,113,114,94.318,1,,,7.70,fd4c399c
m6-sweep,e77bfac7bf81,19,0,ran,qwen2.5:3b,long,1,0,c047.1,1789626193.144715,1789626194.623922,229.253,1479.096,34.731,229.217,123,124,97.612,1,,,7.65,fcf41266
m6-sweep,b71e5a039c8a,20,0,ran,qwen2.5:3b,long,1,0,c047.1,1789626195.124161,1789626196.587334,182.505,1463.039,23.419,182.458,123,124,95.273,1,,,7.65,a9f88e73
m6-sweep,ea9508d8c241,21,0,ran,qwen2.5:3b,long,1,0,c047.1,1789626197.087603,1789626198.403813,185.921,1316.082,25.798,185.885,108,109,94.677,1,,,7.65,3fd574c6
m6-sweep,f322343a3801,22,0,ran,qwen2.5:3b,long,1,0,c047.1,1789626198.90402,1789626199.910374,182.295,1006.245,27.409,182.253,79,80,94.666,1,,,7.27,463aa44c
m6-sweep,2d9522a5dd2f,23,0,ran,qwen2.5:3b,long,1,0,c047.1,1789626200.410627,1789626201.337332,194.638,926.594,38.369,194.602,70,71,94.268,1,,,7.27,c18ff836
m6-sweep,ea59d88f065c,24,0,ran,qwen2.5:3b,long,1,0,c047.1,1789626201.837555,1789626203.076643,330.571,1238.965,32.722,330.528,87,88,94.673,1,,,7.27,995f6a81
m6-sweep,dbb8a74651de,25,0,ran,qwen2.5:3b,long,1,0,c047.1,1789626203.576878,1789626205.039854,183.71,1462.849,35.868,183.674,123,124,95.377,1,,,7.41,e33bab6c
m6-sweep,026f1c79a343,26,0,ran,qwen2.5:3b,long,1,0,c047.1,1789626205.540113,1789626207.00569,169.851,1465.443,20.504,169.803,124,125,94.937,1,,,7.41,8fd60f3a
m6-sweep,b063e7175530,27,0,ran,qwen2.5:3b,long,1,0,c047.1,1789626207.505897,1789626208.69971,296.809,1193.618,19.898,296.773,86,87,94.78,1,,,7.41,0bc0d830
m6-sweep,8e2a1add1f96,28,0,ran,qwen2.5:3b,long,1,0,c047.1,1789626209.200006,1789626210.577288,188.903,1377.162,40.072,188.864,114,115,95.097,1,,,7.70,657f8a92
m6-sweep,3595ba37b9b4,29,0,ran,qwen2.5:3b,long,1,0,c047.1,1789626211.077524,1789626212.295494,170.641,1217.853,23.615,170.593,98,99,92.627,1,,,7.70,f9844640
m6-sweep,2dcd2de73b20,30,0,ran,qwen2.5:3b,long,1,0,c047.1,1789626212.795695,1789626215.307085,1188.053,2511.266,1038.349,1188.013,127,128,95.223,1,,,8.37,bfe0c648
m6-sweep,554c6f4abab1,31,0,ran,qwen2.5:3b,long,1,0,c047.1,1789626215.807348,1789626217.154608,184.989,1347.115,39.4,184.952,110,111,93.794,1,,,8.37,69c7fa59
m6-sweep,64a53e52a564,32,0,ran,qwen2.5:3b,long,1,0,c047.1,1789626217.654875,1789626219.024099,305.124,1369.109,25.376,305.086,101,102,93.986,1,,,8.10,d1dfc549
m6-sweep,86dc3ff50a1c,33,0,ran,qwen2.5:3b,long,1,0,c047.1,1789626219.524344,1789626220.788489,169.963,1264.014,19.422,169.908,104,105,94.145,1,,,8.10,d55398fc
m6-sweep,2a5433ecd7b3,34,0,ran,qwen2.5:3b,long,1,0,c047.1,1789626221.288754,1789626222.529039,187.299,1240.031,33.565,187.25,100,101,94.041,1,,,8.10,b8a433aa
m6-sweep,b520b6b0477d,35,0,ran,qwen2.5:3b,long,1,0,c047.1,1789626223.02946,1789626224.282264,182.892,1252.499,32.08,182.851,102,103,94.427,1,,,8.73,761ab846
m6-sweep,4a8e182b59ed,36,0,ran,qwen2.5:3b,long,1,0,c047.1,1789626224.782515,1789626226.068056,198.878,1285.41,39.086,198.841,104,105,94.797,1,,,8.73,8cd98aa3
m6-sweep,eac104af38d8,37,0,ran,qwen2.5:3b,long,1,0,c047.1,1789626226.568289,1789626227.969679,301.585,1401.276,24.075,301.548,105,106,94.572,1,,,8.73,be609d54
m6-sweep,eb381bd1c852,38,0,ran,qwen2.5:3b,long,1,0,c047.1,1789626228.469886,1789626229.971112,170.41,1501.096,23.494,170.372,128,128,95.439,1,,,8.51,f5a5572e
m6-sweep,3609102342e1,39,0,ran,qwen2.5:3b,long,1,0,c047.1,1789626230.471352,1789626231.783656,175.184,1312.195,26.141,175.147,109,110,94.986,1,,,8.51,80f2ea3f
m6-sweep,a265de9e73d6,40,0,ran,qwen2.5:3b,long,1,0,c047.1,1789626232.283889,1789626233.279161,173.433,995.164,25.811,173.397,79,80,94.922,1,,,8.51,c4e55f7d
m6-sweep,0caaab61f76c,41,0,ran,qwen2.5:3b,long,1,0,c047.1,1789626233.779372,1789626235.067919,186.857,1288.335,30.769,186.819,105,106,94.419,1,,,9.35,62f2a364
m6-sweep,a16f18b65ec4,42,0,ran,qwen2.5:3b,long,1,0,c047.1,1789626235.56815,1789626236.740882,189.026,1172.586,30.071,188.988,94,95,94.554,1,,,9.35,d0989674
m6-sweep,6488f84f6fe2,43,0,ran,qwen2.5:3b,long,1,0,c047.1,1789626237.241077,1789626238.701301,177.372,1460.116,21.031,177.334,123,124,95.109,1,,,9.35,08a10db1
m6-sweep,c293126771f0,44,0,ran,qwen2.5:3b,long,1,0,c047.1,1789626239.201489,1789626240.495796,177.914,1294.199,24.216,177.877,107,108,94.958,1,,,9.08,a5a8cf20
m6-sweep,f106497390aa,45,0,ran,qwen2.5:3b,long,1,0,c047.1,1789626240.996002,1789626242.59814,318.187,1602.016,28.461,318.125,123,124,95.028,1,,,9.08,e58cb9a8
m6-sweep,f335559a13a0,46,0,ran,qwen2.5:3b,long,1,0,c047.1,1789626243.098406,1789626244.425148,179.088,1326.583,31.018,178.966,108,109,93.247,1,,,8.67,aa42989d
m6-sweep,7a3977d55b91,47,0,ran,qwen2.5:3b,long,1,0,c047.1,1789626244.925432,1789626246.294223,175.592,1368.626,21.006,175.545,114,115,94.716,1,,,8.67,6d4bf862
m6-sweep,8c24029e29b7,48,0,ran,qwen2.5:3b,long,1,0,c047.1,1789626246.794477,1789626248.002388,191.818,1207.798,38.326,191.777,97,98,94.49,1,,,8.67,6d934e97
m6-sweep,1a5fd98adddd,49,0,ran,qwen2.5:3b,long,1,0,c047.1,1789626248.502636,1789626249.809884,194.775,1307.139,35.318,194.719,105,106,93.495,1,,,8.22,d1876326
m6-sweep,93a82303118b,50,0,ran,qwen2.5:3b,long,1,0,c047.1,1789626250.310586,1789626251.733247,195.357,1422.513,39.023,195.273,116,117,93.713,1,,,8.22,ec27ea1c
m6-sweep,8b7a11bbc8a2,51,0,ran,qwen2.5:3b,long,1,0,c047.1,1789626252.233459,1789626253.650406,306.502,1416.836,26.202,306.464,105,106,93.665,1,,,8.22,4a4e05c1
m6-sweep,7f602e2ed843,52,0,ran,qwen2.5:3b,long,1,0,c047.1,1789626254.150747,1789626255.52363,194.957,1372.662,36.984,194.913,112,113,94.251,1,,,7.64,5da01202
m6-sweep,399a503e1774,0,1,ran,qwen2.5:0.5b,long,5,100,c048.1,1789626258.04698,1789626261.911809,3142.277,3864.711,238.802,3142.223,128,128,175.795,1,,,7.35,c942e550
m6-sweep,1daf3c908a7e,1,1,ran,qwen2.5:0.5b,long,5,100,c048.1,1789626262.412049,1789626263.648121,525.577,1235.937,235.935,525.527,128,128,178.782,1,,,7.35,9bce9f47
m6-sweep,91514bbad95f,2,1,ran,qwen2.5:0.5b,long,5,100,c048.1,1789626264.148391,1789626265.326299,500.935,1177.813,223.619,500.886,128,128,187.626,1,,,7.16,3a72069e
m6-sweep,ae6b90c20de4,3,0,ran,qwen2.5:0.5b,long,5,100,c048.1,1789626265.826507,1789626266.83476,504.729,1008.157,225.754,504.694,128,128,252.27,1,,,7.16,980dc1ed
m6-sweep,0b03c2a50669,4,0,ran,qwen2.5:0.5b,long,5,100,c048.1,1789626267.334975,1789626268.556874,509.442,1221.792,227.187,509.406,128,128,178.283,1,,,7.16,affa00bd
m6-sweep,e5b8cfe643ce,5,0,ran,qwen2.5:0.5b,long,5,100,c048.1,1789626269.05708,1789626270.044332,502.046,987.153,225.792,502.006,128,128,261.798,1,,,6.75,51597d42
m6-sweep,c5d17ba5543d,6,0,ran,qwen2.5:0.5b,long,5,100,c048.1,1789626270.544596,1789626271.53989,507.239,995.195,219.489,507.188,128,128,260.269,1,,,6.75,2a327d55
m6-sweep,3b97c7746937,7,0,ran,qwen2.5:0.5b,long,5,100,c048.1,1789626272.040142,1789626273.010529,508.479,970.288,230.925,508.331,128,128,275.005,1,,,6.75,bb4f5cd6
m6-sweep,5e25bac9e134,8,0,ran,qwen2.5:0.5b,long,5,100,c048.1,1789626273.510783,1789626276.014221,1800.751,2503.171,1226.476,1800.714,128,128,180.804,1,,,6.53,6ba0db84
m6-sweep,260fd7864e29,9,0,ran,qwen2.5:0.5b,long,5,100,c048.1,1789626276.514456,1789626277.735209,509.652,1220.648,223.332,509.616,128,128,178.622,1,,,6.53,f6eaeee1
m6-sweep,d95b347dfea3,10,0,ran,qwen2.5:0.5b,long,5,100,c048.1,1789626278.235447,1789626279.241474,504.103,1005.933,223.665,504.05,128,128,253.074,1,,,7.45,a335a8ec
m6-sweep,176ff0ee62ae,11,0,ran,qwen2.5:0.5b,long,5,100,c048.1,1789626279.741695,1789626280.962916,515.311,1221.105,224.903,515.276,128,128,179.939,1,,,7.45,77c153c7
m6-sweep,09b5ca2ec110,12,0,ran,qwen2.5:0.5b,long,5,100,c048.1,1789626281.463175,1789626282.477901,513.494,1014.63,231.095,513.418,128,128,253.424,1,,,7.45,cc7cdfff
m6-sweep,21be51aa85cb,13,0,ran,qwen2.5:0.5b,long,5,100,c048.1,1789626282.978157,1789626283.959864,502.583,981.598,218.861,502.528,128,128,265.127,1,,,7.45,9d288c45
m6-sweep,0ddf42662139,14,0,ran,qwen2.5:0.5b,long,5,100,c048.1,1789626284.460092,1789626285.690485,520.416,1230.292,230.48,520.374,128,128,178.904,1,,,7.33,4c9c1f4e
m6-sweep,710230421a8a,15,0,ran,qwen2.5:0.5b,long,5,100,c048.1,1789626286.190737,1789626287.394794,505.388,1203.953,228.489,505.336,128,128,181.801,1,,,7.33,2b46f439
m6-sweep,f1e037dfb22a,16,0,ran,qwen2.5:0.5b,long,5,100,c048.1,1789626287.895128,1789626288.868767,505.008,973.528,227.704,504.934,128,128,271.066,1,,,7.33,4f69091f
m6-sweep,dc769da85e1b,17,0,ran,qwen2.5:0.5b,long,5,100,c048.1,1789626289.368975,1789626291.659266,1533.075,2290.18,1242.643,1533.032,128,128,167.744,1,,,6.82,8a5e6b7a
m6-sweep,fcc53a6617d2,18,0,ran,qwen2.5:0.5b,long,5,100,c048.1,1789626292.15948,1789626293.383286,512.628,1223.7,234.368,512.593,128,128,178.604,1,,,6.82,98adaa08
m6-sweep,ec2af5e92f6d,19,0,ran,qwen2.5:0.5b,long,5,100,c048.1,1789626293.883516,1789626295.104056,510.712,1220.438,224.88,510.658,128,128,178.943,1,,,6.44,2c6b4e17
m6-sweep,e11c4d6c49fa,20,0,ran,qwen2.5:0.5b,long,5,100,c048.1,1789626295.604275,1789626296.824822,505.02,1220.452,223.937,504.943,128,128,177.515,1,,,6.44,7b568376
m6-sweep,836102837748,21,0,ran,qwen2.5:0.5b,long,5,100,c048.1,1789626297.325079,1789626299.385741,1548.343,2060.569,1266.777,1548.309,128,128,247.937,1,,,6.40,5f8255cc
m6-sweep,22ab964c7043,22,0,ran,qwen2.5:0.5b,long,5,100,c048.1,1789626299.885966,1789626301.100625,509.752,1214.548,224.289,509.718,128,128,180.194,1,,,6.40,c6bd4531
m6-sweep,25e986bf2d55,23,0,ran,qwen2.5:0.5b,long,5,100,c048.1,1789626301.60085,1789626302.812342,499.089,1211.381,221.626,499.053,128,128,178.298,1,,,6.40,fe683eb2
m6-sweep,aaea4a307e99,24,0,ran,qwen2.5:0.5b,long,5,100,c048.1,1789626303.312553,1789626305.225141,1438.859,1912.377,223.387,1438.824,128,128,268.205,1,,,6.13,8080e791
m6-sweep,312135bb3409,25,0,ran,qwen2.5:0.5b,long,5,100,c048.1,1789626305.725374,1789626308.319753,1233.917,2594.273,222.927,1233.881,128,128,93.358,1,,,6.13,8fa6f5df
m6-sweep,909941d36b2e,26,0,ran,qwen2.5:0.5b,long,5,100,c048.1,1789626308.819989,1789626309.817546,505.798,997.457,223.789,505.762,128,128,258.309,1,,,6.04,faaa9e18
m6-sweep,14abafafc0ba,27,0,ran,qwen2.5:0.5b,long,5,100,c048.1,1789626310.317786,1789626311.303858,507.027,985.98,229.146,506.993,128,128,265.162,1,,,6.04,44b85e02
m6-sweep,d74bb8b0e41a,28,0,ran,qwen2.5:0.5b,long,5,100,c048.1,1789626311.804081,1789626314.030127,1526.215,2225.937,1242.49,1526.176,128,128,181.5,1,,,6.04,2a54cd2e
m6-sweep,422b01091a1b,29,0,ran,qwen2.5:0.5b,long,5,100,c048.1,1789626314.530432,1789626315.506239,514.47,975.658,231.853,514.418,128,128,275.376,1,,,5.95,83148120
m6-sweep,06459487062f,30,0,ran,qwen2.5:0.5b,long,5,100,c048.1,1789626316.007375,1789626317.02663,506.491,1019.163,229.116,506.456,128,128,247.722,1,,,5.95,db0fc185
m6-sweep,4ee22712f6ef,31,0,ran,qwen2.5:0.5b,long,5,100,c048.1,1789626317.526847,1789626318.482471,503.381,955.513,224.598,503.309,128,128,280.891,1,,,5.95,ce936aa9
m6-sweep,66150e039fac,32,0,ran,qwen2.5:0.5b,long,5,100,c048.1,1789626318.982684,1789626320.159595,498.012,1176.81,219.532,497.977,128,128,187.095,1,,,5.64,261c2955
m6-sweep,f8a973651e11,33,0,ran,qwen2.5:0.5b,long,5,100,c048.1,1789626320.659821,1789626321.866919,507.487,1206.997,227.458,507.434,128,128,181.556,1,,,5.64,cbb6f362
m6-sweep,662b6cff3422,34,0,ran,qwen2.5:0.5b,long,5,100,c048.1,1789626322.367156,1789626323.363264,512.196,996.014,226.096,512.16,128,128,262.495,1,,,5.64,36ef39fd
m6-sweep,e0f13b7e09c6,35,0,ran,qwen2.5:0.5b,long,5,100,c048.1,1789626323.863479,1789626325.131626,514.0,1268.056,238.464,513.943,128,128,168.423,1,,,5.43,5d65dcd7
m6-sweep,98efd5eefb2a,36,0,ran,qwen2.5:0.5b,long,5,100,c048.1,1789626325.631841,1789626326.620529,509.519,988.6,231.667,509.466,128,128,265.091,1,,,5.43,0aa561f8
m6-sweep,283a583ecba8,37,0,ran,qwen2.5:0.5b,long,5,100,c048.1,1789626327.120747,1789626328.105783,507.599,984.923,225.425,507.556,128,128,266.067,1,,,5.43,f5a2f0f6
m6-sweep,aa32b1182513,38,0,ran,qwen2.5:0.5b,long,5,100,c048.1,1789626328.606025,1789626330.500099,754.872,1893.89,238.873,754.835,128,128,111.5,1,,,5.39,d2847e13
m6-sweep,4fdd8aa757f5,39,0,ran,qwen2.5:0.5b,long,5,100,c048.1,1789626331.000345,1789626332.216717,500.585,1216.244,219.837,500.549,128,128,177.459,1,,,5.39,688562d0
m6-sweep,0ecb1694d0bf,40,0,ran,qwen2.5:0.5b,long,5,100,c048.1,1789626332.716993,1789626333.700125,502.502,983.024,223.121,502.45,128,128,264.296,1,,,5.39,a3dba0f9
m6-sweep,069f9f3820c7,41,0,ran,qwen2.5:0.5b,long,5,100,c048.1,1789626334.200393,1789626336.447834,1530.893,2247.334,1250.504,1530.856,128,128,177.265,1,,,5.12,5a2c2cd9
m6-sweep,b4935483a45e,42,0,ran,qwen2.5:0.5b,long,5,100,c048.1,1789626336.948107,1789626337.936809,510.394,988.608,223.069,510.341,128,128,265.572,1,,,5.12,f9892729
m6-sweep,3228b8919b8e,43,0,ran,qwen2.5:0.5b,long,5,100,c048.1,1789626338.437033,1789626339.665412,754.913,1228.286,237.577,754.876,128,128,268.288,1,,,5.19,3c8e1346
m6-sweep,1eb1958a8fab,44,0,ran,qwen2.5:0.5b,long,5,100,c048.1,1789626340.165632,1789626341.363844,500.87,1198.121,225.422,500.785,128,128,182.144,1,,,5.19,e5a4e09a
m6-sweep,5d8054a0eb79,45,0,ran,qwen2.5:0.5b,long,5,100,c048.1,1789626341.864028,1789626342.840744,509.844,976.621,223.251,509.724,128,128,272.079,1,,,5.19,fbc90648
m6-sweep,59507de19701,46,0,ran,qwen2.5:0.5b,long,5,100,c048.1,1789626343.340954,1789626344.327725,499.183,986.675,222.766,499.128,128,128,260.517,1,,,5.26,c8e014d8
m6-sweep,02f5876ffb5c,47,0,ran,qwen2.5:0.5b,long,5,100,c048.1,1789626344.827974,1789626345.79869,519.232,970.614,238.136,519.196,128,128,281.358,1,,,5.26,6ecd5f32
m6-sweep,43e25074b88e,48,0,ran,qwen2.5:0.5b,long,5,100,c048.1,1789626346.298913,1789626347.512171,515.731,1213.156,228.641,515.696,128,128,182.098,1,,,5.26,9981dfce
m6-sweep,30de60a12ecd,49,0,ran,qwen2.5:0.5b,long,5,100,c048.1,1789626348.012409,1789626349.210678,503.877,1198.17,222.435,503.841,128,128,182.92,1,,,5.32,46cfa7b5
m6-sweep,956c37a83ea6,50,0,ran,qwen2.5:0.5b,long,5,100,c048.1,1789626349.710909,1789626351.219953,799.41,1508.95,234.688,799.362,128,128,178.989,1,,,5.32,c0f4d718
m6-sweep,9d9585e3830d,51,0,ran,qwen2.5:0.5b,long,5,100,c048.1,1789626351.720181,1789626353.724623,1515.473,2004.334,1235.318,1515.438,128,128,259.787,1,,,5.32,0c77cc77
m6-sweep,aa4923d6d4d1,52,0,ran,qwen2.5:0.5b,long,5,100,c048.1,1789626354.224845,1789626355.440332,741.255,1215.38,220.01,741.209,128,128,267.862,1,,,5.05,6dfdf093
m6-sweep,5eb8bafe807b,0,1,ran,qwen2.5:0.5b,short,0,50,c049.1,1789626357.960382,1789626358.363192,277.135,402.631,122.262,277.092,24,25,183.273,1,,,5.05,88805273
m6-sweep,63837194c7e4,1,1,ran,qwen2.5:0.5b,short,0,50,c049.1,1789626358.863539,1789626359.267587,269.698,403.93,121.772,269.557,24,25,171.346,1,,,5.37,cfb11099
m6-sweep,179a50c118b5,2,1,ran,qwen2.5:0.5b,short,0,50,c049.1,1789626359.767921,1789626360.179041,277.127,411.031,127.773,277.066,31,32,224.04,1,,,5.37,89604649
m6-sweep,f59cf29093e9,3,0,ran,qwen2.5:0.5b,short,0,50,c049.1,1789626360.679246,1789626361.084533,265.667,405.184,119.751,265.618,24,25,164.855,1,,,5.37,2c044e2c
m6-sweep,69739565e641,4,0,ran,qwen2.5:0.5b,short,0,50,c049.1,1789626361.584771,1789626361.993896,269.962,408.952,125.097,269.894,28,29,194.259,1,,,5.37,0650965b
m6-sweep,f1c696ac38fd,5,0,ran,qwen2.5:0.5b,short,0,50,c049.1,1789626362.494238,1789626362.903623,274.615,409.252,128.54,274.581,24,25,170.83,1,,,5.37,8f3988d1
m6-sweep,a060333f7c8d,6,0,ran,qwen2.5:0.5b,short,0,50,c049.1,1789626363.403958,1789626363.816139,272.309,412.056,127.032,272.183,24,25,164.584,1,,,5.37,6af4f5d4
m6-sweep,7e52311a1df3,7,0,ran,qwen2.5:0.5b,short,0,50,c049.1,1789626364.316392,1789626364.72757,278.762,411.089,127.034,278.721,24,25,173.812,1,,,5.02,99fdbfe3
m6-sweep,abd558969e7e,8,0,ran,qwen2.5:0.5b,short,0,50,c049.1,1789626365.227802,1789626365.637429,273.978,409.543,130.183,273.942,23,24,162.283,1,,,5.02,a18111bc
m6-sweep,86f3ce6dc95b,9,0,ran,qwen2.5:0.5b,short,0,50,c049.1,1789626366.137638,1789626366.558884,285.445,421.046,138.329,285.392,22,23,154.866,1,,,5.02,90f61be5
m6-sweep,04c082bd2e13,10,0,ran,qwen2.5:0.5b,short,0,50,c049.1,1789626367.059249,1789626367.466158,275.371,406.793,127.251,275.334,24,25,175.008,1,,,5.02,fc1d55c2
m6-sweep,9771b40178d8,11,0,ran,qwen2.5:0.5b,short,0,50,c049.1,1789626367.96645,1789626368.368166,270.598,401.627,119.279,270.543,24,25,175.535,1,,,5.02,47f3c2b7
m6-sweep,0306c102a360,12,0,ran,qwen2.5:0.5b,short,0,50,c049.1,1789626368.868404,1789626369.276441,273.63,407.94,126.033,273.551,31,32,223.364,1,,,5.42,599c8bfb
m6-sweep,dea31c4bbe27,13,0,ran,qwen2.5:0.5b,short,0,50,c049.1,1789626369.776627,1789626370.196409,285.294,419.659,138.882,285.259,24,25,171.175,1,,,5.42,7e569f70
m6-sweep,35c8a21a163c,14,0,ran,qwen2.5:0.5b,short,0,50,c049.1,1789626370.696667,1789626371.112971,284.358,416.193,137.037,284.316,24,25,174.46,1,,,5.42,791d72f0
m6-sweep,7546c940fb58,15,0,ran,qwen2.5:0.5b,short,0,50,c049.1,1789626371.613228,1789626372.015803,263.093,402.375,118.549,263.049,24,25,165.133,1,,,5.42,cb9e4903
m6-sweep,a4db5246bf34,16,0,ran,qwen2.5:0.5b,short,0,50,c049.1,1789626372.51616,1789626372.924749,270.091,408.499,126.297,270.034,24,25,166.175,1,,,5.42,d0d040d1
m6-sweep,82f17152ca3f,17,0,ran,qwen2.5:0.5b,short,0,50,c049.1,1789626373.424967,1789626373.843581,280.617,418.509,137.411,280.569,31,32,217.562,1,,,5.42,accc75a8
m6-sweep,d3c59c7488e4,18,0,ran,qwen2.5:0.5b,short,0,50,c049.1,1789626374.343789,1789626374.762718,284.577,418.817,137.471,284.54,31,32,223.481,1,,,5.30,44c854a3
m6-sweep,793c3319f911,19,0,ran,qwen2.5:0.5b,short,0,50,c049.1,1789626375.262994,1789626375.685157,285.549,422.022,138.325,285.505,24,25,168.531,1,,,5.30,dd73c612
m6-sweep,e6d933e45aac,20,0,ran,qwen2.5:0.5b,short,0,50,c049.1,1789626376.185414,1789626376.596084,277.072,410.569,125.639,277.037,24,25,172.289,1,,,5.30,1c81d732
m6-sweep,d60d098fd38f,21,0,ran,qwen2.5:0.5b,short,0,50,c049.1,1789626377.096337,1789626377.512005,276.489,415.442,128.262,276.438,24,25,165.524,1,,,5.30,532de413
m6-sweep,07b2f742907f,22,0,ran,qwen2.5:0.5b,short,0,50,c049.1,1789626378.012366,1789626378.430825,282.129,418.366,133.648,282.073,23,24,161.484,1,,,5.30,c82be79d
m6-sweep,1d5e7582a8b1,23,0,ran,qwen2.5:0.5b,short,0,50,c049.1,1789626378.931023,1789626379.338258,267.557,407.098,125.084,267.514,23,24,157.659,1,,,4.96,ae33dc55
m6-sweep,6b2d763a841a,24,0,ran,qwen2.5:0.5b,short,0,50,c049.1,1789626379.838922,1789626380.245827,268.345,406.803,122.465,268.294,25,26,173.338,1,,,4.96,e503d11d
m6-sweep,e382f216f110,25,0,ran,qwen2.5:0.5b,short,0,50,c049.1,1789626380.746089,1789626381.148558,271.994,402.362,122.437,271.877,24,25,176.424,1,,,4.96,c29ea103
m6-sweep,77e5d7578f2e,26,0,ran,qwen2.5:0.5b,short,0,50,c049.1,1789626381.648804,1789626382.056993,270.332,408.087,123.848,270.264,23,24,159.704,1,,,4.96,c732921b
m6-sweep,c46a688fa0e4,27,0,ran,qwen2.5:0.5b,short,0,50,c049.1,1789626382.5572,1789626382.95864,269.292,401.318,120.661,269.242,24,25,174.208,1,,,4.96,1559957f
m6-sweep,c8cf541bb3fa,28,0,ran,qwen2.5:0.5b,short,0,50,c049.1,1789626383.459016,1789626383.87956,294.36,420.423,138.895,294.307,24,25,182.449,1,,,4.96,7d731604
m6-sweep,09782a63a40b,29,0,ran,qwen2.5:0.5b,short,0,50,c049.1,1789626384.37988,1789626384.801035,285.444,420.975,136.907,285.4,24,25,169.703,1,,,4.96,6c517b3b
m6-sweep,e7af7f172cd4,30,0,ran,qwen2.5:0.5b,short,0,50,c049.1,1789626385.301385,1789626385.760569,276.077,459.083,127.989,276.042,46,47,245.894,1,,,4.96,5959e128
m6-sweep,4eae778eaf4e,31,0,ran,qwen2.5:0.5b,short,0,50,c049.1,1789626386.260827,1789626386.675162,280.077,414.099,130.878,280.041,24,25,171.613,1,,,4.96,87a3154a
m6-sweep,caf61479e775,32,0,ran,qwen2.5:0.5b,short,0,50,c049.1,1789626387.175517,1789626387.589155,277.744,413.534,128.237,277.7,24,25,169.379,1,,,4.96,3beaecfd
m6-sweep,c24d0979af2f,33,0,ran,qwen2.5:0.5b,short,0,50,c049.1,1789626388.089386,1789626388.504786,272.548,415.276,129.208,272.479,24,25,161.145,1,,,4.96,03ef51f4
m6-sweep,d73987ab3a99,34,0,ran,qwen2.5:0.5b,short,0,50,c049.1,1789626389.005073,1789626389.414807,278.178,409.648,128.16,278.137,24,25,174.946,1,,,4.96,9ce370f4
m6-sweep,ad8f70146050,35,0,ran,qwen2.5:0.5b,short,0,50,c049.1,1789626389.91504,1789626390.326922,276.566,411.786,126.898,276.525,24,25,170.094,1,,,4.96,a3514598
m6-sweep,0520ef0af2f2,36,0,ran,qwen2.5:0.5b,short,0,50,c049.1,1789626390.827204,1789626391.258331,270.538,430.971,126.94,270.499,43,44,261.792,1,,,4.96,a8becdac
m6-sweep,3ea5fd42aa52,37,0,ran,qwen2.5:0.5b,short,0,50,c049.1,1789626391.758622,1789626392.160412,264.35,401.617,119.015,264.316,24,25,167.557,1,,,4.96,00495334
m6-sweep,0b12c1527ada,38,0,ran,qwen2.5:0.5b,short,0,50,c049.1,1789626392.660768,1789626393.072125,272.788,411.259,126.37,272.752,26,27,180.542,1,,,4.96,e5cc21c8
m6-sweep,db5d805c4b5a,39,0,ran,qwen2.5:0.5b,short,0,50,c049.1,1789626393.572376,1789626393.979681,267.948,407.211,125.166,267.894,23,24,157.974,1,,,4.96,b52c4465
m6-sweep,4eb749d34624,40,0,ran,qwen2.5:0.5b,short,0,50,c049.1,1789626394.47992,1789626394.882399,270.464,402.367,118.393,270.423,26,27,189.534,1,,,4.97,836d0d55
m6-sweep,532d2e827a47,41,0,ran,qwen2.5:0.5b,short,0,50,c049.1,1789626395.382624,1789626395.788418,274.258,405.693,121.743,274.216,24,25,174.993,1,,,4.97,d746a492
m6-sweep,0bd5926d5994,42,0,ran,qwen2.5:0.5b,short,0,50,c049.1,1789626396.288657,1789626396.69581,269.765,407.064,127.196,269.723,27,28,189.368,1,,,4.97,d014868c
m6-sweep,7e070559bc6f,43,0,ran,qwen2.5:0.5b,short,0,50,c049.1,1789626397.196055,1789626397.60162,265.026,405.462,120.067,264.986,24,25,163.776,1,,,4.97,7aa7b832
m6-sweep,78ec75436dc9,44,0,ran,qwen2.5:0.5b,short,0,50,c049.1,1789626398.101897,1789626398.507759,269.17,405.757,121.991,269.104,24,25,168.391,1,,,4.97,2c9245cc
m6-sweep,f71163fc6f14,45,0,ran,qwen2.5:0.5b,short,0,50,c049.1,1789626399.008008,1789626399.416145,272.925,407.998,125.153,272.89,24,25,170.279,1,,,4.81,01db5f60
m6-sweep,d6741012c5ef,46,0,ran,qwen2.5:0.5b,short,0,50,c049.1,1789626399.916481,1789626400.325668,270.156,409.059,126.276,270.121,24,25,165.583,1,,,4.81,aa4064b5
m6-sweep,e2f8d8e5c7a3,47,0,ran,qwen2.5:0.5b,short,0,50,c049.1,1789626400.82594,1789626401.231252,270.78,405.148,123.546,270.744,24,25,171.171,1,,,4.81,c5f8a1e3
m6-sweep,874eb33295b2,48,0,ran,qwen2.5:0.5b,short,0,50,c049.1,1789626401.731507,1789626402.131334,272.494,399.723,120.913,272.445,23,24,172.918,1,,,4.81,b621b440
m6-sweep,86e6df9bdc60,49,0,ran,qwen2.5:0.5b,short,0,50,c049.1,1789626402.631545,1789626403.053318,283.858,421.639,137.746,283.789,24,25,166.932,1,,,4.81,fe6de6ab
m6-sweep,2518bf25af41,50,0,ran,qwen2.5:0.5b,short,0,50,c049.1,1789626403.553597,1789626403.963889,274.707,410.203,125.256,274.639,24,25,169.746,1,,,4.81,51aaaed8
m6-sweep,d081c484d94f,51,0,ran,qwen2.5:0.5b,short,0,50,c049.1,1789626404.464098,1789626404.871366,276.178,407.18,124.591,276.143,31,32,229.004,1,,,5.55,92bb02e1
m6-sweep,75fe2a537d5b,52,0,ran,qwen2.5:0.5b,short,0,50,c049.1,1789626405.3716,1789626405.791138,284.316,419.388,137.3,284.281,24,25,170.281,1,,,5.55,a1b1f332
m6-sweep,2d633a06ee87,0,1,ran,qwen2.5:1.5b,long,0,100,c050.1,1789626408.322315,1789626413.344846,4143.476,5022.417,230.465,4143.408,128,128,144.492,1,,,5.18,726d9a72
m6-sweep,d32738fababa,1,1,ran,qwen2.5:1.5b,long,0,100,c050.1,1789626413.845122,1789626415.939442,1285.278,2094.198,222.664,1285.23,128,128,157.0,1,,,4.93,01552bbf
m6-sweep,be2fbb37d8e7,2,1,ran,qwen2.5:1.5b,long,0,100,c050.1,1789626416.439653,1789626417.794158,537.481,1354.398,219.766,537.444,128,128,155.463,1,,,4.93,08314f5b
m6-sweep,2e03cc8a2509,3,0,ran,qwen2.5:1.5b,long,0,100,c050.1,1789626418.294441,1789626419.666107,555.467,1371.542,237.508,555.398,128,128,155.623,1,,,4.77,87462df3
m6-sweep,e78ea968fef0,4,0,ran,qwen2.5:1.5b,long,0,100,c050.1,1789626420.166575,1789626421.518829,539.055,1352.138,221.194,539.012,128,128,156.196,1,,,4.77,0642bf89
m6-sweep,5bcb317fd66a,5,0,ran,qwen2.5:1.5b,long,0,100,c050.1,1789626422.019041,1789626423.393634,562.312,1374.482,239.499,562.275,128,128,156.371,1,,,4.77,3f1a1601
m6-sweep,895f01f7a7a5,6,0,ran,qwen2.5:1.5b,long,0,100,c050.1,1789626423.893841,1789626425.24698,551.378,1353.037,232.415,551.307,128,128,158.421,1,,,4.79,bc88a38c
m6-sweep,accd0aefff33,7,0,ran,qwen2.5:1.5b,long,0,100,c050.1,1789626425.74719,1789626427.100722,549.963,1353.431,229.3,549.906,128,128,158.065,1,,,4.79,39de660b
m6-sweep,bb40d123baa8,8,0,ran,qwen2.5:1.5b,long,0,100,c050.1,1789626427.600916,1789626428.964158,549.392,1363.137,229.892,549.348,128,128,156.069,1,,,4.79,571c9226
m6-sweep,4a9a3b40eae6,9,0,ran,qwen2.5:1.5b,long,0,100,c050.1,1789626429.464398,1789626430.813758,541.863,1349.234,223.655,541.824,128,128,157.301,1,,,4.49,75cdca5e
m6-sweep,70c224bf0383,10,0,ran,qwen2.5:1.5b,long,0,100,c050.1,1789626431.314024,1789626433.435946,1304.318,2121.81,229.142,1304.26,128,128,155.353,1,,,4.49,1bc409e8
m6-sweep,b7ef80501696,11,0,ran,qwen2.5:1.5b,long,0,100,c050.1,1789626433.936193,1789626435.288107,547.108,1351.816,229.251,547.056,128,128,157.821,1,,,4.21,ec048025
m6-sweep,83cfaac6f8e2,12,0,ran,qwen2.5:1.5b,long,0,100,c050.1,1789626435.788335,1789626437.136301,541.05,1347.872,223.352,541.011,128,128,157.408,1,,,4.21,a31d6ce5
m6-sweep,13a2ac79c77f,13,0,ran,qwen2.5:1.5b,long,0,100,c050.1,1789626437.636526,1789626439.000955,556.301,1364.332,239.839,556.246,128,128,157.172,1,,,4.21,f8ce6abd
m6-sweep,d035c9d0b3b5,14,0,ran,qwen2.5:1.5b,long,0,100,c050.1,1789626439.501223,1789626440.864902,556.018,1363.565,238.155,555.983,128,128,157.267,1,,,4.19,54afcd8e
m6-sweep,6258a6e4e3ea,15,0,ran,qwen2.5:1.5b,long,0,100,c050.1,1789626441.365099,1789626442.720109,538.443,1354.916,221.528,538.406,128,128,155.547,1,,,4.19,ee5f47b9
m6-sweep,4b2bb6cedeaf,16,0,ran,qwen2.5:1.5b,long,0,100,c050.1,1789626443.220353,1789626444.58412,550.546,1363.674,228.64,550.498,128,128,156.187,1,,,5.22,5564512c
m6-sweep,e5ed85272c59,17,0,ran,qwen2.5:1.5b,long,0,100,c050.1,1789626445.084355,1789626446.449802,552.805,1365.35,233.592,552.767,128,128,156.299,1,,,5.22,fe4b7397
m6-sweep,b35dcf540954,18,0,ran,qwen2.5:1.5b,long,0,100,c050.1,1789626446.950229,1789626448.321987,555.816,1371.654,236.32,555.78,128,128,155.668,1,,,5.22,0a884300
m6-sweep,6b2bac6b7998,19,0,ran,qwen2.5:1.5b,long,0,100,c050.1,1789626448.822541,1789626450.182177,547.445,1359.524,228.719,547.408,128,128,156.389,1,,,4.96,c3571f53
m6-sweep,4d555b39164a,20,0,ran,qwen2.5:1.5b,long,0,100,c050.1,1789626450.682445,1789626452.036184,545.98,1353.621,227.466,545.933,128,128,157.248,1,,,4.96,49fbecbb
m6-sweep,1af5903ea3c9,21,0,ran,qwen2.5:1.5b,long,0,100,c050.1,1789626452.536418,1789626453.891032,546.137,1354.497,227.511,546.101,128,128,157.108,1,,,4.96,23e6fd20
m6-sweep,2368f9386495,22,0,ran,qwen2.5:1.5b,long,0,100,c050.1,1789626454.391253,1789626455.746497,546.359,1355.15,225.519,546.322,128,128,157.025,1,,,4.64,d66868a0
m6-sweep,609f78a01380,23,0,ran,qwen2.5:1.5b,long,0,100,c050.1,1789626456.246745,1789626457.611085,561.121,1364.239,239.445,561.08,128,128,158.134,1,,,4.64,7f999a77
m6-sweep,6cd9cbe9414e,24,0,ran,qwen2.5:1.5b,long,0,100,c050.1,1789626458.111273,1789626459.463549,545.376,1352.166,222.964,545.339,128,128,157.414,1,,,5.63,9d543157
m6-sweep,064ad101650f,25,0,ran,qwen2.5:1.5b,long,0,100,c050.1,1789626459.963787,1789626461.317759,544.472,1353.878,225.169,544.435,128,128,156.905,1,,,5.63,c3bed8f4
m6-sweep,5a376dde8454,26,0,ran,qwen2.5:1.5b,long,0,100,c050.1,1789626461.817959,1789626463.191872,559.365,1373.81,236.084,559.328,128,128,155.934,1,,,5.63,5fd96f6a
m6-sweep,cc3b1c495742,27,0,ran,qwen2.5:1.5b,long,0,100,c050.1,1789626463.692139,1789626465.049773,555.542,1357.52,233.503,555.384,128,128,158.358,1,,,5.82,66cab50d
m6-sweep,15f0b86144d8,28,0,ran,qwen2.5:1.5b,long,0,100,c050.1,1789626465.550013,1789626466.912753,551.98,1362.64,231.379,551.944,128,128,156.663,1,,,5.82,a41c52d9
m6-sweep,e494a4392023,29,0,ran,qwen2.5:1.5b,long,0,100,c050.1,1789626467.412995,1789626468.764725,542.39,1351.642,221.133,542.206,128,128,156.935,1,,,5.82,253ddc27
m6-sweep,be39975472be,30,0,ran,qwen2.5:1.5b,long,0,100,c050.1,1789626469.264914,1789626470.616196,543.75,1351.19,223.273,543.714,128,128,157.287,1,,,5.84,e9b82aa5
m6-sweep,15b5f566d83d,31,0,ran,qwen2.5:1.5b,long,0,100,c050.1,1789626471.116398,1789626472.473007,544.966,1356.518,222.513,544.929,128,128,156.49,1,,,5.84,8cc975d1
m6-sweep,710944cf7636,32,0,ran,qwen2.5:1.5b,long,0,100,c050.1,1789626472.973228,1789626474.327139,542.095,1353.817,222.179,542.05,128,128,156.457,1,,,6.81,705aaf63
m6-sweep,4581a102bb19,33,0,ran,qwen2.5:1.5b,long,0,100,c050.1,1789626474.827388,1789626476.207477,554.201,1379.984,228.693,554.164,128,128,153.793,1,,,6.81,733212c5
m6-sweep,2a38db405454,34,0,ran,qwen2.5:1.5b,long,0,100,c050.1,1789626476.707727,1789626478.081033,559.485,1373.2,234.658,559.451,128,128,156.074,1,,,6.81,18f3f990
m6-sweep,f7bff56fb135,35,0,ran,qwen2.5:1.5b,long,0,100,c050.1,1789626478.581679,1789626480.73793,1330.303,2156.155,232.687,1330.251,128,128,153.781,1,,,6.58,5bbd27b9
m6-sweep,b2328085c907,36,0,ran,qwen2.5:1.5b,long,0,100,c050.1,1789626481.238279,1789626482.60226,551.609,1363.853,237.073,551.573,128,128,156.357,1,,,6.58,93a66208
m6-sweep,2a40083f09ba,37,0,ran,qwen2.5:1.5b,long,0,100,c050.1,1789626483.102563,1789626484.451639,540.254,1348.959,224.126,540.209,128,128,157.041,1,,,6.54,a8ad6734
m6-sweep,222a7c6986ba,38,0,ran,qwen2.5:1.5b,long,0,100,c050.1,1789626484.951844,1789626486.311495,548.523,1359.552,225.558,548.477,128,128,156.591,1,,,6.54,b92c6ab1
m6-sweep,e74cfd50e4b1,39,0,ran,qwen2.5:1.5b,long,0,100,c050.1,1789626486.811739,1789626488.186597,561.187,1374.764,238.13,561.115,128,128,156.101,1,,,6.54,adadad9b
m6-sweep,3d41c0e78d06,40,0,ran,qwen2.5:1.5b,long,0,100,c050.1,1789626488.68683,1789626490.059096,561.114,1372.181,238.335,561.075,128,128,156.584,1,,,7.22,055b567a
m6-sweep,aad9c53b70ec,41,0,ran,qwen2.5:1.5b,long,0,100,c050.1,1789626490.559328,1789626491.925442,559.817,1365.977,237.712,559.78,128,128,157.537,1,,,7.22,da55ffd1
m6-sweep,7b9be5a5608a,42,0,ran,qwen2.5:1.5b,long,0,100,c050.1,1789626492.425682,1789626494.548105,1315.581,2122.322,234.043,1315.544,128,128,157.423,1,,,7.60,48ba2e20
m6-sweep,b02dc9faa709,43,0,ran,qwen2.5:1.5b,long,0,100,c050.1,1789626495.048368,1789626496.392205,539.56,1343.738,225.435,539.512,128,128,157.925,1,,,7.60,d8323ed8
m6-sweep,ae268e43b928,44,0,ran,qwen2.5:1.5b,long,0,100,c050.1,1789626496.892411,1789626498.245182,544.171,1352.678,232.386,544.118,128,128,157.08,1,,,7.60,f7483058
m6-sweep,460dc2b34d99,45,0,ran,qwen2.5:1.5b,long,0,100,c050.1,1789626498.745433,1789626500.100944,549.521,1355.41,232.794,549.486,128,128,157.59,1,,,7.55,404dc469
m6-sweep,0a4f7d2b90d5,46,0,ran,qwen2.5:1.5b,long,0,100,c050.1,1789626500.601151,1789626501.959892,549.327,1358.641,235.606,549.289,128,128,156.923,1,,,7.55,fc68f5e2
m6-sweep,2767ff6653e6,47,0,ran,qwen2.5:1.5b,long,0,100,c050.1,1789626502.460073,1789626503.826846,562.29,1366.663,237.442,562.244,128,128,157.887,1,,,7.55,c9a0551e
m6-sweep,4998c61b9331,48,0,ran,qwen2.5:1.5b,long,0,100,c050.1,1789626504.327083,1789626505.68496,550.96,1357.623,229.304,550.89,128,128,157.439,1,,,7.43,8ccfe6ed
m6-sweep,2ff3b7d18613,49,0,ran,qwen2.5:1.5b,long,0,100,c050.1,1789626506.185193,1789626507.550946,547.228,1365.654,221.571,547.181,128,128,155.176,1,,,7.43,97457fa3
m6-sweep,c5e7a17d5257,50,0,ran,qwen2.5:1.5b,long,0,100,c050.1,1789626508.05129,1789626509.419655,549.754,1368.258,226.791,549.707,128,128,155.161,1,,,8.43,110d782d
m6-sweep,5ddba83bc30d,51,0,ran,qwen2.5:1.5b,long,0,100,c050.1,1789626509.919923,1789626511.295829,555.451,1375.803,229.743,555.411,128,128,154.812,1,,,8.43,f5d53b81
m6-sweep,f6a6d179db42,52,0,ran,qwen2.5:1.5b,long,0,100,c050.1,1789626511.798245,1789626513.173045,561.707,1374.706,236.269,561.671,128,128,156.212,1,,,8.43,348de5e0
m6-sweep,aab9316f46ee,0,1,ran,qwen2.5:0.5b,long,10,0,c051.1,1789626515.710401,1789626518.978787,2741.497,3268.248,30.793,2741.383,128,128,241.101,1,,,7.84,22cd5d25
m6-sweep,d93a4731aa57,1,1,ran,qwen2.5:0.5b,long,10,0,c051.1,1789626519.479077,1789626520.040935,92.343,561.716,19.666,92.292,128,128,270.574,1,,,8.81,6addd5c1
m6-sweep,309c49075385,2,1,ran,qwen2.5:0.5b,long,10,0,c051.1,1789626520.541207,1789626521.199644,119.226,658.31,32.705,119.191,128,128,235.585,1,,,8.81,933a938e
m6-sweep,3e2af0b73ed0,3,0,ran,qwen2.5:0.5b,long,10,0,c051.1,1789626521.699862,1789626522.380121,105.309,680.129,32.972,105.255,128,128,220.939,1,,,8.81,d7591fd2
m6-sweep,8284f2d2e3c5,4,0,ran,qwen2.5:0.5b,long,10,0,c051.1,1789626522.880339,1789626523.462822,110.203,582.356,35.634,110.149,128,128,268.981,1,,,8.81,e55c5c9a
m6-sweep,01d34d24aad1,5,0,ran,qwen2.5:0.5b,long,10,0,c051.1,1789626523.963048,1789626524.51355,98.474,550.386,34.877,98.422,128,128,281.028,1,,,9.31,7f390930
m6-sweep,0eb1c62d82f4,6,0,ran,qwen2.5:0.5b,long,10,0,c051.1,1789626525.013762,1789626525.572763,81.394,558.874,17.145,81.35,128,128,265.98,1,,,9.31,6b58e70c
m6-sweep,b436fa4c412d,7,0,ran,qwen2.5:0.5b,long,10,0,c051.1,1789626526.072998,1789626526.646247,165.045,573.019,34.719,164.99,128,128,311.294,1,,,9.31,fd940fa5
m6-sweep,5bd5c1de631b,8,0,ran,qwen2.5:0.5b,long,10,0,c051.1,1789626527.146486,1789626528.785997,456.664,1639.389,32.564,456.627,128,128,107.379,1,,,9.31,2eca6d4c
m6-sweep,4459758a76a8,9,0,ran,qwen2.5:0.5b,long,10,0,c051.1,1789626529.286285,1789626529.915023,103.565,628.605,30.207,103.526,128,128,241.886,1,,,8.88,99684831
m6-sweep,f9a6734358ac,10,0,ran,qwen2.5:0.5b,long,10,0,c051.1,1789626530.415311,1789626531.481381,612.587,1065.94,26.214,612.516,128,128,280.135,1,,,8.88,9f9f63f7
m6-sweep,691339d3779b,11,0,ran,qwen2.5:0.5b,long,10,0,c051.1,1789626531.981628,1789626532.574991,98.308,593.243,32.505,98.272,128,128,256.599,1,,,8.88,92b59485
m6-sweep,da96ed3d9b0a,12,0,ran,qwen2.5:0.5b,long,10,0,c051.1,1789626533.075253,1789626534.388727,88.171,1313.357,18.553,88.108,128,128,103.658,1,,,8.49,023020b2
m6-sweep,2e01baf28929,13,0,ran,qwen2.5:0.5b,long,10,0,c051.1,1789626534.88898,1789626535.482245,76.094,593.136,11.189,76.037,128,128,245.628,1,,,8.49,0729004d
m6-sweep,dbba02c0440b,14,0,ran,qwen2.5:0.5b,long,10,0,c051.1,1789626535.982479,1789626536.556407,101.665,573.809,33.956,101.623,128,128,268.985,1,,,8.49,f984f749
m6-sweep,6f51134204da,15,0,ran,qwen2.5:0.5b,long,10,0,c051.1,1789626537.056603,1789626537.608804,95.854,552.11,32.296,95.803,128,128,278.352,1,,,8.49,2ba2ac70
m6-sweep,9f8669e1c2f3,16,0,ran,qwen2.5:0.5b,long,10,0,c051.1,1789626538.109272,1789626539.156348,514.235,1046.939,38.757,514.201,128,128,238.407,1,,,8.49,9a9a4bfc
m6-sweep,3f775c09fc4c,17,0,ran,qwen2.5:0.5b,long,10,0,c051.1,1789626539.656577,1789626540.245773,113.377,589.078,39.909,113.327,128,128,266.974,1,,,8.13,0c1c9ca6
m6-sweep,55398ea3f0b6,18,0,ran,qwen2.5:0.5b,long,10,0,c051.1,1789626540.746038,1789626541.551108,251.806,804.941,39.027,251.756,128,128,229.601,1,,,8.13,e1c3ffab
m6-sweep,b55d0c4b33ba,19,0,ran,qwen2.5:0.5b,long,10,0,c051.1,1789626542.051393,1789626542.797942,218.854,746.408,29.098,218.803,128,128,240.734,1,,,8.13,42b77631
m6-sweep,899590fb25dc,20,0,ran,qwen2.5:0.5b,long,10,0,c051.1,1789626543.298228,1789626544.135722,110.568,837.379,37.803,110.526,128,128,174.736,1,,,8.13,80a5b9ef
m6-sweep,c4be10b38606,21,0,ran,qwen2.5:0.5b,long,10,0,c051.1,1789626544.635948,1789626545.213943,109.324,577.859,36.278,109.157,128,128,271.057,1,,,7.80,5b898fdd
m6-sweep,3091b714f33c,22,0,ran,qwen2.5:0.5b,long,10,0,c051.1,1789626545.714409,1789626546.687136,208.02,972.6,16.82,207.986,128,128,166.104,1,,,7.80,98fce397
m6-sweep,74ab04dfb6ec,23,0,ran,qwen2.5:0.5b,long,10,0,c051.1,1789626547.187406,1789626549.525484,1276.185,2337.957,1060.035,1276.131,128,128,119.611,1,,,7.34,fa379cee
m6-sweep,82c5b4370023,24,0,ran,qwen2.5:0.5b,long,10,0,c051.1,1789626550.02572,1789626550.814583,98.205,788.752,32.739,98.168,128,128,183.912,1,,,7.34,8e26abe1
m6-sweep,b01bfbcdfee5,25,0,ran,qwen2.5:0.5b,long,10,0,c051.1,1789626551.314908,1789626552.924097,1125.768,1609.078,1058.952,1125.734,128,128,262.771,1,,,7.34,da5c8482
m6-sweep,895634b4c1f1,26,0,ran,qwen2.5:0.5b,long,10,0,c051.1,1789626553.424314,1789626554.050141,97.915,625.706,33.977,97.841,128,128,240.625,1,,,7.34,a290233a
m6-sweep,997ac3d396d4,27,0,ran,qwen2.5:0.5b,long,10,0,c051.1,1789626554.550398,1789626556.203744,1122.235,1653.221,1056.998,1122.182,128,128,239.178,1,,,7.23,8ae45e6c
m6-sweep,d283742e8a96,28,0,ran,qwen2.5:0.5b,long,10,0,c051.1,1789626556.703979,1789626557.288857,95.004,584.762,24.235,94.971,128,128,259.312,1,,,7.23,705efed0
m6-sweep,1784f1d2ad6e,29,0,ran,qwen2.5:0.5b,long,10,0,c051.1,1789626557.789104,1789626558.431507,98.507,642.273,35.334,98.455,128,128,233.556,1,,,7.23,f1fc9ca7
m6-sweep,6276e19db916,30,0,ran,qwen2.5:0.5b,long,10,0,c051.1,1789626558.931739,1789626560.528849,1102.257,1596.997,1031.046,1102.186,128,128,256.7,1,,,6.89,8273a7cb
m6-sweep,611f51fbeff6,31,0,ran,qwen2.5:0.5b,long,10,0,c051.1,1789626561.029069,1789626561.62239,106.517,593.218,32.233,106.482,128,128,260.941,1,,,6.89,01f8ab65
m6-sweep,47d53c781f4d,32,0,ran,qwen2.5:0.5b,long,10,0,c051.1,1789626562.122637,1789626562.680799,99.776,558.026,33.942,99.732,128,128,277.141,1,,,6.89,6ec34c5b
m6-sweep,a1b8edef90ff,33,0,ran,qwen2.5:0.5b,long,10,0,c051.1,1789626563.181047,1789626565.674604,1109.426,2493.451,1038.343,1109.359,128,128,91.761,1,,,6.74,6ff7eb02
m6-sweep,310b25e00ff5,34,0,ran,qwen2.5:0.5b,long,10,0,c051.1,1789626566.17484,1789626568.090883,1128.143,1915.924,1052.502,1128.074,128,128,161.212,1,,,6.74,a70f3a67
m6-sweep,f85e3fe4b5d6,35,0,ran,qwen2.5:0.5b,long,10,0,c051.1,1789626568.591114,1789626569.169457,97.213,578.22,31.684,97.171,128,128,264.03,1,,,6.74,94fcc145
m6-sweep,09ef9ed4df8c,36,0,ran,qwen2.5:0.5b,long,10,0,c051.1,1789626569.669653,1789626570.431729,256.556,761.955,33.827,256.513,128,128,251.287,1,,,6.52,6b751769
m6-sweep,4728308c94a5,37,0,ran,qwen2.5:0.5b,long,10,0,c051.1,1789626570.931951,1789626571.521649,82.906,589.575,19.675,82.824,128,128,250.657,1,,,6.52,db1862bd
m6-sweep,d3517246a7d1,38,0,ran,qwen2.5:0.5b,long,10,0,c051.1,1789626572.023118,1789626587.838844,1114.619,15815.612,1051.922,1114.581,128,128,8.639,1,,,6.03,9d63c4cd
m6-sweep,aa752f976800,39,0,ran,qwen2.5:0.5b,long,10,0,c051.1,1789626588.339106,1789626591.569189,1171.157,3229.971,1061.922,1171.106,128,128,61.686,1,,,5.86,47dde23a
m6-sweep,bcc1859797f2,40,0,ran,qwen2.5:0.5b,long,10,0,c051.1,1789626592.069422,1789626592.837278,96.86,767.733,30.818,96.805,128,128,189.306,1,,,5.86,4ffea72a
m6-sweep,659dad8da23c,41,0,ran,qwen2.5:0.5b,long,10,0,c051.1,1789626593.337524,1789626593.908112,96.939,570.458,32.525,96.78,128,128,268.204,1,,,5.86,bccd377b
m6-sweep,cf6a5e3a912e,42,0,ran,qwen2.5:0.5b,long,10,0,c051.1,1789626594.408339,1789626595.075726,100.752,667.262,37.518,100.717,128,128,224.18,1,,,5.80,e017723a
m6-sweep,71f2cef0a5e8,43,0,ran,qwen2.5:0.5b,long,10,0,c051.1,1789626595.575996,1789626596.193689,102.821,617.555,31.724,102.645,128,128,246.729,1,,,5.80,0ec0e6c8
m6-sweep,41e71bbcc884,44,0,ran,qwen2.5:0.5b,long,10,0,c051.1,1789626596.693921,1789626597.261799,101.031,567.75,31.452,100.997,128,128,272.113,1,,,5.80,c08b2d91
m6-sweep,3ece1cc902b2,45,0,ran,qwen2.5:0.5b,long,10,0,c051.1,1789626597.762052,1789626598.32289,101.267,560.711,36.812,101.224,128,128,276.421,1,,,5.80,ac07e6a0
m6-sweep,ca3c5b7a53bd,46,0,ran,qwen2.5:0.5b,long,10,0,c051.1,1789626598.823143,1789626599.420492,103.066,597.221,31.78,103.001,128,128,257.004,1,,,5.65,859d7793
m6-sweep,d3bbde00ff88,47,0,ran,qwen2.5:0.5b,long,10,0,c051.1,1789626599.920752,1789626600.670095,291.779,749.226,32.289,291.694,128,128,277.628,1,,,5.65,ac0ce2d6
m6-sweep,a2c100afbee6,48,0,ran,qwen2.5:0.5b,long,10,0,c051.1,1789626601.170388,1789626601.747243,97.278,576.741,31.909,97.237,128,128,264.88,1,,,5.65,7edfd3c3
m6-sweep,d70fa7ab8e7f,49,0,ran,qwen2.5:0.5b,long,10,0,c051.1,1789626602.247478,1789626603.166506,435.515,918.91,32.637,435.46,128,128,262.725,1,,,5.65,b4075a4d
m6-sweep,4186d2002832,50,0,ran,qwen2.5:0.5b,long,10,0,c051.1,1789626603.666749,1789626604.259773,129.904,592.889,39.724,129.867,128,128,274.307,1,,,5.65,329b599c
m6-sweep,a05b440bf05e,51,0,ran,qwen2.5:0.5b,long,10,0,c051.1,1789626604.760076,1789626605.432808,104.455,672.596,38.258,104.398,128,128,223.536,1,,,5.68,4e8a9144
m6-sweep,a6d6e53d6a62,52,0,ran,qwen2.5:0.5b,long,10,0,c051.1,1789626605.933036,1789626606.955102,393.247,1021.948,37.141,393.206,128,128,202.004,1,,,5.68,36030775
m6-sweep,2259dfe2c795,0,1,ran,qwen2.5:0.5b,short,20,0,c052.1,1789626609.457838,1789626610.70141,1106.455,1243.449,1063.502,1106.367,31,32,218.987,1,,,5.62,e554359c
m6-sweep,7ddef06a550b,1,1,ran,qwen2.5:0.5b,short,20,0,c052.1,1789626611.201684,1789626625.379099,14044.174,14177.166,3065.628,14044.123,24,25,172.942,1,,,5.42,264e13aa
m6-sweep,1ef237ebd7d4,2,1,ran,qwen2.5:0.5b,short,20,0,c052.1,1789626625.879441,1789626626.170808,205.758,291.244,31.151,205.72,23,24,257.354,1,,,5.42,bf9a06e8
m6-sweep,2fb42f030443,3,0,ran,qwen2.5:0.5b,short,20,0,c052.1,1789626626.671062,1789626626.859135,100.374,187.965,33.043,100.331,24,25,262.585,1,,,5.42,b65cd21a
m6-sweep,721fffdfc6ec,4,0,ran,qwen2.5:0.5b,short,20,0,c052.1,1789626627.35935,1789626629.195191,1719.378,1835.716,20.056,1719.341,24,25,197.7,1,,,5.42,a28cfa13
m6-sweep,34a445da5a18,5,0,ran,qwen2.5:0.5b,short,20,0,c052.1,1789626629.695447,1789626630.587418,77.548,891.886,20.505,77.511,27,28,31.928,1,,,6.35,eccb49de
m6-sweep,0cf61a949968,6,0,ran,qwen2.5:0.5b,short,20,0,c052.1,1789626631.087631,1789626632.889961,62.064,1802.22,20.221,62.027,24,25,13.217,1,,,6.35,187c55f3
m6-sweep,656be427e86d,7,0,ran,qwen2.5:0.5b,short,20,0,c052.1,1789626633.390154,1789626639.251911,5679.286,5861.612,3100.601,5679.222,31,32,164.54,1,,,6.08,59981860
m6-sweep,7a748b8d579b,8,0,ran,qwen2.5:0.5b,short,20,0,c052.1,1789626639.752171,1789626639.967434,112.774,215.158,34.099,112.718,24,25,224.645,1,,,5.76,a3b6b702
m6-sweep,5149b416040d,9,0,ran,qwen2.5:0.5b,short,20,0,c052.1,1789626640.467676,1789626640.676884,120.561,209.095,37.814,120.519,24,25,259.788,1,,,5.76,0a66a823
m6-sweep,97d2e03fc272,10,0,ran,qwen2.5:0.5b,short,20,0,c052.1,1789626641.177104,1789626642.399754,1145.026,1222.531,1052.457,1144.989,24,25,296.755,1,,,5.76,ec0a4e67
m6-sweep,17cc7df8f5d9,11,0,ran,qwen2.5:0.5b,short,20,0,c052.1,1789626642.90004,1789626644.114103,1085.393,1213.955,1031.41,1085.358,28,29,210.016,1,,,5.76,9b42a05e
m6-sweep,fb0759f9a350,12,0,ran,qwen2.5:0.5b,short,20,0,c052.1,1789626644.614399,1789626644.790717,59.404,176.204,20.425,59.36,31,32,256.851,1,,,6.74,6671832c
m6-sweep,8bd943ad3b0d,13,0,ran,qwen2.5:0.5b,short,20,0,c052.1,1789626645.290954,1789626646.497634,1094.74,1206.584,1055.876,1094.686,24,25,205.644,1,,,6.74,0b71762f
m6-sweep,585957288e46,14,0,ran,qwen2.5:0.5b,short,20,0,c052.1,1789626646.997899,1789626647.415443,73.305,417.422,30.786,73.255,24,25,66.838,1,,,6.74,059e601e
m6-sweep,5325e17c617e,15,0,ran,qwen2.5:0.5b,short,20,0,c052.1,1789626647.915662,1789626648.80369,325.793,887.93,30.718,325.75,26,27,44.473,1,,,6.74,cb3d5a70
m6-sweep,e4f1cdfcf397,16,0,ran,qwen2.5:0.5b,short,20,0,c052.1,1789626649.30398,1789626649.51208,69.075,207.89,29.948,69.006,24,25,165.688,1,,,6.60,0ec3ac5b
m6-sweep,462bad386cd7,17,0,ran,qwen2.5:0.5b,short,20,0,c052.1,1789626650.012419,1789626663.039694,12618.808,13027.166,1036.458,12618.764,28,29,66.118,1,,,6.11,939fc208
m6-sweep,5341eae86a8d,18,0,ran,qwen2.5:0.5b,short,20,0,c052.1,1789626663.539911,1789626663.743574,117.264,203.499,30.436,117.209,28,29,313.1,1,,,6.11,06718d99
m6-sweep,3b7ccbde257d,19,0,ran,qwen2.5:0.5b,short,20,0,c052.1,1789626664.243869,1789626664.401607,43.491,157.554,10.555,43.454,24,25,201.644,1,,,6.18,66a1ee3f
m6-sweep,88ea3155d071,20,0,ran,qwen2.5:0.5b,short,20,0,c052.1,1789626664.901855,1789626665.078789,63.439,176.799,18.766,63.398,24,25,202.893,1,,,6.18,ba0c06b2
m6-sweep,568972b9b55b,21,0,ran,qwen2.5:0.5b,short,20,0,c052.1,1789626665.579026,1789626665.749043,88.477,169.833,20.755,88.41,24,25,282.709,1,,,6.18,94f99a15
m6-sweep,fcd07e13b5ab,22,0,ran,qwen2.5:0.5b,short,20,0,c052.1,1789626666.249338,1789626667.41436,1065.298,1164.795,1026.322,1065.246,24,25,231.163,1,,,6.18,5bdf3ce6
m6-sweep,c61037044456,23,0,ran,qwen2.5:0.5b,short,20,0,c052.1,1789626667.91468,1789626668.071171,88.916,156.381,23.444,88.853,24,25,340.915,1,,,6.18,aa7b9aa8
m6-sweep,14cf9be7f48a,24,0,ran,qwen2.5:0.5b,short,20,0,c052.1,1789626668.57141,1789626668.798386,189.139,226.872,27.422,189.099,24,25,609.551,1,,,6.18,9b3f1309
m6-sweep,e5d6c307e0ca,25,0,ran,qwen2.5:0.5b,short,20,0,c052.1,1789626669.299027,1789626674.708476,4609.82,5409.335,2086.399,4609.764,24,25,28.767,1,,,5.78,fa078234
m6-sweep,838e2c4813cb,26,0,ran,qwen2.5:0.5b,short,20,0,c052.1,1789626675.208706,1789626682.891023,6883.393,7682.208,33.633,6883.345,31,32,37.556,1,,,5.56,21dd92ee
m6-sweep,60f709bf328c,27,0,ran,qwen2.5:0.5b,short,20,0,c052.1,1789626683.39122,1789626683.578601,67.578,187.278,27.129,67.512,31,32,250.627,1,,,5.56,f2de4c58
m6-sweep,49fe154c7527,28,0,ran,qwen2.5:0.5b,short,20,0,c052.1,1789626684.078811,1789626685.435715,1333.971,1356.803,1036.626,1333.93,24,25,1007.374,1,,,5.43,981e16f7
m6-sweep,b7321d405209,29,0,ran,qwen2.5:0.5b,short,20,0,c052.1,1789626685.935961,1789626686.127469,71.775,191.423,33.301,71.74,31,32,250.736,1,,,5.43,8583f3db
m6-sweep,ef2ae8e1f52d,30,0,ran,qwen2.5:0.5b,short,20,0,c052.1,1789626686.627723,1789626689.415881,2113.025,2788.051,2072.693,2112.989,48,49,69.627,1,,,5.24,90047487
m6-sweep,014189f601e3,31,0,ran,qwen2.5:0.5b,short,20,0,c052.1,1789626689.916147,1789626690.085127,72.568,168.818,28.883,72.513,24,25,238.961,1,,,5.24,f1aa2f10
m6-sweep,1e63ac991df6,32,0,ran,qwen2.5:0.5b,short,20,0,c052.1,1789626690.585386,1789626691.472374,581.817,886.804,25.902,581.781,24,25,75.413,1,,,5.24,2b0311a7
m6-sweep,c77c3441fecc,33,0,ran,qwen2.5:0.5b,short,20,0,c052.1,1789626691.972636,1789626692.383628,103.579,410.819,37.26,103.511,24,25,74.86,1,,,5.24,07ab3829
m6-sweep,e3f8dbcc8bae,34,0,ran,qwen2.5:0.5b,short,20,0,c052.1,1789626692.883922,1789626693.15968,155.546,275.645,33.55,155.504,24,25,191.509,1,,,5.24,0288affa
m6-sweep,f78d254ec66b,35,0,ran,qwen2.5:0.5b,short,20,0,c052.1,1789626693.659894,1789626694.836216,1081.217,1176.234,1044.186,1081.163,24,25,242.062,1,,,5.14,6244492b
m6-sweep,04708eb6c773,36,0,ran,qwen2.5:0.5b,short,20,0,c052.1,1789626695.336423,1789626696.516275,1102.139,1179.739,1027.914,1102.103,28,29,347.942,1,,,5.14,a65780cb
m6-sweep,58f9a4b67baf,37,0,ran,qwen2.5:0.5b,short,20,0,c052.1,1789626697.016536,1789626697.722959,345.346,706.314,29.329,345.304,25,26,66.488,1,,,5.14,b746ee90
m6-sweep,049d156c1bfd,38,0,ran,qwen2.5:0.5b,short,20,0,c052.1,1789626698.22319,1789626698.675831,98.028,452.529,18.329,97.969,25,26,67.701,1,,,5.14,ad67071b
m6-sweep,6759fdd486dc,39,0,ran,qwen2.5:0.5b,short,20,0,c052.1,1789626699.176042,1789626707.274343,8005.694,8098.195,2058.386,8005.651,24,25,248.645,1,,,5.03,214dcf19
m6-sweep,7be4d5be3184,40,0,ran,qwen2.5:0.5b,short,20,0,c052.1,1789626707.774632,1789626713.503059,2095.786,5728.206,2057.055,2095.743,24,25,6.332,1,,,4.79,c85fed79
m6-sweep,f58d6f2fbf91,41,0,ran,qwen2.5:0.5b,short,20,0,c052.1,1789626714.00331,1789626716.194855,2102.175,2191.344,2060.068,2102.139,24,25,257.936,1,,,4.72,a2085094
m6-sweep,2a49f5bfef45,42,0,ran,qwen2.5:0.5b,short,20,0,c052.1,1789626716.695147,1789626717.879221,1059.996,1183.971,1028.324,1059.925,27,28,209.719,1,,,4.72,a5db8498
m6-sweep,c4159a124880,43,0,ran,qwen2.5:0.5b,short,20,0,c052.1,1789626718.379456,1789626718.623941,109.775,244.36,25.477,109.715,28,29,200.617,1,,,4.72,d9549e48
m6-sweep,22d56a68e2f8,44,0,ran,qwen2.5:0.5b,short,20,0,c052.1,1789626719.124173,1789626721.623735,2444.07,2499.46,2058.55,2444.01,24,25,415.234,1,,,4.67,f4beca74
m6-sweep,5bf36393a890,45,0,ran,qwen2.5:0.5b,short,20,0,c052.1,1789626722.123981,1789626722.566159,62.867,442.065,22.572,62.811,24,25,60.654,1,,,4.67,8104cc5c
m6-sweep,d970d1b4fbe0,46,0,ran,qwen2.5:0.5b,short,20,0,c052.1,1789626723.066491,1789626724.28679,1141.521,1220.191,1054.959,1141.477,24,25,292.362,1,,,4.67,0e75de8a
m6-sweep,a76f0eb8ba69,47,0,ran,qwen2.5:0.5b,short,20,0,c052.1,1789626724.787019,1789626724.975099,68.635,187.982,30.335,68.593,31,32,251.366,1,,,5.41,30eb5c42
m6-sweep,d2842e56a98d,48,0,ran,qwen2.5:0.5b,short,20,0,c052.1,1789626725.475318,1789626727.675605,1392.593,2200.184,1050.075,1392.55,24,25,28.48,1,,,5.41,8a7fdc71
m6-sweep,c0f8a5e75b33,49,0,ran,qwen2.5:0.5b,short,20,0,c052.1,1789626728.175837,1789626728.402251,102.1,226.292,22.859,102.064,33,34,257.665,1,,,5.41,6eaaf6ab
m6-sweep,a99a5683aefd,50,0,ran,qwen2.5:0.5b,short,20,0,c052.1,1789626728.902569,1789626731.30766,2071.855,2404.962,24.56,2071.782,24,25,69.047,1,,,5.22,65a65958
m6-sweep,8133033655f6,51,0,ran,qwen2.5:0.5b,short,20,0,c052.1,1789626731.807876,1789626732.257648,69.944,449.632,28.954,69.888,24,25,60.576,1,,,5.22,9c1af9b9
m6-sweep,aa8059255007,52,0,ran,qwen2.5:0.5b,short,20,0,c052.1,1789626732.757882,1789626733.40794,58.819,649.942,19.325,58.747,24,25,38.909,1,,,5.22,e465fbe7
m6-sweep,a961a9a482d7,0,1,ran,qwen2.5:0.5b,short,0.5,0,c053.1,1789626735.922413,1789626736.142061,123.387,219.426,68.052,123.321,24,25,239.485,1,,,4.88,77cc3276
m6-sweep,e59a21cbe821,1,1,ran,qwen2.5:0.5b,short,0.5,0,c053.1,1789626736.642493,1789626736.803104,67.881,160.477,25.136,67.839,24,25,248.389,1,,,4.88,8d472f9c
m6-sweep,26c92e0861b5,2,1,ran,qwen2.5:0.5b,short,0.5,0,c053.1,1789626737.303354,1789626737.493157,72.732,189.699,31.104,72.676,31,32,256.483,1,,,4.88,d549708f
m6-sweep,731862edfd10,3,0,ran,qwen2.5:0.5b,short,0.5,0,c053.1,1789626737.993379,1789626738.15343,71.942,159.95,30.584,71.9,23,24,249.978,1,,,4.88,eebde6bc
m6-sweep,83246bcf5967,4,0,ran,qwen2.5:0.5b,short,0.5,0,c053.1,1789626738.654376,1789626738.8205,73.385,165.921,35.651,73.345,24,25,248.552,1,,,4.88,ba10f29c
m6-sweep,6a84bb282533,5,0,ran,qwen2.5:0.5b,short,0.5,0,c053.1,1789626739.320874,1789626739.489459,71.946,168.372,28.949,71.87,24,25,238.525,1,,,6.01,6bdd2337
m6-sweep,8e7ed55afd3b,6,0,ran,qwen2.5:0.5b,short,0.5,0,c053.1,1789626739.989751,1789626740.156064,78.385,166.212,35.115,78.336,23,24,250.493,1,,,6.01,e9267851
m6-sweep,ad22be1894c0,7,0,ran,qwen2.5:0.5b,short,0.5,0,c053.1,1789626740.656371,1789626740.886314,75.589,229.822,35.558,75.553,32,33,200.995,1,,,6.01,296dfa57
m6-sweep,88be18ad86f7,8,0,ran,qwen2.5:0.5b,short,0.5,0,c053.1,1789626741.386543,1789626741.560203,78.772,173.528,34.052,78.729,24,25,242.731,1,,,6.01,d09dca1b
m6-sweep,0846bdb7a5dc,9,0,ran,qwen2.5:0.5b,short,0.5,0,c053.1,1789626742.060465,1789626742.313763,72.937,253.179,26.973,72.882,48,49,260.761,1,,,6.01,91758ab8
m6-sweep,0dab0eaf4b25,10,0,ran,qwen2.5:0.5b,short,0.5,0,c053.1,1789626742.81398,1789626742.986384,70.542,172.294,21.125,70.498,26,27,245.695,1,,,6.01,ffc6147f
m6-sweep,6a46395456e7,11,0,ran,qwen2.5:0.5b,short,0.5,0,c053.1,1789626743.486606,1789626743.677872,77.771,191.149,36.246,77.722,31,32,264.603,1,,,6.01,58749c51
m6-sweep,1864e2881214,12,0,ran,qwen2.5:0.5b,short,0.5,0,c053.1,1789626744.178133,1789626744.360772,73.711,182.527,31.016,73.64,28,29,248.126,1,,,6.01,79becddf
m6-sweep,66c33a8e83fb,13,0,ran,qwen2.5:0.5b,short,0.5,0,c053.1,1789626744.861011,1789626745.023315,74.875,162.206,33.48,74.826,23,24,251.915,1,,,6.89,5f8d0b3f
m6-sweep,240926158f31,14,0,ran,qwen2.5:0.5b,short,0.5,0,c053.1,1789626745.523547,1789626745.71295,75.07,189.277,36.604,75.019,31,32,262.681,1,,,6.89,244496d9
m6-sweep,e744b9f176e9,15,0,ran,qwen2.5:0.5b,short,0.5,0,c053.1,1789626746.213204,1789626746.406451,78.412,193.136,39.313,78.334,31,32,261.498,1,,,6.89,485f094a
m6-sweep,fbb8ec616c58,16,0,ran,qwen2.5:0.5b,short,0.5,0,c053.1,1789626746.906637,1789626747.087967,68.871,181.234,29.963,68.823,31,32,266.991,1,,,6.89,23793572
m6-sweep,dcc51be027e8,17,0,ran,qwen2.5:0.5b,short,0.5,0,c053.1,1789626747.588207,1789626747.748643,75.248,160.286,33.717,75.206,24,25,270.469,1,,,6.89,f554f9ef
m6-sweep,4bcd6ef65aa7,18,0,ran,qwen2.5:0.5b,short,0.5,0,c053.1,1789626748.248918,1789626748.416991,79.047,167.958,38.843,79.004,23,24,247.438,1,,,6.89,e808457b
m6-sweep,108f38892c31,19,0,ran,qwen2.5:0.5b,short,0.5,0,c053.1,1789626748.917198,1789626749.085538,75.5,168.181,34.0,75.466,24,25,248.164,1,,,6.89,0d7de884
m6-sweep,a925fdff341f,20,0,ran,qwen2.5:0.5b,short,0.5,0,c053.1,1789626749.585833,1789626749.752114,71.548,166.184,27.401,71.504,25,26,253.605,1,,,6.82,607d82dc
m6-sweep,65271c7f7073,21,0,ran,qwen2.5:0.5b,short,0.5,0,c053.1,1789626750.252321,1789626750.407855,64.463,155.411,24.493,64.428,24,25,252.891,1,,,6.82,d536ab38
m6-sweep,20e1667e2bac,22,0,ran,qwen2.5:0.5b,short,0.5,0,c053.1,1789626750.908083,1789626752.115408,1091.121,1207.204,1051.039,1091.032,24,25,198.134,1,,,6.82,1e6b1abf
m6-sweep,384584b0fd23,23,0,ran,qwen2.5:0.5b,short,0.5,0,c053.1,1789626752.615625,1789626752.772389,60.484,156.645,20.742,60.441,24,25,239.182,1,,,6.82,c7c43b40
m6-sweep,b4fd09c76630,24,0,ran,qwen2.5:0.5b,short,0.5,0,c053.1,1789626753.272629,1789626753.455894,66.518,183.167,27.224,66.466,31,32,257.181,1,,,6.82,6df8889e
m6-sweep,39814cf6732a,25,0,ran,qwen2.5:0.5b,short,0.5,0,c053.1,1789626753.956086,1789626754.120836,75.771,164.611,34.001,75.734,24,25,258.891,1,,,6.82,ebe08e3b
m6-sweep,2497a86af453,26,0,ran,qwen2.5:0.5b,short,0.5,0,c053.1,1789626754.621095,1789626754.787466,74.28,166.24,34.783,74.235,24,25,250.107,1,,,6.92,8041f20f
m6-sweep,ccf05136c609,27,0,ran,qwen2.5:0.5b,short,0.5,0,c053.1,1789626755.287737,1789626755.451274,68.852,163.436,30.188,68.763,24,25,243.169,1,,,6.92,80e168a8
m6-sweep,8fa3c0878050,28,0,ran,qwen2.5:0.5b,short,0.5,0,c053.1,1789626755.951494,1789626756.108538,66.096,156.934,27.787,66.06,24,25,253.197,1,,,6.92,fc7dea8c
m6-sweep,869edc940d44,29,0,ran,qwen2.5:0.5b,short,0.5,0,c053.1,1789626756.60879,1789626756.796015,68.925,187.125,22.992,68.872,31,32,253.806,1,,,6.92,504a8435
m6-sweep,fe6993bc52bf,30,0,ran,qwen2.5:0.5b,short,0.5,0,c053.1,1789626757.296247,1789626757.526838,62.141,230.463,20.213,62.092,47,48,273.285,1,,,6.92,7f74f6d0
m6-sweep,0a59191047ea,31,0,ran,qwen2.5:0.5b,short,0.5,0,c053.1,1789626758.027108,1789626758.193853,82.134,166.642,38.333,82.088,24,25,272.165,1,,,6.92,f5db2f7c
m6-sweep,56e2198be5a6,32,0,ran,qwen2.5:0.5b,short,0.5,0,c053.1,1789626758.694063,1789626758.864533,81.697,170.337,35.046,81.646,24,25,259.477,1,,,6.92,c07720d5
m6-sweep,182a3d03c29c,33,0,ran,qwen2.5:0.5b,short,0.5,0,c053.1,1789626759.364776,1789626759.535251,65.326,170.325,29.064,65.273,26,27,238.098,1,,,6.76,c3eeb318
m6-sweep,872b2c74a13b,34,0,ran,qwen2.5:0.5b,short,0.5,0,c053.1,1789626760.03551,1789626760.223543,69.492,187.918,29.457,69.45,31,32,253.323,1,,,6.76,9d2cd164
m6-sweep,d68c08208dbc,35,0,ran,qwen2.5:0.5b,short,0.5,0,c053.1,1789626760.723737,1789626760.913198,71.773,189.353,27.131,71.702,31,32,255.145,1,,,6.76,828b46df
m6-sweep,18757c16690d,36,0,ran,qwen2.5:0.5b,short,0.5,0,c053.1,1789626761.413455,1789626761.589113,62.779,175.546,21.908,62.739,31,32,266.035,1,,,6.76,613eb723
m6-sweep,8812dcd432ad,37,0,ran,qwen2.5:0.5b,short,0.5,0,c053.1,1789626762.089383,1789626762.245689,65.287,156.187,28.802,65.215,24,25,253.024,1,,,6.76,643bd7f6
m6-sweep,90aeaf20595b,38,0,ran,qwen2.5:0.5b,short,0.5,0,c053.1,1789626762.745934,1789626762.898988,66.195,152.937,18.981,66.157,24,25,265.154,1,,,6.76,80411630
m6-sweep,499c38fa04e9,39,0,ran,qwen2.5:0.5b,short,0.5,0,c053.1,1789626763.399209,1789626763.569207,66.003,169.888,26.667,65.966,27,28,250.276,1,,,6.76,91168f22
m6-sweep,bdd1cf3d5dcb,40,0,ran,qwen2.5:0.5b,short,0.5,0,c053.1,1789626764.069511,1789626764.234807,62.93,165.186,23.749,62.879,27,28,254.264,1,,,6.76,39f19145
m6-sweep,dcc4b6cf9378,41,0,ran,qwen2.5:0.5b,short,0.5,0,c053.1,1789626764.735025,1789626764.91001,69.594,174.875,28.681,69.541,28,29,256.458,1,,,6.46,bfecf7ce
m6-sweep,0b0e08d23ac1,42,0,ran,qwen2.5:0.5b,short,0.5,0,c053.1,1789626765.410272,1789626765.57506,73.734,164.689,33.819,73.693,24,25,252.87,1,,,6.46,f8e2e25d
m6-sweep,4f3dedd2e76d,43,0,ran,qwen2.5:0.5b,short,0.5,0,c053.1,1789626766.075316,1789626766.224875,56.399,149.422,19.157,56.344,24,25,247.253,1,,,6.46,bb33f1d0
m6-sweep,c7f6f0f2d4c1,44,0,ran,qwen2.5:0.5b,short,0.5,0,c053.1,1789626766.727569,1789626767.919158,1065.815,1191.476,1025.562,1065.779,31,32,238.737,1,,,6.46,55dfb3a0
m6-sweep,acc63f41e62d,45,0,ran,qwen2.5:0.5b,short,0.5,0,c053.1,1789626768.41961,1789626768.580053,65.258,160.293,24.387,65.223,24,25,242.018,1,,,6.46,b35623fe
m6-sweep,d02efa664fbc,46,0,ran,qwen2.5:0.5b,short,0.5,0,c053.1,1789626769.080568,1789626769.372936,200.932,292.212,159.435,200.87,24,25,251.973,1,,,6.46,b9cab87c
m6-sweep,546304b26758,47,0,ran,qwen2.5:0.5b,short,0.5,0,c053.1,1789626769.873269,1789626770.038927,71.814,165.509,27.141,71.768,24,25,245.477,1,,,7.54,c0e7c610
m6-sweep,ba453aa34dcd,48,0,ran,qwen2.5:0.5b,short,0.5,0,c053.1,1789626770.5392,1789626770.694597,64.301,155.225,23.871,64.246,24,25,252.957,1,,,7.54,f56b1c30
m6-sweep,8e28e6d8efa8,49,0,ran,qwen2.5:0.5b,short,0.5,0,c053.1,1789626771.194856,1789626771.360899,73.771,165.839,33.173,73.712,24,25,249.815,1,,,7.54,d1d1ef7b
m6-sweep,9f9b7ab82fb1,50,0,ran,qwen2.5:0.5b,short,0.5,0,c053.1,1789626771.861232,1789626772.025944,72.525,164.603,31.01,72.473,24,25,249.786,1,,,7.54,41738583
m6-sweep,f8532a9d872a,51,0,ran,qwen2.5:0.5b,short,0.5,0,c053.1,1789626772.526143,1789626772.694287,70.727,168.004,30.991,70.676,24,25,236.439,1,,,7.54,17c24ec8
m6-sweep,3fc3e210ad1b,52,0,ran,qwen2.5:0.5b,short,0.5,0,c053.1,1789626773.194554,1789626773.365228,75.893,170.518,34.871,75.85,24,25,243.064,1,,,7.54,b584af52
m6-sweep,88104eb3c6a5,0,1,ran,qwen2.5:3b,short,0,20,c054.1,1789626775.873532,1789626779.464109,2981.952,3590.48,75.567,2981.911,58,59,93.669,1,,,7.09,4381cc8e
m6-sweep,a4c6f0ca62f7,1,1,ran,qwen2.5:3b,short,0,20,c054.1,1789626779.964336,1789626780.938361,155.014,973.902,63.255,154.983,80,81,96.472,1,,,7.09,faeb0d6b
m6-sweep,11e0ece9d562,2,1,ran,qwen2.5:3b,short,0,20,c054.1,1789626781.438621,1789626782.396016,159.812,957.291,66.136,159.778,78,79,96.554,1,,,7.09,8e618d6d
m6-sweep,aac201a81675,3,0,ran,qwen2.5:3b,short,0,20,c054.1,1789626782.896267,1789626784.021194,175.5,1124.839,74.916,175.465,93,94,96.91,1,,,7.09,61ba41ae
m6-sweep,ec1ce0113b76,4,0,ran,qwen2.5:3b,short,0,20,c054.1,1789626784.521371,1789626785.300038,166.666,778.487,71.619,166.632,60,61,96.433,1,,,6.68,2d847d54
m6-sweep,651ef64fbc10,5,0,ran,qwen2.5:3b,short,0,20,c054.1,1789626785.800375,1789626786.592057,169.525,791.583,77.338,169.484,61,62,96.454,1,,,6.68,2f7916fe
m6-sweep,6aefb3a0092a,6,0,ran,qwen2.5:3b,short,0,20,c054.1,1789626787.092305,1789626787.958595,151.867,866.187,60.479,151.816,70,71,96.595,1,,,6.68,67e36b1a
m6-sweep,7a983b551e80,7,0,ran,qwen2.5:3b,short,0,20,c054.1,1789626788.458822,1789626789.062271,162.716,603.324,68.605,162.675,43,44,95.323,1,,,6.68,35ec49a6
m6-sweep,1a7bba7d737d,8,0,ran,qwen2.5:3b,short,0,20,c054.1,1789626789.562511,1789626790.296302,151.171,733.705,60.954,151.129,57,58,96.132,1,,,6.54,bbe682a2
m6-sweep,b4da0dfaf09a,9,0,ran,qwen2.5:3b,short,0,20,c054.1,1789626790.796512,1789626791.483796,155.882,687.181,59.484,155.838,52,53,95.991,1,,,6.54,991f4014
m6-sweep,d35394d00ad3,10,0,ran,qwen2.5:3b,short,0,20,c054.1,1789626791.983996,1789626793.141558,164.713,1157.474,73.271,164.68,97,98,96.7,1,,,6.54,f4d5f136
m6-sweep,856f000b147c,11,0,ran,qwen2.5:3b,short,0,20,c054.1,1789626793.641781,1789626794.59102,172.072,949.148,66.991,172.037,76,77,96.516,1,,,6.42,7b0782a1
m6-sweep,5cb4186611cf,12,0,ran,qwen2.5:3b,short,0,20,c054.1,1789626795.091254,1789626796.275041,160.235,1183.66,68.166,160.201,100,101,96.734,1,,,6.42,11faf1f6
m6-sweep,a8d8ab68f99b,13,0,ran,qwen2.5:3b,short,0,20,c054.1,1789626796.775349,1789626797.721929,170.078,946.47,77.156,170.041,75,76,95.313,1,,,6.42,fcbd5f3c
m6-sweep,21d7707effd3,14,0,ran,qwen2.5:3b,short,0,20,c054.1,1789626798.222132,1789626799.379643,383.029,1157.4,73.824,382.988,69,70,87.813,1,,,6.42,f62f123a
m6-sweep,25474b43db56,15,0,ran,qwen2.5:3b,short,0,20,c054.1,1789626799.879898,1789626800.726308,164.637,846.295,68.81,164.601,66,67,95.356,1,,,6.23,671d7521
m6-sweep,ee5f459b0e1d,16,0,ran,qwen2.5:3b,short,0,20,c054.1,1789626801.226523,1789626802.231325,161.673,1004.695,69.402,161.639,82,83,96.083,1,,,6.23,68e81bf5
m6-sweep,8b40807df9cb,17,0,ran,qwen2.5:3b,short,0,20,c054.1,1789626802.731525,1789626803.44372,175.41,711.998,79.394,175.367,52,53,95.045,1,,,6.23,f116a080
m6-sweep,60f741685f76,18,0,ran,qwen2.5:3b,short,0,20,c054.1,1789626803.944097,1789626804.644,163.216,699.785,72.32,163.181,52,53,95.048,1,,,6.13,e45a9f1e
m6-sweep,ccdd87657c81,19,0,ran,qwen2.5:3b,short,0,20,c054.1,1789626805.144229,1789626805.735608,166.854,591.279,75.071,166.813,41,42,94.245,1,,,6.13,fa5794c9
m6-sweep,0907fa51a365,20,0,ran,qwen2.5:3b,short,0,20,c054.1,1789626806.235817,1789626807.13075,153.377,894.753,62.272,153.343,72,73,95.768,1,,,6.13,9493a804
m6-sweep,d83857b7e1d5,21,0,ran,qwen2.5:3b,short,0,20,c054.1,1789626807.63103,1789626808.667185,165.546,1036.066,72.625,165.502,85,86,96.494,1,,,6.13,0333721b
m6-sweep,0c7d3e36512d,22,0,ran,qwen2.5:3b,short,0,20,c054.1,1789626809.167474,1789626809.872025,170.132,704.42,77.661,170.099,52,53,95.454,1,,,6.12,bd8b65d9
m6-sweep,32bf03d6c5b8,23,0,ran,qwen2.5:3b,short,0,20,c054.1,1789626810.372316,1789626811.303879,171.605,931.394,75.71,171.56,74,75,96.079,1,,,6.12,4912e323
m6-sweep,cff1ddf23991,24,0,ran,qwen2.5:3b,short,0,20,c054.1,1789626811.804219,1789626812.579057,160.091,774.615,66.244,160.047,60,61,96.009,1,,,6.12,100feeca
m6-sweep,65b0ea0da4e6,25,0,ran,qwen2.5:3b,short,0,20,c054.1,1789626813.07941,1789626813.767986,155.466,688.402,64.506,155.416,52,53,95.696,1,,,6.12,7c088bb2
m6-sweep,af82e6a0fdd2,26,0,ran,qwen2.5:3b,short,0,20,c054.1,1789626814.268277,1789626815.213376,157.081,945.012,61.514,157.047,77,78,96.455,1,,,7.07,f0dfd40c
m6-sweep,e2cddc3035bd,27,0,ran,qwen2.5:3b,short,0,20,c054.1,1789626815.713589,1789626816.555667,175.965,841.991,78.157,175.928,65,66,96.092,1,,,7.07,2837f348
m6-sweep,980868175a5f,28,0,ran,qwen2.5:3b,short,0,20,c054.1,1789626817.055883,1789626817.640419,162.393,584.406,68.623,162.358,41,42,94.784,1,,,7.07,a00986f7
m6-sweep,51182244eda3,29,0,ran,qwen2.5:3b,short,0,20,c054.1,1789626818.140645,1789626818.825748,149.994,684.994,60.001,149.958,52,53,95.327,1,,,7.07,e6687d40
m6-sweep,e8256fb225d3,30,0,ran,qwen2.5:3b,short,0,20,c054.1,1789626819.326095,1789626820.066537,166.552,740.289,72.666,166.52,56,57,95.863,1,,,7.54,a01be73e
m6-sweep,efba7d5d3c06,31,0,ran,qwen2.5:3b,short,0,20,c054.1,1789626820.56685,1789626821.46165,174.267,894.682,76.17,174.224,70,71,95.778,1,,,7.54,e489ae8c
m6-sweep,f1538128378b,32,0,ran,qwen2.5:3b,short,0,20,c054.1,1789626821.961923,1789626822.977386,171.512,1015.288,76.869,171.471,82,83,95.997,1,,,7.54,d0848994
m6-sweep,9af14e9525a3,33,0,ran,qwen2.5:3b,short,0,20,c054.1,1789626823.477858,1789626824.227335,163.714,749.381,67.732,163.672,57,58,95.617,1,,,7.54,dbfa15f2
m6-sweep,666b6caadc75,34,0,ran,qwen2.5:3b,short,0,20,c054.1,1789626824.727574,1789626825.723286,162.86,995.615,70.407,162.818,81,82,96.067,1,,,7.02,9e6c3c36
m6-sweep,7b5ae8c8f502,35,0,ran,qwen2.5:3b,short,0,20,c054.1,1789626826.223481,1789626826.988145,160.749,764.577,69.342,160.708,59,60,96.054,1,,,7.02,f9c783d7
m6-sweep,89c75f6d8a6e,36,0,ran,qwen2.5:3b,short,0,20,c054.1,1789626827.4884,1789626828.075557,167.728,587.06,77.054,167.691,41,42,95.39,1,,,7.02,985941d1
m6-sweep,f0d78452ebcb,37,0,ran,qwen2.5:3b,short,0,20,c054.1,1789626828.575788,1789626829.579887,153.696,1003.997,64.064,153.662,82,83,95.26,1,,,6.70,7a105502
m6-sweep,2b784a8a1f1d,38,0,ran,qwen2.5:3b,short,0,20,c054.1,1789626830.080163,1789626830.797072,160.38,716.818,64.881,160.348,53,54,93.452,1,,,6.70,51982fc3
m6-sweep,974b44f53262,39,0,ran,qwen2.5:3b,short,0,20,c054.1,1789626831.297304,1789626832.258494,162.529,961.085,70.219,162.494,77,78,95.172,1,,,6.70,426e8d74
m6-sweep,7370125cb123,40,0,ran,qwen2.5:3b,short,0,20,c054.1,1789626832.758766,1789626833.574155,161.505,815.297,70.062,161.461,63,64,94.831,1,,,6.70,b3b5b1da
m6-sweep,bc27ce43f95e,41,0,ran,qwen2.5:3b,short,0,20,c054.1,1789626834.074534,1789626834.670697,170.966,596.068,72.491,170.933,41,42,94.095,1,,,6.40,43715b15
m6-sweep,ef3214f2fbd7,42,0,ran,qwen2.5:3b,short,0,20,c054.1,1789626835.170932,1789626835.92601,166.096,754.988,75.761,166.061,57,58,95.094,1,,,6.40,dc67110f
m6-sweep,696d2f84e117,43,0,ran,qwen2.5:3b,short,0,20,c054.1,1789626836.426332,1789626837.205576,170.467,779.158,72.39,170.43,59,60,95.286,1,,,6.40,28fa02de
m6-sweep,f7414280eba5,44,0,ran,qwen2.5:3b,short,0,20,c054.1,1789626837.705788,1789626838.586518,159.705,880.619,66.764,159.67,70,71,95.712,1,,,6.40,dc3aeb22
m6-sweep,b169ae5aaa57,45,0,ran,qwen2.5:3b,short,0,20,c054.1,1789626839.086827,1789626839.78765,164.966,700.69,66.593,164.933,52,53,95.198,1,,,6.61,e51e4854
m6-sweep,72a0e5ad66cb,46,0,ran,qwen2.5:3b,short,0,20,c054.1,1789626840.287936,1789626841.30099,167.089,1012.922,74.154,166.971,82,83,95.764,1,,,6.61,a28a92c8
m6-sweep,459511a787a3,47,0,ran,qwen2.5:3b,short,0,20,c054.1,1789626841.801287,1789626842.706615,181.906,905.201,74.936,181.84,70,71,95.397,1,,,6.61,067ace85
m6-sweep,6d0d80547491,48,0,ran,qwen2.5:3b,short,0,20,c054.1,1789626843.206906,1789626843.931167,165.17,724.132,71.047,165.135,54,55,94.819,1,,,6.61,3f6789e4
m6-sweep,8e77a81beb8a,49,0,ran,qwen2.5:3b,short,0,20,c054.1,1789626844.431474,1789626845.325888,358.981,894.208,72.671,358.946,52,53,95.287,1,,,6.32,679660c5
m6-sweep,eb731ca73519,50,0,ran,qwen2.5:3b,short,0,20,c054.1,1789626845.826196,1789626846.530279,166.043,703.977,69.74,166.008,52,53,94.807,1,,,6.32,3763df45
m6-sweep,480c25393510,51,0,ran,qwen2.5:3b,short,0,20,c054.1,1789626847.030485,1789626847.607062,152.439,576.477,59.22,152.405,41,42,94.331,1,,,6.32,f9751394
m6-sweep,fac53949fde1,52,0,ran,qwen2.5:3b,short,0,20,c054.1,1789626848.10727,1789626849.072988,169.034,965.599,75.296,168.993,78,79,96.665,1,,,6.32,1a2847b1
m6-sweep,cac87eb2c98f,0,1,ran,qwen2.5:0.5b,short,0,0,c055.1,1789626851.513056,1789626854.267922,2650.919,2754.763,31.237,2650.877,24,25,221.487,1,,,6.05,06b3ca53
m6-sweep,2c766791c4c7,1,1,ran,qwen2.5:0.5b,short,0,0,c055.1,1789626854.768156,1789626854.929404,69.858,161.048,29.971,69.816,24,25,252.219,1,,,5.89,34af6470
m6-sweep,d7a549f1cfff,2,1,ran,qwen2.5:0.5b,short,0,0,c055.1,1789626855.429659,1789626855.597411,68.284,167.645,27.422,68.2,24,25,231.478,1,,,5.89,c8c4ade5
m6-sweep,9f03440d7b6d,3,0,ran,qwen2.5:0.5b,short,0,0,c055.1,1789626856.097656,1789626856.259164,61.815,161.381,20.842,61.766,24,25,231.002,1,,,5.89,092d1c8b
m6-sweep,eb61500cc988,4,0,ran,qwen2.5:0.5b,short,0,0,c055.1,1789626856.759454,1789626856.942355,66.811,182.647,25.022,66.762,28,29,233.089,1,,,5.89,537046a3
m6-sweep,7a559711fb84,5,0,ran,qwen2.5:0.5b,short,0,0,c055.1,1789626857.442631,1789626857.597067,59.702,154.274,20.333,59.661,24,25,243.202,1,,,5.89,a99a5e05
m6-sweep,8e8eead01325,6,0,ran,qwen2.5:0.5b,short,0,0,c055.1,1789626858.097345,1789626858.252517,62.209,154.956,19.32,62.156,24,25,247.985,1,,,5.89,783b9c75
m6-sweep,b86a379a4c8a,7,0,ran,qwen2.5:0.5b,short,0,0,c055.1,1789626858.752808,1789626858.918951,71.443,166.033,31.781,71.405,24,25,243.154,1,,,5.89,72cfb948
m6-sweep,35a90b316ba3,8,0,ran,qwen2.5:0.5b,short,0,0,c055.1,1789626859.419184,1789626859.586588,69.374,167.226,25.648,69.335,24,25,235.049,1,,,6.46,2a2cf080
m6-sweep,93b4f7dbe9bf,9,0,ran,qwen2.5:0.5b,short,0,0,c055.1,1789626860.086815,1789626860.243491,59.86,156.569,19.217,59.81,24,25,237.828,1,,,6.46,196a748a
m6-sweep,420779036f58,10,0,ran,qwen2.5:0.5b,short,0,0,c055.1,1789626860.74371,1789626860.908128,66.176,164.269,27.863,66.141,26,27,254.86,1,,,6.46,ce6ffed0
m6-sweep,28a8305eb960,11,0,ran,qwen2.5:0.5b,short,0,0,c055.1,1789626861.408393,1789626861.567422,64.965,158.813,25.817,64.92,24,25,245.075,1,,,6.46,2c8ef0d0
m6-sweep,f5eb26e055dc,12,0,ran,qwen2.5:0.5b,short,0,0,c055.1,1789626862.067796,1789626862.229367,69.971,161.441,23.501,69.934,24,25,251.448,1,,,6.46,7326ec2a
m6-sweep,3271e6319a42,13,0,ran,qwen2.5:0.5b,short,0,0,c055.1,1789626862.729626,1789626862.892673,75.485,162.845,37.286,75.433,22,23,240.385,1,,,6.46,38310f8c
m6-sweep,8dc91bed432d,14,0,ran,qwen2.5:0.5b,short,0,0,c055.1,1789626863.393561,1789626863.562343,73.804,168.6,35.79,73.745,24,25,242.627,1,,,6.46,464f47e3
m6-sweep,66e6cbe44d42,15,0,ran,qwen2.5:0.5b,short,0,0,c055.1,1789626864.06264,1789626864.22596,71.967,163.192,29.053,71.933,24,25,252.125,1,,,6.46,78b04774
m6-sweep,24790bbe9f20,16,0,ran,qwen2.5:0.5b,short,0,0,c055.1,1789626864.726281,1789626864.910046,71.76,183.643,27.026,71.71,29,30,250.262,1,,,6.50,09407f95
m6-sweep,24500f7aab28,17,0,ran,qwen2.5:0.5b,short,0,0,c055.1,1789626865.410291,1789626865.580451,72.344,170.051,34.915,72.301,26,27,255.867,1,,,6.50,b904e638
m6-sweep,99bacc739df8,18,0,ran,qwen2.5:0.5b,short,0,0,c055.1,1789626866.080709,1789626866.274561,79.706,193.734,33.337,79.661,29,30,245.555,1,,,6.50,96899766
m6-sweep,74d16e4c7516,19,0,ran,qwen2.5:0.5b,short,0,0,c055.1,1789626866.774791,1789626866.943322,73.627,168.407,33.227,73.585,24,25,242.667,1,,,6.50,4cb9fb0f
m6-sweep,c728f56cc1de,20,0,ran,qwen2.5:0.5b,short,0,0,c055.1,1789626867.443584,1789626867.608465,69.824,164.775,25.348,69.78,25,26,252.762,1,,,6.50,34af3c39
m6-sweep,deaea1f55740,21,0,ran,qwen2.5:0.5b,short,0,0,c055.1,1789626868.108712,1789626868.269068,68.653,160.258,31.691,68.611,24,25,251.076,1,,,6.50,3f2dfa94
m6-sweep,5750438955ea,22,0,ran,qwen2.5:0.5b,short,0,0,c055.1,1789626868.769336,1789626868.943446,69.181,173.992,24.955,69.142,28,29,257.605,1,,,6.50,1851e6fd
m6-sweep,30bb278e07de,0,1,ran,qwen2.5:1.5b,short,1,100,c056.1,1789626871.462465,1789626875.15221,3457.429,3689.632,239.115,3457.385,18,19,73.212,1,,,6.33,cd51b13c
m6-sweep,3895e4a66f80,1,1,ran,qwen2.5:1.5b,short,1,100,c056.1,1789626875.652465,1789626876.359751,479.309,707.092,227.684,479.259,18,19,74.632,1,,,6.33,b8a1edf9
m6-sweep,96d0225afd13,2,1,ran,qwen2.5:1.5b,short,1,100,c056.1,1789626876.860057,1789626877.571384,490.251,711.183,234.083,490.192,18,19,76.947,1,,,6.33,571d9ea5
m6-sweep,0a03b5702b92,3,0,ran,qwen2.5:1.5b,short,1,100,c056.1,1789626878.071646,1789626878.780169,485.09,708.398,231.906,485.047,18,19,76.128,1,,,6.33,f47913cd
m6-sweep,33d564e64afa,4,0,ran,qwen2.5:1.5b,short,1,100,c056.1,1789626879.280452,1789626880.003585,495.468,723.042,232.101,495.43,18,19,74.701,1,,,6.15,1784d9eb
m6-sweep,40b468996ef6,5,0,ran,qwen2.5:1.5b,short,1,100,c056.1,1789626880.503835,1789626881.384614,478.143,880.688,225.696,478.09,20,21,47.2,1,,,6.15,ef580270
m6-sweep,ac4ab9a85ce3,6,0,ran,qwen2.5:1.5b,short,1,100,c056.1,1789626881.884819,1789626882.604391,484.548,719.481,225.762,484.504,18,19,72.361,1,,,6.15,70b0aa83
m6-sweep,4b48e699c63b,7,0,ran,qwen2.5:1.5b,short,1,100,c056.1,1789626883.104645,1789626884.739166,1397.135,1634.363,223.427,1397.083,18,19,71.661,1,,,6.37,6e56a85a
m6-sweep,f6d1018d08d5,8,0,ran,qwen2.5:1.5b,short,1,100,c056.1,1789626885.239464,1789626885.944092,480.484,704.457,228.666,480.434,18,19,75.902,1,,,6.37,3692c0b9
m6-sweep,29fc1455929f,9,0,ran,qwen2.5:1.5b,short,1,100,c056.1,1789626886.444414,1789626887.214621,483.951,770.048,230.832,483.908,46,47,157.29,1,,,6.37,df71a46f
m6-sweep,41217a5646a1,10,0,ran,qwen2.5:1.5b,short,1,100,c056.1,1789626887.714972,1789626888.412032,475.533,696.93,219.704,475.478,18,19,76.785,1,,,6.37,935329b6
m6-sweep,d4e6b686dcbb,11,0,ran,qwen2.5:1.5b,short,1,100,c056.1,1789626888.912354,1789626889.621902,487.312,709.433,231.52,487.243,20,21,85.539,1,,,7.07,de301521
m6-sweep,f32ae2d3f75b,12,0,ran,qwen2.5:1.5b,short,1,100,c056.1,1789626890.122087,1789626890.831222,487.027,708.967,231.508,486.986,18,19,76.597,1,,,7.07,9e6dc7f3
m6-sweep,e9ea33de578d,13,0,ran,qwen2.5:1.5b,short,1,100,c056.1,1789626891.331575,1789626892.076937,487.05,745.261,230.096,487.013,21,22,77.456,1,,,7.07,af5d8721
m6-sweep,5e6a42dc1cb1,14,0,ran,qwen2.5:1.5b,short,1,100,c056.1,1789626892.577152,1789626893.356636,482.452,779.326,223.996,482.414,46,47,151.58,1,,,7.07,a5111915
m6-sweep,2e1d69f87c0f,15,0,ran,qwen2.5:1.5b,short,1,100,c056.1,1789626893.856956,1789626894.59843,498.642,741.289,235.318,498.453,18,19,70.061,1,,,7.70,84cc8d42
m6-sweep,c90404abd6aa,16,0,ran,qwen2.5:1.5b,short,1,100,c056.1,1789626895.098752,1789626895.820585,493.715,721.67,238.123,493.67,18,19,74.576,1,,,7.70,66555bec
m6-sweep,384c32dd5b48,17,0,ran,qwen2.5:1.5b,short,1,100,c056.1,1789626896.320882,1789626897.037877,494.228,716.893,237.842,494.176,21,22,89.821,1,,,7.70,aea3827a
m6-sweep,109002c50d73,18,0,ran,qwen2.5:1.5b,short,1,100,c056.1,1789626897.538142,1789626898.266594,495.13,728.277,230.628,495.061,18,19,72.915,1,,,7.70,53ea389c
m6-sweep,e3966cd43841,19,0,ran,qwen2.5:1.5b,short,1,100,c056.1,1789626898.766842,1789626899.495846,487.775,728.905,233.153,487.704,21,22,82.943,1,,,7.70,3645423b
m6-sweep,f5b3b4f1e87e,20,0,ran,qwen2.5:1.5b,short,1,100,c056.1,1789626899.996102,1789626900.716742,487.105,720.526,228.087,487.068,18,19,72.83,1,,,7.24,ce087bad
m6-sweep,c8fa8ab27f68,21,0,ran,qwen2.5:1.5b,short,1,100,c056.1,1789626901.21698,1789626901.93922,489.539,722.149,232.718,489.502,18,19,73.084,1,,,7.24,663eb237
m6-sweep,7295f0525c14,22,0,ran,qwen2.5:1.5b,short,1,100,c056.1,1789626902.439464,1789626903.166535,484.289,726.933,225.112,484.25,18,19,70.061,1,,,7.24,8f4b8b15
m6-sweep,5af31b35e481,23,0,ran,qwen2.5:1.5b,short,1,100,c056.1,1789626903.66682,1789626904.483617,490.019,816.711,231.828,489.951,18,19,52.037,1,,,7.24,13a30619
m6-sweep,ea6e197ce09b,24,0,ran,qwen2.5:1.5b,short,1,100,c056.1,1789626904.98383,1789626905.693055,487.038,709.066,234.55,486.996,20,21,85.575,1,,,7.06,c2333db1
m6-sweep,86ca17f9666e,25,0,ran,qwen2.5:1.5b,short,1,100,c056.1,1789626906.193402,1789626907.314922,480.315,1121.417,226.081,480.278,52,53,79.551,1,,,7.06,ca0a12d5
m6-sweep,934bf2bb029f,26,0,ran,qwen2.5:1.5b,short,1,100,c056.1,1789626907.815148,1789626908.519618,482.042,704.368,225.338,481.96,18,19,76.464,1,,,7.06,11dd6dd9
m6-sweep,7a31cf6c21bc,27,0,ran,qwen2.5:1.5b,short,1,100,c056.1,1789626909.019838,1789626909.840034,487.722,820.108,230.335,487.687,18,19,51.145,1,,,7.70,0553f8da
m6-sweep,b13454c1b9f4,28,0,ran,qwen2.5:1.5b,short,1,100,c056.1,1789626910.340243,1789626911.435732,482.434,1095.389,228.5,482.388,50,51,79.941,1,,,7.70,d1a12c52
m6-sweep,2cc90469310d,29,0,ran,qwen2.5:1.5b,short,1,100,c056.1,1789626911.935963,1789626912.66995,496.354,733.843,235.806,496.318,18,19,71.582,1,,,7.70,495f2a62
m6-sweep,c587e25c64cb,30,0,ran,qwen2.5:1.5b,short,1,100,c056.1,1789626913.17026,1789626913.896819,488.76,726.465,230.832,488.708,20,21,79.931,1,,,7.70,988fd691
m6-sweep,ec964134a381,31,0,ran,qwen2.5:1.5b,short,1,100,c056.1,1789626914.397052,1789626915.126463,493.017,729.28,232.271,492.981,18,19,71.954,1,,,7.40,ff65b2d6
m6-sweep,83c33e93607d,32,0,ran,qwen2.5:1.5b,short,1,100,c056.1,1789626915.626744,1789626916.353454,484.895,726.502,230.414,484.851,18,19,70.362,1,,,7.40,38efb5eb
m6-sweep,54edea53ef96,33,0,ran,qwen2.5:1.5b,short,1,100,c056.1,1789626916.853856,1789626917.580037,487.627,726.024,229.948,487.582,18,19,71.31,1,,,7.40,13e5f415
m6-sweep,44ac6a6a40d2,34,0,ran,qwen2.5:1.5b,short,1,100,c056.1,1789626918.080349,1789626918.805432,484.447,724.964,229.141,484.402,18,19,70.681,1,,,7.40,cb0f0926
m6-sweep,eeff87705ebb,35,0,ran,qwen2.5:1.5b,short,1,100,c056.1,1789626919.305681,1789626920.033853,486.773,727.979,229.72,486.737,18,19,70.479,1,,,7.21,0d778267
m6-sweep,b631637b85cc,36,0,ran,qwen2.5:1.5b,short,1,100,c056.1,1789626920.534207,1789626921.242334,483.632,708.021,230.56,483.532,18,19,75.761,1,,,7.21,bf015970
m6-sweep,afdc4b215113,37,0,ran,qwen2.5:1.5b,short,1,100,c056.1,1789626921.742595,1789626922.474285,492.85,731.491,231.034,492.805,18,19,71.237,1,,,7.21,c74b5c24
m6-sweep,164697316d6c,38,0,ran,qwen2.5:1.5b,short,1,100,c056.1,1789626922.974655,1789626923.875513,486.764,900.753,229.796,486.725,18,19,41.064,1,,,7.21,c58a946b
m6-sweep,43df03788a83,39,0,ran,qwen2.5:1.5b,short,1,100,c056.1,1789626924.375757,1789626925.126101,485.525,750.22,224.392,485.48,18,19,64.225,1,,,6.87,07d71d2c
m6-sweep,40d6981b9838,40,0,ran,qwen2.5:1.5b,short,1,100,c056.1,1789626925.626339,1789626926.341599,494.426,715.166,232.572,494.388,18,19,77.014,1,,,6.87,2c19cc4d
m6-sweep,a601a15c89fd,41,0,ran,qwen2.5:1.5b,short,1,100,c056.1,1789626926.841873,1789626927.584088,501.209,742.045,238.545,501.172,18,19,70.588,1,,,6.87,bf2ebe40
m6-sweep,5d2043792e37,42,0,ran,qwen2.5:1.5b,short,1,100,c056.1,1789626928.084345,1789626928.803281,497.425,718.768,236.408,497.372,20,21,85.84,1,,,6.87,8173b83c
m6-sweep,5262ad559c3d,43,0,ran,qwen2.5:1.5b,short,1,100,c056.1,1789626929.303568,1789626930.0426,498.111,738.892,235.481,498.054,18,19,70.604,1,,,6.64,2015476c
m6-sweep,a09bea1134eb,44,0,ran,qwen2.5:1.5b,short,1,100,c056.1,1789626930.542876,1789626931.259944,492.78,716.98,235.164,492.723,18,19,75.825,1,,,6.64,6e5d4e26
m6-sweep,741c596ba702,45,0,ran,qwen2.5:1.5b,short,1,100,c056.1,1789626931.760145,1789626932.49962,499.404,739.371,237.329,499.335,18,19,70.843,1,,,6.64,17e5cdc9
m6-sweep,3c6375e47836,46,0,ran,qwen2.5:1.5b,short,1,100,c056.1,1789626932.999896,1789626933.714132,489.411,714.081,233.953,489.357,18,19,75.667,1,,,6.64,1871c6e2
m6-sweep,d9c69bca4c5b,47,0,ran,qwen2.5:1.5b,short,1,100,c056.1,1789626934.214451,1789626934.930591,492.53,715.924,234.991,492.492,18,19,76.099,1,,,6.35,a61e9c83
m6-sweep,77efaab2ae08,48,0,ran,qwen2.5:1.5b,short,1,100,c056.1,1789626935.430953,1789626936.168046,494.1,736.989,235.033,494.061,18,19,69.991,1,,,6.35,c01d8907
m6-sweep,1a17de383f03,49,0,ran,qwen2.5:1.5b,short,1,100,c056.1,1789626936.668294,1789626937.401665,493.988,733.281,231.642,493.944,18,19,71.042,1,,,6.35,005eb1ac
m6-sweep,1ee09f86bd77,50,0,ran,qwen2.5:1.5b,short,1,100,c056.1,1789626937.9019,1789626938.615175,487.192,713.176,232.452,487.149,18,19,75.226,1,,,6.35,51fc9c0b
m6-sweep,7911941d4e82,51,0,ran,qwen2.5:1.5b,short,1,100,c056.1,1789626939.115476,1789626939.827088,487.713,711.48,232.341,487.655,18,19,75.972,1,,,6.08,f86a8e31
m6-sweep,3d94edc8fabd,52,0,ran,qwen2.5:1.5b,short,1,100,c056.1,1789626940.327379,1789626941.060413,490.876,732.919,232.671,490.819,18,19,70.235,1,,,6.08,c791290b
m6-sweep,fcb6501108ff,0,1,ran,qwen2.5:3b,short,10,0,c057.1,1789626943.603589,1789626947.487722,2974.509,3884.001,30.212,2974.463,82,83,89.061,1,,,6.16,df900f85
m6-sweep,36741130883b,1,1,ran,qwen2.5:3b,short,10,0,c057.1,1789626947.987982,1789626953.289081,4447.619,5300.973,1055.257,4447.587,82,83,94.92,1,,,5.90,d1c8307a
m6-sweep,785f9e48f81f,2,1,ran,qwen2.5:3b,short,10,0,c057.1,1789626953.789322,1789626954.527859,79.658,738.414,32.163,79.623,59,60,88.045,1,,,5.90,f33fa1e8
m6-sweep,c7f17df6b9b0,3,0,ran,qwen2.5:3b,short,10,0,c057.1,1789626955.028103,1789626955.699511,85.53,671.275,36.475,85.496,52,53,87.069,1,,,5.91,1264a8ff
m6-sweep,36b222e3dce4,4,0,ran,qwen2.5:3b,short,10,0,c057.1,1789626956.199765,1789626957.022413,86.762,822.519,35.555,86.726,70,71,93.781,1,,,5.91,f77ad4f5
m6-sweep,7de7fab9828a,5,0,ran,qwen2.5:3b,short,10,0,c057.1,1789626957.522626,1789626958.476769,78.093,954.003,24.84,78.056,85,86,95.9,1,,,5.91,4b48fedc
m6-sweep,2cb882788358,6,0,ran,qwen2.5:3b,short,10,0,c057.1,1789626958.977047,1789626959.610598,86.471,633.347,35.944,86.426,52,53,93.257,1,,,5.76,52304e62
m6-sweep,3ad2477a5f7b,7,0,ran,qwen2.5:3b,short,10,0,c057.1,1789626960.110832,1789626960.616983,79.209,506.061,28.25,79.172,41,42,93.709,1,,,5.76,7872fbe2
m6-sweep,93bd89d972f9,8,0,ran,qwen2.5:3b,short,10,0,c057.1,1789626961.117242,1789626962.300673,355.981,1183.264,21.302,355.946,80,81,95.493,1,,,5.76,aa5b57de
m6-sweep,9a3db6388dd9,9,0,ran,qwen2.5:3b,short,10,0,c057.1,1789626962.800966,1789626964.592952,1122.88,1791.862,1065.834,1122.835,65,66,95.668,1,,,5.76,488529ab
m6-sweep,f1e16c3302d2,10,0,ran,qwen2.5:3b,short,10,0,c057.1,1789626965.093206,1789626967.901477,2100.213,2808.026,2047.65,2100.178,58,59,80.53,1,,,5.70,5f128fda
m6-sweep,6406cd1a68da,11,0,ran,qwen2.5:3b,short,10,0,c057.1,1789626968.401853,1789626969.069111,68.789,667.056,22.903,68.744,58,59,95.275,1,,,5.70,55070c74
m6-sweep,6d64b9a66105,12,0,ran,qwen2.5:3b,short,10,0,c057.1,1789626969.569422,1789626971.146357,104.917,1576.832,34.559,104.87,101,102,67.939,1,,,5.56,8953bdbc
m6-sweep,c1d066c1337f,13,0,ran,qwen2.5:3b,short,10,0,c057.1,1789626971.646602,1789626972.866601,92.782,1219.914,32.705,92.746,83,84,72.751,1,,,5.56,7abf59d9
m6-sweep,2c96e826ace3,14,0,ran,qwen2.5:3b,short,10,0,c057.1,1789626973.366757,1789626974.459547,65.993,1092.662,12.574,65.957,99,100,95.454,1,,,5.56,478ad318
m6-sweep,df92f75964fb,15,0,ran,qwen2.5:3b,short,10,0,c057.1,1789626974.959769,1789626975.839289,88.825,879.4,33.288,88.79,77,78,96.133,1,,,5.52,251a015d
m6-sweep,ac3a30df75d0,16,0,ran,qwen2.5:3b,short,10,0,c057.1,1789626976.339552,1789626980.000776,3487.148,3661.11,1036.127,3487.079,41,42,229.935,1,,,6.52,09011078
m6-sweep,74dfc15e5520,17,0,ran,qwen2.5:3b,short,10,0,c057.1,1789626980.501016,1789626981.586174,337.898,1085.023,31.82,337.862,70,71,92.354,1,,,6.52,3cef8beb
m6-sweep,fd1e0357e7b7,18,0,ran,qwen2.5:3b,short,10,0,c057.1,1789626982.086463,1789626982.918782,95.16,832.146,39.368,95.118,70,71,93.625,1,,,6.52,ba5c1a5c
m6-sweep,6404ea815584,19,0,ran,qwen2.5:3b,short,10,0,c057.1,1789626983.419116,1789626985.623948,1427.088,2204.715,1063.168,1427.028,75,76,95.161,1,,,6.39,1d0a1f18
m6-sweep,ad26fbcb4366,20,0,ran,qwen2.5:3b,short,10,0,c057.1,1789626986.124197,1789626986.772513,74.817,648.14,25.871,74.764,56,57,95.932,1,,,6.39,1feb905a
m6-sweep,747cb2f47131,21,0,ran,qwen2.5:3b,short,10,0,c057.1,1789626987.272817,1789626988.003099,81.285,730.176,31.641,81.249,52,53,78.596,1,,,6.39,3b73fe9c
m6-sweep,ecba568f36cf,22,0,ran,qwen2.5:3b,short,10,0,c057.1,1789626988.503322,1789626991.195685,2142.83,2692.24,2071.978,2142.794,52,53,92.827,1,,,6.28,26391050
m6-sweep,6bdf6795c913,23,0,ran,qwen2.5:3b,short,10,0,c057.1,1789626991.695998,1789626992.428905,119.764,732.769,28.617,119.683,59,60,94.616,1,,,6.28,ca1e9c38
m6-sweep,374679bcaaf8,24,0,ran,qwen2.5:3b,short,10,0,c057.1,1789626992.929129,1789626994.57345,1101.963,1644.186,1052.549,1101.924,52,53,94.057,1,,,6.28,b25d1cc3
m6-sweep,6b5e1d1070be,25,0,ran,qwen2.5:3b,short,10,0,c057.1,1789626995.073681,1789626995.744326,86.128,670.502,29.899,86.077,52,53,87.273,1,,,6.90,9b543e06
m6-sweep,778c54013ace,26,0,ran,qwen2.5:3b,short,10,0,c057.1,1789626996.244614,1789626996.905976,113.267,661.248,24.266,113.17,55,56,98.544,1,,,6.90,1f4dd439
m6-sweep,6cb8b79605d6,27,0,ran,qwen2.5:3b,short,10,0,c057.1,1789626997.40626,1789626998.371762,402.089,965.373,35.755,402.02,56,57,97.642,1,,,6.90,3b5f7456
m6-sweep,69c12b3d4b29,28,0,ran,qwen2.5:3b,short,10,0,c057.1,1789626998.872068,1789626999.498034,91.518,625.802,39.598,91.482,52,53,95.455,1,,,6.90,e037a676
m6-sweep,e7f0cdfeed63,29,0,ran,qwen2.5:3b,short,10,0,c057.1,1789626999.998348,1789627001.678563,1090.573,1680.039,1037.514,1090.537,56,57,93.305,1,,,7.63,f6217ab6
m6-sweep,ed9aed12de33,30,0,ran,qwen2.5:3b,short,10,0,c057.1,1789627002.178877,1789627003.8478,1106.01,1668.81,1047.61,1105.972,52,53,90.618,1,,,7.63,2b4fd66c
m6-sweep,804fe012c7ab,31,0,ran,qwen2.5:3b,short,10,0,c057.1,1789627004.347963,1789627004.992094,118.677,644.035,33.131,118.639,51,52,95.173,1,,,7.50,59688f6c
m6-sweep,6ee0597e2309,32,0,ran,qwen2.5:3b,short,10,0,c057.1,1789627005.492307,1789627006.347404,125.997,854.977,26.813,125.961,70,71,94.653,1,,,7.50,f4271dcd
m6-sweep,14003101578f,33,0,ran,qwen2.5:3b,short,10,0,c057.1,1789627006.847671,1789627007.459584,74.385,611.779,20.657,74.349,52,53,94.903,1,,,7.50,e024f2a9
m6-sweep,cd9081256ae5,34,0,ran,qwen2.5:3b,short,10,0,c057.1,1789627007.959871,1789627008.904985,74.585,945.0,21.367,74.517,85,86,96.506,1,,,7.50,23f4189d
m6-sweep,3bd397d4c11a,35,0,ran,qwen2.5:3b,short,10,0,c057.1,1789627009.40518,1789627013.490802,3434.185,4085.528,1057.592,3434.148,61,62,92.117,1,,,7.14,e7e4f3d1
m6-sweep,7163c0195eac,36,0,ran,qwen2.5:3b,short,10,0,c057.1,1789627013.99104,1789627014.859843,89.36,868.626,36.43,89.325,74,75,93.678,1,,,7.93,144bc33f
m6-sweep,4e9af9dd11ba,37,0,ran,qwen2.5:3b,short,10,0,c057.1,1789627015.360121,1789627016.610988,360.76,1250.763,34.016,360.718,81,82,89.887,1,,,7.93,3ee97d64
m6-sweep,1671bbb02f0f,38,0,ran,qwen2.5:3b,short,10,0,c057.1,1789627017.111192,1789627020.105462,2378.492,2994.145,26.728,2378.446,59,60,94.209,1,,,8.81,ffc1ea3d
m6-sweep,1d163ff29e80,39,0,ran,qwen2.5:3b,short,10,0,c057.1,1789627020.60569,1789627021.818062,604.173,1212.246,37.337,604.13,59,60,95.383,1,,,8.81,4ea57b2c
m6-sweep,ebb54f60141a,40,0,ran,qwen2.5:3b,short,10,0,c057.1,1789627022.318341,1789627023.283111,370.586,964.607,39.731,370.55,52,53,85.856,1,,,8.81,5e108aa2
m6-sweep,c15e4037f5fe,41,0,ran,qwen2.5:3b,short,10,0,c057.1,1789627023.783377,1789627025.024384,367.234,1240.865,38.498,367.153,82,83,92.716,1,,,9.31,67bf76ae
m6-sweep,c348069dbe26,42,0,ran,qwen2.5:3b,short,10,0,c057.1,1789627025.524679,1789627026.374704,73.665,849.92,23.245,73.617,75,76,95.33,1,,,9.31,212afbdf
m6-sweep,e07f245b07a7,43,0,ran,qwen2.5:3b,short,10,0,c057.1,1789627026.874916,1789627028.508229,79.028,1633.211,28.339,78.975,82,83,52.117,1,,,9.31,1ada226a
m6-sweep,ef00934aa4cb,44,0,ran,qwen2.5:3b,short,10,0,c057.1,1789627029.008458,1789627032.941359,3304.197,3932.782,1034.276,3304.163,59,60,92.271,1,,,8.72,78ff79c8
m6-sweep,5dd2e736dcc2,45,0,ran,qwen2.5:3b,short,10,0,c057.1,1789627033.441587,1789627034.355143,82.098,913.441,33.184,82.056,59,60,69.767,1,,,8.72,41e2bab9
m6-sweep,08f4ecad0161,46,0,ran,qwen2.5:3b,short,10,0,c057.1,1789627034.855365,1789627035.681158,78.185,825.688,27.405,78.15,73,74,96.321,1,,,8.27,b3dcb766
m6-sweep,80c8ed8c6c4b,47,0,ran,qwen2.5:3b,short,10,0,c057.1,1789627036.181396,1789627037.128625,82.222,947.012,29.813,82.184,56,57,63.599,1,,,8.27,a85cb38b
m6-sweep,1fdedaaf4d89,48,0,ran,qwen2.5:3b,short,10,0,c057.1,1789627037.629092,1789627038.501153,348.327,871.871,37.607,348.282,50,51,93.593,1,,,8.27,ccf58d3d
m6-sweep,57daaa323e7f,49,0,ran,qwen2.5:3b,short,10,0,c057.1,1789627039.001452,1789627042.4716,2149.658,3470.048,2049.325,2149.623,77,78,57.559,1,,,8.00,4679a623
m6-sweep,76f2df839526,50,0,ran,qwen2.5:3b,short,10,0,c057.1,1789627042.971836,1789627044.624905,1111.117,1652.947,1055.108,1111.082,52,53,94.126,1,,,8.00,30ad43d7
m6-sweep,4e242f08a93c,51,0,ran,qwen2.5:3b,short,10,0,c057.1,1789627045.125238,1789627046.2624,93.78,1137.042,37.887,93.74,99,100,93.936,1,,,9.21,c83ac869
m6-sweep,e3427d7823c2,52,0,ran,qwen2.5:3b,short,10,0,c057.1,1789627046.762581,1789627048.488647,1095.386,1725.954,1040.564,1095.348,52,53,80.879,1,,,9.21,cc7e0cef
m6-sweep,fee0379ef57a,0,1,ran,qwen2.5:3b,short,5,50,c058.1,1789627051.164546,1789627052.884665,1296.658,1720.013,1137.445,1296.597,41,42,94.483,1,,,8.79,1519dd57
m6-sweep,89345ae02da0,1,1,ran,qwen2.5:3b,short,5,50,c058.1,1789627053.385131,1789627054.285666,285.493,900.431,127.35,285.422,59,60,94.319,1,,,8.79,5ac2a6e6
m6-sweep,bb7c205cc2d7,2,1,ran,qwen2.5:3b,short,5,50,c058.1,1789627054.785906,1789627056.110153,295.933,1324.131,137.973,295.882,99,100,95.312,1,,,8.25,902c4a73
m6-sweep,178114c2772e,3,0,ran,qwen2.5:3b,short,5,50,c058.1,1789627056.610487,1789627058.156393,275.744,1545.8,119.89,275.646,77,78,59.84,1,,,8.25,59b4ca0c
m6-sweep,44f723240f03,4,0,ran,qwen2.5:3b,short,5,50,c058.1,1789627058.656609,1789627059.414731,295.049,758.02,139.765,295.004,41,42,86.399,1,,,8.25,84a94ddd
m6-sweep,bc8d20565ee7,5,0,ran,qwen2.5:3b,short,5,50,c058.1,1789627059.914949,1789627060.811378,287.9,896.274,135.052,287.848,52,53,83.83,1,,,7.82,f27aabfb
m6-sweep,4a0b255d50ef,6,0,ran,qwen2.5:3b,short,5,50,c058.1,1789627061.311648,1789627062.497556,453.481,1185.811,134.358,453.435,70,71,94.22,1,,,7.82,9b6dbbde
m6-sweep,ed4628065ea5,7,0,ran,qwen2.5:3b,short,5,50,c058.1,1789627062.997801,1789627064.053509,289.793,1055.605,130.208,289.758,63,64,80.96,1,,,7.82,df88e43e
m6-sweep,ec942696f0d4,8,0,ran,qwen2.5:3b,short,5,50,c058.1,1789627064.553709,1789627065.694489,294.753,1140.692,132.659,294.709,80,81,93.387,1,,,7.28,fefa32c7
m6-sweep,9adf8251f020,9,0,ran,qwen2.5:3b,short,5,50,c058.1,1789627066.194728,1789627067.012006,292.052,817.177,130.932,292.001,51,52,95.215,1,,,7.28,815be0b9
m6-sweep,cd54d178cda4,10,0,ran,qwen2.5:3b,short,5,50,c058.1,1789627067.512245,1789627069.494614,1295.897,1982.257,1137.787,1295.842,65,66,93.246,1,,,7.28,7dd2479d
m6-sweep,12608bbd070a,11,0,ran,qwen2.5:3b,short,5,50,c058.1,1789627069.994884,1789627070.911569,422.946,916.507,120.119,422.901,52,53,103.331,1,,,7.10,5153a0b1
m6-sweep,7f6336daa390,12,0,ran,qwen2.5:3b,short,5,50,c058.1,1789627071.411885,1789627073.071249,854.111,1659.192,139.371,854.074,70,71,85.706,1,,,7.10,0283b1f4
m6-sweep,c71384d8a2f2,13,0,ran,qwen2.5:3b,short,5,50,c058.1,1789627073.571584,1789627074.521569,282.931,949.885,125.228,282.893,52,53,76.467,1,,,7.10,d41558e2
m6-sweep,95128e8fde4c,14,0,ran,qwen2.5:3b,short,5,50,c058.1,1789627075.021794,1789627075.939646,294.055,917.731,133.868,293.985,52,53,81.773,1,,,7.09,9c573f3b
m6-sweep,00760e043c7d,15,0,ran,qwen2.5:3b,short,5,50,c058.1,1789627076.439883,1789627077.263568,278.117,823.595,118.609,278.081,53,54,95.329,1,,,7.09,c9e90579
m6-sweep,786afa7915ef,16,0,ran,qwen2.5:3b,short,5,50,c058.1,1789627077.763822,1789627078.890848,298.567,1126.89,135.163,298.511,80,81,95.373,1,,,7.09,a8439d07
m6-sweep,10a16127d0e7,17,0,ran,qwen2.5:3b,short,5,50,c058.1,1789627079.391138,1789627080.190135,279.689,798.907,123.715,279.643,43,44,80.891,1,,,8.12,de6ffd09
m6-sweep,452f04008ab3,18,0,ran,qwen2.5:3b,short,5,50,c058.1,1789627080.69043,1789627081.505033,275.743,814.516,121.847,275.691,41,42,74.243,1,,,8.12,5072689e
m6-sweep,653b8e295a4c,19,0,ran,qwen2.5:3b,short,5,50,c058.1,1789627082.005301,1789627082.704371,277.707,698.968,122.582,277.657,41,42,94.953,1,,,8.12,38f4d359
m6-sweep,8c4a38737b55,20,0,ran,qwen2.5:3b,short,5,50,c058.1,1789627083.204616,1789627084.353126,449.974,1148.409,126.589,449.914,59,60,83.043,1,,,8.12,6596de31
m6-sweep,ddf5aacf479a,21,0,ran,qwen2.5:3b,short,5,50,c058.1,1789627084.853357,1789627085.908449,274.117,1054.976,119.557,274.042,75,76,94.767,1,,,7.87,6d42bda8
m6-sweep,fa5b98bbdb56,22,0,ran,qwen2.5:3b,short,5,50,c058.1,1789627086.408684,1789627087.352203,295.047,943.43,137.173,294.972,63,64,95.622,1,,,7.87,8ba54a32
m6-sweep,98d6a5542384,23,0,ran,qwen2.5:3b,short,5,50,c058.1,1789627087.852463,1789627089.496882,854.571,1644.292,130.96,854.535,74,75,92.438,1,,,7.87,41b2c9e9
m6-sweep,ff1d1e43b36f,24,0,ran,qwen2.5:3b,short,5,50,c058.1,1789627089.9977,1789627091.00706,286.505,1009.247,127.891,286.436,70,71,95.47,1,,,8.36,b5e39964
m6-sweep,da998699a1f0,25,0,ran,qwen2.5:3b,short,5,50,c058.1,1789627091.507261,1789627092.905169,828.386,1397.805,127.577,828.313,53,54,91.321,1,,,8.36,5b9c1146
m6-sweep,633e03eb7a0c,26,0,ran,qwen2.5:3b,short,5,50,c058.1,1789627093.405397,1789627094.394722,440.337,989.22,114.733,440.291,52,53,92.916,1,,,8.36,fcbeede8
m6-sweep,2d8683a50e3a,27,0,ran,qwen2.5:3b,short,5,50,c058.1,1789627094.894958,1789627096.024901,285.705,1129.821,124.201,285.662,82,83,95.958,1,,,8.01,27308365
m6-sweep,8a460c8ee95a,28,0,ran,qwen2.5:3b,short,5,50,c058.1,1789627096.525189,1789627097.869535,286.547,1344.257,125.32,286.489,83,84,77.526,1,,,8.01,f339d276
m6-sweep,23e557bf94ae,29,0,ran,qwen2.5:3b,short,5,50,c058.1,1789627098.369783,1789627100.218567,1304.978,1848.683,1137.65,1304.942,52,53,93.801,1,,,7.61,50c67385
m6-sweep,ca84dd0d748f,30,0,ran,qwen2.5:3b,short,5,50,c058.1,1789627100.718817,1789627101.561903,279.159,842.973,122.534,279.124,41,42,70.945,1,,,7.61,816991c7
m6-sweep,9ad949378f8b,31,0,ran,qwen2.5:3b,short,5,50,c058.1,1789627102.062144,1789627102.883714,282.144,821.402,129.47,282.092,52,53,94.574,1,,,7.61,e2f8ce2d
m6-sweep,28cb67c7110c,32,0,ran,qwen2.5:3b,short,5,50,c058.1,1789627103.383993,1789627104.316724,442.065,932.599,124.849,442.016,58,59,116.2,1,,,7.61,7f8f8593
m6-sweep,38a73778bab3,33,0,ran,qwen2.5:3b,short,5,50,c058.1,1789627104.817018,1789627105.625539,284.606,808.399,124.948,284.57,41,42,76.366,1,,,7.16,28407b6a
m6-sweep,98a5040ad7e8,34,0,ran,qwen2.5:3b,short,5,50,c058.1,1789627106.125789,1789627107.024841,437.923,898.851,127.055,437.877,52,53,110.646,1,,,7.16,d1a6a886
m6-sweep,13c5c043bdfa,35,0,ran,qwen2.5:3b,short,5,50,c058.1,1789627107.525186,1789627108.544165,451.384,1018.849,136.251,451.345,70,71,121.594,1,,,7.16,9d8c6e11
m6-sweep,8ebe568dca98,36,0,ran,qwen2.5:3b,short,5,50,c058.1,1789627109.044424,1789627109.986537,283.735,942.016,125.785,283.685,63,64,94.185,1,,,8.11,7730d60a
m6-sweep,46580813c312,37,0,ran,qwen2.5:3b,short,5,50,c058.1,1789627110.486784,1789627112.695779,1306.871,2208.876,1150.695,1306.829,81,82,88.691,1,,,8.11,a5c591f7
m6-sweep,85f5b99add24,38,0,ran,qwen2.5:3b,short,5,50,c058.1,1789627113.195977,1789627114.517875,451.012,1321.792,122.56,450.968,85,86,96.465,1,,,8.11,004414ca
m6-sweep,d55d313a78f5,39,0,ran,qwen2.5:3b,short,5,50,c058.1,1789627115.018157,1789627116.717454,283.536,1699.178,126.655,283.46,80,81,55.805,1,,,7.70,10f080b1
m6-sweep,638b5d7d8534,40,0,ran,qwen2.5:3b,short,5,50,c058.1,1789627117.217668,1789627118.254986,287.931,1037.214,132.069,287.894,71,72,93.423,1,,,7.70,d241b08a
m6-sweep,683f84384167,41,0,ran,qwen2.5:3b,short,5,50,c058.1,1789627118.755232,1789627119.833056,298.814,1077.727,137.912,298.739,65,66,82.166,1,,,7.48,98bd603c
m6-sweep,97e311a1e16e,42,0,ran,qwen2.5:3b,short,5,50,c058.1,1789627120.333294,1789627121.533177,294.384,1199.775,132.403,294.349,76,77,82.837,1,,,7.48,ccdd90c7
m6-sweep,b53b1f100251,43,0,ran,qwen2.5:3b,short,5,50,c058.1,1789627122.033438,1789627122.851885,285.894,818.336,124.471,285.831,52,53,95.785,1,,,7.48,e66ddc94
m6-sweep,b95cc8ca7fa7,44,0,ran,qwen2.5:3b,short,5,50,c058.1,1789627123.352104,1789627124.879526,285.198,1527.334,131.978,285.162,99,100,78.896,1,,,7.04,ee0fee73
m6-sweep,b1bc43e62aa2,45,0,ran,qwen2.5:3b,short,5,50,c058.1,1789627125.379835,1789627126.329225,299.743,949.283,139.575,299.67,63,64,95.452,1,,,7.04,15583f1a
m6-sweep,1ac3deb9f43e,46,0,ran,qwen2.5:3b,short,5,50,c058.1,1789627126.829478,1789627127.696395,284.349,866.741,128.464,284.266,56,57,94.438,1,,,7.04,20a7ab90
m6-sweep,a1cf1130eb85,47,0,ran,qwen2.5:3b,short,5,50,c058.1,1789627128.196755,1789627129.363302,283.674,1166.441,127.861,283.62,85,86,95.155,1,,,7.04,34a987df
m6-sweep,5a988d91eb78,48,0,ran,qwen2.5:3b,short,5,50,c058.1,1789627129.863502,1789627132.017468,279.951,2153.879,124.003,279.902,59,60,30.951,1,,,7.12,6f806538
m6-sweep,acac43d8ab23,49,0,ran,qwen2.5:3b,short,5,50,c058.1,1789627132.517801,1789627133.42631,295.709,908.38,133.802,295.673,52,53,83.242,1,,,7.12,b2c26784
m6-sweep,93f6a80d786e,50,0,ran,qwen2.5:3b,short,5,50,c058.1,1789627133.926584,1789627135.378916,787.309,1452.24,120.026,787.254,53,54,78.204,1,,,7.91,a7ea771e
m6-sweep,af6b51947658,51,0,ran,qwen2.5:3b,short,5,50,c058.1,1789627135.879127,1789627136.784416,274.842,905.133,119.685,274.774,52,53,80.915,1,,,7.91,d28aa5d5
m6-sweep,b35ec6e2b069,52,0,ran,qwen2.5:3b,short,5,50,c058.1,1789627137.284795,1789627138.106088,282.988,821.105,126.747,282.921,52,53,94.775,1,,,7.91,16ff84c7
m6-sweep,cc4d373d2e73,0,1,ran,qwen2.5:0.5b,long,1,0,c059.1,1789627140.603153,1789627143.890612,2802.028,3287.289,22.753,2801.957,128,128,261.715,1,,,7.52,ce3e41fe
m6-sweep,2027a1602a65,1,1,ran,qwen2.5:0.5b,long,1,0,c059.1,1789627144.390943,1789627145.101013,250.639,709.867,36.303,250.559,128,128,276.551,1,,,7.40,e4dd91ef
m6-sweep,c6e2c33ccb2a,2,1,ran,qwen2.5:0.5b,long,1,0,c059.1,1789627145.601232,1789627146.161791,105.556,560.436,30.962,105.478,128,128,279.195,1,,,7.40,a845356c
m6-sweep,da488ceccbed,3,0,ran,qwen2.5:0.5b,long,1,0,c059.1,1789627146.662061,1789627147.223392,102.296,561.222,31.731,102.25,128,128,276.733,1,,,7.40,f71b4389
m6-sweep,ca45c234b44b,4,0,ran,qwen2.5:0.5b,long,1,0,c059.1,1789627147.72362,1789627148.278688,101.586,554.901,27.031,101.516,128,128,280.158,1,,,7.40,f23a0379
m6-sweep,38a0a9f8047d,5,0,ran,qwen2.5:0.5b,long,1,0,c059.1,1789627148.778931,1789627149.367892,102.677,588.852,27.716,102.636,128,128,261.223,1,,,7.40,9b7f19bf
m6-sweep,7324ce9feca8,6,0,ran,qwen2.5:0.5b,long,1,0,c059.1,1789627149.868056,1789627150.427985,108.39,559.815,35.414,108.355,128,128,281.331,1,,,7.36,9f8bbe17
m6-sweep,3b829be49c8d,7,0,ran,qwen2.5:0.5b,long,1,0,c059.1,1789627150.928168,1789627151.491857,106.67,563.575,32.876,106.635,128,128,277.957,1,,,7.36,858bd0a5
m6-sweep,040eaf09bc20,8,0,ran,qwen2.5:0.5b,long,1,0,c059.1,1789627151.992071,1789627152.576681,90.486,584.502,26.369,90.441,128,128,257.077,1,,,7.36,4a82a057
m6-sweep,5097c5955634,9,0,ran,qwen2.5:0.5b,long,1,0,c059.1,1789627153.076942,1789627153.631107,97.997,554.035,27.301,97.955,128,128,278.485,1,,,7.36,d0c14d61
m6-sweep,835dce99a4eb,10,0,ran,qwen2.5:0.5b,long,1,0,c059.1,1789627154.131325,1789627154.691298,107.272,559.843,33.871,107.235,128,128,280.619,1,,,7.36,699132d9
m6-sweep,3d14d00423eb,11,0,ran,qwen2.5:0.5b,long,1,0,c059.1,1789627155.191525,1789627155.749082,96.854,557.439,33.381,96.796,128,128,275.736,1,,,7.02,1ef1c47e
m6-sweep,6798a49c2cf4,12,0,ran,qwen2.5:0.5b,long,1,0,c059.1,1789627156.249355,1789627156.956503,250.93,707.028,35.749,250.895,128,128,278.449,1,,,7.02,f7fceaf7
m6-sweep,7725c0097424,13,0,ran,qwen2.5:0.5b,long,1,0,c059.1,1789627157.45671,1789627158.001567,98.001,544.733,33.535,97.957,128,128,284.286,1,,,7.02,9094b729
m6-sweep,2c6e42c246a5,14,0,ran,qwen2.5:0.5b,long,1,0,c059.1,1789627158.501833,1789627159.046858,92.651,544.911,27.967,92.601,128,128,280.812,1,,,7.02,92d8136f
m6-sweep,5778e2b525ce,15,0,ran,qwen2.5:0.5b,long,1,0,c059.1,1789627159.547053,1789627160.088611,86.756,541.453,22.211,86.711,128,128,279.306,1,,,7.01,9c6ae458
m6-sweep,57a0517b8b1c,16,0,ran,qwen2.5:0.5b,long,1,0,c059.1,1789627160.588822,1789627161.148711,104.924,559.782,39.473,104.887,128,128,279.208,1,,,7.01,fbd4e0be
m6-sweep,5383eafdb137,17,0,ran,qwen2.5:0.5b,long,1,0,c059.1,1789627161.64892,1789627162.206283,99.82,557.251,37.127,99.769,128,128,277.637,1,,,7.01,eab53fce
m6-sweep,1a30686defe6,18,0,ran,qwen2.5:0.5b,long,1,0,c059.1,1789627162.70651,1789627163.266459,101.831,559.854,37.93,101.788,128,128,277.278,1,,,7.01,b49479a9
m6-sweep,3ee82dfa88e0,19,0,ran,qwen2.5:0.5b,long,1,0,c059.1,1789627163.766789,1789627164.364551,100.381,597.642,34.804,100.339,128,128,255.399,1,,,7.01,c033365d
m6-sweep,853eb10ba4c4,20,0,ran,qwen2.5:0.5b,long,1,0,c059.1,1789627164.864773,1789627165.437879,112.157,572.984,36.626,112.098,128,128,275.591,1,,,6.85,48ba3f11
m6-sweep,151edd7bee5e,21,0,ran,qwen2.5:0.5b,long,1,0,c059.1,1789627165.938098,1789627166.493512,97.43,555.286,24.565,97.389,128,128,277.38,1,,,6.85,ac04af81
m6-sweep,c113fd910137,22,0,ran,qwen2.5:0.5b,long,1,0,c059.1,1789627166.993774,1789627167.546525,98.476,552.626,26.87,98.426,128,128,279.643,1,,,6.85,d6ebb4cc
m6-sweep,56935b8719da,23,0,ran,qwen2.5:0.5b,long,1,0,c059.1,1789627168.046755,1789627168.599612,100.156,552.741,34.137,100.11,128,128,280.61,1,,,6.85,9ad3b4f2
m6-sweep,6fcf9d0bfd48,24,0,ran,qwen2.5:0.5b,long,1,0,c059.1,1789627169.099859,1789627169.651496,94.748,551.528,21.948,94.705,128,128,278.033,1,,,6.85,ba5b4f2b
m6-sweep,425c1b961d45,25,0,ran,qwen2.5:0.5b,long,1,0,c059.1,1789627170.151762,1789627170.706648,102.294,554.755,30.478,102.235,128,128,280.687,1,,,6.86,ed82b14e
m6-sweep,fb1e18b45509,26,0,ran,qwen2.5:0.5b,long,1,0,c059.1,1789627171.20687,1789627171.766169,97.22,559.16,31.155,97.177,128,128,274.927,1,,,6.86,f5f4ebd2
m6-sweep,ef966e00e0d6,27,0,ran,qwen2.5:0.5b,long,1,0,c059.1,1789627172.266432,1789627172.942651,220.787,676.099,26.629,220.696,128,128,278.929,1,,,6.86,81faa3dd
m6-sweep,ff44594cf3d4,28,0,ran,qwen2.5:0.5b,long,1,0,c059.1,1789627173.442886,1789627174.005653,108.969,562.664,36.795,108.927,128,128,279.924,1,,,6.86,7bc06674
m6-sweep,ab41fffee543,29,0,ran,qwen2.5:0.5b,long,1,0,c059.1,1789627174.505866,1789627175.073101,102.4,567.127,33.546,102.331,128,128,273.279,1,,,6.71,8f8c69ec
m6-sweep,1ccb71e96f89,30,0,ran,qwen2.5:0.5b,long,1,0,c059.1,1789627175.573326,1789627176.123698,86.076,550.247,22.442,86.028,128,128,273.606,1,,,6.71,d041ef4f
m6-sweep,3ea6752030e8,31,0,ran,qwen2.5:0.5b,long,1,0,c059.1,1789627176.623922,1789627177.171522,95.357,547.49,26.506,95.303,128,128,280.891,1,,,6.71,093508f5
m6-sweep,9e017697a800,32,0,ran,qwen2.5:0.5b,long,1,0,c059.1,1789627177.671717,1789627178.231583,99.342,559.753,33.873,99.29,128,128,275.84,1,,,6.71,1d69d8cb
m6-sweep,42bf19b6146e,33,0,ran,qwen2.5:0.5b,long,1,0,c059.1,1789627178.731806,1789627179.284572,121.657,552.65,33.392,121.54,128,128,294.668,1,,,6.71,cd047144
m6-sweep,e0a81c99b908,34,0,ran,qwen2.5:0.5b,long,1,0,c059.1,1789627179.78478,1789627180.345681,104.104,560.769,38.095,104.054,128,128,278.103,1,,,6.42,86e14dfc
m6-sweep,456370aeee27,35,0,ran,qwen2.5:0.5b,long,1,0,c059.1,1789627180.845911,1789627181.406458,97.542,560.438,32.874,97.503,128,128,274.359,1,,,6.42,058d9a2d
m6-sweep,017697c66000,36,0,ran,qwen2.5:0.5b,long,1,0,c059.1,1789627181.906702,1789627182.469832,96.988,563.006,32.908,96.945,128,128,272.522,1,,,6.42,e5a25a31
m6-sweep,69da9e517ab0,37,0,ran,qwen2.5:0.5b,long,1,0,c059.1,1789627182.970146,1789627183.539536,106.867,569.231,33.275,106.827,128,128,274.675,1,,,6.42,410d3bd5
m6-sweep,2ae1e58eae38,38,0,ran,qwen2.5:0.5b,long,1,0,c059.1,1789627184.039798,1789627184.593918,95.355,553.991,30.654,95.308,128,128,276.908,1,,,6.42,e98ebcf5
m6-sweep,8e180cfa08e4,39,0,ran,qwen2.5:0.5b,long,1,0,c059.1,1789627185.09415,1789627185.671784,93.72,577.509,24.831,93.684,128,128,262.511,1,,,6.22,9bc910ba
m6-sweep,d297f7ac2ecc,40,0,ran,qwen2.5:0.5b,long,1,0,c059.1,1789627186.172044,1789627186.736891,102.979,564.74,29.229,102.925,128,128,275.034,1,,,6.22,11a47b90
m6-sweep,2a8eadb3f4a5,41,0,ran,qwen2.5:0.5b,long,1,0,c059.1,1789627187.237092,1789627187.79003,92.892,552.809,25.668,92.82,128,128,276.136,1,,,6.22,8c568cf8
m6-sweep,c0ed71db8a16,42,0,ran,qwen2.5:0.5b,long,1,0,c059.1,1789627188.29027,1789627188.848485,101.381,558.102,34.698,101.309,128,128,278.069,1,,,6.22,aa55d976
m6-sweep,9d317cf1e535,43,0,ran,qwen2.5:0.5b,long,1,0,c059.1,1789627189.348719,1789627189.891606,85.971,542.779,20.886,85.931,128,128,278.016,1,,,7.09,86b5cdd3
m6-sweep,7f3abb6b9b12,44,0,ran,qwen2.5:0.5b,long,1,0,c059.1,1789627190.391968,1789627190.938825,85.345,546.741,21.602,85.294,128,128,275.252,1,,,7.09,8c110fc4
m6-sweep,10fb29ae1f79,45,0,ran,qwen2.5:0.5b,long,1,0,c059.1,1789627191.439065,1789627191.995111,97.475,555.827,32.996,97.44,128,128,277.08,1,,,7.09,d3e6feee
m6-sweep,7551c14114d1,46,0,ran,qwen2.5:0.5b,long,1,0,c059.1,1789627192.495338,1789627193.19525,213.042,699.788,18.468,213.003,128,128,260.916,1,,,7.09,937b6848
m6-sweep,806f7a210217,47,0,ran,qwen2.5:0.5b,long,1,0,c059.1,1789627193.695481,1789627194.256748,98.446,561.154,34.272,98.393,128,128,274.471,1,,,7.09,2da33a02
m6-sweep,46716b659882,48,0,ran,qwen2.5:0.5b,long,1,0,c059.1,1789627194.756965,1789627195.309254,93.815,552.177,30.752,93.767,128,128,277.073,1,,,6.84,1609b391
m6-sweep,6e6b23a8ed33,49,0,ran,qwen2.5:0.5b,long,1,0,c059.1,1789627195.809713,1789627196.399937,99.19,590.093,34.663,99.135,128,128,258.707,1,,,6.84,af059c61
m6-sweep,2f29ad8bed4e,50,0,ran,qwen2.5:0.5b,long,1,0,c059.1,1789627196.900199,1789627197.446012,91.672,545.686,26.244,91.62,128,128,279.727,1,,,6.84,ca17d61b
m6-sweep,aae678789972,51,0,ran,qwen2.5:0.5b,long,1,0,c059.1,1789627197.94624,1789627198.494809,96.253,548.449,28.884,96.195,128,128,280.851,1,,,6.84,44662632
m6-sweep,4cf963d5a503,52,0,ran,qwen2.5:0.5b,long,1,0,c059.1,1789627198.995033,1789627199.585774,102.34,590.619,35.652,102.302,128,128,260.097,1,,,6.84,f9769079
m6-sweep,e0f11e91a13b,0,1,ran,qwen2.5:0.5b,short,1,100,c060.1,1789627202.109786,1789627202.833806,492.477,723.923,233.866,492.423,24,25,99.375,1,,,6.69,a43326ae
m6-sweep,9b2160df6b57,1,1,ran,qwen2.5:0.5b,short,1,100,c060.1,1789627203.334047,1789627204.319509,476.066,985.352,224.776,476.012,24,25,45.161,1,,,6.69,f1c7e874
m6-sweep,f92fabe55f47,2,1,ran,qwen2.5:0.5b,short,1,100,c060.1,1789627204.819748,1789627205.54501,484.967,725.171,234.462,484.92,24,25,95.752,1,,,6.56,f202ccf9
m6-sweep,9a1352677cf6,3,0,ran,qwen2.5:0.5b,short,1,100,c060.1,1789627206.045259,1789627206.744736,473.334,699.262,221.906,473.278,24,25,101.802,1,,,6.56,3aa44641
m6-sweep,3f94c03eab1f,4,0,ran,qwen2.5:0.5b,short,1,100,c060.1,1789627207.245087,1789627207.968823,480.029,723.642,230.201,479.957,24,25,94.412,1,,,6.56,da543dbc
m6-sweep,f7f1b24eb6c3,5,0,ran,qwen2.5:0.5b,short,1,100,c060.1,1789627208.468999,1789627209.191735,482.257,722.612,228.536,482.21,24,25,95.692,1,,,6.56,3a1567d5
m6-sweep,67c57ba7660d,6,0,ran,qwen2.5:0.5b,short,1,100,c060.1,1789627209.692,1789627210.724631,783.829,1032.521,232.028,783.737,24,25,92.484,1,,,6.59,a44493a4
m6-sweep,6c7fb2b29e70,7,0,ran,qwen2.5:0.5b,short,1,100,c060.1,1789627211.224884,1789627211.930835,484.448,705.855,230.926,484.404,31,32,135.497,1,,,6.59,4133fd4c
m6-sweep,db181ade0acf,8,0,ran,qwen2.5:0.5b,short,1,100,c060.1,1789627212.431056,1789627213.13143,478.177,700.227,227.044,478.125,24,25,103.58,1,,,6.59,1bfb185b
m6-sweep,664ceaf48c07,9,0,ran,qwen2.5:0.5b,short,1,100,c060.1,1789627213.631727,1789627214.348442,475.246,716.508,224.372,475.203,24,25,95.332,1,,,6.59,21bda1a5
m6-sweep,1c4f22258ec3,10,0,ran,qwen2.5:0.5b,short,1,100,c060.1,1789627214.848658,1789627215.545365,475.605,696.579,223.968,475.569,24,25,104.085,1,,,6.22,b873209d
m6-sweep,e34f5caf9236,11,0,ran,qwen2.5:0.5b,short,1,100,c060.1,1789627216.045712,1789627216.753773,482.669,707.974,228.091,482.631,23,24,97.645,1,,,6.22,52683c31
m6-sweep,f6c1899205d5,12,0,ran,qwen2.5:0.5b,short,1,100,c060.1,1789627217.253998,1789627217.958586,477.735,704.5,226.119,477.69,31,32,132.295,1,,,6.22,3186b625
m6-sweep,51993d968d6a,13,0,ran,qwen2.5:0.5b,short,1,100,c060.1,1789627218.458822,1789627219.179175,474.971,720.263,224.813,474.936,24,25,93.766,1,,,6.22,6f8d605e
m6-sweep,2f8c9f7f26ff,14,0,ran,qwen2.5:0.5b,short,1,100,c060.1,1789627219.679454,1789627220.39131,487.124,711.758,237.512,487.088,27,28,115.744,1,,,5.97,6cf6ec7d
m6-sweep,1dadba788b17,15,0,ran,qwen2.5:0.5b,short,1,100,c060.1,1789627220.891535,1789627221.618398,485.942,726.77,224.368,485.885,24,25,95.504,1,,,5.97,5f2572f8
m6-sweep,71745a81deba,16,0,ran,qwen2.5:0.5b,short,1,100,c060.1,1789627222.118724,1789627222.832177,480.678,713.327,229.005,480.618,24,25,98.862,1,,,5.97,8326268e
m6-sweep,98d8a8a62993,17,0,ran,qwen2.5:0.5b,short,1,100,c060.1,1789627223.332484,1789627224.063828,482.717,731.25,231.781,482.681,31,32,120.708,1,,,5.97,f11580bc
m6-sweep,afa32afb7d94,18,0,ran,qwen2.5:0.5b,short,1,100,c060.1,1789627224.564053,1789627225.285598,483.071,721.427,224.094,483.025,31,32,125.862,1,,,5.97,4d8c0168
m6-sweep,361fcdfc277a,19,0,ran,qwen2.5:0.5b,short,1,100,c060.1,1789627225.785862,1789627226.504448,479.593,718.479,225.776,479.554,24,25,96.28,1,,,5.97,6f2f9bb2
m6-sweep,2a1230b20d6a,20,0,ran,qwen2.5:0.5b,short,1,100,c060.1,1789627227.004676,1789627227.703704,476.437,698.935,223.514,476.402,31,32,134.833,1,,,5.97,63f986b7
m6-sweep,cdb97fc5c7f8,21,0,ran,qwen2.5:0.5b,short,1,100,c060.1,1789627228.204022,1789627228.90567,476.652,701.438,224.624,476.601,28,29,120.114,1,,,5.97,d5b68a36
m6-sweep,8fcfd86beed1,22,0,ran,qwen2.5:0.5b,short,1,100,c060.1,1789627229.406034,1789627230.134081,488.335,727.952,231.764,488.299,31,32,125.2,1,,,5.97,301bbaac
m6-sweep,c190fcf2b4a1,23,0,ran,qwen2.5:0.5b,short,1,100,c060.1,1789627230.634311,1789627231.351568,478.075,717.142,224.711,478.019,24,25,96.207,1,,,5.97,e5ff2930
m6-sweep,2c04910f4b6c,24,0,ran,qwen2.5:0.5b,short,1,100,c060.1,1789627231.851864,1789627232.557897,479.785,705.941,226.333,479.731,28,29,119.387,1,,,5.97,69d641dd
m6-sweep,22cab2aa679b,25,0,ran,qwen2.5:0.5b,short,1,100,c060.1,1789627233.05812,1789627233.763754,484.051,705.479,231.382,483.972,24,25,103.871,1,,,5.97,38a7834e
m6-sweep,97fd94ede259,26,0,ran,qwen2.5:0.5b,short,1,100,c060.1,1789627234.264056,1789627234.966491,477.602,702.31,224.978,477.566,28,29,120.156,1,,,6.93,99180066
m6-sweep,699509c025ca,27,0,ran,qwen2.5:0.5b,short,1,100,c060.1,1789627235.466752,1789627236.175915,477.107,709.053,227.264,477.052,24,25,99.161,1,,,6.93,90077030
m6-sweep,59079c365c02,28,0,ran,qwen2.5:0.5b,short,1,100,c060.1,1789627236.676191,1789627237.408751,484.926,732.414,230.645,484.881,26,27,101.015,1,,,6.93,e7d63aa9
m6-sweep,becc32715b3d,29,0,ran,qwen2.5:0.5b,short,1,100,c060.1,1789627237.909042,1789627238.617259,470.502,708.103,235.752,470.447,24,25,96.801,1,,,6.93,43f4b124
m6-sweep,d3d1e6200f5c,30,0,ran,qwen2.5:0.5b,short,1,100,c060.1,1789627239.11747,1789627239.838597,488.116,720.981,227.998,488.045,24,25,98.77,1,,,7.66,37a11c90
m6-sweep,b38372af7ed0,31,0,ran,qwen2.5:0.5b,short,1,100,c060.1,1789627240.338923,1789627241.06077,720.9,721.723,225.369,720.858,32,33,37661.535,1,,,7.66,54d2f63d
m6-sweep,74b12dbecca0,32,0,ran,qwen2.5:0.5b,short,1,100,c060.1,1789627241.56105,1789627242.278532,478.978,717.383,223.68,478.917,26,27,104.864,1,,,7.66,8820ec89
m6-sweep,ef256efc9c9e,33,0,ran,qwen2.5:0.5b,short,1,100,c060.1,1789627242.778754,1789627243.483078,479.21,704.236,225.331,479.167,24,25,102.211,1,,,7.66,85a8f8b6
m6-sweep,315ff5d9e0a9,34,0,ran,qwen2.5:0.5b,short,1,100,c060.1,1789627243.98332,1789627244.711813,727.557,728.413,231.57,727.521,31,32,35083.944,1,,,7.66,fada0a47
m6-sweep,06261f514c71,35,0,ran,qwen2.5:0.5b,short,1,100,c060.1,1789627245.212016,1789627245.929507,479.746,717.403,225.498,479.702,25,26,100.986,1,,,7.37,c2dcf022
m6-sweep,3cf4a31141ef,36,0,ran,qwen2.5:0.5b,short,1,100,c060.1,1789627246.429734,1789627247.211751,477.643,781.934,224.469,477.605,25,26,78.872,1,,,7.37,cc68e702
m6-sweep,aaa14ccfb2d2,37,0,ran,qwen2.5:0.5b,short,1,100,c060.1,1789627247.711951,1789627248.434819,486.933,722.774,226.675,486.888,25,26,101.764,1,,,7.37,c7914fb2
m6-sweep,ad5203255391,38,0,ran,qwen2.5:0.5b,short,1,100,c060.1,1789627248.935082,1789627249.65959,484.326,724.405,228.462,484.291,25,26,99.967,1,,,7.37,7b791c7a
m6-sweep,4adf6a1d4167,39,0,ran,qwen2.5:0.5b,short,1,100,c060.1,1789627250.159801,1789627250.864761,481.543,704.857,225.661,481.485,24,25,102.994,1,,,6.94,8fbffd75
m6-sweep,5d439b9d4fbd,40,0,ran,qwen2.5:0.5b,short,1,100,c060.1,1789627251.364998,1789627252.072139,486.289,707.05,232.785,486.254,23,24,99.656,1,,,6.94,790928f6
m6-sweep,41b482aeefb5,41,0,ran,qwen2.5:0.5b,short,1,100,c060.1,1789627252.572392,1789627254.239241,479.432,1666.771,226.373,479.395,24,25,19.371,1,,,6.94,64ef2111
m6-sweep,bfa8ecc01e28,42,0,ran,qwen2.5:0.5b,short,1,100,c060.1,1789627254.739477,1789627255.451785,490.099,712.209,239.302,490.045,24,25,103.552,1,,,6.78,27c5bb61
m6-sweep,b8f97f183295,43,0,ran,qwen2.5:0.5b,short,1,100,c060.1,1789627255.952173,1789627256.659456,480.101,707.122,224.682,480.022,24,25,101.312,1,,,6.78,d566f78d
m6-sweep,202130ad300e,44,0,ran,qwen2.5:0.5b,short,1,100,c060.1,1789627257.159818,1789627257.868352,485.125,708.363,232.375,485.079,30,31,129.906,1,,,6.78,5fe02038
m6-sweep,77a49239c1fe,45,0,ran,qwen2.5:0.5b,short,1,100,c060.1,1789627258.368671,1789627259.391309,484.699,1022.545,231.392,484.663,24,25,42.763,1,,,6.78,3ef07e97
m6-sweep,7e742a1d4142,46,0,ran,qwen2.5:0.5b,short,1,100,c060.1,1789627259.89156,1789627260.603876,480.265,712.187,230.849,480.228,24,25,99.171,1,,,6.40,f6247ce9
m6-sweep,6dc9a8d67c98,47,0,ran,qwen2.5:0.5b,short,1,100,c060.1,1789627261.104188,1789627261.809409,485.799,705.126,232.661,485.744,24,25,104.866,1,,,6.40,41bd4305
m6-sweep,86fd5e5861f1,48,0,ran,qwen2.5:0.5b,short,1,100,c060.1,1789627262.309688,1789627263.0185,480.543,708.648,227.734,480.418,24,25,100.831,1,,,6.40,202ec22b
m6-sweep,11c5e28f8b90,49,0,ran,qwen2.5:0.5b,short,1,100,c060.1,1789627263.518848,1789627265.236458,1485.414,1717.454,1234.626,1485.344,24,25,99.121,1,,,6.13,9e0d6a48
m6-sweep,92f7aca3a2e1,50,0,ran,qwen2.5:0.5b,short,1,100,c060.1,1789627265.736785,1789627266.445527,482.661,708.635,228.285,482.617,24,25,101.782,1,,,6.13,4ab653fb
m6-sweep,20afff941ebb,51,0,ran,qwen2.5:0.5b,short,1,100,c060.1,1789627266.945762,1789627267.675822,485.25,729.968,231.609,485.213,24,25,93.986,1,,,6.13,2da01ecb
m6-sweep,280db84917a4,52,0,ran,qwen2.5:0.5b,short,1,100,c060.1,1789627268.176098,1789627268.899961,486.196,723.762,231.613,486.135,24,25,96.816,1,,,6.13,84f735bd
m6-sweep,2ba067c7523f,0,1,ran,qwen2.5:3b,short,0,200,c061.1,1789627271.410132,1789627275.984545,3707.392,4574.295,439.904,3707.349,61,62,69.212,1,,,6.53,e134fdbb
m6-sweep,656167a1d368,1,1,ran,qwen2.5:3b,short,0,200,c061.1,1789627276.484802,1789627277.895632,880.542,1410.527,420.642,880.496,52,53,96.229,1,,,6.53,f9e04049
m6-sweep,87a7dfad168e,2,1,ran,qwen2.5:3b,short,0,200,c061.1,1789627278.396001,1789627279.817836,891.529,1421.685,433.575,891.487,52,53,96.198,1,,,6.53,f20447c0
m6-sweep,d488ae27b75e,3,0,ran,qwen2.5:3b,short,0,200,c061.1,1789627280.31818,1789627282.264318,886.413,1946.044,431.572,886.377,82,83,76.442,1,,,7.29,c629a12e
m6-sweep,966cf65f7358,4,0,ran,qwen2.5:3b,short,0,200,c061.1,1789627282.764547,1789627284.798733,875.238,2034.082,420.356,875.202,107,108,91.47,1,,,7.29,c53dfd56
m6-sweep,ae67be39b0d3,5,0,ran,qwen2.5:3b,short,0,200,c061.1,1789627285.298986,1789627287.051694,878.339,1752.621,423.157,878.281,70,71,78.922,1,,,7.26,e741ce77
m6-sweep,70c4e0a4111a,6,0,ran,qwen2.5:3b,short,0,200,c061.1,1789627287.55197,1789627289.021901,878.545,1469.81,420.421,878.507,52,53,86.256,1,,,7.26,78abe758
m6-sweep,c0329ccdce96,7,0,ran,qwen2.5:3b,short,0,200,c061.1,1789627289.522115,1789627291.28292,887.284,1760.681,434.727,887.248,82,83,92.741,1,,,6.92,dc02a747
m6-sweep,75e97a87a7d6,8,0,ran,qwen2.5:3b,short,0,200,c061.1,1789627291.783222,1789627293.247425,886.545,1464.078,428.917,886.509,56,57,95.233,1,,,6.92,592c9ee0
m6-sweep,6a7884358d03,9,0,ran,qwen2.5:3b,short,0,200,c061.1,1789627293.747708,1789627295.674009,893.822,1926.211,436.967,893.778,93,94,89.114,1,,,6.93,21a4f41b
m6-sweep,3baf04eb7b4e,10,0,ran,qwen2.5:3b,short,0,200,c061.1,1789627296.174287,1789627297.909889,878.666,1735.481,418.658,878.624,74,75,85.199,1,,,6.93,129608e6
m6-sweep,ca0f09866d09,11,0,ran,qwen2.5:3b,short,0,200,c061.1,1789627298.410118,1789627299.870377,884.178,1460.152,424.787,884.129,56,57,95.49,1,,,7.73,27d7905a
m6-sweep,7c4892b746af,12,0,ran,qwen2.5:3b,short,0,200,c061.1,1789627300.370616,1789627302.1193,890.186,1748.588,436.073,890.137,59,60,67.567,1,,,7.73,24936161
m6-sweep,1ab4327d0a58,13,0,ran,qwen2.5:3b,short,0,200,c061.1,1789627302.619516,1789627303.930052,877.03,1310.436,421.013,876.996,41,42,92.292,1,,,7.73,7049e80b
m6-sweep,91dda0871a31,14,0,ran,qwen2.5:3b,short,0,200,c061.1,1789627304.430287,1789627305.839676,875.157,1409.285,420.42,875.12,52,53,95.483,1,,,7.43,68246992
m6-sweep,6f5d04815ecd,15,0,ran,qwen2.5:3b,short,0,200,c061.1,1789627306.3399,1789627307.8399,881.899,1499.914,422.204,881.864,55,56,87.376,1,,,7.43,664868dd
m6-sweep,02504f8e08db,16,0,ran,qwen2.5:3b,short,0,200,c061.1,1789627308.340148,1789627310.085533,883.01,1745.261,429.008,882.973,78,79,89.301,1,,,7.40,ded2d9a4
m6-sweep,2d3742dfd979,17,0,ran,qwen2.5:3b,short,0,200,c061.1,1789627310.585838,1789627312.326591,880.683,1740.64,424.584,880.647,82,83,94.191,1,,,7.40,fd9d5a9b
m6-sweep,7d887b706fbf,18,0,ran,qwen2.5:3b,short,0,200,c061.1,1789627312.826808,1789627314.588573,893.842,1761.615,433.372,893.769,82,83,93.342,1,,,7.40,d2b92533
m6-sweep,1ae55b52dc14,19,0,ran,qwen2.5:3b,short,0,200,c061.1,1789627315.088824,1789627316.565167,898.548,1476.194,439.556,898.502,56,57,95.214,1,,,7.05,56b733d4
m6-sweep,64131246fccc,20,0,ran,qwen2.5:3b,short,0,200,c061.1,1789627317.065686,1789627318.838966,896.509,1773.184,438.32,896.463,85,86,95.817,1,,,7.05,89fd2786
m6-sweep,7d36551fecf0,21,0,ran,qwen2.5:3b,short,0,200,c061.1,1789627319.339165,1789627320.671034,898.537,1331.774,431.985,898.493,41,42,92.328,1,,,6.72,57b87637
m6-sweep,994c547ce00f,22,0,ran,qwen2.5:3b,short,0,200,c061.1,1789627321.171273,1789627322.939099,893.118,1767.721,435.64,893.082,70,71,78.893,1,,,6.72,f7fd8713
m6-sweep,a7edcc04521e,23,0,ran,qwen2.5:3b,short,0,200,c061.1,1789627323.439349,1789627325.36135,893.129,1921.878,427.497,893.091,99,100,95.261,1,,,7.23,363e4682
m6-sweep,55aea02a7c43,24,0,ran,qwen2.5:3b,short,0,200,c061.1,1789627325.861614,1789627327.318156,880.809,1456.418,420.676,880.765,56,57,95.551,1,,,7.23,75870f8b
m6-sweep,c8fc32edaeb8,25,0,ran,qwen2.5:3b,short,0,200,c061.1,1789627327.818434,1789627329.582929,894.455,1764.405,438.678,894.42,70,71,79.315,1,,,7.23,8c973d4f
m6-sweep,37dd3590424f,26,0,ran,qwen2.5:3b,short,0,200,c061.1,1789627330.083158,1789627331.830298,884.638,1747.041,422.178,884.583,59,60,67.254,1,,,6.81,65de2ad0
m6-sweep,bf48dd23c0d8,27,0,ran,qwen2.5:3b,short,0,200,c061.1,1789627332.330564,1789627333.643333,880.772,1312.681,422.302,880.735,41,42,92.612,1,,,6.81,5cd08f3d
m6-sweep,50ccfdf57fc8,28,0,ran,qwen2.5:3b,short,0,200,c061.1,1789627334.143626,1789627335.905801,888.124,1762.08,433.436,888.086,82,83,92.682,1,,,6.66,457b50ac
m6-sweep,b38ae884ba68,29,0,ran,qwen2.5:3b,short,0,200,c061.1,1789627336.406019,1789627338.147855,883.553,1741.682,428.524,883.516,58,59,66.424,1,,,6.66,aec9d8f8
m6-sweep,c03a5072cabe,30,0,ran,qwen2.5:3b,short,0,200,c061.1,1789627338.64811,1789627340.384053,880.486,1735.857,421.103,880.45,63,64,72.483,1,,,6.61,27d074d6
m6-sweep,4c1966b6487b,31,0,ran,qwen2.5:3b,short,0,200,c061.1,1789627340.88428,1789627342.634298,892.507,1749.924,439.13,892.471,63,64,72.31,1,,,6.61,ca0469a1
m6-sweep,c4dd3ca2c5ed,32,0,ran,qwen2.5:3b,short,0,200,c061.1,1789627343.13455,1789627344.881405,892.343,1746.748,437.657,892.308,70,71,80.758,1,,,6.61,a747521b
m6-sweep,86e791f832f0,33,0,ran,qwen2.5:3b,short,0,200,c061.1,1789627345.381636,1789627347.176783,895.896,1795.038,436.688,895.86,82,83,90.086,1,,,6.40,40f901dc
m6-sweep,fbc5bce3dcfc,34,0,ran,qwen2.5:3b,short,0,200,c061.1,1789627347.677008,1789627349.442159,891.689,1765.045,439.081,891.653,85,86,96.181,1,,,6.40,3eb2ddd1
m6-sweep,91c7a449c6ab,35,0,ran,qwen2.5:3b,short,0,200,c061.1,1789627349.943429,1789627351.362308,884.929,1418.718,427.215,884.885,52,53,95.543,1,,,6.37,f68e8d0f
m6-sweep,ca061537b3d3,36,0,ran,qwen2.5:3b,short,0,200,c061.1,1789627351.86259,1789627353.627837,889.163,1765.137,435.714,889.128,82,83,92.469,1,,,6.37,3c41679d
m6-sweep,750925e6eaa8,37,0,ran,qwen2.5:3b,short,0,200,c061.1,1789627354.128059,1789627355.881578,884.469,1753.427,427.86,884.416,59,60,66.747,1,,,6.18,59425b27
m6-sweep,cf3159fc5b3f,38,0,ran,qwen2.5:3b,short,0,200,c061.1,1789627356.381826,1789627358.131789,892.282,1749.802,437.942,892.245,82,83,94.458,1,,,6.18,c82079db
m6-sweep,0dbd5fd05321,39,0,ran,qwen2.5:3b,short,0,200,c061.1,1789627358.632078,1789627360.088619,890.658,1456.44,437.572,890.621,55,56,95.443,1,,,6.00,a2d803c1
m6-sweep,4e4e96ec352a,40,0,ran,qwen2.5:3b,short,0,200,c061.1,1789627360.588896,1789627362.019032,885.232,1429.997,433.014,885.189,53,54,95.454,1,,,6.00,98fe93cc
m6-sweep,aa1b44cf5c13,41,0,ran,qwen2.5:3b,short,0,200,c061.1,1789627362.519269,1789627364.26816,889.325,1748.776,432.117,889.289,76,77,87.265,1,,,6.00,ab2710ce
m6-sweep,ea4e25c6a549,42,0,ran,qwen2.5:3b,short,0,200,c061.1,1789627364.768395,1789627366.531317,899.681,1762.823,437.81,899.646,80,81,91.526,1,,,5.76,7cf5066c
m6-sweep,bac649e49390,43,0,ran,qwen2.5:3b,short,0,200,c061.1,1789627367.031534,1789627368.454542,886.495,1422.89,429.266,886.46,52,53,95.079,1,,,5.76,5242934d
m6-sweep,4d2a0c5af125,44,0,ran,qwen2.5:3b,short,0,200,c061.1,1789627368.95481,1789627370.707175,890.891,1752.274,437.253,890.813,82,83,94.035,1,,,6.50,1581d948
m6-sweep,4758a415741c,45,0,ran,qwen2.5:3b,short,0,200,c061.1,1789627371.207453,1789627372.972608,891.146,1765.043,428.781,891.101,85,86,96.121,1,,,6.50,943d9f4f
m6-sweep,707bc2611f3d,46,0,ran,qwen2.5:3b,short,0,200,c061.1,1789627373.472797,1789627374.860637,895.922,1387.725,433.402,895.886,41,42,81.333,1,,,6.50,be4a3537
m6-sweep,6e335115b091,47,0,ran,qwen2.5:3b,short,0,200,c061.1,1789627375.360867,1789627376.773573,874.232,1412.526,420.023,874.196,52,53,94.744,1,,,6.14,d07f7024
m6-sweep,3cc76e9104c7,48,0,ran,qwen2.5:3b,short,0,200,c061.1,1789627377.273885,1789627378.727503,877.063,1453.46,420.751,877.019,56,57,95.42,1,,,6.14,a36137ce
m6-sweep,11ea62b32dcb,49,0,ran,qwen2.5:3b,short,0,200,c061.1,1789627379.227942,1789627380.984089,880.715,1756.057,422.363,880.67,78,79,87.966,1,,,7.09,2a6e3c24
m6-sweep,0bfb0a14c2b0,50,0,ran,qwen2.5:3b,short,0,200,c061.1,1789627381.485392,1789627382.911999,890.104,1426.508,429.046,890.069,52,53,95.078,1,,,7.09,399eb2a2
m6-sweep,ac8efedfc093,51,0,ran,qwen2.5:3b,short,0,200,c061.1,1789627383.412246,1789627384.850032,899.355,1437.682,437.883,899.302,52,53,94.738,1,,,7.09,99d1353a
m6-sweep,b2093dbf6d8e,52,0,ran,qwen2.5:3b,short,0,200,c061.1,1789627385.350273,1789627387.148247,891.969,1797.805,433.514,891.866,82,83,89.42,1,,,7.56,18842500
m6-sweep,26219da0285b,0,1,ran,qwen2.5:0.5b,short,5,0,c062.1,1789627389.679413,1789627392.452045,2662.926,2772.508,34.714,2662.884,24,25,209.887,1,,,7.36,5f5e1882
m6-sweep,f366a1290fd2,1,1,ran,qwen2.5:0.5b,short,5,0,c062.1,1789627392.952302,1789627393.129339,78.573,176.917,39.001,78.539,23,24,223.704,1,,,7.36,e3f5c12b
m6-sweep,de5fdf2f42f8,2,1,ran,qwen2.5:0.5b,short,5,0,c062.1,1789627393.629584,1789627393.795775,66.325,166.088,26.743,66.288,23,24,220.523,1,,,7.36,eab1a41e
m6-sweep,f27b1e5c0c15,3,0,ran,qwen2.5:0.5b,short,5,0,c062.1,1789627394.295997,1789627394.453786,64.93,157.648,26.432,64.88,24,25,248.066,1,,,7.36,c6a7d094
m6-sweep,d51a2d61edd3,4,0,ran,qwen2.5:0.5b,short,5,0,c062.1,1789627394.954134,1789627396.167387,1113.403,1213.068,1075.012,1113.358,24,25,230.773,1,,,7.01,01b872e8
m6-sweep,dfd618574872,5,0,ran,qwen2.5:0.5b,short,5,0,c062.1,1789627396.667676,1789627396.845867,77.408,177.993,38.204,77.366,26,27,248.545,1,,,7.01,e970a7d4
m6-sweep,153fcae7e58f,6,0,ran,qwen2.5:0.5b,short,5,0,c062.1,1789627397.346225,1789627397.511635,74.552,165.242,31.194,74.508,24,25,253.609,1,,,7.01,798fcb67
m6-sweep,0f2d3f061427,7,0,ran,qwen2.5:0.5b,short,5,0,c062.1,1789627398.011914,1789627399.205462,1077.915,1193.438,1037.527,1077.865,31,32,259.688,1,,,7.01,7ebd3609
m6-sweep,b7a9e3f37146,8,0,ran,qwen2.5:0.5b,short,5,0,c062.1,1789627399.705676,1789627400.914381,1091.412,1208.547,1053.118,1091.364,28,29,230.504,1,,,6.61,74de000e
m6-sweep,dc7907c85017,9,0,ran,qwen2.5:0.5b,short,5,0,c062.1,1789627401.414637,1789627401.609829,102.072,195.095,19.919,102.032,24,25,247.252,1,,,6.61,21d5f88a
m6-sweep,7cad322b25d8,10,0,ran,qwen2.5:0.5b,short,5,0,c062.1,1789627402.110092,1789627402.264314,63.45,154.123,20.214,63.404,24,25,253.657,1,,,6.61,afade0c0
m6-sweep,5a0bb228f362,11,0,ran,qwen2.5:0.5b,short,5,0,c062.1,1789627402.76453,1789627403.030397,90.418,265.749,24.73,90.382,51,52,285.176,1,,,6.61,446688ed
m6-sweep,db0877f2a951,12,0,ran,qwen2.5:0.5b,short,5,0,c062.1,1789627403.530705,1789627403.695604,73.863,164.754,35.023,73.828,24,25,253.049,1,,,6.61,1900e8c3
m6-sweep,9e1b65ef699c,13,0,ran,qwen2.5:0.5b,short,5,0,c062.1,1789627404.195873,1789627404.354179,66.972,158.201,27.574,66.923,25,26,263.076,1,,,6.61,ff8509ea
m6-sweep,752837f02211,14,0,ran,qwen2.5:0.5b,short,5,0,c062.1,1789627404.854415,1789627405.01766,73.252,163.103,33.909,73.202,24,25,255.979,1,,,7.36,7a2f094d
m6-sweep,c091e0d286f5,15,0,ran,qwen2.5:0.5b,short,5,0,c062.1,1789627405.517949,1789627405.711577,72.866,193.428,32.483,72.829,24,25,190.773,1,,,7.36,5e6eae0a
m6-sweep,b2227166bfdb,16,0,ran,qwen2.5:0.5b,short,5,0,c062.1,1789627406.211936,1789627406.376326,64.018,164.284,25.876,63.944,24,25,229.389,1,,,7.36,860cd514
m6-sweep,232db02713fb,17,0,ran,qwen2.5:0.5b,short,5,0,c062.1,1789627406.876539,1789627407.051923,61.127,175.171,21.493,61.082,24,25,201.677,1,,,7.36,86ffec75
m6-sweep,6847e8e23828,18,0,ran,qwen2.5:0.5b,short,5,0,c062.1,1789627407.552314,1789627407.739759,59.181,187.269,21.66,59.106,31,32,234.214,1,,,7.36,d2336542
m6-sweep,2b870c45ad33,19,0,ran,qwen2.5:0.5b,short,5,0,c062.1,1789627408.239982,1789627408.393003,60.288,152.926,20.229,60.235,24,25,248.278,1,,,7.36,2b84ed03
m6-sweep,db0d40eae48a,20,0,ran,qwen2.5:0.5b,short,5,0,c062.1,1789627408.893246,1789627409.160002,72.783,266.623,27.593,72.713,31,32,154.767,1,,,7.36,8297273a
m6-sweep,e2eaf325ffdf,21,0,ran,qwen2.5:0.5b,short,5,0,c062.1,1789627409.660294,1789627409.831661,74.134,171.21,31.705,74.083,24,25,236.927,1,,,7.36,3d04de93
m6-sweep,6654446f215e,22,0,ran,qwen2.5:0.5b,short,5,0,c062.1,1789627410.331938,1789627410.482943,56.918,150.824,18.579,56.846,24,25,244.926,1,,,7.81,a20ff3aa
m6-sweep,8608020d961c,23,0,ran,qwen2.5:0.5b,short,5,0,c062.1,1789627410.983324,1789627411.146064,66.469,162.627,23.38,66.39,24,25,239.191,1,,,7.81,730b08c9
m6-sweep,33d46d8014c4,24,0,ran,qwen2.5:0.5b,short,5,0,c062.1,1789627411.646266,1789627411.817228,78.248,170.856,39.56,78.171,24,25,248.358,1,,,7.81,798e94e8
m6-sweep,ff179fa5f053,25,0,ran,qwen2.5:0.5b,short,5,0,c062.1,1789627412.317469,1789627412.483024,72.402,165.43,26.707,72.361,24,25,247.237,1,,,7.81,c4e9abc5
m6-sweep,b283c897768c,26,0,ran,qwen2.5:0.5b,short,5,0,c062.1,1789627412.983301,1789627413.399653,320.28,416.125,23.535,320.246,24,25,239.971,1,,,7.81,e4a7048e
m6-sweep,a3c2d8f95c54,27,0,ran,qwen2.5:0.5b,short,5,0,c062.1,1789627413.900028,1789627414.063137,70.387,162.935,19.767,70.343,24,25,248.52,1,,,7.81,e88f0424
m6-sweep,e4b20cf95e62,28,0,ran,qwen2.5:0.5b,short,5,0,c062.1,1789627414.563416,1789627414.731853,79.079,168.223,34.85,79.039,24,25,258.009,1,,,7.81,4373e7a0
m6-sweep,8b64bd7bfcd8,29,0,ran,qwen2.5:0.5b,short,5,0,c062.1,1789627415.232171,1789627415.411663,64.679,179.383,26.678,64.642,31,32,261.543,1,,,8.63,b45d7819
m6-sweep,8ec36dbeb63c,30,0,ran,qwen2.5:0.5b,short,5,0,c062.1,1789627415.911863,1789627416.074011,77.212,162.005,33.038,77.156,22,23,247.663,1,,,8.63,73ec8f40
m6-sweep,020b0c7cf304,31,0,ran,qwen2.5:0.5b,short,5,0,c062.1,1789627416.574347,1789627416.727654,64.367,153.077,24.624,64.312,24,25,259.27,1,,,8.63,3a909a69
m6-sweep,3c5b127eb01a,32,0,ran,qwen2.5:0.5b,short,5,0,c062.1,1789627417.227924,1789627417.389076,69.784,160.999,27.147,69.748,24,25,252.152,1,,,8.63,ae7b47a8
m6-sweep,2ac75ff459d9,33,0,ran,qwen2.5:0.5b,short,5,0,c062.1,1789627417.889325,1789627418.056865,74.103,167.413,36.63,74.057,24,25,246.49,1,,,8.63,2f9335ee
m6-sweep,6aafe9cff99c,34,0,ran,qwen2.5:0.5b,short,5,0,c062.1,1789627418.557138,1789627418.725013,76.693,167.603,35.517,76.612,24,25,252.996,1,,,8.63,9d48dc65
m6-sweep,53ec2bae65e7,35,0,ran,qwen2.5:0.5b,short,5,0,c062.1,1789627419.225254,1789627419.424876,66.208,199.516,24.545,66.134,31,32,225.044,1,,,8.63,087515e1
m6-sweep,a9d8932f33d5,36,0,ran,qwen2.5:0.5b,short,5,0,c062.1,1789627419.925117,1789627420.093138,75.299,167.919,32.891,75.263,24,25,248.326,1,,,8.42,c70911ca
m6-sweep,8953a8a7b170,37,0,ran,qwen2.5:0.5b,short,5,0,c062.1,1789627420.593329,1789627420.828081,65.446,234.501,27.335,65.373,46,47,266.185,1,,,8.42,68da90b7
m6-sweep,1959947e65bd,38,0,ran,qwen2.5:0.5b,short,5,0,c062.1,1789627421.32844,1789627421.495313,78.202,166.736,37.56,78.144,24,25,259.788,1,,,8.42,4b7ec89a
m6-sweep,b1f35c555da7,39,0,ran,qwen2.5:0.5b,short,5,0,c062.1,1789627421.995602,1789627422.151514,68.051,155.762,29.613,67.975,24,25,262.226,1,,,8.42,e873e0cf
m6-sweep,6b088387af02,40,0,ran,qwen2.5:0.5b,short,5,0,c062.1,1789627422.651748,1789627422.840516,64.991,188.651,24.769,64.939,31,32,242.601,1,,,8.42,74485807
m6-sweep,f44af6c076ca,41,0,ran,qwen2.5:0.5b,short,5,0,c062.1,1789627423.340753,1789627423.497324,66.057,156.467,22.5,66.023,24,25,254.396,1,,,8.42,9bf461be
m6-sweep,fd2dd35f0cfa,42,0,ran,qwen2.5:0.5b,short,5,0,c062.1,1789627423.997593,1789627425.205517,1095.328,1207.813,1052.481,1095.275,30,31,257.813,1,,,8.14,8d826da2
m6-sweep,cd5f807b6052,43,0,ran,qwen2.5:0.5b,short,5,0,c062.1,1789627425.705753,1789627425.899961,70.276,194.106,25.256,70.21,31,32,242.269,1,,,8.14,158e0e41
m6-sweep,d4383bbf60dd,44,0,ran,qwen2.5:0.5b,short,5,0,c062.1,1789627426.400183,1789627426.574568,81.322,174.174,19.002,81.256,23,24,236.938,1,,,8.14,b6192108
m6-sweep,2b9c8b00a479,45,0,ran,qwen2.5:0.5b,short,5,0,c062.1,1789627427.074821,1789627428.491774,1074.074,1416.848,1036.439,1074.022,25,26,70.017,1,,,8.14,fba424a4
m6-sweep,4f4311b78c5c,46,0,ran,qwen2.5:0.5b,short,5,0,c062.1,1789627428.99202,1789627430.191796,1085.93,1199.565,1046.774,1085.872,30,31,255.205,1,,,7.73,0e1316bb
m6-sweep,9edb9020b6b1,47,0,ran,qwen2.5:0.5b,short,5,0,c062.1,1789627430.69207,1789627430.88955,67.731,197.374,23.198,67.679,31,32,231.404,1,,,7.73,8367e2c3
m6-sweep,55b9782cab39,48,0,ran,qwen2.5:0.5b,short,5,0,c062.1,1789627431.389783,1789627431.55471,75.225,164.785,35.402,75.189,24,25,256.813,1,,,7.73,f8a641de
m6-sweep,daa7b097e660,49,0,ran,qwen2.5:0.5b,short,5,0,c062.1,1789627432.054976,1789627432.236267,73.115,181.173,31.755,73.063,24,25,212.848,1,,,7.73,dc0adfad
m6-sweep,31b7b71f6f41,50,0,ran,qwen2.5:0.5b,short,5,0,c062.1,1789627432.736515,1789627432.900658,71.313,164.045,29.233,71.277,23,24,237.242,1,,,7.73,dd1bc6ae
m6-sweep,5521ae65a76a,51,0,ran,qwen2.5:0.5b,short,5,0,c062.1,1789627433.400879,1789627433.566263,71.714,165.27,30.008,71.663,24,25,245.844,1,,,7.73,8b982907
m6-sweep,0fb049531682,52,0,ran,qwen2.5:0.5b,short,5,0,c062.1,1789627434.066508,1789627435.311024,1090.164,1244.4,1032.122,1090.092,31,32,194.506,1,,,7.35,83be5523
m6-sweep,2f177d85ca6d,0,1,ran,qwen2.5:3b,long,1,100,c063.1,1789627437.848258,1789627442.472912,3402.536,4624.553,233.526,3402.488,111,112,90.015,1,,,7.32,f0228a60
m6-sweep,401ba986d49c,1,1,ran,qwen2.5:3b,long,1,100,c063.1,1789627442.973161,1789627444.878591,584.689,1905.321,219.019,584.644,104,105,77.993,1,,,7.32,d1d7cf9f
m6-sweep,8369a104be9a,2,1,ran,qwen2.5:3b,long,1,100,c063.1,1789627445.378841,1789627447.078435,599.813,1699.488,229.288,599.773,105,106,94.573,1,,,6.90,17a8078e
m6-sweep,09237fb395cf,3,0,ran,qwen2.5:3b,long,1,100,c063.1,1789627447.579625,1789627450.132247,1308.291,2552.523,220.247,1308.255,119,120,94.838,1,,,6.75,75389b39
m6-sweep,4ad0438f6607,4,0,ran,qwen2.5:3b,long,1,100,c063.1,1789627450.633172,1789627452.491273,600.172,1857.878,231.916,600.137,120,121,94.617,1,,,6.75,f98cb22b
m6-sweep,421cd68c2b0a,5,0,ran,qwen2.5:3b,long,1,100,c063.1,1789627452.991787,1789627454.634527,595.731,1642.607,231.101,595.692,100,101,94.567,1,,,6.75,037209bd
m6-sweep,63b00d94e174,6,0,ran,qwen2.5:3b,long,1,100,c063.1,1789627455.134801,1789627456.941649,598.849,1806.742,231.676,598.812,116,117,95.207,1,,,6.44,51716114
m6-sweep,d4b365ae81c7,7,0,ran,qwen2.5:3b,long,1,100,c063.1,1789627457.441943,1789627458.852752,596.058,1410.673,230.047,596.016,78,79,94.523,1,,,6.44,7e326bb5
m6-sweep,56c58a265965,8,0,ran,qwen2.5:3b,long,1,100,c063.1,1789627459.353053,1789627461.129023,599.407,1775.864,232.706,599.371,112,113,94.351,1,,,6.41,36bed5b9
m6-sweep,0daadfc0f65b,9,0,ran,qwen2.5:3b,long,1,100,c063.1,1789627461.629261,1789627463.098849,605.024,1469.485,238.38,604.988,83,84,94.857,1,,,6.41,94d49b1e
m6-sweep,d57e03f4a2a5,10,0,ran,qwen2.5:3b,long,1,100,c063.1,1789627463.599072,1789627466.280174,1362.211,2680.982,234.643,1362.158,102,103,76.586,1,,,6.30,805b0ae5
m6-sweep,17d7a58e59c7,11,0,ran,qwen2.5:3b,long,1,100,c063.1,1789627466.780455,1789627468.50009,589.811,1719.493,225.901,589.773,108,109,94.717,1,,,6.30,c73f2a27
m6-sweep,8927450a2c41,12,0,ran,qwen2.5:3b,long,1,100,c063.1,1789627469.00037,1789627470.799926,592.119,1799.429,228.597,592.076,116,117,95.253,1,,,6.35,bb7ebcc8
m6-sweep,d14eeb964ae3,13,0,ran,qwen2.5:3b,long,1,100,c063.1,1789627471.300201,1789627473.136012,586.39,1835.709,222.069,586.346,109,110,86.447,1,,,6.35,904b6878
m6-sweep,f32893185d92,14,0,ran,qwen2.5:3b,long,1,100,c063.1,1789627473.636235,1789627474.970577,599.281,1334.199,230.936,599.245,70,71,93.888,1,,,6.35,511c0408
m6-sweep,85c44933f857,15,0,ran,qwen2.5:3b,long,1,100,c063.1,1789627475.470882,1789627476.88973,591.205,1418.75,224.798,591.161,79,80,94.255,1,,,7.21,fbbea6c9
m6-sweep,0b539a7c1f3e,16,0,ran,qwen2.5:3b,long,1,100,c063.1,1789627477.389973,1789627478.812593,600.855,1422.523,234.792,600.818,79,80,94.929,1,,,7.21,a1b123aa
m6-sweep,daba3a97db2b,17,0,ran,qwen2.5:3b,long,1,100,c063.1,1789627479.312837,1789627481.015401,597.356,1702.459,228.053,597.303,79,80,70.582,1,,,7.11,1b4722e0
m6-sweep,5790efc5e5fc,18,0,ran,qwen2.5:3b,long,1,100,c063.1,1789627481.515626,1789627483.079802,601.312,1564.025,234.556,601.276,92,93,94.525,1,,,7.11,585d0c29
m6-sweep,57caf5bae9a0,19,0,ran,qwen2.5:3b,long,1,100,c063.1,1789627483.580088,1789627486.018571,1626.667,2438.391,1241.649,1626.595,77,78,93.628,1,,,6.94,8848de3f
m6-sweep,40f95f964604,20,0,ran,qwen2.5:3b,long,1,100,c063.1,1789627486.518784,1789627488.130628,595.441,1611.738,226.793,595.361,97,98,94.461,1,,,6.94,dcca7917
m6-sweep,3aebe2bb8f2c,21,0,ran,qwen2.5:3b,long,1,100,c063.1,1789627488.630875,1789627490.34524,594.168,1714.259,225.733,594.123,107,108,94.635,1,,,6.70,3da02284
m6-sweep,2249f90e4b5d,22,0,ran,qwen2.5:3b,long,1,100,c063.1,1789627490.845452,1789627492.646286,599.487,1800.735,230.983,599.442,102,103,84.079,1,,,6.70,340033ce
m6-sweep,d2d85c14716b,23,0,ran,qwen2.5:3b,long,1,100,c063.1,1789627493.146521,1789627494.480397,600.718,1333.771,232.417,600.681,70,71,94.127,1,,,6.70,4a802187
m6-sweep,38bbb52c8fe3,24,0,ran,qwen2.5:3b,long,1,100,c063.1,1789627494.98061,1789627496.492723,596.896,1512.021,226.299,596.851,87,88,93.976,1,,,6.41,83733d75
m6-sweep,8302d401215d,25,0,ran,qwen2.5:3b,long,1,100,c063.1,1789627496.992925,1789627498.812093,597.887,1818.971,226.96,597.848,117,118,94.998,1,,,6.41,4fa5d893
m6-sweep,37e0199ab74a,26,0,ran,qwen2.5:3b,long,1,100,c063.1,1789627499.312288,1789627500.873752,609.55,1561.368,236.772,609.514,87,88,90.353,1,,,6.21,e28e8ae5
m6-sweep,7771854e9c8f,27,0,ran,qwen2.5:3b,long,1,100,c063.1,1789627501.374004,1789627503.963551,1354.417,2589.449,225.066,1354.381,116,117,93.115,1,,,6.21,3864f584
m6-sweep,ecbac80cc34f,28,0,ran,qwen2.5:3b,long,1,100,c063.1,1789627504.463819,1789627505.886097,591.131,1422.174,219.633,591.096,79,80,93.858,1,,,6.44,ea3863b7
m6-sweep,a8c239180f35,29,0,ran,qwen2.5:3b,long,1,100,c063.1,1789627506.386569,1789627508.992689,1402.465,2605.938,239.891,1402.413,112,113,92.233,1,,,6.44,1768af05
m6-sweep,4235f55f34a7,30,0,ran,qwen2.5:3b,long,1,100,c063.1,1789627509.493047,1789627511.132415,590.829,1639.241,226.49,590.793,100,101,94.429,1,,,7.04,0110f822
m6-sweep,6e836d50d3a1,31,0,ran,qwen2.5:3b,long,1,100,c063.1,1789627511.632697,1789627513.238979,598.158,1606.167,225.246,598.121,94,95,92.261,1,,,7.04,19382d3e
m6-sweep,69d26502463d,32,0,ran,qwen2.5:3b,long,1,100,c063.1,1789627513.739222,1789627516.192559,1370.666,2453.225,237.786,1370.629,101,102,92.374,1,,,7.60,d281452f
m6-sweep,491b2c857e7f,33,0,ran,qwen2.5:3b,long,1,100,c063.1,1789627516.692763,1789627519.421358,1631.173,2728.47,1252.793,1631.135,105,106,94.778,1,,,7.60,b25f3ec7
m6-sweep,7049b76f4f5d,34,0,ran,qwen2.5:3b,long,1,100,c063.1,1789627519.921605,1789627521.954002,601.954,2032.301,239.145,601.918,119,120,82.497,1,,,7.39,76c8241c
m6-sweep,36a7e60e687d,35,0,ran,qwen2.5:3b,long,1,100,c063.1,1789627522.454257,1789627524.326802,592.911,1872.442,224.497,592.875,122,123,94.566,1,,,7.39,415dcbe6
m6-sweep,c540910461b5,36,0,ran,qwen2.5:3b,long,1,100,c063.1,1789627524.82702,1789627526.716054,606.589,1888.933,235.212,606.551,122,123,94.358,1,,,7.20,6906aaac
m6-sweep,d54342c453d8,37,0,ran,qwen2.5:3b,long,1,100,c063.1,1789627527.21631,1789627529.76746,1333.71,2550.976,227.925,1333.666,116,117,94.474,1,,,7.20,36cf9edd
m6-sweep,b708faa09e42,38,0,ran,qwen2.5:3b,long,1,100,c063.1,1789627530.26779,1789627532.020455,596.66,1752.568,237.019,596.614,107,108,91.703,1,,,6.86,9ac01aac
m6-sweep,a3657de28d26,39,0,ran,qwen2.5:3b,long,1,100,c063.1,1789627532.520765,1789627534.173364,587.525,1652.439,224.983,587.489,102,103,94.843,1,,,6.86,fab44b25
m6-sweep,d29f02130821,40,0,ran,qwen2.5:3b,long,1,100,c063.1,1789627534.673717,1789627536.107409,594.569,1433.55,230.399,594.524,80,81,94.162,1,,,6.55,f86db3ef
m6-sweep,17328d2d9a23,41,0,ran,qwen2.5:3b,long,1,100,c063.1,1789627536.607709,1789627539.191692,1512.548,2583.87,218.851,1512.51,102,103,94.276,1,,,6.55,02e5b35f
m6-sweep,3ad80523c6c5,42,0,ran,qwen2.5:3b,long,1,100,c063.1,1789627539.691932,1789627541.487045,598.606,1795.004,230.655,598.57,114,115,94.45,1,,,6.43,4d7840d8
m6-sweep,cae7fd4ac0ca,43,0,ran,qwen2.5:3b,long,1,100,c063.1,1789627541.987295,1789627543.913761,595.674,1926.359,225.777,595.636,113,114,84.167,1,,,6.43,03c40908
m6-sweep,6356d50d7dcc,44,0,ran,qwen2.5:3b,long,1,100,c063.1,1789627544.413981,1789627546.258421,596.698,1844.346,225.193,596.655,119,120,94.578,1,,,7.44,417b485c
m6-sweep,f0baa238cc56,45,0,ran,qwen2.5:3b,long,1,100,c063.1,1789627546.758656,1789627548.385535,607.585,1626.786,238.534,607.546,97,98,94.191,1,,,7.44,4951841d
m6-sweep,7efd5b747f94,46,0,ran,qwen2.5:3b,long,1,100,c063.1,1789627548.885761,1789627550.643922,579.565,1758.059,231.906,579.529,98,99,82.308,1,,,7.24,8df67b3c
m6-sweep,f3e01b54c9ae,47,0,ran,qwen2.5:3b,long,1,100,c063.1,1789627551.144164,1789627552.973681,593.61,1829.421,224.838,593.565,118,119,94.675,1,,,7.24,9f068270
m6-sweep,77df3ab281b9,48,0,ran,qwen2.5:3b,long,1,100,c063.1,1789627553.473964,1789627554.996172,607.627,1522.101,236.476,607.592,87,88,94.043,1,,,7.24,9a49a141
m6-sweep,cc07413b9b3b,49,0,ran,qwen2.5:3b,long,1,100,c063.1,1789627555.496433,1789627557.104033,592.877,1607.5,222.826,592.842,97,98,94.616,1,,,6.98,08726c89
m6-sweep,a59b660ecc76,50,0,ran,qwen2.5:3b,long,1,100,c063.1,1789627557.604271,1789627559.289415,602.104,1685.042,231.642,602.04,103,104,94.188,1,,,6.98,4f954537
m6-sweep,d97cae1f2fb5,51,0,ran,qwen2.5:3b,long,1,100,c063.1,1789627559.789634,1789627561.567261,600.035,1777.521,229.723,599.998,112,113,94.269,1,,,6.82,6a51370a
m6-sweep,d20f58454411,52,0,ran,qwen2.5:3b,long,1,100,c063.1,1789627562.067505,1789627563.550525,612.213,1482.915,235.602,612.168,83,84,94.177,1,,,6.82,dd7b004b
m6-sweep,507035c11df3,0,1,ran,qwen2.5:1.5b,short,0,200,c064.1,1789627566.078807,1789627569.947163,3447.082,3868.266,438.69,3447.029,18,19,40.362,1,,,6.60,2e97c2cd
m6-sweep,60d4d8a41688,1,1,ran,qwen2.5:1.5b,short,0,200,c064.1,1789627570.44741,1789627571.741199,872.235,1293.676,422.457,872.167,18,19,40.338,1,,,6.31,f8c5c59f
m6-sweep,f0735eddb51d,2,1,ran,qwen2.5:1.5b,short,0,200,c064.1,1789627572.241452,1789627573.551245,878.54,1309.711,423.83,878.498,21,22,46.385,1,,,6.31,72eb4da0
m6-sweep,854efbde76fb,3,0,ran,qwen2.5:1.5b,short,0,200,c064.1,1789627574.051479,1789627575.34618,870.08,1294.598,421.394,870.005,18,19,40.045,1,,,7.25,d07c5be1
m6-sweep,10fb3737f3f6,4,0,ran,qwen2.5:1.5b,short,0,200,c064.1,1789627575.846465,1789627577.152865,871.706,1306.311,421.498,871.647,21,22,46.019,1,,,7.25,7ac8fc80
m6-sweep,ed6ea4838b33,5,0,ran,qwen2.5:1.5b,short,0,200,c064.1,1789627577.653091,1789627578.95014,866.763,1296.966,420.967,866.705,20,21,44.165,1,,,7.25,ed28fc2e
m6-sweep,a205d22e88a5,6,0,ran,qwen2.5:1.5b,short,0,200,c064.1,1789627579.450387,1789627580.743572,870.724,1293.071,422.364,870.627,46,47,106.547,1,,,6.82,b6507064
m6-sweep,adcbcda9a3e1,7,0,ran,qwen2.5:1.5b,short,0,200,c064.1,1789627581.243778,1789627582.551722,876.048,1307.854,426.354,875.991,18,19,39.37,1,,,6.82,c6f163bd
m6-sweep,b5223bbc1995,8,0,ran,qwen2.5:1.5b,short,0,200,c064.1,1789627583.051935,1789627584.356133,884.517,1304.101,437.091,884.459,18,19,40.516,1,,,6.82,a537dd93
m6-sweep,73cb400ffead,9,0,ran,qwen2.5:1.5b,short,0,200,c064.1,1789627584.856375,1789627586.172788,886.986,1316.322,437.975,886.947,18,19,39.596,1,,,6.44,66fac240
m6-sweep,f4ca6c5758da,10,0,ran,qwen2.5:1.5b,short,0,200,c064.1,1789627586.673016,1789627587.968877,866.375,1295.74,419.039,866.301,20,21,44.251,1,,,6.44,b43fb153
m6-sweep,80b2001e2b51,11,0,ran,qwen2.5:1.5b,short,0,200,c064.1,1789627588.469142,1789627589.764863,872.764,1295.626,419.816,872.716,18,19,40.202,1,,,6.44,1e97d774
m6-sweep,a750741f0e42,12,0,ran,qwen2.5:1.5b,short,0,200,c064.1,1789627590.265075,1789627591.576471,887.983,1311.293,438.525,887.941,18,19,40.16,1,,,6.48,ccb937f2
m6-sweep,1b9530f87f91,13,0,ran,qwen2.5:1.5b,short,0,200,c064.1,1789627592.076699,1789627593.383675,886.472,1306.883,438.509,886.433,18,19,40.437,1,,,6.48,3e0d68c1
m6-sweep,bbccf156d527,14,0,ran,qwen2.5:1.5b,short,0,200,c064.1,1789627593.883914,1789627595.198454,885.246,1314.423,438.044,885.15,18,19,39.611,1,,,6.20,0ed08848
m6-sweep,1d9426ca5d8a,15,0,ran,qwen2.5:1.5b,short,0,200,c064.1,1789627595.698696,1789627596.995535,868.709,1296.739,419.758,868.663,18,19,39.717,1,,,6.20,6961c452
m6-sweep,02427959581d,16,0,ran,qwen2.5:1.5b,short,0,200,c064.1,1789627597.49575,1789627598.806502,883.17,1310.664,438.131,883.132,18,19,39.767,1,,,6.20,ac39b017
m6-sweep,44df9bab8887,17,0,ran,qwen2.5:1.5b,short,0,200,c064.1,1789627599.306734,1789627600.624825,885.985,1317.989,437.873,885.944,18,19,39.351,1,,,6.75,5ccb80f1
m6-sweep,214976ed2ee6,18,0,ran,qwen2.5:1.5b,short,0,200,c064.1,1789627601.12503,1789627602.440049,881.157,1314.909,435.853,881.049,18,19,39.193,1,,,6.75,18ff16f1
m6-sweep,290e98b3880b,19,0,ran,qwen2.5:1.5b,short,0,200,c064.1,1789627602.940312,1789627604.25965,888.759,1319.236,438.869,888.704,18,19,39.491,1,,,6.75,211fcf3e
m6-sweep,8deef925e47a,20,0,ran,qwen2.5:1.5b,short,0,200,c064.1,1789627604.759876,1789627606.057827,865.202,1297.859,419.635,865.139,18,19,39.292,1,,,6.37,8824cc76
m6-sweep,bd2d8093aa8f,21,0,ran,qwen2.5:1.5b,short,0,200,c064.1,1789627606.558052,1789627607.866098,884.886,1307.956,437.082,884.807,18,19,40.182,1,,,6.37,5649b297
m6-sweep,27eca7adb468,22,0,ran,qwen2.5:1.5b,short,0,200,c064.1,1789627608.366397,1789627609.679838,889.048,1313.349,438.63,888.99,18,19,40.066,1,,,6.37,09b097ef
m6-sweep,fe1e89ce2776,23,0,ran,qwen2.5:1.5b,short,0,200,c064.1,1789627610.180075,1789627611.493369,889.152,1313.203,437.813,889.103,18,19,40.089,1,,,6.10,d467370e
m6-sweep,ff247e54715a,24,0,ran,qwen2.5:1.5b,short,0,200,c064.1,1789627611.99358,1789627613.312872,888.254,1319.195,440.248,888.205,18,19,39.449,1,,,6.10,955bcad5
m6-sweep,0c8608bb0d6c,25,0,ran,qwen2.5:1.5b,short,0,200,c064.1,1789627613.81313,1789627615.133835,887.465,1320.62,439.881,887.411,18,19,39.247,1,,,5.77,0b74edad
m6-sweep,1520aeb5527b,26,0,ran,qwen2.5:1.5b,short,0,200,c064.1,1789627615.634069,1789627616.943938,887.813,1309.772,439.456,887.754,18,19,40.288,1,,,5.77,694d8534
m6-sweep,e9bfb8be8e84,27,0,ran,qwen2.5:1.5b,short,0,200,c064.1,1789627617.44417,1789627618.732876,867.792,1288.617,419.1,867.752,18,19,40.397,1,,,5.77,d7c489c4
m6-sweep,c482dc49e3ef,28,0,ran,qwen2.5:1.5b,short,0,200,c064.1,1789627619.233095,1789627620.553615,889.181,1320.425,439.315,889.134,18,19,39.421,1,,,6.43,3184036c
m6-sweep,66ab003c70fd,29,0,ran,qwen2.5:1.5b,short,0,200,c064.1,1789627621.053863,1789627622.3599,878.631,1305.939,432.079,878.552,18,19,39.784,1,,,6.43,e14d132b
m6-sweep,5b471cd9f118,30,0,ran,qwen2.5:1.5b,short,0,200,c064.1,1789627622.860144,1789627624.170089,886.976,1309.847,440.565,886.918,18,19,40.201,1,,,6.43,a06a5486
m6-sweep,839516ff2d67,31,0,ran,qwen2.5:1.5b,short,0,200,c064.1,1789627624.670371,1789627626.143548,866.554,1473.093,418.587,866.497,18,19,28.028,1,,,6.39,beda4bc6
m6-sweep,4f4634bf97dd,32,0,ran,qwen2.5:1.5b,short,0,200,c064.1,1789627626.643741,1789627627.950878,886.468,1307.018,439.678,886.382,18,19,40.423,1,,,6.39,2ad01979
m6-sweep,95e10165a69a,33,0,ran,qwen2.5:1.5b,short,0,200,c064.1,1789627628.451135,1789627629.740484,867.373,1289.252,418.889,867.321,18,19,40.296,1,,,6.39,98fa5c5f
m6-sweep,40068b315a9c,34,0,ran,qwen2.5:1.5b,short,0,200,c064.1,1789627630.240719,1789627631.552538,872.889,1311.705,420.101,872.838,62,63,139.011,1,,,6.20,80809941
m6-sweep,359f0b72e271,35,0,ran,qwen2.5:1.5b,short,0,200,c064.1,1789627632.052757,1789627633.365645,877.504,1312.786,431.358,877.441,18,19,39.055,1,,,6.20,42d8b569
m6-sweep,d4ccaadef6e7,36,0,ran,qwen2.5:1.5b,short,0,200,c064.1,1789627633.86587,1789627635.16613,870.505,1300.147,422.877,870.415,18,19,39.568,1,,,5.87,160e483c
m6-sweep,79d87a3948ab,37,0,ran,qwen2.5:1.5b,short,0,200,c064.1,1789627635.666445,1789627636.961245,870.122,1294.688,422.079,870.066,18,19,40.041,1,,,5.87,d463a3e5
m6-sweep,fc10a6fb9e7c,38,0,ran,qwen2.5:1.5b,short,0,200,c064.1,1789627637.461473,1789627638.754628,869.99,1293.044,421.292,869.84,18,19,40.184,1,,,5.87,d14e2c1b
m6-sweep,945f42c34054,39,0,ran,qwen2.5:1.5b,short,0,200,c064.1,1789627639.254889,1789627640.547064,871.515,1292.065,420.595,871.442,18,19,40.423,1,,,6.68,6a59eb12
m6-sweep,6f7925ece61f,40,0,ran,qwen2.5:1.5b,short,0,200,c064.1,1789627641.047277,1789627642.353538,870.33,1306.168,421.131,870.286,21,22,45.889,1,,,6.68,439dd31f
m6-sweep,a9aead175e7f,41,0,ran,qwen2.5:1.5b,short,0,200,c064.1,1789627642.85381,1789627644.178736,895.823,1324.828,439.848,895.777,25,26,55.943,1,,,6.68,0e9f20e6
m6-sweep,aa7c77f32d14,42,0,ran,qwen2.5:1.5b,short,0,200,c064.1,1789627644.678989,1789627645.975247,870.021,1296.167,418.806,869.983,18,19,39.892,1,,,6.54,8c7146bd
m6-sweep,833d5062020e,43,0,ran,qwen2.5:1.5b,short,0,200,c064.1,1789627646.475459,1789627647.785966,884.891,1310.398,438.25,884.854,18,19,39.952,1,,,6.54,094e578a
m6-sweep,48933cc00808,44,0,ran,qwen2.5:1.5b,short,0,200,c064.1,1789627648.286225,1789627649.600204,886.732,1313.889,439.812,886.686,18,19,39.798,1,,,6.54,1da74ba3
m6-sweep,4acbea268a77,45,0,ran,qwen2.5:1.5b,short,0,200,c064.1,1789627650.100428,1789627651.396651,866.422,1296.125,419.552,866.325,18,19,39.562,1,,,6.50,91a7b910
m6-sweep,1f635701cd17,46,0,ran,qwen2.5:1.5b,short,0,200,c064.1,1789627651.896882,1789627653.187684,869.7,1290.706,418.644,869.624,18,19,40.379,1,,,6.50,7c478f25
m6-sweep,29ef2d62c42c,47,0,ran,qwen2.5:1.5b,short,0,200,c064.1,1789627653.68791,1789627654.986062,868.759,1298.052,420.991,868.685,18,19,39.6,1,,,6.50,e6cb37d5
m6-sweep,698e48f4232e,48,0,ran,qwen2.5:1.5b,short,0,200,c064.1,1789627655.486288,1789627656.800426,885.267,1314.05,439.503,885.221,18,19,39.647,1,,,6.14,e9f89c72
m6-sweep,7c1a7bdc3547,49,0,ran,qwen2.5:1.5b,short,0,200,c064.1,1789627657.300652,1789627658.607497,869.807,1306.741,419.482,869.762,18,19,38.907,1,,,6.14,5d149b6d
m6-sweep,c819e5e92243,50,0,ran,qwen2.5:1.5b,short,0,200,c064.1,1789627659.107699,1789627660.403406,865.325,1295.589,419.363,865.249,18,19,39.511,1,,,7.41,be0ece9b
m6-sweep,fddc61ecc3f4,51,0,ran,qwen2.5:1.5b,short,0,200,c064.1,1789627660.903688,1789627662.217523,887.894,1313.732,438.407,887.84,18,19,39.921,1,,,7.41,a113e3f3
m6-sweep,765d44a3788d,52,0,ran,qwen2.5:1.5b,short,0,200,c064.1,1789627662.717732,1789627664.014805,872.194,1296.987,430.003,872.12,18,19,40.019,1,,,7.41,a36eec7e
m6-sweep,3fe10757dad2,0,1,ran,qwen2.5:0.5b,short,0,100,c065.1,1789627666.532924,1789627669.811583,3056.106,3278.565,230.638,3056.062,24,25,103.39,1,,,6.98,3ea3bcc9
m6-sweep,32a282638c4a,1,1,ran,qwen2.5:0.5b,short,0,100,c065.1,1789627670.311806,1789627671.015664,476.355,703.752,223.97,476.291,24,25,101.145,1,,,6.74,f1843dd9
m6-sweep,ccef22278a8a,2,1,ran,qwen2.5:0.5b,short,0,100,c065.1,1789627671.515847,1789627672.239589,486.878,723.659,231.219,486.839,31,32,126.699,1,,,6.74,63e7563e
m6-sweep,df1e7b1a88a6,3,0,ran,qwen2.5:0.5b,short,0,100,c065.1,1789627672.739798,1789627673.457944,477.638,718.058,224.465,477.595,24,25,95.666,1,,,6.74,c69f1dba
m6-sweep,c51613a5c2f1,4,0,ran,qwen2.5:0.5b,short,0,100,c065.1,1789627673.958165,1789627674.666006,477.741,707.703,225.307,477.688,24,25,100.016,1,,,6.74,143de582
m6-sweep,6ac46897f1a6,5,0,ran,qwen2.5:0.5b,short,0,100,c065.1,1789627675.166265,1789627675.875284,480.779,708.834,229.598,480.725,24,25,100.853,1,,,6.60,2404b226
m6-sweep,2c1c94caeef3,6,0,ran,qwen2.5:0.5b,short,0,100,c065.1,1789627676.375659,1789627677.085402,487.461,709.66,230.776,487.406,24,25,103.511,1,,,6.60,8a33b215
m6-sweep,595e17dc06d7,7,0,ran,qwen2.5:0.5b,short,0,100,c065.1,1789627677.585634,1789627678.293702,484.989,707.968,232.22,484.947,39,40,170.42,1,,,6.60,c4b1308b
m6-sweep,bd094d8f3b7d,8,0,ran,qwen2.5:0.5b,short,0,100,c065.1,1789627678.793947,1789627679.492983,475.509,698.886,224.555,475.456,24,25,102.965,1,,,6.60,fc2cdf64
m6-sweep,148b2530ad37,9,0,ran,qwen2.5:0.5b,short,0,100,c065.1,1789627679.993386,1789627680.709444,474.598,715.891,222.764,474.549,24,25,95.32,1,,,6.31,d506d4de
m6-sweep,127998ada408,10,0,ran,qwen2.5:0.5b,short,0,100,c065.1,1789627681.209772,1789627681.916859,480.871,706.989,227.525,480.794,24,25,101.717,1,,,6.31,b59f5719
m6-sweep,e86a804443a3,11,0,ran,qwen2.5:0.5b,short,0,100,c065.1,1789627682.417109,1789627683.127364,486.259,710.158,232.664,486.224,24,25,102.725,1,,,6.31,337fe0fe
m6-sweep,1b94bbad0d3c,12,0,ran,qwen2.5:0.5b,short,0,100,c065.1,1789627683.627549,1789627684.339562,482.998,711.896,232.974,482.944,24,25,100.481,1,,,6.31,905c4cdf
m6-sweep,e8560f0e6033,13,0,ran,qwen2.5:0.5b,short,0,100,c065.1,1789627684.839825,1789627685.545236,485.904,705.314,231.672,485.853,31,32,136.731,1,,,5.88,0ec7d264
m6-sweep,8c923be0063c,14,0,ran,qwen2.5:0.5b,short,0,100,c065.1,1789627686.045451,1789627686.767952,488.284,722.407,227.763,488.231,24,25,98.239,1,,,5.88,d6d3f17a
m6-sweep,c25709eff310,15,0,ran,qwen2.5:0.5b,short,0,100,c065.1,1789627687.26815,1789627687.975595,478.253,707.317,225.515,478.217,24,25,100.409,1,,,5.88,3f4bccd0
m6-sweep,b50b56fae32e,16,0,ran,qwen2.5:0.5b,short,0,100,c065.1,1789627688.475888,1789627689.190827,485.816,714.853,233.644,485.763,24,25,100.421,1,,,5.88,bed0d141
m6-sweep,fd7b7da838e0,17,0,ran,qwen2.5:0.5b,short,0,100,c065.1,1789627689.691048,1789627690.402547,490.448,711.39,233.197,490.413,24,25,104.099,1,,,6.77,8d66cbd9
m6-sweep,40d89be0d654,18,0,ran,qwen2.5:0.5b,short,0,100,c065.1,1789627690.902771,1789627691.612509,482.566,709.648,231.124,482.53,24,25,101.285,1,,,6.77,a1bfc722
m6-sweep,f2a814d822aa,19,0,ran,qwen2.5:0.5b,short,0,100,c065.1,1789627692.112935,1789627692.824313,486.932,711.293,231.358,486.897,24,25,102.514,1,,,6.77,9d7302de
m6-sweep,0a4630d8dd3d,20,0,ran,qwen2.5:0.5b,short,0,100,c065.1,1789627693.324544,1789627694.035548,486.091,710.896,230.212,486.055,24,25,102.311,1,,,6.77,5467bbad
m6-sweep,e32f4ca73874,21,0,ran,qwen2.5:0.5b,short,0,100,c065.1,1789627694.535774,1789627695.244835,485.342,708.949,232.816,485.254,31,32,134.164,1,,,6.63,db2c0744
m6-sweep,0cfac5a49dc6,22,0,ran,qwen2.5:0.5b,short,0,100,c065.1,1789627695.745087,1789627696.466311,479.277,721.141,225.142,479.231,31,32,124.036,1,,,6.63,c64377c4
m6-sweep,8a14b7bc07a8,23,0,ran,qwen2.5:0.5b,short,0,100,c065.1,1789627696.966529,1789627697.663285,476.9,696.668,224.778,476.817,24,25,104.655,1,,,6.63,aa5267c8
m6-sweep,1edb350175f9,24,0,ran,qwen2.5:0.5b,short,0,100,c065.1,1789627698.163507,1789627698.875489,482.94,711.895,228.568,482.905,31,32,131.03,1,,,6.63,5cb1627f
m6-sweep,d6529bfe7a99,25,0,ran,qwen2.5:0.5b,short,0,100,c065.1,1789627699.375728,1789627700.077983,476.141,702.118,219.63,476.096,26,27,110.631,1,,,6.63,85ecd403
m6-sweep,139fe3dc218f,26,0,ran,qwen2.5:0.5b,short,0,100,c065.1,1789627700.578292,1789627701.47181,489.918,893.415,233.402,489.848,24,25,57.002,1,,,6.50,09bb7a74
m6-sweep,8d208abc6e8e,27,0,ran,qwen2.5:0.5b,short,0,100,c065.1,1789627701.972054,1789627702.680246,480.553,708.016,227.904,480.509,24,25,101.115,1,,,6.50,f53ccc59
m6-sweep,b4165ca0d507,28,0,ran,qwen2.5:0.5b,short,0,100,c065.1,1789627703.180577,1789627703.887362,485.978,706.633,233.175,485.935,32,33,140.491,1,,,6.50,35052958
m6-sweep,2d26f6950627,29,0,ran,qwen2.5:0.5b,short,0,100,c065.1,1789627704.387645,1789627705.096086,477.739,708.348,226.181,477.703,24,25,99.736,1,,,6.50,18ab2a0a
m6-sweep,a0ed59aaf205,30,0,ran,qwen2.5:0.5b,short,0,100,c065.1,1789627705.596336,1789627706.307521,483.441,711.102,231.567,483.405,24,25,101.027,1,,,6.38,ca52c438
m6-sweep,79b16f600492,31,0,ran,qwen2.5:0.5b,short,0,100,c065.1,1789627706.807696,1789627707.534826,489.694,726.986,233.087,489.642,24,25,96.927,1,,,6.38,b2719a22
m6-sweep,abf9beb8ba04,32,0,ran,qwen2.5:0.5b,short,0,100,c065.1,1789627708.035152,1789627708.753112,478.961,717.867,224.347,478.927,23,24,92.086,1,,,6.38,238775af
m6-sweep,63fc086eb481,33,0,ran,qwen2.5:0.5b,short,0,100,c065.1,1789627709.253341,1789627709.974465,478.905,720.841,227.035,478.853,24,25,95.067,1,,,6.38,00b00284
m6-sweep,a8fe1c1e1e42,34,0,ran,qwen2.5:0.5b,short,0,100,c065.1,1789627710.474822,1789627711.202126,485.597,727.211,232.095,485.537,31,32,124.165,1,,,6.03,63e1c070
m6-sweep,b1fcb6498794,35,0,ran,qwen2.5:0.5b,short,0,100,c065.1,1789627711.702376,1789627712.421844,478.131,719.364,224.915,478.095,45,46,182.397,1,,,6.03,6cf95441
m6-sweep,be8a2ef34f5a,36,0,ran,qwen2.5:0.5b,short,0,100,c065.1,1789627712.922079,1789627713.629389,478.385,707.199,226.806,478.317,24,25,100.518,1,,,6.03,6b9803e0
m6-sweep,f284cc028d47,37,0,ran,qwen2.5:0.5b,short,0,100,c065.1,1789627714.129656,1789627714.837374,482.982,707.579,233.046,482.934,31,32,133.573,1,,,6.03,6d2d7a6c
m6-sweep,5a9e416ba511,38,0,ran,qwen2.5:0.5b,short,0,100,c065.1,1789627715.337634,1789627716.039198,480.83,701.481,226.54,480.793,31,32,135.961,1,,,5.87,5930ad86
m6-sweep,bcd988962604,39,0,ran,qwen2.5:0.5b,short,0,100,c065.1,1789627716.539389,1789627717.259959,486.296,720.472,226.459,486.261,31,32,128.109,1,,,5.87,630d4bc9
m6-sweep,b1d637b0ae69,40,0,ran,qwen2.5:0.5b,short,0,100,c065.1,1789627717.760172,1789627718.480512,479.323,720.257,225.347,479.288,27,28,107.913,1,,,5.87,95a76ced
m6-sweep,e1a2761a3e52,41,0,ran,qwen2.5:0.5b,short,0,100,c065.1,1789627718.980734,1789627719.671942,471.051,691.124,222.16,471.0,31,32,136.319,1,,,5.87,3013ce00
m6-sweep,bd77552ba808,42,0,ran,qwen2.5:0.5b,short,0,100,c065.1,1789627720.172151,1789627720.872994,473.45,700.719,222.301,473.397,24,25,101.201,1,,,5.64,7ec80801
m6-sweep,631bcd099646,43,0,ran,qwen2.5:0.5b,short,0,100,c065.1,1789627721.373242,1789627722.08183,479.561,708.477,229.554,479.507,24,25,100.474,1,,,5.64,e9823170
m6-sweep,6be69c10fa12,44,0,ran,qwen2.5:0.5b,short,0,100,c065.1,1789627722.582045,1789627723.295399,490.127,713.251,233.061,490.089,28,29,121.009,1,,,5.64,2084c864
m6-sweep,038eb823daa3,45,0,ran,qwen2.5:0.5b,short,0,100,c065.1,1789627723.795634,1789627724.505269,486.059,709.53,233.251,486.023,31,32,134.245,1,,,5.64,20554222
m6-sweep,32344d1566d5,46,0,ran,qwen2.5:0.5b,short,0,100,c065.1,1789627725.005479,1789627725.711758,476.953,706.164,225.316,476.896,24,25,100.344,1,,,5.43,354b5aa4
m6-sweep,7d75eca36a2c,47,0,ran,qwen2.5:0.5b,short,0,100,c065.1,1789627726.211971,1789627726.927688,482.419,715.606,231.398,482.374,24,25,98.633,1,,,5.43,512c6a38
m6-sweep,0355da191f61,48,0,ran,qwen2.5:0.5b,short,0,100,c065.1,1789627727.427985,1789627728.134265,483.071,706.186,232.101,483.029,25,26,107.568,1,,,5.43,d150f4e8
m6-sweep,5cbd147c6419,49,0,ran,qwen2.5:0.5b,short,0,100,c065.1,1789627728.634473,1789627729.336065,475.297,701.495,224.335,475.227,24,25,101.681,1,,,5.43,0fc33bd9
m6-sweep,6343c6dc7579,50,0,ran,qwen2.5:0.5b,short,0,100,c065.1,1789627729.836311,1789627730.545652,480.582,709.146,230.138,480.529,24,25,100.628,1,,,5.15,04202ef0
m6-sweep,d1609f5ec686,51,0,ran,qwen2.5:0.5b,short,0,100,c065.1,1789627731.045868,1789627731.755855,483.559,709.868,230.49,483.497,24,25,101.631,1,,,5.15,b214c3ea
m6-sweep,80c4aa1f07f5,52,0,ran,qwen2.5:0.5b,short,0,100,c065.1,1789627732.256078,1789627732.974534,490.105,718.347,237.512,490.029,28,29,118.295,1,,,5.15,2bdc96ad
m6-sweep,cb7e7e122474,0,1,ran,qwen2.5:0.5b,short,0,0,c066.1,1789627735.411936,1789627735.577205,70.645,165.015,31.54,70.583,24,25,243.722,1,,,4.90,24483e08
m6-sweep,d338fa635b65,1,1,ran,qwen2.5:0.5b,short,0,0,c066.1,1789627736.077599,1789627736.232908,63.061,155.194,22.229,62.935,24,25,249.64,1,,,4.90,2350fb40
m6-sweep,9fc71f9a7fc2,2,1,ran,qwen2.5:0.5b,short,0,0,c066.1,1789627736.733128,1789627736.926075,75.985,192.844,32.58,75.89,31,32,256.721,1,,,4.90,5816f40f
m6-sweep,bc91f34393e0,3,0,ran,qwen2.5:0.5b,short,0,0,c066.1,1789627737.426257,1789627737.580673,62.64,154.232,22.384,62.601,24,25,251.114,1,,,4.90,29526184
m6-sweep,f0beabbcd40d,4,0,ran,qwen2.5:0.5b,short,0,0,c066.1,1789627738.080894,1789627738.265493,64.89,184.49,23.882,64.824,31,32,250.837,1,,,4.90,99241ffb
m6-sweep,ca61ec342220,5,0,ran,qwen2.5:0.5b,short,0,0,c066.1,1789627738.765708,1789627738.932781,63.93,166.916,26.729,63.874,28,29,262.172,1,,,4.90,43d60f7c
m6-sweep,b5aa00704027,6,0,ran,qwen2.5:0.5b,short,0,0,c066.1,1789627739.433038,1789627739.594631,74.769,161.377,30.837,74.725,24,25,265.565,1,,,4.90,107f8c9f
m6-sweep,d8d6ed563ae3,7,0,ran,qwen2.5:0.5b,short,0,0,c066.1,1789627740.094975,1789627740.280383,65.523,185.28,28.187,65.457,31,32,250.508,1,,,4.99,48daee44
m6-sweep,bee0662bc1f1,8,0,ran,qwen2.5:0.5b,short,0,0,c066.1,1789627740.780579,1789627740.936386,67.872,155.609,31.112,67.817,24,25,262.148,1,,,4.99,823e8b40
m6-sweep,406c86f083e9,9,0,ran,qwen2.5:0.5b,short,0,0,c066.1,1789627741.436707,1789627741.616888,64.543,179.974,27.393,64.486,31,32,259.894,1,,,4.99,894007ca
m6-sweep,34d497b5b994,10,0,ran,qwen2.5:0.5b,short,0,0,c066.1,1789627742.117188,1789627742.284857,73.091,167.565,35.183,73.036,24,25,243.455,1,,,4.99,80370e9b
m6-sweep,41b1aca5d903,11,0,ran,qwen2.5:0.5b,short,0,0,c066.1,1789627742.785078,1789627742.963735,80.559,178.501,38.056,80.517,24,25,234.831,1,,,4.99,120cb7d6
m6-sweep,4ae0407f9a2e,12,0,ran,qwen2.5:0.5b,short,0,0,c066.1,1789627743.464036,1789627743.641807,78.809,177.648,37.437,78.748,24,25,232.703,1,,,4.99,3c1e17e4
m6-sweep,dbb3f233a171,13,0,ran,qwen2.5:0.5b,short,0,0,c066.1,1789627744.142097,1789627744.311599,76.351,169.407,39.18,76.296,24,25,247.162,1,,,4.99,c90f6268
m6-sweep,ebe42d470f9d,14,0,ran,qwen2.5:0.5b,short,0,0,c066.1,1789627744.811808,1789627744.983447,73.734,171.49,33.799,73.686,24,25,235.281,1,,,4.99,026e01a2
m6-sweep,d3bb1b039ff2,15,0,ran,qwen2.5:0.5b,short,0,0,c066.1,1789627745.483704,1789627745.681578,71.425,197.773,28.683,71.368,31,32,237.439,1,,,6.19,f1816d8c
m6-sweep,3ab839f43beb,16,0,ran,qwen2.5:0.5b,short,0,0,c066.1,1789627746.181803,1789627746.327296,57.407,145.387,18.488,57.355,24,25,261.423,1,,,6.19,048a8297
m6-sweep,e9ff582e1d01,17,0,ran,qwen2.5:0.5b,short,0,0,c066.1,1789627746.827541,1789627747.011419,83.224,183.712,37.528,83.187,28,29,268.689,1,,,6.19,9a477099
m6-sweep,3b373539c7f9,18,0,ran,qwen2.5:0.5b,short,0,0,c066.1,1789627747.511704,1789627747.764401,74.276,252.577,34.639,74.209,48,49,263.599,1,,,6.19,7dc304ad
m6-sweep,d125d9e9fba0,19,0,ran,qwen2.5:0.5b,short,0,0,c066.1,1789627748.264625,1789627748.432119,75.451,167.353,28.418,75.381,24,25,250.266,1,,,6.19,d3bb9b74
m6-sweep,41d94776a3ee,20,0,ran,qwen2.5:0.5b,short,0,0,c066.1,1789627748.932402,1789627749.086232,62.528,153.523,19.715,62.478,24,25,252.759,1,,,6.19,89c7fd1f
m6-sweep,5d87bac6b905,21,0,ran,qwen2.5:0.5b,short,0,0,c066.1,1789627749.586585,1789627749.746162,68.113,159.383,25.07,68.028,24,25,251.999,1,,,6.19,e1bb8354
m6-sweep,8a362d055826,22,0,ran,qwen2.5:0.5b,short,0,0,c066.1,1789627750.246514,1789627750.413207,72.271,166.526,29.882,72.217,24,25,244.017,1,,,5.85,aa0628b0
m6-sweep,054adebf8270,0,1,ran,qwen2.5:3b,long,5,0,c067.1,1789627752.898746,1789627756.933077,3139.024,4033.924,32.901,3138.956,79,80,87.161,1,,,5.54,c1a954f5
m6-sweep,def1047d9617,1,1,ran,qwen2.5:3b,long,5,0,c067.1,1789627757.433478,1789627758.871624,194.402,1438.007,38.651,194.365,113,114,90.061,1,,,5.54,f154ccd8
m6-sweep,10b936abd51f,2,1,ran,qwen2.5:3b,long,5,0,c067.1,1789627759.371814,1789627760.76178,343.853,1389.847,36.312,343.815,99,100,93.691,1,,,5.58,458146bd
m6-sweep,8db3ceb31232,3,0,ran,qwen2.5:3b,long,5,0,c067.1,1789627761.262287,1789627762.351038,187.52,1088.631,29.415,187.482,83,84,90.999,1,,,5.58,94b9c731
m6-sweep,8117cae7b9f1,4,0,ran,qwen2.5:3b,long,5,0,c067.1,1789627762.852271,1789627764.31755,329.658,1465.143,36.631,329.618,107,108,93.352,1,,,5.58,75a04dc5
m6-sweep,5ed9c8d8f955,5,0,ran,qwen2.5:3b,long,5,0,c067.1,1789627764.817799,1789627765.932796,188.497,1114.864,38.671,188.455,87,88,92.836,1,,,5.53,4695e37d
m6-sweep,f7dac1cacd43,6,0,ran,qwen2.5:3b,long,5,0,c067.1,1789627766.433029,1789627767.644917,181.589,1211.743,28.753,181.552,80,81,76.688,1,,,5.53,2dc88933
m6-sweep,2a26a2a8a7b0,7,0,ran,qwen2.5:3b,long,5,0,c067.1,1789627768.145203,1789627769.696483,335.024,1551.145,36.995,334.987,115,116,93.741,1,,,5.53,69a5135d
m6-sweep,9d471238be7e,8,0,ran,qwen2.5:3b,long,5,0,c067.1,1789627770.196715,1789627771.488242,168.452,1291.345,19.021,168.406,106,107,93.508,1,,,5.33,c1eaea79
m6-sweep,766fa03a6fb0,9,0,ran,qwen2.5:3b,long,5,0,c067.1,1789627771.988564,1789627773.409918,171.482,1421.23,24.591,171.429,117,118,92.819,1,,,5.33,786624cf
m6-sweep,b189479b112b,10,0,ran,qwen2.5:3b,long,5,0,c067.1,1789627773.910176,1789627775.32493,215.426,1414.497,35.726,215.389,114,115,94.24,1,,,5.47,c11326da
m6-sweep,d8d17f00625a,11,0,ran,qwen2.5:3b,long,5,0,c067.1,1789627775.825398,1789627777.031425,337.735,1205.902,41.011,337.698,83,84,94.452,1,,,5.47,3bde29ba
m6-sweep,33430860e920,12,0,ran,qwen2.5:3b,long,5,0,c067.1,1789627777.531658,1789627779.227587,205.452,1695.795,25.514,205.413,119,120,79.176,1,,,5.47,b847ac55
m6-sweep,b221bbfdcf49,13,0,ran,qwen2.5:3b,long,5,0,c067.1,1789627779.727986,1789627781.046457,175.498,1318.36,30.89,175.462,109,110,94.5,1,,,5.43,524d862b
m6-sweep,ba09ef01263a,14,0,ran,qwen2.5:3b,long,5,0,c067.1,1789627781.546688,1789627783.043434,162.332,1496.642,19.434,162.293,128,128,95.18,1,,,5.43,9edafd7d
m6-sweep,4873f464a660,15,0,ran,qwen2.5:3b,long,5,0,c067.1,1789627783.543652,1789627784.788735,362.764,1244.977,35.924,362.709,87,88,97.482,1,,,5.43,1c14aed8
m6-sweep,879f5bf853b4,16,0,ran,qwen2.5:3b,long,5,0,c067.1,1789627785.288958,1789627786.27125,166.526,982.178,22.232,166.49,78,79,94.403,1,,,5.39,d99a61d7
m6-sweep,07cbe5857118,17,0,ran,qwen2.5:3b,long,5,0,c067.1,1789627786.771476,1789627788.12478,168.57,1353.159,24.985,168.532,110,111,92.015,1,,,5.39,e8f0f12b
m6-sweep,b34f0c1ed615,18,0,ran,qwen2.5:3b,long,5,0,c067.1,1789627788.625003,1789627790.000544,174.977,1375.408,23.278,174.941,114,115,94.133,1,,,5.39,fe9419df
m6-sweep,0b2106feb1aa,19,0,ran,qwen2.5:3b,long,5,0,c067.1,1789627790.500804,1789627791.742909,399.747,1241.977,22.861,399.709,79,80,92.611,1,,,6.16,0b2f582c
m6-sweep,8284f2f610cc,20,0,ran,qwen2.5:3b,long,5,0,c067.1,1789627792.243141,1789627793.467352,184.911,1224.101,38.521,184.866,99,100,94.304,1,,,6.16,c6370f5c
m6-sweep,1962e9d03bc3,21,0,ran,qwen2.5:3b,long,5,0,c067.1,1789627793.96758,1789627796.348371,1184.047,2380.643,1035.921,1184.007,113,114,93.599,1,,,6.79,77fb9d5d
m6-sweep,8ab2f13f1bff,22,0,ran,qwen2.5:3b,long,5,0,c067.1,1789627796.848675,1789627798.412384,185.023,1563.525,34.921,184.983,114,115,81.973,1,,,6.79,8f046c95
m6-sweep,4cc3b307c254,23,0,ran,qwen2.5:3b,long,5,0,c067.1,1789627798.912749,1789627799.974823,182.52,1061.933,30.41,182.476,82,83,92.107,1,,,6.79,92ac6ecf
m6-sweep,d988f43f8be1,24,0,ran,qwen2.5:3b,long,5,0,c067.1,1789627800.475028,1789627803.841883,2250.367,3366.672,2076.69,2250.331,106,107,94.06,1,,,6.97,7ff0ceca
m6-sweep,93f81bc4c3b4,25,0,ran,qwen2.5:3b,long,5,0,c067.1,1789627804.342252,1789627805.717649,338.478,1375.269,34.138,338.396,99,100,94.522,1,,,7.93,178ea20d
m6-sweep,6cc7dfaf3b22,26,0,ran,qwen2.5:3b,long,5,0,c067.1,1789627806.217863,1789627807.547613,189.006,1329.548,40.813,188.923,105,106,91.185,1,,,7.93,2c933367
m6-sweep,4865185ed5b1,27,0,ran,qwen2.5:3b,long,5,0,c067.1,1789627808.047876,1789627809.190721,180.929,1142.68,37.162,180.885,90,91,92.54,1,,,7.93,79dd11a1
m6-sweep,050c99258f1c,28,0,ran,qwen2.5:3b,long,5,0,c067.1,1789627809.690988,1789627811.758533,1234.312,2067.439,1050.948,1234.266,79,80,93.623,1,,,7.46,8b3065e0
m6-sweep,4495d560bea3,29,0,ran,qwen2.5:3b,long,5,0,c067.1,1789627812.258744,1789627813.175786,181.255,916.943,27.583,181.171,70,71,93.79,1,,,7.46,73ac9100
m6-sweep,0f1593905f98,30,0,ran,qwen2.5:3b,long,5,0,c067.1,1789627813.67603,1789627814.699157,175.553,1023.013,20.264,175.515,79,80,92.04,1,,,7.46,e936a670
m6-sweep,b1919ea69f0e,31,0,ran,qwen2.5:3b,long,5,0,c067.1,1789627815.199431,1789627816.667171,197.951,1467.603,37.572,197.915,121,122,94.514,1,,,6.94,5c3b4e6a
m6-sweep,1cde6783f0b4,32,0,ran,qwen2.5:3b,long,5,0,c067.1,1789627817.167421,1789627818.854975,337.823,1687.423,38.331,337.785,127,128,93.361,1,,,6.94,53a2b05c
m6-sweep,51283c0f6d9e,33,0,ran,qwen2.5:3b,long,5,0,c067.1,1789627819.355271,1789627820.374961,180.139,1019.563,30.959,180.092,79,80,92.921,1,,,7.02,134d3d4b
m6-sweep,a5c72471d3a9,34,0,ran,qwen2.5:3b,long,5,0,c067.1,1789627820.875135,1789627822.205709,182.599,1330.451,33.968,182.56,109,110,94.089,1,,,7.02,3085f2df
m6-sweep,4d5608aa4740,35,0,ran,qwen2.5:3b,long,5,0,c067.1,1789627822.706062,1789627824.222861,174.327,1516.676,22.577,174.291,128,128,94.61,1,,,7.02,c623f817
m6-sweep,64ea1a297de3,36,0,ran,qwen2.5:3b,long,5,0,c067.1,1789627824.72312,1789627826.211707,335.987,1488.442,36.08,335.95,110,111,94.581,1,,,6.86,f70100a0
m6-sweep,28d29deab02a,37,0,ran,qwen2.5:3b,long,5,0,c067.1,1789627826.712107,1789627828.120657,187.295,1408.389,37.328,187.256,114,115,92.54,1,,,6.86,2487a952
m6-sweep,719b23615f7c,38,0,ran,qwen2.5:3b,long,5,0,c067.1,1789627828.621002,1789627829.659943,181.603,1038.824,35.627,181.566,81,82,93.325,1,,,6.86,036da9cb
m6-sweep,8aeacdc1c9cd,39,0,ran,qwen2.5:3b,long,5,0,c067.1,1789627830.160164,1789627831.431775,187.81,1271.495,38.703,187.774,101,102,92.278,1,,,7.59,d516cc68
m6-sweep,1a7e0b014bf3,40,0,ran,qwen2.5:3b,long,5,0,c067.1,1789627831.93203,1789627833.272262,179.751,1340.046,20.081,179.714,110,111,93.942,1,,,7.59,41ed9b6b
m6-sweep,6c9619b91dac,41,0,ran,qwen2.5:3b,long,5,0,c067.1,1789627833.773356,1789627835.289531,190.018,1516.045,35.112,189.98,123,124,92.004,1,,,7.59,d7d109ff
m6-sweep,9465eac59a3e,42,0,ran,qwen2.5:3b,long,5,0,c067.1,1789627835.789783,1789627837.200336,190.833,1410.43,36.147,190.797,116,117,94.293,1,,,7.31,092b9ab4
m6-sweep,15f853d637dd,43,0,ran,qwen2.5:3b,long,5,0,c067.1,1789627837.700584,1789627839.215716,301.483,1514.899,23.8,301.445,116,117,94.774,1,,,7.31,df25fc04
m6-sweep,f9ff2a54d35d,44,0,ran,qwen2.5:3b,long,5,0,c067.1,1789627839.716081,1789627840.999438,177.629,1283.246,28.03,177.59,105,106,94.065,1,,,7.84,863a2736
m6-sweep,07b7e0dacade,45,0,ran,qwen2.5:3b,long,5,0,c067.1,1789627841.499653,1789627843.012539,183.104,1512.759,34.718,183.066,128,128,95.513,1,,,7.84,b02d2951
m6-sweep,818529125f0e,46,0,ran,qwen2.5:3b,long,5,0,c067.1,1789627843.512777,1789627844.945318,330.61,1432.412,31.139,330.574,105,106,94.391,1,,,7.84,2038f11a
m6-sweep,7bdf200e7495,47,0,ran,qwen2.5:3b,long,5,0,c067.1,1789627845.445531,1789627846.544644,186.407,1098.998,32.886,186.359,87,88,94.237,1,,,7.53,3a16e50b
m6-sweep,51cf396adf67,48,0,ran,qwen2.5:3b,long,5,0,c067.1,1789627847.044878,1789627848.498525,173.676,1453.507,24.45,173.624,107,108,82.823,1,,,7.53,117e7618
m6-sweep,1bc91cb0d950,49,0,ran,qwen2.5:3b,long,5,0,c067.1,1789627848.998752,1789627850.03984,211.312,1040.929,33.673,211.267,79,80,94.019,1,,,7.53,0e0a2f3d
m6-sweep,df1375cb90aa,50,0,ran,qwen2.5:3b,long,5,0,c067.1,1789627850.540026,1789627852.617283,1215.479,2077.033,1059.807,1215.44,82,83,94.016,1,,,7.17,a38b0e14
m6-sweep,be37b736a913,51,0,ran,qwen2.5:3b,long,5,0,c067.1,1789627853.11762,1789627854.210974,184.36,1093.239,25.763,184.322,87,88,94.622,1,,,7.17,5a183804
m6-sweep,c7a6a1243099,52,0,ran,qwen2.5:3b,long,5,0,c067.1,1789627854.711197,1789627856.046485,194.69,1335.115,38.057,194.647,110,111,95.578,1,,,7.24,b763a22f
m6-sweep,5893b5dc0b5f,0,1,ran,qwen2.5:1.5b,long,5,50,c068.1,1789627858.569132,1789627862.780481,3316.447,4211.08,140.843,3316.398,128,128,141.958,1,,,6.82,26643257
m6-sweep,2eebc1275ff7,1,1,ran,qwen2.5:1.5b,long,5,50,c068.1,1789627863.280835,1789627864.513663,341.4,1232.705,125.984,341.361,128,128,142.488,1,,,6.82,52b90afd
m6-sweep,b30beb753d73,2,1,ran,qwen2.5:1.5b,long,5,50,c068.1,1789627865.013897,1789627866.172433,340.169,1158.424,126.377,340.116,128,128,155.208,1,,,7.47,77ec8299
m6-sweep,a827add0b28a,3,0,ran,qwen2.5:1.5b,long,5,50,c068.1,1789627866.672677,1789627867.994142,344.08,1321.316,128.96,344.044,128,128,129.958,1,,,7.47,106263ea
m6-sweep,629c60e5cbdb,4,0,ran,qwen2.5:1.5b,long,5,50,c068.1,1789627868.494474,1789627870.22523,800.172,1730.571,135.594,800.11,128,128,136.501,1,,,7.47,1415a518
m6-sweep,497eea6c03cd,5,0,ran,qwen2.5:1.5b,long,5,50,c068.1,1789627870.725633,1789627871.98887,351.408,1263.088,123.461,351.36,128,128,139.303,1,,,7.27,b0713635
m6-sweep,6e049318e23e,6,0,ran,qwen2.5:1.5b,long,5,50,c068.1,1789627872.489259,1789627873.721998,337.299,1232.625,120.706,337.263,128,128,141.848,1,,,7.27,5b9b770f
m6-sweep,a52df8570112,7,0,ran,qwen2.5:1.5b,long,5,50,c068.1,1789627874.222305,1789627875.447185,347.118,1224.767,132.263,347.072,128,128,144.705,1,,,7.09,2ca7efaf
m6-sweep,6be7b7c5112e,8,0,ran,qwen2.5:1.5b,long,5,50,c068.1,1789627875.947456,1789627877.628804,761.953,1681.228,122.332,761.916,128,128,138.152,1,,,7.09,a7846a5a
m6-sweep,a4e0fdd3d0f1,9,0,ran,qwen2.5:1.5b,long,5,50,c068.1,1789627878.129061,1789627879.337714,333.903,1208.537,121.004,333.855,128,128,145.204,1,,,7.09,88256f2d
m6-sweep,4c46dcbc9288,10,0,ran,qwen2.5:1.5b,long,5,50,c068.1,1789627879.838045,1789627881.049092,336.657,1210.933,125.079,336.614,128,128,145.263,1,,,7.16,f0de6169
m6-sweep,752dc624574c,11,0,ran,qwen2.5:1.5b,long,5,50,c068.1,1789627881.549375,1789627883.776098,1379.842,2226.589,1154.263,1379.795,128,128,149.986,1,,,7.16,9c4039a9
m6-sweep,13d10a8bde5a,12,0,ran,qwen2.5:1.5b,long,5,50,c068.1,1789627884.276354,1789627885.966304,809.278,1689.851,126.284,809.241,128,128,144.224,1,,,6.91,65b77d37
m6-sweep,e2fc6ae4a332,13,0,ran,qwen2.5:1.5b,long,5,50,c068.1,1789627886.466558,1789627887.661398,339.683,1194.7,127.737,339.638,101,102,116.957,1,,,6.91,6f3a9338
m6-sweep,15a77b2ee9af,14,0,ran,qwen2.5:1.5b,long,5,50,c068.1,1789627888.161637,1789627889.416839,337.352,1255.105,124.848,337.308,128,128,138.381,1,,,6.91,e3f3a030
m6-sweep,45d546db9bcd,15,0,ran,qwen2.5:1.5b,long,5,50,c068.1,1789627889.917051,1789627891.098982,351.323,1181.814,139.993,351.278,128,128,152.922,1,,,7.40,0b7ecfe3
m6-sweep,959c7ee196ef,16,0,ran,qwen2.5:1.5b,long,5,50,c068.1,1789627891.599234,1789627892.779007,351.6,1179.675,138.074,351.559,128,128,153.368,1,,,7.40,ede4bdbe
m6-sweep,c3ec61c56d90,17,0,ran,qwen2.5:1.5b,long,5,50,c068.1,1789627893.279243,1789627894.712898,346.618,1433.555,126.785,346.581,128,128,116.842,1,,,7.40,604a5361
m6-sweep,1d72210b7de3,18,0,ran,qwen2.5:1.5b,long,5,50,c068.1,1789627895.213177,1789627896.476272,342.153,1262.996,126.932,342.116,128,128,137.917,1,,,7.05,d0342497
m6-sweep,e8c2afdfd96b,19,0,ran,qwen2.5:1.5b,long,5,50,c068.1,1789627896.976516,1789627898.588243,750.062,1611.625,123.602,750.014,128,128,147.406,1,,,7.05,1c2bedab
m6-sweep,2d18dc95b2df,20,0,ran,qwen2.5:1.5b,long,5,50,c068.1,1789627899.088508,1789627900.435275,328.792,1346.638,122.258,328.748,128,128,124.773,1,,,6.72,d139b1ab
m6-sweep,b3dc83957bc8,21,0,ran,qwen2.5:1.5b,long,5,50,c068.1,1789627900.936183,1789627902.201757,325.307,1265.469,120.778,325.27,128,128,135.083,1,,,6.72,50dfbac3
m6-sweep,391d4d387259,22,0,ran,qwen2.5:1.5b,long,5,50,c068.1,1789627902.702148,1789627903.992536,342.725,1290.265,133.653,342.689,128,128,134.031,1,,,6.72,621fdfc1
m6-sweep,fdc5000a9d0f,23,0,ran,qwen2.5:1.5b,long,5,50,c068.1,1789627904.492737,1789627905.783983,351.614,1291.144,133.248,351.575,128,128,135.174,1,,,6.82,738f9b03
m6-sweep,3093e83ae649,24,0,ran,qwen2.5:1.5b,long,5,50,c068.1,1789627906.284219,1789627907.684898,488.916,1400.586,118.829,488.846,128,128,139.305,1,,,6.82,3fb7e226
m6-sweep,c8190d01dc1f,25,0,ran,qwen2.5:1.5b,long,5,50,c068.1,1789627908.185075,1789627909.779371,754.241,1594.201,119.257,754.205,128,128,151.198,1,,,6.82,f2dac02b
m6-sweep,338b5a11fb71,26,0,ran,qwen2.5:1.5b,long,5,50,c068.1,1789627910.279604,1789627911.497455,335.049,1217.754,119.861,335.005,128,128,143.876,1,,,6.52,bc3d19ba
m6-sweep,f4bf54f6aea4,27,0,ran,qwen2.5:1.5b,long,5,50,c068.1,1789627911.997698,1789627914.202655,1374.496,2204.855,1140.037,1374.458,128,128,152.946,1,,,6.52,3be778ea
m6-sweep,13bb7eb3def7,28,0,ran,qwen2.5:1.5b,long,5,50,c068.1,1789627914.70286,1789627915.950127,340.07,1247.166,123.605,340.033,128,128,140.007,1,,,6.40,8b077b23
m6-sweep,32067c238241,29,0,ran,qwen2.5:1.5b,long,5,50,c068.1,1789627916.450383,1789627917.634087,327.397,1183.603,112.721,327.35,128,128,148.329,1,,,6.40,cf5b7079
m6-sweep,25dacb7ad5e9,30,0,ran,qwen2.5:1.5b,long,5,50,c068.1,1789627918.134347,1789627920.395997,1366.792,2261.539,1142.349,1366.757,128,128,141.94,1,,,6.28,62ac3cb2
m6-sweep,fa020b089311,31,0,ran,qwen2.5:1.5b,long,5,50,c068.1,1789627920.896207,1789627922.109323,354.13,1212.998,138.673,354.094,128,128,147.869,1,,,6.28,083d4a10
m6-sweep,5706f13e6f7e,32,0,ran,qwen2.5:1.5b,long,5,50,c068.1,1789627922.609527,1789627924.396777,334.177,1787.145,118.773,334.125,128,128,87.407,1,,,6.28,048b51a1
m6-sweep,b37dc09b5728,33,0,ran,qwen2.5:1.5b,long,5,50,c068.1,1789627924.896994,1789627926.279905,336.185,1382.8,119.218,336.145,128,128,121.344,1,,,6.02,f5965d7d
m6-sweep,75a6d2d8f4dc,34,0,ran,qwen2.5:1.5b,long,5,50,c068.1,1789627926.780165,1789627927.990635,349.001,1210.369,136.845,348.947,128,128,147.44,1,,,6.02,ab01dbcd
m6-sweep,c628ccb8788e,35,0,ran,qwen2.5:1.5b,long,5,50,c068.1,1789627928.490867,1789627929.649475,484.667,1158.497,131.238,484.628,128,128,188.475,1,,,6.02,75d51219
m6-sweep,a32b4da236cb,36,0,ran,qwen2.5:1.5b,long,5,50,c068.1,1789627930.149701,1789627932.40889,1372.011,2259.074,1159.669,1371.973,128,128,143.169,1,,,5.86,a1f13f31
m6-sweep,8d7eca9c40d4,37,0,ran,qwen2.5:1.5b,long,5,50,c068.1,1789627932.909135,1789627933.963439,346.808,1054.2,130.231,346.769,101,102,141.364,1,,,5.86,9509bf34
m6-sweep,3599580fd343,38,0,ran,qwen2.5:1.5b,long,5,50,c068.1,1789627934.463701,1789627935.682679,352.678,1218.887,135.781,352.642,128,128,146.616,1,,,5.71,4ac57409
m6-sweep,41a4073f65c0,39,0,ran,qwen2.5:1.5b,long,5,50,c068.1,1789627936.182913,1789627937.452174,337.534,1269.152,120.418,337.466,128,128,136.322,1,,,5.71,0bf2fec5
m6-sweep,810bb9a2b0de,40,0,ran,qwen2.5:1.5b,long,5,50,c068.1,1789627937.95242,1789627939.676208,865.268,1723.686,122.891,865.23,128,128,147.946,1,,,5.71,ecbaa7a0
m6-sweep,911473d58d72,41,0,ran,qwen2.5:1.5b,long,5,50,c068.1,1789627940.176449,1789627941.424839,476.993,1248.277,125.747,476.946,128,128,164.66,1,,,5.33,807ce82a
m6-sweep,f28821876ae4,42,0,ran,qwen2.5:1.5b,long,5,50,c068.1,1789627941.925069,1789627943.106251,334.322,1181.061,119.268,334.285,128,128,149.987,1,,,5.33,5409d342
m6-sweep,8afd1ebcbf25,43,0,ran,qwen2.5:1.5b,long,5,50,c068.1,1789627943.606503,1789627944.803491,334.281,1196.893,120.171,334.244,128,128,147.227,1,,,5.33,7be48479
m6-sweep,26f3c309c875,44,0,ran,qwen2.5:1.5b,long,5,50,c068.1,1789627945.303729,1789627946.633969,349.819,1330.136,134.547,349.778,128,128,129.55,1,,,5.31,bf870820
m6-sweep,e288149aaeb6,45,0,ran,qwen2.5:1.5b,long,5,50,c068.1,1789627947.13425,1789627949.3857,1279.054,2251.349,139.836,1279.016,128,128,130.619,1,,,5.31,14d4a7e1
m6-sweep,e94b5652e072,46,0,ran,qwen2.5:1.5b,long,5,50,c068.1,1789627949.885931,1789627951.178874,348.377,1292.84,138.502,348.341,128,128,134.468,1,,,5.52,bfa08082
m6-sweep,5cd6b3a5f417,47,0,ran,qwen2.5:1.5b,long,5,50,c068.1,1789627951.679126,1789627952.934583,474.899,1255.334,121.883,474.859,128,128,162.73,1,,,5.52,9e2463d4
m6-sweep,a4105bea53bb,48,0,ran,qwen2.5:1.5b,long,5,50,c068.1,1789627953.434821,1789627955.114436,840.945,1679.502,122.089,840.907,128,128,151.451,1,,,5.52,75532413
m6-sweep,2e334659be88,49,0,ran,qwen2.5:1.5b,long,5,50,c068.1,1789627955.614705,1789627957.549401,481.897,1934.585,129.115,481.851,128,128,87.424,1,,,5.24,37c2229b
m6-sweep,10ab87906f6c,50,0,ran,qwen2.5:1.5b,long,5,50,c068.1,1789627958.049658,1789627959.230422,353.178,1180.666,137.14,353.14,128,128,153.476,1,,,5.24,9ae86e46
m6-sweep,80a84331574b,51,0,ran,qwen2.5:1.5b,long,5,50,c068.1,1789627959.730642,1789627960.895124,353.155,1164.383,137.272,353.121,128,128,156.553,1,,,4.98,7b90b65f
m6-sweep,07c246ed3767,52,0,ran,qwen2.5:1.5b,long,5,50,c068.1,1789627961.395366,1789627962.581466,334.405,1185.985,119.327,334.368,128,128,149.134,1,,,4.98,59cd3423
m6-sweep,914c6ee93f86,0,1,ran,qwen2.5:0.5b,short,1,0,c069.1,1789627965.130797,1789627968.11248,2868.604,2981.574,40.237,2868.55,28,29,239.001,1,,,4.98,880f8d9d
m6-sweep,d00571e6815a,1,1,ran,qwen2.5:0.5b,short,1,0,c069.1,1789627968.612768,1789627968.795398,64.147,182.506,24.559,64.108,31,32,253.467,1,,,4.98,503e3360
m6-sweep,8bf2b9bf6391,2,1,ran,qwen2.5:0.5b,short,1,0,c069.1,1789627969.296363,1789627969.459547,67.814,163.078,29.096,67.779,24,25,241.434,1,,,4.98,f6a5df5a
m6-sweep,13983f13dafd,3,0,ran,qwen2.5:0.5b,short,1,0,c069.1,1789627969.95978,1789627970.125627,69.46,165.715,32.363,69.42,24,25,238.949,1,,,4.98,0ebb7f27
m6-sweep,c54254b14992,4,0,ran,qwen2.5:0.5b,short,1,0,c069.1,1789627970.625894,1789627970.79334,70.336,167.101,27.397,70.288,24,25,237.689,1,,,5.70,4bbef397
m6-sweep,983a73589eb7,5,0,ran,qwen2.5:0.5b,short,1,0,c069.1,1789627971.293686,1789627971.47203,77.915,178.194,39.946,77.861,25,26,239.332,1,,,5.70,628d2766
m6-sweep,d2810161b6ad,6,0,ran,qwen2.5:0.5b,short,1,0,c069.1,1789627971.972361,1789627972.15491,65.88,182.376,26.756,65.755,24,25,197.431,1,,,5.70,21ee8d81
m6-sweep,fc0e3f7f2de2,7,0,ran,qwen2.5:0.5b,short,1,0,c069.1,1789627972.655229,1789627972.825787,63.324,170.379,22.693,63.265,28,29,252.209,1,,,5.70,e6a0b735
m6-sweep,2443554f5715,8,0,ran,qwen2.5:0.5b,short,1,0,c069.1,1789627973.326139,1789627973.512928,73.772,186.661,31.979,73.688,30,31,256.889,1,,,5.70,67234116
m6-sweep,1054edd2ad89,9,0,ran,qwen2.5:0.5b,short,1,0,c069.1,1789627974.013209,1789627974.175766,71.364,162.443,24.515,71.285,24,25,252.53,1,,,5.70,2428e40b
m6-sweep,5984dd6325f1,10,0,ran,qwen2.5:0.5b,short,1,0,c069.1,1789627974.675983,1789627974.831923,59.153,155.72,19.056,59.084,24,25,238.176,1,,,5.70,229cf425
m6-sweep,7f65131a9228,11,0,ran,qwen2.5:0.5b,short,1,0,c069.1,1789627975.332254,1789627975.487228,58.893,154.854,18.532,58.838,24,25,239.683,1,,,6.13,6f2cc6bc
m6-sweep,9edf32c428c9,12,0,ran,qwen2.5:0.5b,short,1,0,c069.1,1789627975.987461,1789627976.15222,72.004,164.611,29.037,71.948,24,25,248.361,1,,,6.13,141803e0
m6-sweep,c76412354097,13,0,ran,qwen2.5:0.5b,short,1,0,c069.1,1789627976.652487,1789627976.812912,64.847,160.267,20.499,64.8,24,25,241.039,1,,,6.13,4c85f3f9
m6-sweep,1afd0c79eded,14,0,ran,qwen2.5:0.5b,short,1,0,c069.1,1789627977.31319,1789627977.4701,65.514,156.713,24.208,65.479,24,25,252.197,1,,,6.13,5b5d5ded
m6-sweep,5fcc70b80395,15,0,ran,qwen2.5:0.5b,short,1,0,c069.1,1789627977.970473,1789627978.139206,76.05,168.615,39.983,76.003,24,25,248.473,1,,,6.13,80333bc0
m6-sweep,0757559b4a90,16,0,ran,qwen2.5:0.5b,short,1,0,c069.1,1789627978.639455,1789627978.887851,68.296,248.222,30.767,68.261,24,25,127.831,1,,,6.13,cd75caa7
m6-sweep,4fb9394ca65a,17,0,ran,qwen2.5:0.5b,short,1,0,c069.1,1789627979.388141,1789627979.55078,71.154,162.423,32.727,71.102,24,25,252.004,1,,,6.13,718faf80
m6-sweep,b784ed6ff6b8,18,0,ran,qwen2.5:0.5b,short,1,0,c069.1,1789627980.051056,1789627980.214768,65.779,163.566,18.783,65.736,24,25,235.204,1,,,6.13,b7d444d3
m6-sweep,dd3949751322,19,0,ran,qwen2.5:0.5b,short,1,0,c069.1,1789627980.715065,1789627980.88725,78.148,172.078,39.003,78.112,24,25,244.865,1,,,7.00,492ee080
m6-sweep,7ae76063803a,20,0,ran,qwen2.5:0.5b,short,1,0,c069.1,1789627981.387475,1789627981.576422,71.751,188.838,33.632,71.715,31,32,256.22,1,,,7.00,c6a91345
m6-sweep,062ec33356e0,21,0,ran,qwen2.5:0.5b,short,1,0,c069.1,1789627982.076612,1789627982.258419,68.098,181.667,30.188,68.044,31,32,264.155,1,,,7.00,a6e95179
m6-sweep,f16a27bcdda2,22,0,ran,qwen2.5:0.5b,short,1,0,c069.1,1789627982.758704,1789627982.922406,71.044,163.577,31.953,70.989,24,25,248.56,1,,,7.00,061450b5
m6-sweep,a445084e72be,23,0,ran,qwen2.5:0.5b,short,1,0,c069.1,1789627983.422652,1789627983.586016,71.675,163.219,27.997,71.631,24,25,251.246,1,,,7.00,dfed60f4
m6-sweep,8bcdc1a29d00,24,0,ran,qwen2.5:0.5b,short,1,0,c069.1,1789627984.08626,1789627984.535919,353.761,449.436,35.454,353.723,24,25,240.397,1,,,7.00,95e5a173
m6-sweep,30a1b13b9658,25,0,ran,qwen2.5:0.5b,short,1,0,c069.1,1789627985.036216,1789627985.2084,81.931,172.075,38.518,81.872,23,24,244.054,1,,,7.00,c3bb3d59
m6-sweep,196a502f515a,26,0,ran,qwen2.5:0.5b,short,1,0,c069.1,1789627985.708622,1789627985.880473,73.271,171.618,33.435,73.197,24,25,233.867,1,,,6.60,5da84040
m6-sweep,2b9f20d78346,27,0,ran,qwen2.5:0.5b,short,1,0,c069.1,1789627986.380745,1789627986.627689,63.088,246.784,22.716,62.967,48,49,255.858,1,,,6.60,7fcd440c
m6-sweep,86e69c80ea52,28,0,ran,qwen2.5:0.5b,short,1,0,c069.1,1789627987.127963,1789627987.285556,68.747,157.381,26.95,68.691,24,25,259.493,1,,,6.60,75f747b3
m6-sweep,25189291b96f,29,0,ran,qwen2.5:0.5b,short,1,0,c069.1,1789627987.785927,1789627987.957519,71.255,171.506,29.721,71.199,28,29,269.324,1,,,6.60,e31cc8a9
m6-sweep,824f89a38943,30,0,ran,qwen2.5:0.5b,short,1,0,c069.1,1789627988.457752,1789627988.659591,83.281,201.705,38.934,83.227,31,32,253.327,1,,,6.60,f0671904
m6-sweep,439d5659837c,31,0,ran,qwen2.5:0.5b,short,1,0,c069.1,1789627989.159797,1789627989.325836,65.157,165.826,25.929,65.116,24,25,228.472,1,,,6.60,35b22cf2
m6-sweep,c2c49e38f797,32,0,ran,qwen2.5:0.5b,short,1,0,c069.1,1789627989.826302,1789627990.02368,78.044,197.263,38.663,77.988,31,32,251.638,1,,,6.60,6143c71d
m6-sweep,2d00c2b0d977,33,0,ran,qwen2.5:0.5b,short,1,0,c069.1,1789627990.523929,1789627990.681066,67.502,156.901,29.419,67.452,24,25,257.272,1,,,6.31,3c887bd9
m6-sweep,715a701117b0,34,0,ran,qwen2.5:0.5b,short,1,0,c069.1,1789627991.181429,1789627991.369045,74.673,187.512,28.789,74.557,31,32,265.866,1,,,6.31,d74bb9b4
m6-sweep,a1d2d68280b4,35,0,ran,qwen2.5:0.5b,short,1,0,c069.1,1789627991.869265,1789627992.029255,71.6,159.774,29.443,71.563,24,25,260.847,1,,,6.31,9cbc8d72
m6-sweep,7a4be6e10848,36,0,ran,qwen2.5:0.5b,short,1,0,c069.1,1789627992.529513,1789627992.686927,69.581,157.303,27.95,69.515,24,25,262.191,1,,,6.31,0178643c
m6-sweep,de6682e222f1,37,0,ran,qwen2.5:0.5b,short,1,0,c069.1,1789627993.187154,1789627993.348684,70.2,161.409,28.158,70.138,24,25,252.168,1,,,6.31,40f0640b
m6-sweep,ce758ff18bcf,38,0,ran,qwen2.5:0.5b,short,1,0,c069.1,1789627993.848959,1789627994.031093,70.318,182.035,26.082,70.259,23,24,196.927,1,,,6.31,87d298e4
m6-sweep,8d1a782c2ba5,39,0,ran,qwen2.5:0.5b,short,1,0,c069.1,1789627994.531303,1789627994.712012,78.882,180.504,33.5,78.821,24,25,226.329,1,,,6.31,2293bfd9
m6-sweep,51f36c958a58,40,0,ran,qwen2.5:0.5b,short,1,0,c069.1,1789627995.212325,1789627995.388378,77.104,175.935,32.097,77.043,24,25,232.72,1,,,6.31,c8f47dea
m6-sweep,304fca2ad633,41,0,ran,qwen2.5:0.5b,short,1,0,c069.1,1789627995.888585,1789627996.062516,78.511,173.809,36.919,78.455,23,24,230.853,1,,,6.85,5f7ff1c5
m6-sweep,cb0fe950bd16,42,0,ran,qwen2.5:0.5b,short,1,0,c069.1,1789627996.562743,1789627996.731404,73.147,168.457,30.886,73.089,24,25,241.319,1,,,6.85,37fd154d
m6-sweep,8a53b87997cc,43,0,ran,qwen2.5:0.5b,short,1,0,c069.1,1789627997.231757,1789627997.40142,75.973,169.535,35.443,75.931,24,25,245.828,1,,,6.85,87eb01d8
m6-sweep,ecffcb62cf12,44,0,ran,qwen2.5:0.5b,short,1,0,c069.1,1789627997.901639,1789627998.057632,62.353,155.827,22.692,62.306,24,25,246.056,1,,,6.85,decfa636
m6-sweep,75dcf0e6a221,45,0,ran,qwen2.5:0.5b,short,1,0,c069.1,1789627998.557944,1789627998.722518,60.056,164.337,18.671,60.015,26,27,239.737,1,,,6.85,cee518fd
m6-sweep,7c8fbb62f506,46,0,ran,qwen2.5:0.5b,short,1,0,c069.1,1789627999.222866,1789627999.391421,75.591,168.399,29.52,75.552,24,25,247.826,1,,,6.85,9d8d7a02
m6-sweep,133151ce19a7,47,0,ran,qwen2.5:0.5b,short,1,0,c069.1,1789627999.8917,1789628000.050778,61.131,158.933,18.845,61.096,24,25,235.169,1,,,6.85,cc45e8b1
m6-sweep,2491cd79e554,48,0,ran,qwen2.5:0.5b,short,1,0,c069.1,1789628000.551054,1789628000.722458,75.461,171.291,38.228,75.407,24,25,240.009,1,,,6.70,1fecadea
m6-sweep,c113727780e6,49,0,ran,qwen2.5:0.5b,short,1,0,c069.1,1789628001.222709,1789628001.384154,69.215,161.315,30.086,69.156,24,25,249.729,1,,,6.70,a12a3697
m6-sweep,afcf57d6b086,50,0,ran,qwen2.5:0.5b,short,1,0,c069.1,1789628001.884426,1789628002.048364,68.879,163.718,26.644,68.834,24,25,242.515,1,,,6.70,e62567b7
m6-sweep,c51b6da01c4d,51,0,ran,qwen2.5:0.5b,short,1,0,c069.1,1789628002.548729,1789628002.71178,72.293,162.952,25.963,72.237,23,24,242.667,1,,,6.70,cba40cfd
m6-sweep,c3a55d279c2c,52,0,ran,qwen2.5:0.5b,short,1,0,c069.1,1789628003.21204,1789628003.375334,66.704,163.088,28.575,66.631,24,25,238.629,1,,,6.70,9e9ac62a
m6-sweep,830e3edebb8a,0,1,ran,qwen2.5:3b,short,5,0,c070.1,1789628005.884556,1789628009.639389,2891.686,3754.688,27.581,2891.633,52,53,59.096,1,,,6.48,73bc9b1e
m6-sweep,90a98508e0a2,1,1,ran,qwen2.5:3b,short,5,0,c070.1,1789628010.139644,1789628010.823438,83.248,683.477,36.352,83.206,53,54,86.634,1,,,6.92,db527407
m6-sweep,6b2f27fad690,2,1,ran,qwen2.5:3b,short,5,0,c070.1,1789628011.323693,1789628012.243556,76.454,919.741,23.928,76.411,82,83,96.053,1,,,6.92,d9797c2d
m6-sweep,5fb5a3952bdb,3,0,ran,qwen2.5:3b,short,5,0,c070.1,1789628012.743812,1789628013.590369,76.396,846.449,23.954,76.351,75,76,96.097,1,,,6.92,8f0ef0b5
m6-sweep,6f8d54b5c203,4,0,ran,qwen2.5:3b,short,5,0,c070.1,1789628014.090677,1789628015.007828,84.779,917.042,32.659,84.743,81,82,96.123,1,,,6.92,e662c5d7
m6-sweep,ed86048f9c35,5,0,ran,qwen2.5:3b,short,5,0,c070.1,1789628015.508195,1789628016.459429,84.178,951.104,34.958,84.141,81,82,92.28,1,,,6.61,6ff59476
m6-sweep,9482d7ea9d09,6,0,ran,qwen2.5:3b,short,5,0,c070.1,1789628016.959665,1789628017.647624,82.11,687.854,30.854,82.073,59,60,95.75,1,,,6.61,3f5f9f92
m6-sweep,d7246eacc5b6,7,0,ran,qwen2.5:3b,short,5,0,c070.1,1789628018.147903,1789628018.84789,91.557,699.884,37.584,91.52,59,60,95.343,1,,,6.61,a521f031
m6-sweep,7b19524f0366,8,0,ran,qwen2.5:3b,short,5,0,c070.1,1789628019.348131,1789628020.158896,87.804,810.625,37.912,87.767,70,71,95.459,1,,,6.61,d79618a7
m6-sweep,635c41375d6d,9,0,ran,qwen2.5:3b,short,5,0,c070.1,1789628020.659211,1789628021.561388,77.762,902.0,28.827,77.725,80,81,95.846,1,,,7.20,b39adca9
m6-sweep,f5ea9879d878,10,0,ran,qwen2.5:3b,short,5,0,c070.1,1789628022.061767,1789628022.677947,120.213,616.054,32.158,120.174,51,52,100.839,1,,,7.20,5dd0e705
m6-sweep,fb5f234c8fd8,11,0,ran,qwen2.5:3b,short,5,0,c070.1,1789628023.178202,1789628023.792635,74.937,614.254,27.091,74.899,52,53,94.564,1,,,7.20,81ff175c
m6-sweep,fbe7ca7c8818,12,0,ran,qwen2.5:3b,short,5,0,c070.1,1789628024.293039,1789628027.417324,2106.131,3124.165,2038.003,2106.092,98,99,95.282,1,,,6.70,c2061efd
m6-sweep,b0cb3005590f,13,0,ran,qwen2.5:3b,short,5,0,c070.1,1789628027.91758,1789628028.42824,87.522,510.555,32.853,87.469,41,42,94.555,1,,,6.70,91f837ad
m6-sweep,119367b6b229,14,0,ran,qwen2.5:3b,short,5,0,c070.1,1789628028.928584,1789628029.828927,81.881,900.206,34.947,81.845,75,76,90.429,1,,,6.70,41bbd1b3
m6-sweep,86648013f3ad,15,0,ran,qwen2.5:3b,short,5,0,c070.1,1789628030.329176,1789628031.504758,333.406,1175.337,22.6,333.362,82,83,96.207,1,,,6.33,840b640a
m6-sweep,371bd805ae7a,16,0,ran,qwen2.5:3b,short,5,0,c070.1,1789628032.005253,1789628033.117345,329.253,1111.974,22.526,329.217,76,77,95.82,1,,,6.33,86d734aa
m6-sweep,8ff289849e83,17,0,ran,qwen2.5:3b,short,5,0,c070.1,1789628033.617674,1789628034.424163,85.557,806.365,33.644,85.518,70,71,95.726,1,,,6.33,7e9a3da9
m6-sweep,32216ba339ad,18,0,ran,qwen2.5:3b,short,5,0,c070.1,1789628034.924413,1789628035.879251,78.195,954.714,21.434,78.158,85,86,95.834,1,,,6.30,92dac9f7
m6-sweep,dd623ef8c23f,19,0,ran,qwen2.5:3b,short,5,0,c070.1,1789628036.379511,1789628037.043654,89.97,663.972,38.753,89.897,56,57,95.818,1,,,6.30,c1364343
m6-sweep,32820ec3d93c,20,0,ran,qwen2.5:3b,short,5,0,c070.1,1789628037.544008,1789628038.332862,82.468,788.746,33.63,82.427,41,42,56.635,1,,,6.30,41f71af8
m6-sweep,6c0e69af66e5,21,0,ran,qwen2.5:3b,short,5,0,c070.1,1789628038.833083,1789628039.444136,78.64,610.935,31.724,78.595,52,53,95.812,1,,,6.30,8d925451
m6-sweep,8108f1edfdd8,22,0,ran,qwen2.5:3b,short,5,0,c070.1,1789628039.944398,1789628040.562254,68.944,617.721,21.276,68.861,53,54,94.756,1,,,6.36,3d065e1a
m6-sweep,0b7ca5a59819,23,0,ran,qwen2.5:3b,short,5,0,c070.1,1789628041.062481,1789628041.673387,73.231,610.747,24.798,73.194,52,53,94.881,1,,,6.36,e1a1eb86
m6-sweep,fab2ad0f7db5,24,0,ran,qwen2.5:3b,short,5,0,c070.1,1789628042.173692,1789628044.099794,1094.95,1925.994,1048.184,1094.908,81,82,96.264,1,,,6.36,d9be7efd
m6-sweep,134b069bc425,25,0,ran,qwen2.5:3b,short,5,0,c070.1,1789628044.600022,1789628045.412282,83.912,812.14,33.549,83.874,70,71,94.75,1,,,6.36,4983ffc6
m6-sweep,d14390f65fd1,26,0,ran,qwen2.5:3b,short,5,0,c070.1,1789628045.912514,1789628046.711895,79.877,799.268,31.136,79.839,70,71,95.914,1,,,7.21,7674de09
m6-sweep,84176493016e,27,0,ran,qwen2.5:3b,short,5,0,c070.1,1789628047.212121,1789628047.8943,78.228,681.952,28.622,78.19,59,60,96.07,1,,,7.21,f4ca453f
m6-sweep,ffb277126f52,28,0,ran,qwen2.5:3b,short,5,0,c070.1,1789628048.39453,1789628049.169068,86.998,774.423,39.222,86.962,67,68,96.011,1,,,7.21,cea8a73f
m6-sweep,10c782ff9766,29,0,ran,qwen2.5:3b,short,5,0,c070.1,1789628049.669266,1789628051.290773,1083.965,1621.28,1028.99,1083.717,52,53,94.917,1,,,6.87,e33a8599
m6-sweep,58af829569db,30,0,ran,qwen2.5:3b,short,5,0,c070.1,1789628051.791041,1789628052.310645,95.936,519.481,41.239,95.881,41,42,94.441,1,,,6.87,6d513eb5
m6-sweep,f723b268deb9,31,0,ran,qwen2.5:3b,short,5,0,c070.1,1789628052.810875,1789628053.444417,85.523,633.433,37.951,85.487,52,53,93.081,1,,,6.87,cc419126
m6-sweep,7d0a6c016623,32,0,ran,qwen2.5:3b,short,5,0,c070.1,1789628053.944662,1789628054.603142,77.595,658.371,24.318,77.557,55,56,92.979,1,,,6.87,6b188f3c
m6-sweep,a5eacc29f88a,33,0,ran,qwen2.5:3b,short,5,0,c070.1,1789628055.103358,1789628056.909517,1087.051,1805.907,1039.841,1087.012,70,71,95.986,1,,,6.48,2fc77f2a
m6-sweep,7a2cdc3339ef,34,0,ran,qwen2.5:3b,short,5,0,c070.1,1789628057.409868,1789628058.049761,77.159,639.646,28.916,77.112,52,53,90.669,1,,,6.48,2334c12f
m6-sweep,d374c42cd1be,35,0,ran,qwen2.5:3b,short,5,0,c070.1,1789628058.550116,1789628059.583546,114.898,1033.279,28.218,114.861,70,71,75.132,1,,,6.48,218e75a8
m6-sweep,b2dd149d16a5,36,0,ran,qwen2.5:3b,short,5,0,c070.1,1789628060.083838,1789628061.31456,361.046,1230.614,31.981,361.008,85,86,96.6,1,,,7.40,1cdca4ac
m6-sweep,c025435c34d2,37,0,ran,qwen2.5:3b,short,5,0,c070.1,1789628061.814795,1789628062.751865,87.311,936.947,35.291,87.274,83,84,96.512,1,,,7.40,2f1a942d
m6-sweep,93db959d3d0a,38,0,ran,qwen2.5:3b,short,5,0,c070.1,1789628063.252095,1789628064.211398,85.714,959.186,32.319,85.67,85,86,96.168,1,,,7.40,266a5a3c
m6-sweep,4dc13655c6bd,39,0,ran,qwen2.5:3b,short,5,0,c070.1,1789628064.711637,1789628065.732723,87.549,1020.986,38.868,87.512,85,86,89.99,1,,,8.09,44b32ba7
m6-sweep,eb5e574852b5,40,0,ran,qwen2.5:3b,short,5,0,c070.1,1789628066.232953,1789628067.206864,101.892,973.804,24.635,101.848,85,86,96.34,1,,,8.09,64940eeb
m6-sweep,6fbbb4bd2d0d,41,0,ran,qwen2.5:3b,short,5,0,c070.1,1789628067.707118,1789628068.627861,77.108,920.617,23.835,77.07,82,83,96.027,1,,,8.09,3db96cce
m6-sweep,cbe8afdbbcb3,42,0,ran,qwen2.5:3b,short,5,0,c070.1,1789628069.128147,1789628071.07324,1084.625,1944.913,1033.66,1084.59,82,83,94.155,1,,,8.00,20c7642b
m6-sweep,075e8b76ca55,43,0,ran,qwen2.5:3b,short,5,0,c070.1,1789628071.573548,1789628072.198982,84.209,625.192,36.225,84.161,52,53,94.273,1,,,8.00,aa3caf55
m6-sweep,7d45d522c873,44,0,ran,qwen2.5:3b,short,5,0,c070.1,1789628072.699288,1789628073.353364,76.541,653.893,30.216,76.5,56,57,95.263,1,,,8.00,b68afcec
m6-sweep,d02028c6044e,45,0,ran,qwen2.5:3b,short,5,0,c070.1,1789628073.853656,1789628074.465989,69.005,612.223,22.348,68.967,52,53,93.885,1,,,8.00,08edbf89
m6-sweep,912ec924995e,46,0,ran,qwen2.5:3b,short,5,0,c070.1,1789628074.966239,1789628075.949915,85.842,983.568,37.885,85.797,87,88,95.798,1,,,8.81,e04853a4
m6-sweep,eeeef429ebcf,47,0,ran,qwen2.5:3b,short,5,0,c070.1,1789628076.450161,1789628077.387134,82.709,936.83,27.292,82.673,83,84,96.005,1,,,8.81,3fd97c3b
m6-sweep,4f5df889ea06,48,0,ran,qwen2.5:3b,short,5,0,c070.1,1789628077.887351,1789628078.909008,158.582,1021.532,22.459,158.545,81,82,92.705,1,,,8.81,4d2996d8
m6-sweep,ac016eaffdbc,49,0,ran,qwen2.5:3b,short,5,0,c070.1,1789628079.409263,1789628080.03955,83.539,630.166,34.374,83.504,52,53,93.3,1,,,8.81,a1e646a8
m6-sweep,edeff9cc93e5,50,0,ran,qwen2.5:3b,short,5,0,c070.1,1789628080.539768,1789628082.343515,1082.661,1803.498,1033.914,1082.624,70,71,95.722,1,,,8.58,4f42b7f6
m6-sweep,d354d6b50c5c,51,0,ran,qwen2.5:3b,short,5,0,c070.1,1789628082.843883,1789628083.778878,108.975,934.748,38.922,108.937,80,81,95.668,1,,,8.58,eac1326c
m6-sweep,cc7b5baea0c2,52,0,ran,qwen2.5:3b,short,5,0,c070.1,1789628084.279216,1789628084.933826,83.77,654.503,32.813,83.732,55,56,94.615,1,,,8.58,7d005c1b
m6-sweep,d1e7bcc001a3,0,1,ran,qwen2.5:1.5b,short,10,0,c071.1,1789628087.448503,1789628103.299917,15723.006,15851.307,1042.811,15722.961,18,19,132.501,1,,,7.11,eb053736
m6-sweep,90a4514397e7,1,1,ran,qwen2.5:1.5b,short,10,0,c071.1,1789628103.800176,1789628105.017177,1095.592,1216.826,1054.553,1095.557,18,19,140.225,1,,,7.11,43f68b3a
m6-sweep,20ba1b13bf36,2,1,ran,qwen2.5:1.5b,short,10,0,c071.1,1789628105.517453,1789628105.707897,74.144,190.349,28.248,74.107,18,19,146.292,1,,,7.18,e6b40308
m6-sweep,39b0e67fe626,3,0,ran,qwen2.5:1.5b,short,10,0,c071.1,1789628106.208153,1789628107.418897,1085.61,1210.624,1041.97,1085.533,18,19,135.985,1,,,7.18,52069b01
m6-sweep,b7b684e45984,4,0,ran,qwen2.5:1.5b,short,10,0,c071.1,1789628107.919112,1789628108.105549,71.76,186.308,29.932,71.712,18,19,148.41,1,,,7.18,ce41161f
m6-sweep,68f689dce747,5,0,ran,qwen2.5:1.5b,short,10,0,c071.1,1789628108.605836,1789628108.832313,96.761,226.316,34.168,96.717,20,21,146.656,1,,,7.18,d2503c98
m6-sweep,484fa7af52a4,6,0,ran,qwen2.5:1.5b,short,10,0,c071.1,1789628109.332606,1789628109.527213,71.163,194.394,29.774,71.125,18,19,137.953,1,,,7.18,e2243ac2
m6-sweep,ed3e31b6f503,7,0,ran,qwen2.5:1.5b,short,10,0,c071.1,1789628110.02752,1789628110.220578,100.992,192.936,34.53,100.953,18,19,184.895,1,,,7.18,8530a6bb
m6-sweep,30594ffaa8fb,8,0,ran,qwen2.5:1.5b,short,10,0,c071.1,1789628110.720824,1789628110.897964,61.286,176.977,22.388,61.243,18,19,146.943,1,,,7.57,6f526fa4
m6-sweep,e1ab2ea54b9d,9,0,ran,qwen2.5:1.5b,short,10,0,c071.1,1789628111.398249,1789628111.619825,86.908,221.468,40.104,86.87,18,19,126.338,1,,,7.57,e8405fbb
m6-sweep,d740f76b3bb0,10,0,ran,qwen2.5:1.5b,short,10,0,c071.1,1789628112.120059,1789628112.554137,343.337,433.868,21.65,343.301,18,19,187.782,1,,,7.57,c0446295
m6-sweep,41ff214e01f7,11,0,ran,qwen2.5:1.5b,short,10,0,c071.1,1789628113.05443,1789628113.256585,85.393,202.031,20.565,85.355,18,19,145.75,1,,,7.57,5c4e3689
m6-sweep,07b1b4e997d4,12,0,ran,qwen2.5:1.5b,short,10,0,c071.1,1789628113.756837,1789628114.179137,70.811,422.029,25.808,70.773,18,19,48.403,1,,,7.57,d391647a
m6-sweep,ab818f4ae15c,13,0,ran,qwen2.5:1.5b,short,10,0,c071.1,1789628114.679404,1789628114.895074,81.68,215.567,38.407,81.591,21,22,149.38,1,,,7.57,3172721d
m6-sweep,3088e5c02457,14,0,ran,qwen2.5:1.5b,short,10,0,c071.1,1789628115.395283,1789628115.584086,73.077,188.622,32.994,73.034,18,19,147.129,1,,,7.36,ac730315
m6-sweep,d1ed0161fe9a,15,0,ran,qwen2.5:1.5b,short,10,0,c071.1,1789628116.084419,1789628116.26899,67.851,184.335,24.843,67.817,18,19,145.943,1,,,7.36,0ed9e188
m6-sweep,9f7bd48cdcf9,16,0,ran,qwen2.5:1.5b,short,10,0,c071.1,1789628116.769376,1789628117.004801,81.926,235.311,40.492,81.878,20,21,123.871,1,,,7.36,ff352338
m6-sweep,f4f84204837f,17,0,ran,qwen2.5:1.5b,short,10,0,c071.1,1789628117.505023,1789628117.718006,80.787,212.865,34.512,80.749,20,21,143.854,1,,,7.36,d9a91115
m6-sweep,6223eca67cc4,18,0,ran,qwen2.5:1.5b,short,10,0,c071.1,1789628118.218303,1789628118.398395,64.526,179.953,20.344,64.492,18,19,147.279,1,,,7.36,33576c1a
m6-sweep,b4f6482a9611,19,0,ran,qwen2.5:1.5b,short,10,0,c071.1,1789628118.898655,1789628119.09865,78.434,199.836,34.867,78.397,18,19,140.031,1,,,7.36,4f01cee6
m6-sweep,b57795e9faf0,20,0,ran,qwen2.5:1.5b,short,10,0,c071.1,1789628119.598922,1789628119.786542,96.187,187.498,31.822,96.151,18,19,186.177,1,,,7.36,c7e6220d
m6-sweep,d0722e123d72,21,0,ran,qwen2.5:1.5b,short,10,0,c071.1,1789628120.286762,1789628121.578637,1093.824,1291.726,1047.669,1093.775,18,19,85.901,1,,,6.93,2ffb76b1
m6-sweep,1d6652e56094,22,0,ran,qwen2.5:1.5b,short,10,0,c071.1,1789628122.078911,1789628123.31074,1106.701,1231.588,1045.073,1106.65,18,19,136.124,1,,,6.93,d3a2ab47
m6-sweep,f5fd8e1f273d,23,0,ran,qwen2.5:1.5b,short,10,0,c071.1,1789628123.811105,1789628124.425901,80.571,614.686,39.179,80.533,26,27,46.806,1,,,6.93,693fc660
m6-sweep,d7fbe4d9d70b,24,0,ran,qwen2.5:1.5b,short,10,0,c071.1,1789628124.926295,1789628125.155378,78.025,228.978,33.81,77.969,24,25,152.366,1,,,6.93,33383d3b
m6-sweep,c23914c165f1,25,0,ran,qwen2.5:1.5b,short,10,0,c071.1,1789628125.655593,1789628125.835957,64.78,180.236,22.508,64.743,18,19,147.242,1,,,6.62,fa668352
m6-sweep,09bf899bdb5b,26,0,ran,qwen2.5:1.5b,short,10,0,c071.1,1789628126.336196,1789628126.535962,67.971,199.648,22.618,67.895,21,22,151.886,1,,,6.62,13573ace
m6-sweep,3a9aecf49178,27,0,ran,qwen2.5:1.5b,short,10,0,c071.1,1789628127.036184,1789628127.247812,79.816,211.326,35.282,79.779,18,19,129.267,1,,,6.62,0fd85328
m6-sweep,01c32a8b8cfc,28,0,ran,qwen2.5:1.5b,short,10,0,c071.1,1789628127.748149,1789628128.181841,317.596,433.596,19.924,317.557,18,19,146.551,1,,,6.62,3eb51ad0
m6-sweep,0eb1015f3601,29,0,ran,qwen2.5:1.5b,short,10,0,c071.1,1789628128.682058,1789628128.903781,64.638,221.599,21.904,64.579,18,19,108.307,1,,,6.62,558115c5
m6-sweep,435f454a3a47,30,0,ran,qwen2.5:1.5b,short,10,0,c071.1,1789628129.403995,1789628129.586165,65.067,181.96,24.659,65.024,18,19,145.433,1,,,6.62,76f3e4bd
m6-sweep,0ad7000a6d40,31,0,ran,qwen2.5:1.5b,short,10,0,c071.1,1789628130.086625,1789628130.538314,364.794,451.52,20.909,364.738,18,19,196.019,1,,,7.13,331b490b
m6-sweep,76f944c516ed,32,0,ran,qwen2.5:1.5b,short,10,0,c071.1,1789628131.038564,1789628131.258274,64.435,219.576,22.574,64.381,18,19,109.578,1,,,7.13,411bfc3a
m6-sweep,3f709557e75a,33,0,ran,qwen2.5:1.5b,short,10,0,c071.1,1789628131.758502,1789628132.295687,413.101,537.092,11.857,413.061,18,19,137.107,1,,,7.13,c30ae52b
m6-sweep,a5ce986d45d7,34,0,ran,qwen2.5:1.5b,short,10,0,c071.1,1789628132.795935,1789628132.990437,78.969,194.332,32.416,78.924,18,19,147.361,1,,,7.13,730025d4
m6-sweep,97e2057790fc,35,0,ran,qwen2.5:1.5b,short,10,0,c071.1,1789628133.490745,1789628134.712282,1103.249,1221.394,1060.024,1103.17,18,19,143.89,1,,,7.13,432d701d
m6-sweep,67b07d2f742b,36,0,ran,qwen2.5:1.5b,short,10,0,c071.1,1789628135.212545,1789628138.582694,3247.282,3369.948,1038.591,3247.226,18,19,138.588,1,,,6.80,17a23fb1
m6-sweep,69038013b600,37,0,ran,qwen2.5:1.5b,short,10,0,c071.1,1789628139.083003,1789628139.581321,389.529,498.205,27.966,389.492,26,27,230.042,1,,,6.80,49266bd6
m6-sweep,95b6b9e72977,38,0,ran,qwen2.5:1.5b,short,10,0,c071.1,1789628140.081568,1789628140.536766,327.356,455.074,30.637,327.312,20,21,148.766,1,,,6.80,aaf8ba14
m6-sweep,a8265f999161,39,0,ran,qwen2.5:1.5b,short,10,0,c071.1,1789628141.037046,1789628142.282293,1099.774,1245.053,1058.067,1099.708,21,22,137.666,1,,,7.62,6af80ca0
m6-sweep,092111b1c96d,40,0,ran,qwen2.5:1.5b,short,10,0,c071.1,1789628142.783114,1789628143.028283,68.736,244.986,25.313,68.698,26,27,141.844,1,,,7.62,c0cb28ad
m6-sweep,d413ee25a7eb,41,0,ran,qwen2.5:1.5b,short,10,0,c071.1,1789628143.528536,1789628144.897805,1082.246,1369.05,1040.527,1082.202,46,47,156.902,1,,,7.62,b86b05f3
m6-sweep,cf3daa08c5c4,42,0,ran,qwen2.5:1.5b,short,10,0,c071.1,1789628145.398088,1789628146.619706,1103.023,1221.357,1054.746,1102.952,18,19,143.661,1,,,7.33,428f2992
m6-sweep,9622d270d2da,43,0,ran,qwen2.5:1.5b,short,10,0,c071.1,1789628147.120058,1789628147.647866,76.469,527.699,31.665,76.432,18,19,37.675,1,,,7.33,6d1dab4c
m6-sweep,eac571e21591,44,0,ran,qwen2.5:1.5b,short,10,0,c071.1,1789628148.148096,1789628148.592202,74.663,443.899,29.189,74.623,18,19,46.041,1,,,7.33,5b6a8199
m6-sweep,873e5b4041f3,45,0,ran,qwen2.5:1.5b,short,10,0,c071.1,1789628149.092454,1789628149.283867,69.091,191.222,23.055,69.054,18,19,139.195,1,,,7.33,a2c6b5bc
m6-sweep,693932a5a9ee,46,0,ran,qwen2.5:1.5b,short,10,0,c071.1,1789628149.784178,1789628151.033857,1125.391,1249.542,1044.939,1125.336,18,19,136.931,1,,,6.90,dd0e9486
m6-sweep,210fa13e7d24,47,0,ran,qwen2.5:1.5b,short,10,0,c071.1,1789628151.534077,1789628151.731211,71.109,197.029,20.681,71.067,18,19,135.006,1,,,6.90,c7f83629
m6-sweep,22a05df5a29d,48,0,ran,qwen2.5:1.5b,short,10,0,c071.1,1789628152.231408,1789628153.451526,1078.838,1219.998,1033.346,1078.795,18,19,120.431,1,,,6.90,32fe6959
m6-sweep,8b9fe0dbe177,49,0,ran,qwen2.5:1.5b,short,10,0,c071.1,1789628153.951847,1789628155.16981,1088.466,1217.858,1040.846,1088.423,18,19,131.384,1,,,6.90,1b22ec91
m6-sweep,d6528fe09c0e,50,0,ran,qwen2.5:1.5b,short,10,0,c071.1,1789628155.67007,1789628155.859529,68.684,189.359,22.917,68.624,18,19,140.874,1,,,6.67,e67d45ba
m6-sweep,7f3ff567fdeb,51,0,ran,qwen2.5:1.5b,short,10,0,c071.1,1789628156.359761,1789628156.585817,73.768,225.866,33.263,73.721,20,21,124.92,1,,,6.67,ffdac58e
m6-sweep,bdd9717131c5,52,0,ran,qwen2.5:1.5b,short,10,0,c071.1,1789628157.086021,1789628157.311317,94.362,225.028,29.768,94.316,18,19,130.102,1,,,6.67,9ff95bdd
m6-sweep,b174fa081064,0,1,ran,qwen2.5:1.5b,short,0,20,c072.1,1789628159.82731,1789628160.110763,154.19,283.317,68.834,154.129,18,19,131.653,1,,,6.67,d60d5f74
m6-sweep,69c099f60866,1,1,ran,qwen2.5:1.5b,short,0,20,c072.1,1789628160.61103,1789628160.906549,168.408,295.352,77.88,168.329,18,19,133.917,1,,,6.45,9a13aedb
m6-sweep,ac1dbd34eeb8,2,1,ran,qwen2.5:1.5b,short,0,20,c072.1,1789628161.406888,1789628161.753731,163.536,346.749,65.014,163.493,26,27,136.453,1,,,6.45,53354723
m6-sweep,63081a858f00,3,0,ran,qwen2.5:1.5b,short,0,20,c072.1,1789628162.253973,1789628162.526078,150.83,271.926,65.742,150.795,18,19,140.385,1,,,6.45,ec69b820
m6-sweep,fc382d2bba49,4,0,ran,qwen2.5:1.5b,short,0,20,c072.1,1789628163.026472,1789628163.309804,163.058,283.19,77.475,163.022,18,19,141.512,1,,,6.45,bb9dd76e
m6-sweep,701a2704a316,5,0,ran,qwen2.5:1.5b,short,0,20,c072.1,1789628163.810214,1789628164.101848,166.42,291.515,79.764,166.341,18,19,135.897,1,,,6.45,3d46b4aa
m6-sweep,059d9111aed1,6,0,ran,qwen2.5:1.5b,short,0,20,c072.1,1789628164.602105,1789628164.892111,163.289,289.844,75.225,163.218,18,19,134.328,1,,,6.45,738e3458
m6-sweep,8574ee75d8d6,7,0,ran,qwen2.5:1.5b,short,0,20,c072.1,1789628165.392453,1789628165.675755,155.678,283.187,70.351,155.643,18,19,133.324,1,,,6.50,84c5f50d
m6-sweep,46f246250ab9,8,0,ran,qwen2.5:1.5b,short,0,20,c072.1,1789628166.176021,1789628166.455646,158.732,279.511,76.562,158.691,18,19,140.753,1,,,6.50,0d2a68d6
m6-sweep,193b03d54464,9,0,ran,qwen2.5:1.5b,short,0,20,c072.1,1789628166.955931,1789628167.253284,168.806,297.23,78.611,168.773,20,21,147.947,1,,,6.50,75ee3a6c
m6-sweep,f4f180829f58,10,0,ran,qwen2.5:1.5b,short,0,20,c072.1,1789628167.753546,1789628168.031507,148.851,277.851,64.119,148.799,20,21,147.287,1,,,6.50,e88332ec
m6-sweep,654f902766c3,11,0,ran,qwen2.5:1.5b,short,0,20,c072.1,1789628168.531754,1789628168.802501,156.264,270.634,68.171,156.228,18,19,148.641,1,,,6.50,0db7c51a
m6-sweep,f9d93a3d40f0,12,0,ran,qwen2.5:1.5b,short,0,20,c072.1,1789628169.302876,1789628169.762357,166.411,459.342,79.156,166.378,47,48,157.033,1,,,6.50,ecad4c20
m6-sweep,052f0dbb5d32,13,0,ran,qwen2.5:1.5b,short,0,20,c072.1,1789628170.262593,1789628170.535076,157.706,272.212,66.849,157.666,18,19,148.464,1,,,6.50,2bd70ff9
m6-sweep,50145bcc15cb,14,0,ran,qwen2.5:1.5b,short,0,20,c072.1,1789628171.035378,1789628171.516726,165.465,481.239,79.348,165.417,46,47,142.507,1,,,7.18,e2ccd547
m6-sweep,42d93faea1d6,15,0,ran,qwen2.5:1.5b,short,0,20,c072.1,1789628172.01695,1789628172.278159,145.965,261.133,63.103,145.93,18,19,147.61,1,,,7.18,e707beb4
m6-sweep,f530adffd7f8,16,0,ran,qwen2.5:1.5b,short,0,20,c072.1,1789628172.778437,1789628173.067501,154.044,288.97,66.931,153.998,21,22,148.229,1,,,7.18,be4df016
m6-sweep,f30c09adafa0,17,0,ran,qwen2.5:1.5b,short,0,20,c072.1,1789628173.567749,1789628173.844804,164.1,276.894,73.849,164.052,18,19,150.718,1,,,7.18,35399b85
m6-sweep,1d6e72f0e3a0,18,0,ran,qwen2.5:1.5b,short,0,20,c072.1,1789628174.345092,1789628174.849933,146.465,504.741,63.518,146.43,57,58,156.304,1,,,7.18,d32e32e0
m6-sweep,8e25ad84a1c8,19,0,ran,qwen2.5:1.5b,short,0,20,c072.1,1789628175.350158,1789628175.624526,158.865,274.24,71.254,158.824,18,19,147.347,1,,,6.76,3e25090b
m6-sweep,8a11e764ab62,20,0,ran,qwen2.5:1.5b,short,0,20,c072.1,1789628176.124773,1789628176.398976,158.319,274.105,75.345,158.276,18,19,146.822,1,,,6.76,5e774859
m6-sweep,ca983e852be5,21,0,ran,qwen2.5:1.5b,short,0,20,c072.1,1789628176.899184,1789628177.183488,166.532,284.219,78.639,166.424,18,19,144.452,1,,,6.76,6bde6f5d
m6-sweep,05e3303780c0,22,0,ran,qwen2.5:1.5b,short,0,20,c072.1,1789628177.68385,1789628177.980585,162.52,296.65,77.62,162.452,21,22,149.109,1,,,6.76,8ccd6038
m6-sweep,83524e66bf39,23,0,ran,qwen2.5:1.5b,short,0,20,c072.1,1789628178.480817,1789628178.792394,157.136,311.46,73.913,157.101,24,25,149.037,1,,,6.76,bd6f7a55
m6-sweep,436cfdbfbd6e,24,0,ran,qwen2.5:1.5b,short,0,20,c072.1,1789628179.292659,1789628179.574803,166.983,282.015,76.026,166.949,18,19,147.786,1,,,6.76,f4e76502
m6-sweep,a0a40b15be63,25,0,ran,qwen2.5:1.5b,short,0,20,c072.1,1789628180.075112,1789628180.355805,166.045,280.607,79.552,166.002,18,19,148.392,1,,,6.76,020c78b8
m6-sweep,f6a7a1d99261,26,0,ran,qwen2.5:1.5b,short,0,20,c072.1,1789628180.856035,1789628181.140992,148.074,284.864,60.799,148.038,20,21,138.899,1,,,7.66,f380e826
m6-sweep,c4db9c7c5f1c,27,0,ran,qwen2.5:1.5b,short,0,20,c072.1,1789628181.641294,1789628181.9068,150.818,265.392,63.357,150.772,18,19,148.375,1,,,7.66,86a57f0a
m6-sweep,a4828a6deaa2,28,0,ran,qwen2.5:1.5b,short,0,20,c072.1,1789628182.407042,1789628182.831537,143.532,424.403,59.163,143.498,45,46,156.656,1,,,7.66,4296d493
m6-sweep,7f967acd7efc,29,0,ran,qwen2.5:1.5b,short,0,20,c072.1,1789628183.331759,1789628183.60396,157.061,272.044,74.932,157.013,18,19,147.848,1,,,7.66,bc699d86
m6-sweep,f2103c127fe8,30,0,ran,qwen2.5:1.5b,short,0,20,c072.1,1789628184.104252,1789628184.416853,153.956,312.515,63.618,153.891,25,26,151.363,1,,,7.66,9806f33d
m6-sweep,e3d92bbf457b,31,0,ran,qwen2.5:1.5b,short,0,20,c072.1,1789628184.917072,1789628185.181615,151.409,264.448,67.215,151.375,18,19,150.391,1,,,7.66,feb4efcc
m6-sweep,697ca9f8abb8,32,0,ran,qwen2.5:1.5b,short,0,20,c072.1,1789628185.681875,1789628186.122685,148.481,440.646,64.959,148.442,46,47,154.023,1,,,7.37,c0b762a1
m6-sweep,eae9641a1439,33,0,ran,qwen2.5:1.5b,short,0,20,c072.1,1789628186.623,1789628186.892764,154.782,269.659,66.551,154.748,18,19,147.984,1,,,7.37,4e9022a3
m6-sweep,f581c9ebaa3b,34,0,ran,qwen2.5:1.5b,short,0,20,c072.1,1789628187.393001,1789628187.66899,146.332,275.85,61.32,146.296,20,21,146.698,1,,,7.37,fdfcddd1
m6-sweep,5c52ae6ce195,35,0,ran,qwen2.5:1.5b,short,0,20,c072.1,1789628188.169316,1789628188.444747,160.149,275.275,72.714,160.115,18,19,147.664,1,,,7.37,a715fcd4
m6-sweep,a15816deb5fe,36,0,ran,qwen2.5:1.5b,short,0,20,c072.1,1789628188.945094,1789628189.216667,147.153,271.441,62.572,147.108,18,19,136.78,1,,,7.37,6b363fe4
m6-sweep,b064b78e8f2f,37,0,ran,qwen2.5:1.5b,short,0,20,c072.1,1789628189.717014,1789628189.991807,154.219,274.689,65.974,154.17,18,19,141.113,1,,,7.37,0ba713e6
m6-sweep,f9ff9f3e33dd,38,0,ran,qwen2.5:1.5b,short,0,20,c072.1,1789628190.49207,1789628190.93963,158.363,447.389,74.916,158.326,46,47,155.695,1,,,7.18,df8dd63d
m6-sweep,34876ae523bc,39,0,ran,qwen2.5:1.5b,short,0,20,c072.1,1789628191.439971,1789628191.731441,158.699,291.385,68.811,158.664,21,22,150.731,1,,,7.18,4774895b
m6-sweep,0882348360d1,40,0,ran,qwen2.5:1.5b,short,0,20,c072.1,1789628192.231683,1789628192.505542,158.462,273.762,74.001,158.427,18,19,147.442,1,,,7.18,f5907a33
m6-sweep,f2a18dea9022,41,0,ran,qwen2.5:1.5b,short,0,20,c072.1,1789628193.005773,1789628193.320581,144.665,314.711,60.528,144.624,26,27,147.018,1,,,7.18,401f87f9
m6-sweep,54a4630ceb75,42,0,ran,qwen2.5:1.5b,short,0,20,c072.1,1789628193.820826,1789628194.088725,150.205,267.795,63.441,150.16,18,19,144.57,1,,,7.18,afe8e95c
m6-sweep,97bf249004f7,43,0,ran,qwen2.5:1.5b,short,0,20,c072.1,1789628194.588955,1789628194.861251,158.983,272.201,74.07,158.939,18,19,150.153,1,,,7.18,a8e904cb
m6-sweep,b14034e32263,44,0,ran,qwen2.5:1.5b,short,0,20,c072.1,1789628195.361487,1789628195.646558,155.968,284.987,69.662,155.931,20,21,147.265,1,,,7.73,eb78b54e
m6-sweep,577d399cd54c,45,0,ran,qwen2.5:1.5b,short,0,20,c072.1,1789628196.14677,1789628196.448222,161.635,301.352,72.963,161.591,20,21,135.989,1,,,7.73,d7778533
m6-sweep,3bd970f408c5,46,0,ran,qwen2.5:1.5b,short,0,20,c072.1,1789628196.948468,1789628197.258364,165.705,309.808,78.03,165.646,21,22,138.79,1,,,7.73,d30d2ea4
m6-sweep,e7de2c4b2ba3,47,0,ran,qwen2.5:1.5b,short,0,20,c072.1,1789628197.758602,1789628198.034278,152.506,275.465,64.448,152.464,18,19,138.258,1,,,7.73,09d8a256
m6-sweep,f3135e541fe5,48,0,ran,qwen2.5:1.5b,short,0,20,c072.1,1789628198.534611,1789628199.004829,161.553,470.128,76.24,161.516,46,47,145.831,1,,,7.73,8151a68a
m6-sweep,8ae52f3c9bfa,49,0,ran,qwen2.5:1.5b,short,0,20,c072.1,1789628199.505069,1789628199.826815,152.947,321.556,65.85,152.879,26,27,148.272,1,,,7.73,1eee007f
m6-sweep,be626697419c,50,0,ran,qwen2.5:1.5b,short,0,20,c072.1,1789628200.327355,1789628200.607722,163.887,280.261,76.812,163.853,18,19,146.081,1,,,8.31,81cf471f
m6-sweep,48a102c4dd35,51,0,ran,qwen2.5:1.5b,short,0,20,c072.1,1789628201.107936,1789628201.391074,165.054,283.055,79.241,165.001,18,19,144.066,1,,,8.31,39e6c5f9
m6-sweep,15869dc3179e,52,0,ran,qwen2.5:1.5b,short,0,20,c072.1,1789628201.891295,1789628202.155486,148.446,264.074,59.88,148.41,18,19,147.023,1,,,8.31,579021c1
m6-sweep,4b4b35e91a63,0,1,ran,qwen2.5:1.5b,short,2,0,c073.1,1789628204.666531,1789628204.859591,65.385,192.942,23.895,65.343,18,19,133.273,1,,,8.31,96188c82
m6-sweep,c97d4a50e1a2,1,1,ran,qwen2.5:1.5b,short,2,0,c073.1,1789628205.359851,1789628205.557593,70.961,197.612,30.824,70.927,18,19,134.227,1,,,8.31,94321e15
m6-sweep,77c5518e266f,2,1,ran,qwen2.5:1.5b,short,2,0,c073.1,1789628206.057813,1789628206.262106,80.175,204.018,33.045,80.132,18,19,137.27,1,,,8.85,085c6dcd
m6-sweep,1ccc9d6d5e18,3,0,ran,qwen2.5:1.5b,short,2,0,c073.1,1789628206.762485,1789628206.956282,75.576,193.692,31.299,75.54,18,19,143.927,1,,,8.85,71a0c2e8
m6-sweep,3d9dea82f3e8,4,0,ran,qwen2.5:1.5b,short,2,0,c073.1,1789628207.456496,1789628208.129971,361.972,673.363,36.057,361.93,48,49,150.936,1,,,8.85,903b5643
m6-sweep,ec83ebad489b,5,0,ran,qwen2.5:1.5b,short,2,0,c073.1,1789628208.63024,1789628208.83432,87.283,203.954,39.32,87.2,18,19,145.709,1,,,8.85,e07812c4
m6-sweep,a26c71a515c5,6,0,ran,qwen2.5:1.5b,short,2,0,c073.1,1789628209.334591,1789628209.555253,84.056,220.569,36.203,84.004,21,22,146.507,1,,,8.85,54088beb
m6-sweep,1e8d462f1136,7,0,ran,qwen2.5:1.5b,short,2,0,c073.1,1789628210.055469,1789628210.241117,67.506,185.538,26.165,67.454,18,19,144.029,1,,,8.85,562ed287
m6-sweep,1f8e8494fbbe,8,0,ran,qwen2.5:1.5b,short,2,0,c073.1,1789628210.741353,1789628210.946144,84.773,204.538,39.672,84.733,18,19,141.944,1,,,8.62,6b87f8db
m6-sweep,c8855ae96f24,9,0,ran,qwen2.5:1.5b,short,2,0,c073.1,1789628211.446523,1789628211.643038,81.833,196.403,38.348,81.799,18,19,148.382,1,,,8.62,45dad5e5
m6-sweep,1ecb34f34b8f,10,0,ran,qwen2.5:1.5b,short,2,0,c073.1,1789628212.143272,1789628212.327831,68.773,184.364,25.58,68.73,18,19,147.071,1,,,8.62,592e5b1b
m6-sweep,f7bc918ec9ee,11,0,ran,qwen2.5:1.5b,short,2,0,c073.1,1789628212.828199,1789628213.044834,68.303,216.519,24.38,68.257,21,22,134.937,1,,,8.62,78ec4d67
m6-sweep,c98d1610a202,12,0,ran,qwen2.5:1.5b,short,2,0,c073.1,1789628213.54504,1789628213.770565,66.405,225.43,19.936,66.369,25,26,150.92,1,,,8.62,46d9eaa2
m6-sweep,7fbb889bc60d,13,0,ran,qwen2.5:1.5b,short,2,0,c073.1,1789628214.271096,1789628214.463435,71.133,192.244,28.301,71.041,18,19,140.367,1,,,8.62,58d6e28c
m6-sweep,22c816215ad1,14,0,ran,qwen2.5:1.5b,short,2,0,c073.1,1789628214.963807,1789628215.166699,85.414,202.735,39.933,85.364,18,19,144.902,1,,,8.62,3e3cb2bb
m6-sweep,4871f34fb2ec,15,0,ran,qwen2.5:1.5b,short,2,0,c073.1,1789628215.666996,1789628215.84515,61.265,178.057,19.009,61.224,18,19,145.558,1,,,8.17,69753e9a
m6-sweep,86cc6e144ed5,16,0,ran,qwen2.5:1.5b,short,2,0,c073.1,1789628216.345383,1789628216.541466,66.517,195.967,23.922,66.475,20,21,146.774,1,,,8.17,a984350e
m6-sweep,5eed153d2f21,17,0,ran,qwen2.5:1.5b,short,2,0,c073.1,1789628217.041715,1789628217.235273,77.59,193.351,32.966,77.55,18,19,146.855,1,,,8.17,852c228d
m6-sweep,7c99ef12191f,18,0,ran,qwen2.5:1.5b,short,2,0,c073.1,1789628217.735569,1789628217.962069,67.264,226.395,23.021,67.205,25,26,150.819,1,,,8.17,09f1f2cb
m6-sweep,63e601e08fb9,19,0,ran,qwen2.5:1.5b,short,2,0,c073.1,1789628218.462283,1789628218.650265,73.742,187.87,30.472,73.709,18,19,148.956,1,,,8.17,c134025f
m6-sweep,38824d921eae,20,0,ran,qwen2.5:1.5b,short,2,0,c073.1,1789628219.150493,1789628219.344254,78.075,193.558,36.954,78.023,18,19,147.208,1,,,8.17,98a18619
m6-sweep,2edff0facf4d,21,0,ran,qwen2.5:1.5b,short,2,0,c073.1,1789628219.844571,1789628220.02941,68.175,184.719,24.129,68.119,18,19,145.867,1,,,8.17,79d71812
m6-sweep,0689f192652d,22,0,ran,qwen2.5:1.5b,short,2,0,c073.1,1789628220.529665,1789628220.718037,63.279,188.229,19.999,63.228,18,19,136.054,1,,,8.23,44de5208
m6-sweep,06283a561ef4,23,0,ran,qwen2.5:1.5b,short,2,0,c073.1,1789628221.21831,1789628221.495944,74.475,277.414,33.016,74.436,18,19,83.769,1,,,8.23,9cf81cda
m6-sweep,988d03326814,24,0,ran,qwen2.5:1.5b,short,2,0,c073.1,1789628221.996281,1789628222.184445,72.163,187.955,23.159,72.122,18,19,146.815,1,,,8.23,6c98fa2b
m6-sweep,7bd8fc434108,25,0,ran,qwen2.5:1.5b,short,2,0,c073.1,1789628222.684844,1789628222.877278,78.229,192.31,35.737,78.187,18,19,149.018,1,,,8.23,f92e498f
m6-sweep,eac07391216e,26,0,ran,qwen2.5:1.5b,short,2,0,c073.1,1789628223.377547,1789628223.580806,83.695,203.106,39.451,83.661,18,19,142.364,1,,,8.23,256e5a07
m6-sweep,2a45a78e659a,27,0,ran,qwen2.5:1.5b,short,2,0,c073.1,1789628224.08103,1789628224.283323,80.869,202.14,33.252,80.8,18,19,140.182,1,,,8.23,eaba71ea
m6-sweep,c41150cd8a5c,28,0,ran,qwen2.5:1.5b,short,2,0,c073.1,1789628224.783618,1789628224.97327,73.66,189.489,30.37,73.616,18,19,146.768,1,,,8.23,0a8ce62d
m6-sweep,4ba3b78ce85e,29,0,ran,qwen2.5:1.5b,short,2,0,c073.1,1789628225.473549,1789628225.680398,82.138,206.761,39.078,82.103,18,19,136.411,1,,,8.13,f0edf657
m6-sweep,e1e937bddc8a,30,0,ran,qwen2.5:1.5b,short,2,0,c073.1,1789628226.180626,1789628226.373604,77.954,192.879,30.607,77.917,18,19,147.923,1,,,8.13,1e924a62
m6-sweep,c82057bea00f,31,0,ran,qwen2.5:1.5b,short,2,0,c073.1,1789628226.873848,1789628227.102342,84.082,228.178,39.158,84.049,20,21,131.856,1,,,8.13,ff125436
m6-sweep,4b83c77014f5,32,0,ran,qwen2.5:1.5b,short,2,0,c073.1,1789628227.602729,1789628227.79865,79.346,195.825,36.59,79.264,18,19,145.949,1,,,8.13,c9bcefcc
m6-sweep,437535e68b35,33,0,ran,qwen2.5:1.5b,short,2,0,c073.1,1789628228.298877,1789628228.480156,64.669,181.127,22.076,64.632,18,19,145.975,1,,,8.13,949b0518
m6-sweep,3887964c71a7,34,0,ran,qwen2.5:1.5b,short,2,0,c073.1,1789628228.980815,1789628229.167773,69.156,186.869,22.223,69.12,18,19,144.42,1,,,8.13,92ea7b87
m6-sweep,cfa7b90fe293,35,0,ran,qwen2.5:1.5b,short,2,0,c073.1,1789628229.668072,1789628229.884147,81.366,215.973,38.23,81.332,21,22,148.581,1,,,8.13,3fa2f2b2
m6-sweep,f7f5f0759ae2,36,0,ran,qwen2.5:1.5b,short,2,0,c073.1,1789628230.384371,1789628231.608511,1099.943,1223.919,1057.587,1099.899,18,19,137.123,1,,,7.88,de7b3f59
m6-sweep,38b5a70f35e6,37,0,ran,qwen2.5:1.5b,short,2,0,c073.1,1789628232.108839,1789628232.29868,69.171,189.645,29.19,69.128,18,19,141.109,1,,,7.88,af8ec397
m6-sweep,98e8d3cc3188,38,0,ran,qwen2.5:1.5b,short,2,0,c073.1,1789628232.799086,1789628232.989662,68.864,190.434,25.462,68.81,18,19,139.837,1,,,7.88,1d21c384
m6-sweep,49f60a4b7eea,39,0,ran,qwen2.5:1.5b,short,2,0,c073.1,1789628233.490035,1789628233.690545,76.598,200.242,34.331,76.562,18,19,137.492,1,,,7.88,9af4c80c
m6-sweep,89a33cdc146a,40,0,ran,qwen2.5:1.5b,short,2,0,c073.1,1789628234.190814,1789628234.388772,79.147,197.759,35.796,79.109,18,19,143.324,1,,,7.88,f882eae4
m6-sweep,bc46ba6924c3,41,0,ran,qwen2.5:1.5b,short,2,0,c073.1,1789628234.889064,1789628235.088935,82.588,199.658,39.807,82.51,18,19,145.212,1,,,7.88,0e2ce337
m6-sweep,a349c45e4a99,42,0,ran,qwen2.5:1.5b,short,2,0,c073.1,1789628235.589298,1789628235.794831,84.013,205.38,38.544,83.975,18,19,140.071,1,,,7.33,f07e986b
m6-sweep,2932537cc9a2,43,0,ran,qwen2.5:1.5b,short,2,0,c073.1,1789628236.295055,1789628236.493346,79.952,198.189,34.261,79.909,18,19,143.779,1,,,7.33,a7783760
m6-sweep,c761f87f41be,44,0,ran,qwen2.5:1.5b,short,2,0,c073.1,1789628236.993585,1789628237.193113,83.351,199.414,36.651,83.301,18,19,146.473,1,,,7.33,278b0a42
m6-sweep,da7d6245653b,45,0,ran,qwen2.5:1.5b,short,2,0,c073.1,1789628237.693342,1789628237.890641,77.403,197.09,32.943,77.352,18,19,142.037,1,,,7.33,3050f653
m6-sweep,2bf14acc61af,46,0,ran,qwen2.5:1.5b,short,2,0,c073.1,1789628238.390971,1789628238.865849,353.353,474.77,34.357,353.3,18,19,140.013,1,,,7.33,fc55e8e5
m6-sweep,7f8936462dc8,47,0,ran,qwen2.5:1.5b,short,2,0,c073.1,1789628239.366044,1789628239.84604,361.099,479.881,38.805,361.032,18,19,143.119,1,,,7.33,6c27830e
m6-sweep,dacb2f0b50c8,48,0,ran,qwen2.5:1.5b,short,2,0,c073.1,1789628240.346249,1789628240.559594,84.565,213.183,35.829,84.531,18,19,132.174,1,,,7.33,dd09b294
m6-sweep,a68192631d1c,49,0,ran,qwen2.5:1.5b,short,2,0,c073.1,1789628241.059864,1789628241.239289,63.311,179.235,21.128,63.261,18,19,146.648,1,,,8.27,8f34e9fa
m6-sweep,ec4c8e463598,50,0,ran,qwen2.5:1.5b,short,2,0,c073.1,1789628241.739562,1789628242.176511,324.019,436.787,23.757,323.935,18,19,150.751,1,,,8.27,2645d4db
m6-sweep,617b458a39f4,51,0,ran,qwen2.5:1.5b,short,2,0,c073.1,1789628242.676786,1789628242.87014,76.349,193.012,30.391,76.277,18,19,145.719,1,,,8.27,af4ba5f8
m6-sweep,e4faf6b5e56a,52,0,ran,qwen2.5:1.5b,short,2,0,c073.1,1789628243.370427,1789628243.569896,81.518,199.313,39.018,81.486,18,19,144.318,1,,,8.27,58b7b07d
m6-sweep,0e3be6708196,0,1,loopback,qwen2.5:1.5b,long,0,0,c074.1,1789628245.109352,1789628245.984183,62.462,874.718,1.088,62.418,128,128,156.355,1,,,8.73,7eb2471c
m6-sweep,e4a47d629653,1,1,loopback,qwen2.5:1.5b,long,0,0,c074.1,1789628246.484437,1789628247.364014,70.541,879.425,0.17,70.488,128,128,157.006,1,,,8.73,3bfca3cf
m6-sweep,9303a0e4dee6,2,1,loopback,qwen2.5:1.5b,long,0,0,c074.1,1789628247.864275,1789628248.736,69.174,871.612,0.122,69.131,128,128,158.268,1,,,8.73,002a83de
m6-sweep,b0b2bd186b11,3,0,loopback,qwen2.5:1.5b,long,0,0,c074.1,1789628249.236248,1789628250.117368,71.197,880.998,0.15,71.145,128,128,156.828,1,,,8.73,2f02babc
m6-sweep,4c1154c809fe,4,0,loopback,qwen2.5:1.5b,long,0,0,c074.1,1789628250.617587,1789628251.500821,69.491,883.101,0.121,69.455,128,128,156.095,1,,,8.19,653849b1
m6-sweep,3c327049ef11,5,0,loopback,qwen2.5:1.5b,long,0,0,c074.1,1789628252.00108,1789628252.879414,68.699,878.196,0.125,68.643,128,128,156.888,1,,,8.19,f9149bcf
m6-sweep,e65e12f9db9e,6,0,loopback,qwen2.5:1.5b,long,0,0,c074.1,1789628253.379631,1789628254.261463,70.149,881.697,0.128,70.096,128,128,156.491,1,,,8.19,55aea214
m6-sweep,c9843c6c1aed,7,0,loopback,qwen2.5:1.5b,long,0,0,c074.1,1789628254.767122,1789628255.651365,72.066,884.109,0.134,72.025,128,128,156.396,1,,,8.81,b4694beb
m6-sweep,6d85c4776355,8,0,loopback,qwen2.5:1.5b,long,0,0,c074.1,1789628256.15161,1789628257.029881,70.052,878.151,0.145,70.009,128,128,157.159,1,,,8.81,198287cb
m6-sweep,e016a45b87be,9,0,loopback,qwen2.5:1.5b,long,0,0,c074.1,1789628257.5301,1789628258.405057,68.48,874.845,0.158,68.432,128,128,157.497,1,,,8.81,eb6c0a47
m6-sweep,36c86c63f46d,10,0,loopback,qwen2.5:1.5b,long,0,0,c074.1,1789628258.905271,1789628259.790139,70.906,884.753,0.157,70.859,128,128,156.049,1,,,8.81,15316b0a
m6-sweep,4d655ccfad8d,11,0,loopback,qwen2.5:1.5b,long,0,0,c074.1,1789628260.29039,1789628261.166827,67.116,876.324,0.14,67.076,128,128,156.944,1,,,9.63,f26be9ba
m6-sweep,bd0fb5073da2,12,0,loopback,qwen2.5:1.5b,long,0,0,c074.1,1789628261.667133,1789628262.551756,69.872,884.51,0.158,69.826,128,128,155.898,1,,,9.63,4dca7db5
m6-sweep,c3d734a0bf1e,13,0,loopback,qwen2.5:1.5b,long,0,0,c074.1,1789628263.051983,1789628263.92475,67.419,872.636,0.131,67.364,128,128,157.721,1,,,9.63,3c95d54e
m6-sweep,7b3dd6efb67e,14,0,loopback,qwen2.5:1.5b,long,0,0,c074.1,1789628264.42502,1789628265.304295,69.189,879.15,0.143,69.113,128,128,156.798,1,,,9.63,8d5f9a75
m6-sweep,3e8a9c59e9d7,15,0,loopback,qwen2.5:1.5b,long,0,0,c074.1,1789628265.804714,1789628266.684156,67.603,879.326,0.131,67.515,128,128,156.457,1,,,9.10,bf080f7a
m6-sweep,da6a5f77a60f,16,0,loopback,qwen2.5:1.5b,long,0,0,c074.1,1789628267.184409,1789628268.063155,69.43,878.635,0.135,69.356,128,128,156.944,1,,,9.10,268be823
m6-sweep,bc6ae379b9b2,17,0,loopback,qwen2.5:1.5b,long,0,0,c074.1,1789628268.563395,1789628269.440679,70.396,877.048,0.131,70.349,128,128,157.441,1,,,9.10,dab7baca
m6-sweep,4e13af83c993,18,0,loopback,qwen2.5:1.5b,long,0,0,c074.1,1789628269.940924,1789628270.827088,72.226,886.044,0.19,72.192,128,128,156.055,1,,,8.69,3fc68dc0
m6-sweep,aef7b173ee81,19,0,loopback,qwen2.5:1.5b,long,0,0,c074.1,1789628271.327304,1789628272.21357,72.454,886.154,0.135,72.417,128,128,156.077,1,,,8.69,99c055d3
m6-sweep,9f1993b5ca7a,20,0,loopback,qwen2.5:1.5b,long,0,0,c074.1,1789628272.714253,1789628273.595425,70.003,881.038,0.142,69.966,128,128,156.59,1,,,8.69,fcf1e680
m6-sweep,a6af4f010f8c,21,0,loopback,qwen2.5:1.5b,long,0,0,c074.1,1789628274.095644,1789628274.977137,72.015,881.375,0.126,71.971,128,128,156.914,1,,,8.69,2e6863b5
m6-sweep,244d6db1cee3,22,0,loopback,qwen2.5:1.5b,long,0,0,c074.1,1789628275.477374,1789628276.364666,71.924,887.168,0.165,71.869,128,128,155.782,1,,,8.39,fa3fbef1
m6-sweep,108994108439,23,0,loopback,qwen2.5:1.5b,long,0,0,c074.1,1789628276.864912,1789628277.747736,71.525,882.695,0.17,71.487,128,128,156.564,1,,,8.39,c0056f2a
m6-sweep,1c9f00676f53,24,0,loopback,qwen2.5:1.5b,long,0,0,c074.1,1789628278.247959,1789628279.128139,70.392,880.065,0.13,70.34,128,128,156.854,1,,,8.39,ea926453
m6-sweep,2425d21e1f8c,25,0,loopback,qwen2.5:1.5b,long,0,0,c074.1,1789628279.628377,1789628280.516031,73.305,887.511,0.12,73.247,128,128,155.98,1,,,8.39,60a4ac94
m6-sweep,07bd9f934df0,26,0,loopback,qwen2.5:1.5b,long,0,0,c074.1,1789628281.016244,1789628281.900904,73.099,884.554,0.121,73.04,128,128,156.509,1,,,7.96,e2eb1e38
m6-sweep,76c7fc586a03,27,0,loopback,qwen2.5:1.5b,long,0,0,c074.1,1789628282.401489,1789628283.285621,72.119,884.015,0.126,72.062,128,128,156.424,1,,,7.96,44d7db5b
m6-sweep,f3f7ad3f50e3,28,0,loopback,qwen2.5:1.5b,long,0,0,c074.1,1789628283.785946,1789628284.66784,72.273,881.782,0.129,72.201,128,128,156.885,1,,,7.96,b78e28fe
m6-sweep,ee7269dacdc9,29,0,loopback,qwen2.5:1.5b,long,0,0,c074.1,1789628285.168066,1789628286.046942,70.553,878.699,0.134,70.516,128,128,157.15,1,,,7.88,6b1ad40c
m6-sweep,9bc1c62b9d94,30,0,loopback,qwen2.5:1.5b,long,0,0,c074.1,1789628286.54715,1789628287.433449,70.86,886.191,0.184,70.819,128,128,155.765,1,,,7.88,5f90133e
m6-sweep,67dbac3fbf00,31,0,loopback,qwen2.5:1.5b,long,0,0,c074.1,1789628287.933674,1789628288.81585,68.726,882.074,0.124,68.683,128,128,156.145,1,,,7.88,586a988e
m6-sweep,99bc204ac316,32,0,loopback,qwen2.5:1.5b,long,0,0,c074.1,1789628289.316687,1789628290.199224,72.096,882.415,0.126,72.043,128,128,156.728,1,,,7.88,0d0fe7e9
m6-sweep,abc492f20978,33,0,loopback,qwen2.5:1.5b,long,0,0,c074.1,1789628290.69947,1789628291.574663,61.57,874.954,0.129,61.531,128,128,156.138,1,,,7.65,60734b9d
m6-sweep,1a5686142d63,34,0,loopback,qwen2.5:1.5b,long,0,0,c074.1,1789628292.074931,1789628292.955779,71.316,880.734,0.134,71.263,128,128,156.903,1,,,7.65,d46f29ec
m6-sweep,51630fab7dbf,35,0,loopback,qwen2.5:1.5b,long,0,0,c074.1,1789628293.462743,1789628294.192524,72.454,729.663,0.132,72.389,103,104,155.202,1,,,7.65,1c1250f7
m6-sweep,1b5689ef863a,36,0,loopback,qwen2.5:1.5b,long,0,0,c074.1,1789628294.692745,1789628295.569964,69.752,877.106,0.121,69.631,128,128,157.304,1,,,7.65,cf053517
m6-sweep,ac4942de2dca,37,0,loopback,qwen2.5:1.5b,long,0,0,c074.1,1789628296.070181,1789628296.947367,68.967,877.045,0.132,68.923,128,128,157.163,1,,,7.28,b1004301
m6-sweep,06b4e71dbc65,38,0,loopback,qwen2.5:1.5b,long,0,0,c074.1,1789628297.447597,1789628298.323816,70.626,876.062,0.127,70.575,128,128,157.679,1,,,7.28,b4079f85
m6-sweep,0b99f2ac4b2a,39,0,loopback,qwen2.5:1.5b,long,0,0,c074.1,1789628298.824248,1789628299.707242,71.927,882.855,0.133,71.891,128,128,156.611,1,,,7.28,3b9fe408
m6-sweep,383ae2f37824,40,0,loopback,qwen2.5:1.5b,long,0,0,c074.1,1789628300.207529,1789628301.084437,68.677,876.795,0.157,68.606,128,128,157.155,1,,,8.14,774de6f2
m6-sweep,7d90658fe108,41,0,loopback,qwen2.5:1.5b,long,0,0,c074.1,1789628301.584631,1789628302.46843,72.025,883.689,0.133,71.973,128,128,156.469,1,,,8.14,b3b0470a
m6-sweep,491c08abf2ca,42,0,loopback,qwen2.5:1.5b,long,0,0,c074.1,1789628302.968665,1789628303.847294,70.206,878.487,0.119,70.169,128,128,157.124,1,,,8.14,6149eaef
m6-sweep,03e98b7fe704,43,0,loopback,qwen2.5:1.5b,long,0,0,c074.1,1789628304.347515,1789628305.226632,72.47,878.985,0.145,72.429,128,128,157.468,1,,,8.14,a48983a7
m6-sweep,fdb3a9c1939f,44,0,loopback,qwen2.5:1.5b,long,0,0,c074.1,1789628305.726887,1789628306.610169,72.029,883.159,0.171,71.984,128,128,156.572,1,,,7.57,ec5c08c4
m6-sweep,4f274136f296,45,0,loopback,qwen2.5:1.5b,long,0,0,c074.1,1789628307.110433,1789628307.987801,72.603,877.248,0.203,72.561,128,128,157.834,1,,,7.57,014533d9
m6-sweep,21e66b8b71a2,46,0,loopback,qwen2.5:1.5b,long,0,0,c074.1,1789628308.488034,1789628309.362454,69.532,874.29,0.163,69.491,128,128,157.811,1,,,7.57,3dedcf46
m6-sweep,d64bac07d9f6,47,0,loopback,qwen2.5:1.5b,long,0,0,c074.1,1789628309.862628,1789628310.738715,73.391,875.962,0.13,73.334,128,128,158.241,1,,,7.84,0990838a
m6-sweep,8787a233c8db,48,0,loopback,qwen2.5:1.5b,long,0,0,c074.1,1789628311.238919,1789628312.083057,70.16,843.999,0.125,70.107,123,124,157.656,1,,,7.84,8e33d1e9
m6-sweep,28043bab3767,49,0,loopback,qwen2.5:1.5b,long,0,0,c074.1,1789628312.583266,1789628313.464302,71.31,880.915,0.15,71.238,128,128,156.867,1,,,7.84,79038cbb
m6-sweep,023a1973dfb9,50,0,loopback,qwen2.5:1.5b,long,0,0,c074.1,1789628313.964538,1789628314.844658,71.091,879.99,0.131,71.033,128,128,157.003,1,,,7.84,84bd9933
m6-sweep,d4f57a316a4e,51,0,loopback,qwen2.5:1.5b,long,0,0,c074.1,1789628315.344846,1789628316.228975,71.194,884.009,0.157,71.135,128,128,156.247,1,,,7.61,99f732fe
m6-sweep,d51a9978d239,52,0,loopback,qwen2.5:1.5b,long,0,0,c074.1,1789628316.729214,1789628317.612878,69.009,883.546,0.204,68.935,128,128,155.917,1,,,7.61,eb5923b5
m6-sweep,075f16d6fcfa,0,1,ran,qwen2.5:3b,short,5,100,c075.1,1789628319.264537,1789628323.323425,3334.862,4058.779,234.467,3334.819,43,44,58.018,1,,,7.48,a56c8190
m6-sweep,480ac049cb73,1,1,ran,qwen2.5:3b,short,5,100,c075.1,1789628323.823694,1789628325.423943,791.907,1600.148,226.856,791.858,73,74,89.082,1,,,7.48,8f3f7660
m6-sweep,d5d62304ada2,2,1,ran,qwen2.5:3b,short,5,100,c075.1,1789628325.92417,1789628327.134579,499.655,1210.322,235.987,499.613,63,64,87.242,1,,,7.13,ad0053cc
m6-sweep,4c902c800332,3,0,ran,qwen2.5:3b,short,5,100,c075.1,1789628327.634791,1789628328.837353,486.77,1202.462,225.985,486.735,52,53,71.26,1,,,7.13,bbc24c80
m6-sweep,d19c8fbbc2e9,4,0,ran,qwen2.5:3b,short,5,100,c075.1,1789628329.337567,1789628330.786623,493.574,1448.962,232.328,493.54,85,86,87.922,1,,,6.87,2ccd9f25
m6-sweep,5ad8d70bbc98,5,0,ran,qwen2.5:3b,short,5,100,c075.1,1789628331.286866,1789628332.710446,487.662,1423.488,225.996,487.626,70,71,73.732,1,,,6.87,eaed872e
m6-sweep,17ce23c63f6a,6,0,ran,qwen2.5:3b,short,5,100,c075.1,1789628333.210716,1789628335.647814,1506.338,2437.005,1238.863,1506.302,85,86,90.258,1,,,6.87,551b89ba
m6-sweep,21703da7db7a,7,0,ran,qwen2.5:3b,short,5,100,c075.1,1789628336.148034,1789628337.578887,494.473,1430.755,231.4,494.394,70,71,73.696,1,,,6.56,9f3a4571
m6-sweep,b9f07f49942a,8,0,ran,qwen2.5:3b,short,5,100,c075.1,1789628338.079135,1789628341.536572,492.408,3457.351,228.042,492.372,48,49,15.852,1,,,6.28,da39f8b5
m6-sweep,de9e4cf6ad71,9,0,ran,qwen2.5:3b,short,5,100,c075.1,1789628342.03677,1789628343.48091,507.135,1444.023,238.614,507.056,80,81,84.322,1,,,6.28,a4c8b302
m6-sweep,6d507549483d,10,0,ran,qwen2.5:3b,short,5,100,c075.1,1789628343.981196,1789628345.216751,493.999,1235.384,229.417,493.965,56,57,74.186,1,,,6.28,af82ee70
m6-sweep,ae7487514766,11,0,ran,qwen2.5:3b,short,5,100,c075.1,1789628345.717111,1789628347.300078,501.633,1582.87,232.626,501.598,85,86,77.689,1,,,5.86,205e59ee
m6-sweep,0221fbc4c139,12,0,ran,qwen2.5:3b,short,5,100,c075.1,1789628347.800309,1789628349.339916,487.359,1539.522,220.68,487.326,83,84,77.935,1,,,5.86,baaeb8a6
m6-sweep,f4e68e55f341,13,0,ran,qwen2.5:3b,short,5,100,c075.1,1789628349.840283,1789628351.185136,502.726,1344.732,234.141,502.692,82,83,96.199,1,,,5.71,d2897738
m6-sweep,9d45378e9d2a,14,0,ran,qwen2.5:3b,short,5,100,c075.1,1789628351.685412,1789628353.233924,802.352,1548.399,238.413,802.317,71,72,93.828,1,,,5.71,1db8f6c2
m6-sweep,d780c7039577,15,0,ran,qwen2.5:3b,short,5,100,c075.1,1789628353.734219,1789628354.881926,498.382,1147.59,235.413,498.347,52,53,78.557,1,,,5.71,f311e171
m6-sweep,57b81c8679a7,16,0,ran,qwen2.5:3b,short,5,100,c075.1,1789628355.382213,1789628356.723348,501.592,1341.021,237.962,501.549,82,83,96.494,1,,,5.49,5d22227d
m6-sweep,a30e26a02df7,17,0,ran,qwen2.5:3b,short,5,100,c075.1,1789628357.223608,1789628358.765529,488.071,1541.814,219.41,488.036,82,83,76.869,1,,,5.49,20d5cb33
m6-sweep,80f07c11e450,18,0,ran,qwen2.5:3b,short,5,100,c075.1,1789628359.265795,1789628360.525088,748.533,1259.193,231.253,748.488,52,53,99.871,1,,,5.49,d21e1932
m6-sweep,c8009345f5bb,19,0,ran,qwen2.5:3b,short,5,100,c075.1,1789628361.025393,1789628362.064457,504.14,1038.905,239.818,504.105,52,53,95.369,1,,,5.37,bbd865e9
m6-sweep,192cbf22135b,20,0,ran,qwen2.5:3b,short,5,100,c075.1,1789628362.564697,1789628363.585594,492.277,1020.785,228.236,492.237,51,52,94.606,1,,,5.37,de97d584
m6-sweep,b564deca5cdc,21,0,ran,qwen2.5:3b,short,5,100,c075.1,1789628364.085842,1789628366.487937,1523.629,2402.0,1257.759,1523.564,78,79,87.662,1,,,5.34,ebcdec7c
m6-sweep,2c47e7b06f41,22,0,ran,qwen2.5:3b,short,5,100,c075.1,1789628366.988194,1789628368.285281,492.258,1296.981,229.111,492.224,56,57,68.347,1,,,5.34,785dbcd4
m6-sweep,8f691023e36c,23,0,ran,qwen2.5:3b,short,5,100,c075.1,1789628368.785575,1789628370.157015,470.68,1371.341,228.206,470.645,70,71,76.61,1,,,5.34,57c7061e
m6-sweep,f6289b05d996,24,0,ran,qwen2.5:3b,short,5,100,c075.1,1789628370.657285,1789628372.096024,487.448,1438.621,226.11,487.406,85,86,88.312,1,,,5.07,e582710e
m6-sweep,8b8279a09e25,25,0,ran,qwen2.5:3b,short,5,100,c075.1,1789628372.59628,1789628373.684183,469.001,1087.789,228.006,468.949,58,59,92.116,1,,,5.07,3bd5af83
m6-sweep,29addcdb862a,26,0,ran,qwen2.5:3b,short,5,100,c075.1,1789628374.184424,1789628375.503792,494.59,1319.265,233.462,494.554,59,60,70.331,1,,,5.07,8cda5adf
m6-sweep,122be2b33b6b,27,0,ran,qwen2.5:3b,short,5,100,c075.1,1789628376.004003,1789628377.252012,491.284,1247.924,226.376,491.25,59,60,76.655,1,,,5.31,f033de09
m6-sweep,d8b1656c257a,28,0,ran,qwen2.5:3b,short,5,100,c075.1,1789628377.752229,1789628379.841617,1506.836,2089.234,1242.556,1506.789,56,57,94.437,1,,,5.31,e5edfbdf
m6-sweep,faed8bf6b01f,29,0,ran,qwen2.5:3b,short,5,100,c075.1,1789628380.341988,1789628381.680275,503.218,1338.193,238.213,503.176,65,66,76.649,1,,,5.28,0ffc1fc9
m6-sweep,e316fbd40ca6,30,0,ran,qwen2.5:3b,short,5,100,c075.1,1789628382.180543,1789628383.660247,490.166,1479.61,227.694,490.123,81,82,80.853,1,,,5.28,596d83ad
m6-sweep,44f1878ab46b,31,0,ran,qwen2.5:3b,short,5,100,c075.1,1789628384.160447,1789628385.206403,495.442,1045.832,226.938,495.405,52,53,92.662,1,,,5.28,7f5d3ebe
m6-sweep,d1a152872532,32,0,ran,qwen2.5:3b,short,5,100,c075.1,1789628385.706673,1789628386.738564,496.526,1031.782,235.428,496.489,52,53,95.281,1,,,5.18,cb626963
m6-sweep,4dab0f27f679,33,0,ran,qwen2.5:3b,short,5,100,c075.1,1789628387.238826,1789628389.677742,1510.53,2438.825,1240.377,1510.481,74,75,78.639,1,,,5.18,561fd6b6
m6-sweep,eeedc320dc2b,34,0,ran,qwen2.5:3b,short,5,100,c075.1,1789628390.177969,1789628391.381271,495.699,1203.141,233.032,495.664,52,53,72.091,1,,,5.25,63c5ec58
m6-sweep,31fdf7b39390,35,0,ran,qwen2.5:3b,short,5,100,c075.1,1789628391.881615,1789628394.423683,1391.066,2541.953,227.512,1391.031,82,83,70.38,1,,,5.25,6b6b76ac
m6-sweep,35947388ff80,36,0,ran,qwen2.5:3b,short,5,100,c075.1,1789628394.923916,1789628396.174863,502.649,1250.84,239.322,502.58,72,73,94.895,1,,,6.27,1c704c82
m6-sweep,f2a239413dbf,37,0,ran,qwen2.5:3b,short,5,100,c075.1,1789628396.675135,1789628398.266709,504.089,1591.469,238.139,504.047,82,83,74.491,1,,,6.27,8da0eecb
m6-sweep,266d55073f9c,38,0,ran,qwen2.5:3b,short,5,100,c075.1,1789628398.767,1789628401.867273,2085.098,3100.187,1260.871,2084.982,81,82,78.811,1,,,6.25,e2fdced8
m6-sweep,d047a77310d2,39,0,ran,qwen2.5:3b,short,5,100,c075.1,1789628402.367619,1789628403.629271,497.245,1261.533,230.303,497.208,52,53,66.729,1,,,6.25,de29d244
m6-sweep,3abb95864a3d,40,0,ran,qwen2.5:3b,short,5,100,c075.1,1789628404.129538,1789628405.073357,489.751,943.721,227.67,489.715,41,42,88.112,1,,,6.25,a8514b2a
m6-sweep,0a9b09ce6d0e,41,0,ran,qwen2.5:3b,short,5,100,c075.1,1789628405.573617,1789628406.956177,493.961,1382.458,229.428,493.926,52,53,57.4,1,,,5.91,ea723655
m6-sweep,aa951311540e,42,0,ran,qwen2.5:3b,short,5,100,c075.1,1789628407.456518,1789628409.656068,1393.226,2199.451,229.774,1393.184,59,60,71.94,1,,,5.91,f8da3983
m6-sweep,239ede290662,43,0,ran,qwen2.5:3b,short,5,100,c075.1,1789628410.156636,1789628411.121523,494.697,964.79,225.944,494.661,41,42,85.09,1,,,5.75,12d377f0
m6-sweep,aa1b64e9f188,44,0,ran,qwen2.5:3b,short,5,100,c075.1,1789628411.621722,1789628414.163846,1751.099,2542.011,1233.864,1751.047,75,76,93.563,1,,,5.75,5b34d4f7
m6-sweep,b672dc862677,45,0,ran,qwen2.5:3b,short,5,100,c075.1,1789628414.664118,1789628416.023454,499.459,1359.251,236.121,499.423,57,58,65.132,1,,,5.37,6c814cab
m6-sweep,28f4a6f17c27,46,0,ran,qwen2.5:3b,short,5,100,c075.1,1789628416.523673,1789628417.69034,499.288,1166.574,232.132,499.214,53,54,77.928,1,,,5.37,b04902f5
m6-sweep,c47c472cbfea,47,0,ran,qwen2.5:3b,short,5,100,c075.1,1789628418.190609,1789628419.65284,745.678,1462.134,228.492,745.635,81,82,111.661,1,,,5.37,abe51295
m6-sweep,e215d36856a9,48,0,ran,qwen2.5:3b,short,5,100,c075.1,1789628420.153034,1789628422.639204,1408.267,2486.069,226.023,1408.21,78,79,71.442,1,,,5.42,bb6e556d
m6-sweep,df2ac3a6c48b,49,0,ran,qwen2.5:3b,short,5,100,c075.1,1789628423.139422,1789628424.134975,463.342,995.437,220.969,463.305,52,53,95.848,1,,,5.42,2e58ab6b
m6-sweep,4aa421c1511d,50,0,ran,qwen2.5:3b,short,5,100,c075.1,1789628424.635298,1789628425.840963,751.505,1205.564,236.259,751.461,52,53,112.32,1,,,6.19,b3819540
m6-sweep,5eb7ef97c30a,51,0,ran,qwen2.5:3b,short,5,100,c075.1,1789628426.341217,1789628427.443819,494.791,1102.508,230.669,494.756,59,60,95.439,1,,,6.19,6cf2c74c
m6-sweep,64ad47680002,52,0,ran,qwen2.5:3b,short,5,100,c075.1,1789628427.944028,1789628428.891821,483.547,947.713,218.782,483.512,41,42,86.176,1,,,6.19,a9c157a3
m6-sweep,40b06aef57ec,0,1,ran,qwen2.5:1.5b,long,0,200,c076.1,1789628431.399816,1789628435.85353,3579.908,4453.604,436.135,3579.863,128,128,145.36,1,,,6.43,943de1c1
m6-sweep,1af18735ceb7,1,1,ran,qwen2.5:1.5b,long,0,200,c076.1,1789628436.35379,1789628439.558846,2344.288,3204.957,439.506,2344.25,128,128,147.56,1,,,6.43,4d624a93
m6-sweep,27ca247328f9,2,1,ran,qwen2.5:1.5b,long,0,200,c076.1,1789628440.059088,1789628441.877086,947.642,1817.878,437.778,947.603,128,128,145.937,1,,,6.48,4c3c1a59
m6-sweep,16e3708388b7,3,0,ran,qwen2.5:1.5b,long,0,200,c076.1,1789628442.377283,1789628444.195729,952.693,1818.312,439.683,952.625,128,128,146.716,1,,,6.48,89222618
m6-sweep,b6440279539e,4,0,ran,qwen2.5:1.5b,long,0,200,c076.1,1789628444.695936,1789628447.876448,2319.146,3180.407,438.513,2319.079,128,128,147.458,1,,,6.04,ad762739
m6-sweep,3a7acce8b0c5,5,0,ran,qwen2.5:1.5b,long,0,200,c076.1,1789628448.376698,1789628450.191641,949.964,1814.847,439.112,949.92,128,128,146.841,1,,,6.04,cbc7f1c7
m6-sweep,7239b8ca9aee,6,0,ran,qwen2.5:1.5b,long,0,200,c076.1,1789628450.691874,1789628452.502003,948.3,1810.0,436.915,948.264,128,128,147.383,1,,,6.12,c52ea4cc
m6-sweep,efdcdb3700d6,7,0,ran,qwen2.5:1.5b,long,0,200,c076.1,1789628453.002296,1789628454.812497,939.755,1810.114,437.386,939.709,128,128,145.917,1,,,6.12,0cf42926
m6-sweep,83a6092c7fae,8,0,ran,qwen2.5:1.5b,long,0,200,c076.1,1789628455.312741,1789628458.447966,2269.964,3135.122,433.53,2269.907,128,128,146.794,1,,,6.03,1da49ffa
m6-sweep,8008c8f9df0c,9,0,ran,qwen2.5:1.5b,long,0,200,c076.1,1789628458.948203,1789628460.764535,947.913,1816.239,438.016,947.876,128,128,146.258,1,,,6.03,39e8d4b0
m6-sweep,567ac87fe12b,10,0,ran,qwen2.5:1.5b,long,0,200,c076.1,1789628461.264785,1789628463.086611,944.338,1821.724,438.606,944.293,128,128,144.748,1,,,5.86,cda0f0f2
m6-sweep,0e7a8e2a7e65,11,0,ran,qwen2.5:1.5b,long,0,200,c076.1,1789628463.5868,1789628465.382058,934.211,1795.137,426.735,934.16,128,128,147.516,1,,,5.86,569b40ac
m6-sweep,a48ef3367ae0,12,0,ran,qwen2.5:1.5b,long,0,200,c076.1,1789628465.88244,1789628467.677488,939.906,1794.941,438.039,939.869,128,128,148.532,1,,,5.55,dd5bf566
m6-sweep,fb1785a2b00d,13,0,ran,qwen2.5:1.5b,long,0,200,c076.1,1789628468.177744,1789628469.985465,939.09,1807.611,419.549,939.045,128,128,146.226,1,,,5.55,545e2658
m6-sweep,71f1fe25708f,14,0,ran,qwen2.5:1.5b,long,0,200,c076.1,1789628470.485659,1789628472.283691,929.018,1797.93,422.574,928.981,128,128,146.16,1,,,5.43,d225339c
m6-sweep,2ce446b4186e,15,0,ran,qwen2.5:1.5b,long,0,200,c076.1,1789628472.783962,1789628474.572753,926.5,1788.682,422.409,926.458,128,128,147.301,1,,,5.43,a622463d
m6-sweep,3f9ae647010a,16,0,ran,qwen2.5:1.5b,long,0,200,c076.1,1789628475.073071,1789628476.883661,931.698,1810.426,420.425,931.659,128,128,144.527,1,,,6.28,d93a3d15
m6-sweep,8a4c44662d56,17,0,ran,qwen2.5:1.5b,long,0,200,c076.1,1789628477.38388,1789628479.172203,924.578,1788.232,419.539,924.54,128,128,147.05,1,,,6.28,32dca5dd
m6-sweep,7c90f5acd7f8,18,0,ran,qwen2.5:1.5b,long,0,200,c076.1,1789628479.672426,1789628481.475422,921.999,1802.897,419.788,921.955,128,128,144.171,1,,,6.17,05983839
m6-sweep,186287b20008,19,0,ran,qwen2.5:1.5b,long,0,200,c076.1,1789628481.97567,1789628483.788584,941.673,1812.806,439.502,941.635,128,128,145.787,1,,,6.17,aa9accf2
m6-sweep,00eab7c52505,20,0,ran,qwen2.5:1.5b,long,0,200,c076.1,1789628484.288786,1789628486.080166,921.865,1791.265,418.916,921.809,128,128,146.078,1,,,6.08,137f4ae9
m6-sweep,e81512dcb0a8,21,0,ran,qwen2.5:1.5b,long,0,200,c076.1,1789628486.580454,1789628488.366453,921.801,1785.888,419.154,921.742,128,128,146.976,1,,,6.08,c082050d
m6-sweep,46e9847168a4,22,0,ran,qwen2.5:1.5b,long,0,200,c076.1,1789628488.86671,1789628490.650607,922.563,1783.797,419.394,922.524,128,128,147.463,1,,,6.08,8af22530
m6-sweep,a55d22b7011c,23,0,ran,qwen2.5:1.5b,long,0,200,c076.1,1789628491.150854,1789628492.934576,925.615,1783.628,419.6,925.578,128,128,148.016,1,,,5.83,8fcf9e4e
m6-sweep,b977d113a991,24,0,ran,qwen2.5:1.5b,long,0,200,c076.1,1789628493.434798,1789628495.237668,945.734,1802.77,439.25,945.664,128,128,148.185,1,,,5.83,a711ed74
m6-sweep,8e6c929c0417,25,0,ran,qwen2.5:1.5b,long,0,200,c076.1,1789628495.737913,1789628497.532845,937.437,1794.831,432.842,937.366,128,128,148.123,1,,,5.61,637e72e7
m6-sweep,28def88b5ff0,26,0,ran,qwen2.5:1.5b,long,0,200,c076.1,1789628498.033073,1789628499.855357,948.472,1822.176,435.636,948.425,128,128,145.358,1,,,5.61,3da8f98f
m6-sweep,da77df863b1b,27,0,ran,qwen2.5:1.5b,long,0,200,c076.1,1789628500.355595,1789628502.166288,945.851,1810.599,439.087,945.809,128,128,146.864,1,,,5.56,24f36e4b
m6-sweep,2119ff05b0f7,28,0,ran,qwen2.5:1.5b,long,0,200,c076.1,1789628502.666504,1789628504.480414,942.166,1813.809,437.718,942.127,124,125,141.113,1,,,5.56,02b4c7f4
m6-sweep,4f3cc1579c58,29,0,ran,qwen2.5:1.5b,long,0,200,c076.1,1789628504.980641,1789628506.78278,945.437,1802.035,436.925,945.385,128,128,148.261,1,,,6.47,6b2a5025
m6-sweep,ecad7621ae1c,30,0,ran,qwen2.5:1.5b,long,0,200,c076.1,1789628507.283007,1789628509.100016,941.929,1816.908,435.701,941.877,128,128,145.146,1,,,6.47,98bf8bf3
m6-sweep,096cfca1ca06,31,0,ran,qwen2.5:1.5b,long,0,200,c076.1,1789628509.600251,1789628511.389563,931.903,1789.211,418.788,931.818,128,128,148.138,1,,,6.68,e0ba80ee
m6-sweep,efc8241c9ef9,32,0,ran,qwen2.5:1.5b,long,0,200,c076.1,1789628511.889814,1789628513.702619,944.909,1812.697,439.618,944.864,128,128,146.349,1,,,6.68,e8c68dd8
m6-sweep,e51b2ad9eb38,33,0,ran,qwen2.5:1.5b,long,0,200,c076.1,1789628514.202914,1789628516.01849,934.962,1815.49,418.839,934.892,128,128,144.232,1,,,6.46,18e1f453
m6-sweep,c2629fabc102,34,0,ran,qwen2.5:1.5b,long,0,200,c076.1,1789628516.518726,1789628518.310425,926.323,1791.607,418.617,926.283,128,128,146.773,1,,,6.46,a541b5ce
m6-sweep,66e485d914f6,35,0,ran,qwen2.5:1.5b,long,0,200,c076.1,1789628518.81064,1789628520.599732,933.166,1788.986,419.101,933.126,128,128,148.396,1,,,6.46,efbc3640
m6-sweep,9743dcda4ade,36,0,ran,qwen2.5:1.5b,long,0,200,c076.1,1789628521.099986,1789628522.889922,926.69,1789.784,419.458,926.58,128,128,147.145,1,,,6.34,fd1d8bf5
m6-sweep,321a0dbd1b92,37,0,ran,qwen2.5:1.5b,long,0,200,c076.1,1789628523.390142,1789628525.205226,935.421,1814.991,419.0,935.384,128,128,144.389,1,,,6.34,884a57a1
m6-sweep,7ce8604d191d,38,0,ran,qwen2.5:1.5b,long,0,200,c076.1,1789628525.705451,1789628527.505866,942.325,1800.302,438.464,942.287,128,128,148.023,1,,,6.32,f081ba95
m6-sweep,02ddf9267848,39,0,ran,qwen2.5:1.5b,long,0,200,c076.1,1789628528.00612,1789628529.80711,937.256,1800.877,423.253,937.215,128,128,147.055,1,,,6.32,0d95815d
m6-sweep,c4cfd33410d3,40,0,ran,qwen2.5:1.5b,long,0,200,c076.1,1789628530.30734,1789628532.12832,947.534,1820.893,439.09,947.464,128,128,145.415,1,,,6.05,6447f386
m6-sweep,e368c6976811,41,0,ran,qwen2.5:1.5b,long,0,200,c076.1,1789628532.628651,1789628534.446334,937.476,1817.585,420.372,937.44,128,128,144.3,1,,,6.05,e3f690b1
m6-sweep,ab5869f7430a,42,0,ran,qwen2.5:1.5b,long,0,200,c076.1,1789628534.946579,1789628536.742482,929.814,1795.679,420.842,929.779,128,128,146.674,1,,,6.05,6ce410ab
m6-sweep,e59fcfaa2efd,43,0,ran,qwen2.5:1.5b,long,0,200,c076.1,1789628537.242713,1789628539.046652,941.292,1803.82,420.577,941.248,128,128,147.242,1,,,6.05,16889c26
m6-sweep,68cbed336082,44,0,ran,qwen2.5:1.5b,long,0,200,c076.1,1789628539.546878,1789628541.33158,925.618,1784.611,420.307,925.573,128,128,147.847,1,,,6.68,7c484929
m6-sweep,d6a5b356759b,45,0,ran,qwen2.5:1.5b,long,0,200,c076.1,1789628541.831842,1789628543.636669,939.377,1804.726,421.322,939.32,128,128,146.762,1,,,6.68,cda58495
m6-sweep,c243f918b6a3,46,0,ran,qwen2.5:1.5b,long,0,200,c076.1,1789628544.136854,1789628545.92791,928.249,1790.939,419.5,928.206,128,128,147.214,1,,,6.39,fcf0f726
m6-sweep,7fc2e0783628,47,0,ran,qwen2.5:1.5b,long,0,200,c076.1,1789628546.428168,1789628548.248548,951.706,1820.271,438.083,951.655,128,128,146.218,1,,,6.39,d0ba9671
m6-sweep,5795e3287919,48,0,ran,qwen2.5:1.5b,long,0,200,c076.1,1789628548.748782,1789628550.537845,927.703,1788.958,419.987,927.658,128,128,147.459,1,,,6.39,825ff1a1
m6-sweep,cc740645b09f,49,0,ran,qwen2.5:1.5b,long,0,200,c076.1,1789628551.038047,1789628552.855163,954.463,1817.009,438.548,954.425,128,128,147.239,1,,,6.12,de4d3f97
m6-sweep,95eabaa63323,50,0,ran,qwen2.5:1.5b,long,0,200,c076.1,1789628553.355395,1789628555.150304,941.219,1794.818,438.521,941.173,128,128,148.782,1,,,6.12,c4dd7d44
m6-sweep,eeef39c5ac63,51,0,ran,qwen2.5:1.5b,long,0,200,c076.1,1789628555.650508,1789628557.479362,950.377,1828.729,437.595,950.34,128,128,144.589,1,,,5.87,0df45f5e
m6-sweep,f128db7ea8e3,52,0,ran,qwen2.5:1.5b,long,0,200,c076.1,1789628557.97964,1789628559.811593,954.222,1831.857,438.17,954.13,128,128,144.707,1,,,5.87,ed16c316
m6-sweep,a788ea3101a8,0,1,ran,qwen2.5:0.5b,short,0,0,c077.1,1789628562.235456,1789628564.988369,2642.003,2752.669,25.988,2641.955,25,26,216.869,1,,,5.80,f448d0dc
m6-sweep,62d257415df6,1,1,ran,qwen2.5:0.5b,short,0,0,c077.1,1789628565.48875,1789628565.663467,77.134,174.549,32.306,77.081,24,25,236.104,1,,,5.80,2348b880
m6-sweep,524bae76ae6b,2,1,ran,qwen2.5:0.5b,short,0,0,c077.1,1789628566.163775,1789628566.434372,79.341,270.496,38.287,79.283,47,48,240.642,1,,,6.53,57112ef4
m6-sweep,33ac406a9a2a,3,0,ran,qwen2.5:0.5b,short,0,0,c077.1,1789628566.934596,1789628567.086268,57.7,151.498,20.936,57.636,26,27,266.529,1,,,6.53,fb060ab8
m6-sweep,69c961adc368,4,0,ran,qwen2.5:0.5b,short,0,0,c077.1,1789628567.586535,1789628567.733735,62.518,147.039,22.604,62.464,24,25,272.123,1,,,6.53,f1e47f88
m6-sweep,af92034e56f1,5,0,ran,qwen2.5:0.5b,short,0,0,c077.1,1789628568.234004,1789628568.427346,77.708,193.248,38.047,77.675,31,32,259.649,1,,,6.53,c58348c0
m6-sweep,ddeb77b1d69a,6,0,ran,qwen2.5:0.5b,short,0,0,c077.1,1789628568.927552,1789628569.114017,74.783,186.375,34.2,74.747,31,32,268.837,1,,,6.53,22866831
m6-sweep,1e8d89c4de34,7,0,ran,qwen2.5:0.5b,short,0,0,c077.1,1789628569.614242,1789628569.777359,75.677,162.936,36.173,75.625,24,25,263.581,1,,,6.53,11d29897
m6-sweep,ede6e4aa3b42,8,0,ran,qwen2.5:0.5b,short,0,0,c077.1,1789628570.277589,1789628570.527188,74.235,249.501,36.004,74.186,47,48,262.458,1,,,6.53,75a98cbf
m6-sweep,306263e98859,9,0,ran,qwen2.5:0.5b,short,0,0,c077.1,1789628571.027359,1789628571.202879,77.159,175.392,38.141,77.093,24,25,234.137,1,,,6.49,0eaf808c
m6-sweep,a8e788057302,10,0,ran,qwen2.5:0.5b,short,0,0,c077.1,1789628571.703163,1789628571.878965,83.748,175.686,39.695,83.698,24,25,250.169,1,,,6.49,9bb41aba
m6-sweep,bf73ee1afdc1,11,0,ran,qwen2.5:0.5b,short,0,0,c077.1,1789628572.379183,1789628572.548539,78.192,169.161,40.969,77.897,24,25,252.834,1,,,6.49,6d3f5942
m6-sweep,3f804e32f3d2,12,0,ran,qwen2.5:0.5b,short,0,0,c077.1,1789628573.048832,1789628573.213566,72.585,164.62,33.149,72.537,24,25,249.904,1,,,6.49,b223317f
m6-sweep,485ac6985eca,13,0,ran,qwen2.5:0.5b,short,0,0,c077.1,1789628573.713801,1789628573.861376,61.142,147.479,20.988,61.066,23,24,254.816,1,,,6.49,355963d6
m6-sweep,393511bbbcab,14,0,ran,qwen2.5:0.5b,short,0,0,c077.1,1789628574.361595,1789628574.529325,74.691,167.534,37.549,74.643,24,25,247.73,1,,,6.49,11f4c453
m6-sweep,5ff0c7f095c1,15,0,ran,qwen2.5:0.5b,short,0,0,c077.1,1789628575.029727,1789628575.201273,63.825,171.396,25.649,63.777,28,29,250.995,1,,,6.49,ee7073b0
m6-sweep,5567d4f7dc82,16,0,ran,qwen2.5:0.5b,short,0,0,c077.1,1789628575.701539,1789628575.868114,76.165,166.429,34.389,76.103,24,25,254.808,1,,,6.49,f661ab59
m6-sweep,d5978192454c,17,0,ran,qwen2.5:0.5b,short,0,0,c077.1,1789628576.368381,1789628576.547237,63.002,178.753,24.157,62.966,31,32,259.178,1,,,6.21,de18155d
m6-sweep,be8b1c9f2ed3,18,0,ran,qwen2.5:0.5b,short,0,0,c077.1,1789628577.047449,1789628577.220994,79.63,173.438,38.104,79.568,23,24,234.522,1,,,6.21,8810876e
m6-sweep,77a8dc8b6370,19,0,ran,qwen2.5:0.5b,short,0,0,c077.1,1789628577.721213,1789628577.896383,69.534,174.98,31.53,69.501,28,29,256.055,1,,,6.21,d00fa37e
m6-sweep,ffddc312c254,20,0,ran,qwen2.5:0.5b,short,0,0,c077.1,1789628578.396756,1789628578.556931,66.451,160.05,24.676,66.385,24,25,245.73,1,,,6.21,2cde5bd3
m6-sweep,c7368713111b,21,0,ran,qwen2.5:0.5b,short,0,0,c077.1,1789628579.057175,1789628579.2313,77.298,173.962,34.215,77.257,24,25,237.938,1,,,6.21,fb996a15
m6-sweep,2410874ac838,22,0,ran,qwen2.5:0.5b,short,0,0,c077.1,1789628579.731594,1789628579.910441,83.144,178.732,38.511,83.09,24,25,240.614,1,,,6.21,fa12761b
m6-sweep,6b1d84eb4ad2,0,1,ran,qwen2.5:1.5b,long,0,0,c078.1,1789628582.298488,1789628585.874069,2740.555,3575.405,31.464,2740.512,128,128,152.123,1,,,5.87,b71a0f62
m6-sweep,a669f0cd8352,1,1,ran,qwen2.5:1.5b,long,0,0,c078.1,1789628586.374402,1789628587.319844,132.71,945.299,27.26,132.675,128,128,156.291,1,,,6.61,0a7c79bd
m6-sweep,c51a88097a50,2,1,ran,qwen2.5:1.5b,long,0,0,c078.1,1789628587.820088,1789628588.911809,284.677,1091.592,34.747,284.608,128,128,157.39,1,,,6.61,57b77621
m6-sweep,41576357ce9e,3,0,ran,qwen2.5:1.5b,long,0,0,c078.1,1789628589.412025,1789628590.333232,115.499,921.08,18.94,115.464,128,128,157.65,1,,,6.61,8eb149f1
m6-sweep,8b886c9c7d71,4,0,ran,qwen2.5:1.5b,long,0,0,c078.1,1789628590.836936,1789628591.790557,131.818,953.498,27.519,131.782,128,128,154.561,1,,,6.56,5175f81d
m6-sweep,4aabf1210b21,5,0,ran,qwen2.5:1.5b,long,0,0,c078.1,1789628592.29081,1789628593.231384,132.393,940.426,24.339,132.322,128,128,157.172,1,,,6.56,706c56f4
m6-sweep,f905a002be62,6,0,ran,qwen2.5:1.5b,long,0,0,c078.1,1789628593.731684,1789628594.677676,135.675,945.881,29.239,135.581,128,128,156.75,1,,,6.56,2a70de25
m6-sweep,f0570fc914f8,7,0,ran,qwen2.5:1.5b,long,0,0,c078.1,1789628595.177896,1789628596.130843,136.5,952.82,30.244,136.448,128,128,155.576,1,,,6.51,5c1a314e
m6-sweep,3afb332bacd3,8,0,ran,qwen2.5:1.5b,long,0,0,c078.1,1789628596.63107,1789628597.734568,289.054,1103.392,39.803,289.0,128,128,155.955,1,,,6.51,dec554a2
m6-sweep,e1fede50870e,9,0,ran,qwen2.5:1.5b,long,0,0,c078.1,1789628598.234865,1789628599.194601,137.701,959.56,31.892,137.664,128,128,154.528,1,,,6.51,5066003e
m6-sweep,843279167ef2,10,0,ran,qwen2.5:1.5b,long,0,0,c078.1,1789628599.694846,1789628600.646355,135.277,951.387,36.802,135.225,128,128,155.616,1,,,6.51,02890cf8
m6-sweep,f603d178ccd3,11,0,ran,qwen2.5:1.5b,long,0,0,c078.1,1789628601.146586,1789628602.085571,123.204,938.872,26.876,123.163,128,128,155.701,1,,,6.55,abb7d46a
m6-sweep,ed009fe9f3d5,12,0,ran,qwen2.5:1.5b,long,0,0,c078.1,1789628602.585795,1789628603.531707,129.439,945.772,23.16,129.395,128,128,155.574,1,,,6.55,7696f630
m6-sweep,6fd6a62a996a,13,0,ran,qwen2.5:1.5b,long,0,0,c078.1,1789628604.031949,1789628604.980267,133.169,948.2,35.403,133.124,128,128,155.822,1,,,6.55,029bb0f6
m6-sweep,4ebe2036a3e3,14,0,ran,qwen2.5:1.5b,long,0,0,c078.1,1789628605.480462,1789628606.436656,139.237,956.067,35.321,139.195,128,128,155.479,1,,,6.43,8efa0529
m6-sweep,fda750f91a18,15,0,ran,qwen2.5:1.5b,long,0,0,c078.1,1789628606.936875,1789628608.000152,246.75,1063.124,21.52,246.697,128,128,155.566,1,,,6.43,9f7aa6fd
m6-sweep,88b0a18e5fdd,16,0,ran,qwen2.5:1.5b,long,0,0,c078.1,1789628608.500318,1789628609.440025,129.808,939.577,34.182,129.753,128,128,156.835,1,,,6.43,6262f26f
m6-sweep,a7f271c21c77,17,0,ran,qwen2.5:1.5b,long,0,0,c078.1,1789628609.940263,1789628610.873456,118.729,933.069,23.242,118.68,128,128,155.954,1,,,6.43,e0421e53
m6-sweep,e7c21e877797,18,0,ran,qwen2.5:1.5b,long,0,0,c078.1,1789628611.373667,1789628612.321932,128.768,948.158,32.024,128.717,128,128,154.993,1,,,6.07,ba403375
m6-sweep,237b5da6c2f5,19,0,ran,qwen2.5:1.5b,long,0,0,c078.1,1789628612.822854,1789628613.76986,133.898,946.891,27.038,133.846,128,128,156.213,1,,,6.07,05210a06
m6-sweep,357e99c6d281,20,0,ran,qwen2.5:1.5b,long,0,0,c078.1,1789628614.270105,1789628615.220536,139.008,950.301,32.425,138.97,128,128,156.54,1,,,6.07,0236d737
m6-sweep,217ac25bb4bd,21,0,ran,qwen2.5:1.5b,long,0,0,c078.1,1789628615.72077,1789628616.665504,129.471,944.624,24.195,129.428,128,128,155.799,1,,,6.79,2929a5b9
m6-sweep,388ffd62906b,22,0,ran,qwen2.5:1.5b,long,0,0,c078.1,1789628617.165756,1789628618.105536,127.673,939.671,24.032,127.624,128,128,156.404,1,,,6.79,3fc96756
m6-sweep,0c04280a6d51,23,0,ran,qwen2.5:1.5b,long,0,0,c078.1,1789628618.605741,1789628619.553359,141.174,947.493,33.505,141.133,128,128,157.506,1,,,6.79,3112a114
m6-sweep,d56c8a5a009f,24,0,ran,qwen2.5:1.5b,long,0,0,c078.1,1789628620.053579,1789628621.014438,143.96,960.751,36.67,143.873,128,128,155.487,1,,,6.72,85022937
m6-sweep,853127102800,25,0,ran,qwen2.5:1.5b,long,0,0,c078.1,1789628621.514673,1789628622.459965,131.837,945.173,22.394,131.803,128,128,156.147,1,,,6.72,c4d38a80
m6-sweep,3feb3873beb9,26,0,ran,qwen2.5:1.5b,long,0,0,c078.1,1789628622.960157,1789628623.857929,255.621,897.652,27.012,255.587,101,102,155.756,1,,,6.72,7713c8e6
m6-sweep,4adf6c389d0c,27,0,ran,qwen2.5:1.5b,long,0,0,c078.1,1789628624.358187,1789628625.310126,143.799,951.84,34.539,143.758,128,128,157.17,1,,,6.72,4bf99d67
m6-sweep,83d393723991,28,0,ran,qwen2.5:1.5b,long,0,0,c078.1,1789628625.810401,1789628626.753988,132.016,943.48,30.683,131.975,128,128,156.507,1,,,7.71,1b40e836
m6-sweep,8cb5aa95d8a0,29,0,ran,qwen2.5:1.5b,long,0,0,c078.1,1789628627.25425,1789628628.192488,124.84,938.104,21.396,124.763,128,128,156.161,1,,,7.71,bd4715c3
m6-sweep,e0016b46e0ae,30,0,ran,qwen2.5:1.5b,long,0,0,c078.1,1789628628.692726,1789628629.636976,126.197,944.132,27.677,126.144,128,128,155.269,1,,,7.71,c57b0c59
m6-sweep,02ada724f89b,31,0,ran,qwen2.5:1.5b,long,0,0,c078.1,1789628630.137222,1789628631.086945,135.71,949.609,35.894,135.643,128,128,156.039,1,,,7.33,012e5882
m6-sweep,33d63dac4a9e,32,0,ran,qwen2.5:1.5b,long,0,0,c078.1,1789628631.58717,1789628632.549682,147.107,962.406,39.705,147.062,128,128,155.771,1,,,7.33,d9b089f0
m6-sweep,c84788c1430f,33,0,ran,qwen2.5:1.5b,long,0,0,c078.1,1789628633.049869,1789628633.999525,131.862,949.54,25.399,131.817,128,128,155.318,1,,,7.33,c14007bd
m6-sweep,ba5a466642da,34,0,ran,qwen2.5:1.5b,long,0,0,c078.1,1789628634.499711,1789628635.462501,142.428,962.678,34.325,142.375,128,128,154.831,1,,,7.33,49e614e9
m6-sweep,66122496ac34,35,0,ran,qwen2.5:1.5b,long,0,0,c078.1,1789628635.962757,1789628636.920185,134.916,957.309,27.312,134.863,128,128,154.427,1,,,6.98,2180d708
m6-sweep,00d46d8e912a,36,0,ran,qwen2.5:1.5b,long,0,0,c078.1,1789628637.420408,1789628638.372804,133.997,952.193,26.001,133.959,128,128,155.22,1,,,6.98,7744061d
m6-sweep,2fb6832755a1,37,0,ran,qwen2.5:1.5b,long,0,0,c078.1,1789628638.872999,1789628639.82648,136.641,953.364,27.834,136.603,128,128,155.499,1,,,6.98,1d03d8c2
m6-sweep,83e7ba054a07,38,0,ran,qwen2.5:1.5b,long,0,0,c078.1,1789628640.326758,1789628641.292124,146.602,965.256,37.158,146.559,128,128,155.133,1,,,7.70,08d90cf4
m6-sweep,620390feecc4,39,0,ran,qwen2.5:1.5b,long,0,0,c078.1,1789628641.792338,1789628642.74475,135.085,952.293,25.929,135.032,128,128,155.407,1,,,7.70,97bb8a04
m6-sweep,ee4dcd604a62,40,0,ran,qwen2.5:1.5b,long,0,0,c078.1,1789628643.244947,1789628644.20971,143.012,964.646,33.69,142.966,128,128,154.57,1,,,7.70,8d18b5b7
m6-sweep,974dc3e66a23,41,0,ran,qwen2.5:1.5b,long,0,0,c078.1,1789628644.709969,1789628645.6688,137.069,958.717,24.08,137.01,128,128,154.567,1,,,7.70,4a42d3b8
m6-sweep,0fad35b21b72,42,0,ran,qwen2.5:1.5b,long,0,0,c078.1,1789628646.169054,1789628647.248844,260.712,1079.65,30.394,260.659,128,128,155.079,1,,,7.49,38a27bf8
m6-sweep,963152bf2e01,43,0,ran,qwen2.5:1.5b,long,0,0,c078.1,1789628647.749091,1789628648.715328,137.312,966.117,35.165,137.255,128,128,153.233,1,,,7.49,93accb05
m6-sweep,fb7d8a7e1e91,44,0,ran,qwen2.5:1.5b,long,0,0,c078.1,1789628649.215578,1789628650.166342,128.751,950.657,23.319,128.692,128,128,154.519,1,,,7.49,d010bf12
m6-sweep,4313496be171,45,0,ran,qwen2.5:1.5b,long,0,0,c078.1,1789628650.666563,1789628651.73857,256.977,1071.752,27.631,256.941,128,128,155.871,1,,,8.33,6c402d28
m6-sweep,fc3c65123cd0,46,0,ran,qwen2.5:1.5b,long,0,0,c078.1,1789628652.238813,1789628653.192981,139.599,954.059,38.915,139.53,128,128,155.932,1,,,8.33,00c964f0
m6-sweep,326ed63c0aa0,47,0,ran,qwen2.5:1.5b,long,0,0,c078.1,1789628653.69321,1789628654.641587,133.277,948.266,35.298,133.243,128,128,155.83,1,,,8.33,ad2cc8a9
m6-sweep,8bfe9a33d6d7,48,0,ran,qwen2.5:1.5b,long,0,0,c078.1,1789628655.141815,1789628656.09223,135.738,950.306,34.753,135.694,128,128,155.911,1,,,8.06,e62e4b76
m6-sweep,68d5e645a994,49,0,ran,qwen2.5:1.5b,long,0,0,c078.1,1789628656.593079,1789628657.538471,131.924,945.271,31.447,131.868,128,128,156.145,1,,,8.06,d044d418
m6-sweep,86ff6df9c76e,50,0,ran,qwen2.5:1.5b,long,0,0,c078.1,1789628658.038705,1789628659.001087,144.992,962.272,34.152,144.949,128,128,155.394,1,,,8.06,1df8d0b0
m6-sweep,18b9fed5ebd1,51,0,ran,qwen2.5:1.5b,long,0,0,c078.1,1789628659.501283,1789628660.455738,139.875,954.347,30.172,139.829,128,128,155.929,1,,,8.06,5ded173e
m6-sweep,dc93a770aec5,52,0,ran,qwen2.5:1.5b,long,0,0,c078.1,1789628660.956007,1789628661.918477,144.535,962.351,34.365,144.479,128,128,155.292,1,,,7.66,f726b52d
m6-sweep,f0d7922da6bb,0,1,ran,qwen2.5:0.5b,long,20,0,c079.1,1789628664.396151,1789628668.931082,3857.423,4534.665,1043.5,3857.318,128,128,187.525,1,,,7.20,13d02aec
m6-sweep,d90c37a940e5,1,1,ran,qwen2.5:0.5b,long,20,0,c079.1,1789628669.431449,1789628671.899488,440.562,2467.927,21.114,440.528,128,128,62.643,1,,,6.87,05fc9ad9
m6-sweep,fbb06c1291fd,2,1,ran,qwen2.5:0.5b,long,20,0,c079.1,1789628672.399711,1789628675.947138,2168.978,3547.291,2088.454,2168.927,128,128,92.142,1,,,6.87,60abce05
m6-sweep,7c70eb920b86,3,0,ran,qwen2.5:0.5b,long,20,0,c079.1,1789628676.447345,1789628677.300078,100.893,852.585,35.019,100.858,128,128,168.952,1,,,6.56,763d3a62
m6-sweep,4aa83d8529a8,4,0,ran,qwen2.5:0.5b,long,20,0,c079.1,1789628677.800362,1789628685.534726,6761.755,7734.24,1033.19,6761.691,128,128,130.593,1,,,6.35,81be269d
m6-sweep,411c06e699d2,5,0,ran,qwen2.5:0.5b,long,20,0,c079.1,1789628686.034976,1789628686.684406,100.668,649.316,33.084,100.624,128,128,231.478,1,,,6.08,ef07d6d6
m6-sweep,d9b32a5daf5a,6,0,ran,qwen2.5:0.5b,long,20,0,c079.1,1789628687.184639,1789628697.755992,9907.362,10571.227,1034.416,9907.319,128,128,191.304,1,,,5.69,4e7ea0ae
m6-sweep,088cfa04d9fc,7,0,ran,qwen2.5:0.5b,long,20,0,c079.1,1789628698.256274,1789628700.902619,2403.662,2646.233,2058.385,2403.617,128,128,523.557,1,,,5.69,7b3702e4
m6-sweep,016360c52e33,8,0,ran,qwen2.5:0.5b,long,20,0,c079.1,1789628701.40285,1789628703.433023,1277.671,2030.051,1059.723,1277.63,128,128,168.798,1,,,5.47,8113e375
m6-sweep,98ccb55028e0,9,0,ran,qwen2.5:0.5b,long,20,0,c079.1,1789628703.933284,1789628704.533959,108.578,600.549,33.328,108.528,128,128,258.145,1,,,5.47,2a1fe38f
m6-sweep,a62078c4ffbe,10,0,ran,qwen2.5:0.5b,long,20,0,c079.1,1789628705.034257,1789628718.961473,11559.518,13927.086,4112.781,11559.465,128,128,53.642,1,,,5.07,aba7e3c1
m6-sweep,dc4f0228a723,11,0,ran,qwen2.5:0.5b,long,20,0,c079.1,1789628719.461692,1789628721.908549,292.19,2446.748,32.513,292.141,128,128,58.945,1,,,4.91,91e0a362
m6-sweep,6c43dc3c267b,12,0,ran,qwen2.5:0.5b,long,20,0,c079.1,1789628722.408773,1789628724.315547,1145.878,1906.663,1038.172,1145.808,128,128,166.933,1,,,4.91,ac2086b7
m6-sweep,bbd2dda46ff5,13,0,ran,qwen2.5:0.5b,long,20,0,c079.1,1789628724.815749,1789628732.423112,4560.709,7607.254,1064.327,4560.653,128,128,41.687,1,,,4.39,19175e68
m6-sweep,b3c8f7ab1a68,14,0,ran,qwen2.5:0.5b,long,20,0,c079.1,1789628732.923906,1789628745.59434,12027.933,12670.271,2079.48,12027.885,128,128,197.715,1,,,4.10,4f669780
m6-sweep,e3c7de94af59,15,0,ran,qwen2.5:0.5b,long,20,0,c079.1,1789628746.094565,1789628750.474998,141.757,4380.302,33.211,141.699,128,128,29.963,1,,,4.09,fb09d0c1
m6-sweep,8905468042d9,16,0,ran,qwen2.5:0.5b,long,20,0,c079.1,1789628750.975265,1789628752.661771,1141.575,1686.387,1033.163,1141.54,128,128,233.108,1,,,3.84,54b3b42f
m6-sweep,7ad700b67b9b,17,0,ran,qwen2.5:0.5b,long,20,0,c079.1,1789628753.161994,1789628758.915117,3002.529,5753.013,1034.502,3002.495,128,128,46.174,1,,,3.86,b5782a7d
m6-sweep,1e8989c91749,18,0,ran,qwen2.5:0.5b,long,20,0,c079.1,1789628759.415359,1789628774.636941,97.849,15221.479,30.053,97.795,128,128,8.397,1,,,3.80,be89953e
m6-sweep,6008dc65cfcd,19,0,ran,qwen2.5:0.5b,long,20,0,c079.1,1789628775.137179,1789628775.903919,252.351,766.6,33.079,252.311,128,128,246.962,1,,,3.80,2102d5df
m6-sweep,cabf742fdaca,20,0,ran,qwen2.5:0.5b,long,20,0,c079.1,1789628776.404159,1789628777.330673,102.417,926.405,36.391,102.383,128,128,154.129,1,,,3.98,ea5c502e
m6-sweep,2fc17def1a45,21,0,ran,qwen2.5:0.5b,long,20,0,c079.1,1789628777.830924,1789628780.525174,2154.13,2694.112,2065.892,2154.083,128,128,235.193,1,,,3.98,256afd7a
m6-sweep,8b8c34223cc3,22,0,ran,qwen2.5:0.5b,long,20,0,c079.1,1789628781.025428,1789628783.135511,99.552,2109.959,33.034,99.502,128,128,63.171,1,,,3.74,98c9b95e
m6-sweep,eef38ab7a388,23,0,ran,qwen2.5:0.5b,long,20,0,c079.1,1789628783.635724,1789628784.309851,106.35,674.034,39.791,106.3,128,128,223.716,1,,,3.74,4464d08f
m6-sweep,56cb349730a2,24,0,ran,qwen2.5:0.5b,long,20,0,c079.1,1789628784.810416,1789628786.36382,102.442,1553.299,34.592,102.406,128,128,87.534,1,,,3.76,c4142b9f
m6-sweep,64a044a372db,25,0,ran,qwen2.5:0.5b,long,20,0,c079.1,1789628786.864076,1789628793.059566,5483.679,6195.367,19.664,5483.629,128,128,178.449,1,,,3.70,9da422e9
m6-sweep,6a344edb43a1,26,0,ran,qwen2.5:0.5b,long,20,0,c079.1,1789628793.562042,1789628795.229024,974.677,1666.871,32.867,974.627,128,128,183.475,1,,,3.70,f63f99be
m6-sweep,caecf1395f37,27,0,ran,qwen2.5:0.5b,long,20,0,c079.1,1789628795.729402,1789628796.489371,262.462,759.867,35.09,262.428,128,128,255.325,1,,,3.80,61b97913
m6-sweep,69b5c6b963b6,28,0,ran,qwen2.5:0.5b,long,20,0,c079.1,1789628796.990176,1789628798.768959,90.636,1778.646,26.711,90.584,128,128,75.236,1,,,3.80,da860d55
m6-sweep,e73b5632e4be,29,0,ran,qwen2.5:0.5b,long,20,0,c079.1,1789628799.269218,1789628799.958741,108.034,689.412,32.027,107.999,128,128,218.447,1,,,3.80,07e4d323
m6-sweep,bb31e11b5ca5,30,0,ran,qwen2.5:0.5b,long,20,0,c079.1,1789628800.459057,1789628801.300176,110.103,840.97,12.652,110.022,128,128,173.766,1,,,3.90,47d34411
m6-sweep,2e5d37989cce,31,0,ran,qwen2.5:0.5b,long,20,0,c079.1,1789628801.800403,1789628802.898254,99.185,1097.73,32.444,99.149,128,128,127.185,1,,,3.90,43e44b46
m6-sweep,6c07b34efe75,32,0,ran,qwen2.5:0.5b,long,20,0,c079.1,1789628803.398506,1789628805.590127,914.287,2191.5,33.36,914.249,128,128,99.435,1,,,3.90,f19ea615
m6-sweep,0c4347638a0d,33,0,ran,qwen2.5:0.5b,long,20,0,c079.1,1789628806.090375,1789628806.899687,128.261,809.198,32.192,128.211,128,128,186.508,1,,,3.75,60b03444
m6-sweep,f6a16f4c80d8,34,0,ran,qwen2.5:0.5b,long,20,0,c079.1,1789628807.399924,1789628808.331538,83.84,931.501,20.718,83.788,128,128,149.824,1,,,3.75,5bbcb55d
m6-sweep,0b9f18e2d555,35,0,ran,qwen2.5:0.5b,long,20,0,c079.1,1789628808.83178,1789628810.907006,1169.03,2075.111,1050.805,1168.995,128,128,140.164,1,,,3.75,bbce61b6
m6-sweep,9a19e7d45762,36,0,ran,qwen2.5:0.5b,long,20,0,c079.1,1789628811.407292,1789628813.085907,249.579,1678.509,38.178,249.513,128,128,88.878,1,,,3.53,d4cccd99
m6-sweep,d262c95c2747,37,0,ran,qwen2.5:0.5b,long,20,0,c079.1,1789628813.586119,1789628816.511739,2167.808,2925.492,2080.664,2167.775,128,128,167.616,1,,,3.97,8fa6faeb
m6-sweep,edf33a2cd76f,38,0,ran,qwen2.5:0.5b,long,20,0,c079.1,1789628817.011924,1789628818.886073,1121.685,1874.048,1052.152,1121.637,128,128,168.801,1,,,3.97,58d6e4d7
m6-sweep,68ae239c2c49,39,0,ran,qwen2.5:0.5b,long,20,0,c079.1,1789628819.386284,1789628819.971189,106.819,584.78,34.51,106.748,128,128,265.712,1,,,3.97,8cf93146
m6-sweep,9d39fb30ae01,40,0,ran,qwen2.5:0.5b,long,20,0,c079.1,1789628820.471444,1789628822.835006,1138.418,2363.448,1027.934,1138.358,128,128,103.671,1,,,3.89,9c92f81a
m6-sweep,3d407dcf555a,41,0,ran,qwen2.5:0.5b,long,20,0,c079.1,1789628823.335266,1789628826.010985,96.825,2675.61,32.739,96.764,128,128,49.248,1,,,3.89,f416fdcc
m6-sweep,20091be6d85d,42,0,ran,qwen2.5:0.5b,long,20,0,c079.1,1789628826.511223,1789628829.221961,2174.613,2710.624,2083.573,2174.554,128,128,236.935,1,,,3.98,a2bd1110
m6-sweep,058d7c79ff83,43,0,ran,qwen2.5:0.5b,long,20,0,c079.1,1789628829.72213,1789628830.25593,77.035,533.681,13.05,76.982,128,128,278.115,1,,,3.98,6d3f62e1
m6-sweep,0033b841888e,44,0,ran,qwen2.5:0.5b,long,20,0,c079.1,1789628830.75614,1789628832.027595,100.672,1271.35,30.425,100.638,128,128,108.484,1,,,4.78,92579db7
m6-sweep,c9e7072654e1,45,0,ran,qwen2.5:0.5b,long,20,0,c079.1,1789628832.527808,1789628836.703117,167.497,4175.206,18.517,167.432,128,128,31.689,1,,,4.64,3b5cfbc5
m6-sweep,32643b0791dc,46,0,ran,qwen2.5:0.5b,long,20,0,c079.1,1789628837.203344,1789628839.387591,1244.403,2184.142,10.927,1244.354,128,128,135.144,1,,,4.64,cc34bdb8
m6-sweep,36e85d066661,47,0,ran,qwen2.5:0.5b,long,20,0,c079.1,1789628839.88779,1789628843.880876,89.551,3992.98,25.527,89.518,128,128,32.535,1,,,4.59,43f814f8
m6-sweep,8a5680c4fd65,48,0,ran,qwen2.5:0.5b,long,20,0,c079.1,1789628844.381126,1789628848.26739,103.018,3886.155,31.429,102.946,128,128,33.57,1,,,4.62,6c9df87b
m6-sweep,e62eddcdcb3a,49,0,ran,qwen2.5:0.5b,long,20,0,c079.1,1789628848.767617,1789628850.897908,1265.873,2130.186,1048.601,1265.823,128,128,146.938,1,,,4.62,1db65f82
m6-sweep,993a3fb39e3b,50,0,ran,qwen2.5:0.5b,long,20,0,c079.1,1789628851.398085,1789628851.972384,96.932,574.18,33.81,96.86,128,128,266.109,1,,,4.49,d28e0422
m6-sweep,03454f1020ac,51,0,ran,qwen2.5:0.5b,long,20,0,c079.1,1789628852.472589,1789628853.090581,121.835,617.876,34.189,121.801,128,128,256.028,1,,,4.49,ad3f723e
m6-sweep,f365211f75b3,52,0,ran,qwen2.5:0.5b,long,20,0,c079.1,1789628853.590814,1789628855.099401,96.497,1508.496,33.418,96.448,128,128,89.943,1,,,4.49,6593805a
m6-sweep,743a1af5c801,0,1,ran,qwen2.5:1.5b,long,1,0,c080.1,1789628857.617557,1789628861.585805,3116.169,3968.138,25.294,3116.105,128,128,149.066,1,,,4.59,cadbbf37
m6-sweep,90e60c300ac8,1,1,ran,qwen2.5:1.5b,long,1,0,c080.1,1789628862.086054,1789628863.044751,147.793,958.57,37.324,147.747,128,128,156.64,1,,,4.59,5c175617
m6-sweep,f009b2a75155,2,1,ran,qwen2.5:1.5b,long,1,0,c080.1,1789628863.544975,1789628864.495011,141.237,949.927,36.88,141.2,128,128,157.044,1,,,4.59,4ee5621e
m6-sweep,da3a71559a31,3,0,ran,qwen2.5:1.5b,long,1,0,c080.1,1789628864.995231,1789628866.956738,1149.012,1961.398,1043.524,1148.976,128,128,156.33,1,,,4.87,3b4452d3
m6-sweep,57e3498e2998,4,0,ran,qwen2.5:1.5b,long,1,0,c080.1,1789628867.456974,1789628869.437479,1148.838,1980.385,1042.993,1148.8,128,128,152.727,1,,,4.87,01de318f
m6-sweep,96357b317e3b,5,0,ran,qwen2.5:1.5b,long,1,0,c080.1,1789628869.937701,1789628870.894654,140.694,956.767,33.816,140.659,128,128,155.623,1,,,4.87,86161c49
m6-sweep,475cb5a2ebf1,6,0,ran,qwen2.5:1.5b,long,1,0,c080.1,1789628871.394888,1789628872.342668,136.042,947.67,25.592,135.997,128,128,156.476,1,,,4.72,052909b8
m6-sweep,7213f7b13fdd,7,0,ran,qwen2.5:1.5b,long,1,0,c080.1,1789628872.84288,1789628873.812241,146.96,969.245,40.18,146.892,128,128,154.448,1,,,4.72,797351a4
m6-sweep,065e62af6068,8,0,ran,qwen2.5:1.5b,long,1,0,c080.1,1789628874.312504,1789628875.2597,137.551,947.054,33.204,137.498,128,128,156.886,1,,,4.72,dee971d6
m6-sweep,f517ab5e6b60,9,0,ran,qwen2.5:1.5b,long,1,0,c080.1,1789628875.759895,1789628876.707007,136.914,946.993,31.491,136.878,128,128,156.775,1,,,5.62,a9104b84
m6-sweep,a16f6cf0afbc,10,0,ran,qwen2.5:1.5b,long,1,0,c080.1,1789628877.207234,1789628878.160072,140.82,952.712,36.703,140.785,128,128,156.425,1,,,5.62,b9b5eaf8
m6-sweep,6a4ebd5906ca,11,0,ran,qwen2.5:1.5b,long,1,0,c080.1,1789628878.66035,1789628879.632495,137.962,971.999,31.961,137.852,128,128,152.271,1,,,5.62,9409d9e1
m6-sweep,3a063ab65994,12,0,ran,qwen2.5:1.5b,long,1,0,c080.1,1789628880.132728,1789628881.084377,142.051,951.534,36.816,141.987,128,128,156.89,1,,,5.62,9d660bd7
m6-sweep,ff735206d70c,13,0,ran,qwen2.5:1.5b,long,1,0,c080.1,1789628881.584591,1789628882.529875,133.069,945.175,29.056,133.034,128,128,156.384,1,,,5.41,367ba67b
m6-sweep,2245da4775b8,14,0,ran,qwen2.5:1.5b,long,1,0,c080.1,1789628883.030107,1789628883.977191,129.491,946.964,26.413,129.457,128,128,155.357,1,,,5.41,269bdcc4
m6-sweep,bede9e40ca1d,15,0,ran,qwen2.5:1.5b,long,1,0,c080.1,1789628884.47745,1789628885.413632,125.809,936.075,20.852,125.757,128,128,156.739,1,,,5.41,37da72c1
m6-sweep,78ac48d0d2ff,16,0,ran,qwen2.5:1.5b,long,1,0,c080.1,1789628885.913881,1789628886.855154,132.013,941.163,27.177,131.974,128,128,156.955,1,,,5.54,59d3ce22
m6-sweep,b792e0551a29,17,0,ran,qwen2.5:1.5b,long,1,0,c080.1,1789628887.355367,1789628888.303795,141.354,948.304,36.626,141.318,128,128,157.383,1,,,5.54,97e4c004
m6-sweep,57604b727917,18,0,ran,qwen2.5:1.5b,long,1,0,c080.1,1789628888.80403,1789628889.74721,134.284,943.038,31.133,134.247,128,128,157.032,1,,,5.54,8d3151a1
m6-sweep,50a00cfc60c5,19,0,ran,qwen2.5:1.5b,long,1,0,c080.1,1789628890.247422,1789628891.192746,128.734,945.213,25.998,128.7,128,128,155.546,1,,,5.41,8d65cba2
m6-sweep,b8fa3e0374d2,20,0,ran,qwen2.5:1.5b,long,1,0,c080.1,1789628891.692967,1789628892.637283,131.762,944.185,27.337,131.707,128,128,156.323,1,,,5.41,c40e4723
m6-sweep,d387e87111af,21,0,ran,qwen2.5:1.5b,long,1,0,c080.1,1789628893.137473,1789628894.087197,139.518,949.61,36.315,139.483,128,128,156.772,1,,,5.41,1e8a0931
m6-sweep,b23763f01565,22,0,ran,qwen2.5:1.5b,long,1,0,c080.1,1789628894.587421,1789628895.546435,139.062,958.9,34.018,139.026,128,128,154.909,1,,,5.41,bd70a130
m6-sweep,b24ab06518cd,23,0,ran,qwen2.5:1.5b,long,1,0,c080.1,1789628896.046672,1789628896.982395,125.444,935.605,18.872,125.409,128,128,156.759,1,,,5.70,9a02c828
m6-sweep,11bfc71bae09,24,0,ran,qwen2.5:1.5b,long,1,0,c080.1,1789628897.482649,1789628898.546873,247.768,1064.102,19.345,247.727,128,128,155.574,1,,,5.70,1ef98dff
m6-sweep,76b17c5f6221,25,0,ran,qwen2.5:1.5b,long,1,0,c080.1,1789628899.047162,1789628899.993005,131.913,945.716,31.517,131.877,128,128,156.057,1,,,5.70,e7b4bed5
m6-sweep,b525e7fb27f4,26,0,ran,qwen2.5:1.5b,long,1,0,c080.1,1789628900.493238,1789628901.439062,134.221,945.713,24.77,134.177,128,128,156.502,1,,,5.73,bf34cdd9
m6-sweep,e2e29003bcca,27,0,ran,qwen2.5:1.5b,long,1,0,c080.1,1789628901.939295,1789628902.913719,135.652,974.316,29.873,135.602,128,128,151.431,1,,,5.73,ae88cf13
m6-sweep,facd891f5d8a,28,0,ran,qwen2.5:1.5b,long,1,0,c080.1,1789628903.413974,1789628904.366664,144.163,952.579,35.702,144.095,128,128,157.097,1,,,5.73,96679323
m6-sweep,63e20d9b0b8b,29,0,ran,qwen2.5:1.5b,long,1,0,c080.1,1789628904.866889,1789628905.833189,134.469,966.174,27.28,134.427,128,128,152.698,1,,,5.73,595544aa
m6-sweep,058687f2f892,30,0,ran,qwen2.5:1.5b,long,1,0,c080.1,1789628906.33345,1789628907.289046,145.569,955.486,35.134,145.518,128,128,156.806,1,,,5.83,0eb500af
m6-sweep,87f0830ba6ff,31,0,ran,qwen2.5:1.5b,long,1,0,c080.1,1789628907.789268,1789628908.750404,139.104,961.014,30.23,139.051,128,128,154.518,1,,,5.83,18cec171
m6-sweep,933274fe7621,32,0,ran,qwen2.5:1.5b,long,1,0,c080.1,1789628909.250667,1789628910.189146,125.362,938.346,20.025,125.305,128,128,156.215,1,,,5.83,a4511ae8
m6-sweep,2e8ac859c8ea,33,0,ran,qwen2.5:1.5b,long,1,0,c080.1,1789628910.689338,1789628911.63354,130.561,944.08,24.202,130.512,128,128,156.112,1,,,6.72,22ad8ee6
m6-sweep,c8c978306b63,34,0,ran,qwen2.5:1.5b,long,1,0,c080.1,1789628912.133808,1789628913.235928,285.564,1102.001,33.59,285.511,128,128,155.554,1,,,6.72,34975478
m6-sweep,295dd35e0da2,35,0,ran,qwen2.5:1.5b,long,1,0,c080.1,1789628913.736189,1789628914.672318,122.769,936.007,21.289,122.698,128,128,156.166,1,,,6.72,cf787a59
m6-sweep,206319529e3a,36,0,ran,qwen2.5:1.5b,long,1,0,c080.1,1789628915.172533,1789628916.111388,123.08,938.745,20.58,123.045,128,128,155.701,1,,,6.72,3b1995d6
m6-sweep,a6495bb364ba,37,0,ran,qwen2.5:1.5b,long,1,0,c080.1,1789628916.611632,1789628917.540739,117.888,928.997,19.105,117.836,128,128,156.576,1,,,6.34,fc222da2
m6-sweep,3fee3db440ba,38,0,ran,qwen2.5:1.5b,long,1,0,c080.1,1789628918.041012,1789628918.986425,129.118,945.29,20.486,129.075,128,128,155.604,1,,,6.34,f2481dc3
m6-sweep,d1cebabfd4b5,39,0,ran,qwen2.5:1.5b,long,1,0,c080.1,1789628919.486672,1789628920.443981,143.467,957.197,33.372,143.424,128,128,156.071,1,,,6.34,db2cef63
m6-sweep,be37ef91c0bb,40,0,ran,qwen2.5:1.5b,long,1,0,c080.1,1789628920.9442,1789628921.894407,134.853,950.081,26.511,134.8,128,128,155.785,1,,,7.12,20cff42a
m6-sweep,07c650ccee15,41,0,ran,qwen2.5:1.5b,long,1,0,c080.1,1789628922.394682,1789628923.359549,136.806,964.752,28.967,136.77,128,128,153.392,1,,,7.12,226bf5ed
m6-sweep,2b4092cc706d,42,0,ran,qwen2.5:1.5b,long,1,0,c080.1,1789628923.8598,1789628924.929868,255.305,1069.951,25.337,255.204,128,128,155.896,1,,,7.12,29448b58
m6-sweep,3840aaf912b7,43,0,ran,qwen2.5:1.5b,long,1,0,c080.1,1789628925.430104,1789628926.377975,134.989,947.748,33.515,134.918,128,128,156.258,1,,,7.27,3825eb9a
m6-sweep,44e067cd80c9,44,0,ran,qwen2.5:1.5b,long,1,0,c080.1,1789628926.878321,1789628927.822377,131.576,943.929,31.956,131.534,128,128,156.336,1,,,7.27,fa62839d
m6-sweep,2b7ae45a80c1,45,0,ran,qwen2.5:1.5b,long,1,0,c080.1,1789628928.322651,1789628929.279563,139.548,956.789,38.562,139.502,128,128,155.401,1,,,7.27,5bd14623
m6-sweep,98712536b690,46,0,ran,qwen2.5:1.5b,long,1,0,c080.1,1789628929.779781,1789628931.027029,522.316,1247.12,35.424,522.264,113,114,154.525,1,,,7.27,f286ecb2
m6-sweep,8c39e733f269,47,0,ran,qwen2.5:1.5b,long,1,0,c080.1,1789628931.527272,1789628932.47286,131.955,945.47,31.221,131.916,128,128,156.113,1,,,7.01,e15ef225
m6-sweep,25fa181442f5,48,0,ran,qwen2.5:1.5b,long,1,0,c080.1,1789628932.97312,1789628933.921916,131.715,948.689,32.994,131.678,128,128,155.452,1,,,7.01,e94fd342
m6-sweep,6304af7d5879,49,0,ran,qwen2.5:1.5b,long,1,0,c080.1,1789628934.422143,1789628935.381684,131.725,959.419,29.774,131.689,128,128,153.438,1,,,7.01,d6519fd3
m6-sweep,97f8b191f0d2,50,0,ran,qwen2.5:1.5b,long,1,0,c080.1,1789628935.881922,1789628936.82985,137.252,947.821,38.152,137.206,128,128,156.68,1,,,7.65,58cb4e90
m6-sweep,eb2b0cb45852,51,0,ran,qwen2.5:1.5b,long,1,0,c080.1,1789628937.330081,1789628938.283494,140.757,953.299,32.381,140.708,128,128,156.3,1,,,7.65,1079b609
m6-sweep,2ae956f08c36,52,0,ran,qwen2.5:1.5b,long,1,0,c080.1,1789628938.783715,1789628939.728201,130.939,944.369,24.681,130.904,128,128,156.129,1,,,7.65,14b1b42e
m6-sweep,abe96818f2ac,0,1,ran,qwen2.5:0.5b,long,1,100,c081.1,1789628942.27149,1789628945.956686,3186.919,3685.047,233.985,3186.872,128,128,254.955,1,,,7.19,bd654097
m6-sweep,d891f25710a7,1,1,ran,qwen2.5:0.5b,long,1,100,c081.1,1789628946.457044,1789628947.44009,522.866,982.917,230.658,522.81,128,128,276.056,1,,,7.34,1bd9bf1c
m6-sweep,228fd74763f6,2,1,ran,qwen2.5:0.5b,long,1,100,c081.1,1789628947.940301,1789628948.936962,522.664,996.57,234.26,522.621,128,128,267.985,1,,,7.34,f0203d92
m6-sweep,6239a0b16248,3,0,ran,qwen2.5:0.5b,long,1,100,c081.1,1789628949.437173,1789628951.387057,1470.147,1949.787,225.647,1470.111,128,128,264.782,1,,,7.31,2a964fbd
m6-sweep,c7b83e71d57d,4,0,ran,qwen2.5:0.5b,long,1,100,c081.1,1789628951.88729,1789628953.613648,1251.53,1726.243,225.368,1251.495,128,128,267.53,1,,,7.31,4ddac834
m6-sweep,2aea3861e4a5,5,0,ran,qwen2.5:0.5b,long,1,100,c081.1,1789628954.113905,1789628955.09548,506.53,981.46,225.875,506.493,128,128,267.408,1,,,7.31,584a2e4c
m6-sweep,d71ffea9a855,6,0,ran,qwen2.5:0.5b,long,1,100,c081.1,1789628955.595742,1789628956.580586,505.848,984.722,226.477,505.795,128,128,265.206,1,,,8.33,d14eea2f
m6-sweep,443329ed293d,7,0,ran,qwen2.5:0.5b,long,1,100,c081.1,1789628957.080866,1789628958.30208,504.601,1221.121,226.711,504.509,128,128,177.246,1,,,8.33,f36786b7
m6-sweep,2f716639cfa5,8,0,ran,qwen2.5:0.5b,long,1,100,c081.1,1789628958.802308,1789628959.754837,503.656,952.431,227.811,503.619,128,128,282.993,1,,,8.33,20c27399
m6-sweep,8ecc7506e594,9,0,ran,qwen2.5:0.5b,long,1,100,c081.1,1789628960.255075,1789628961.216876,499.207,961.707,219.545,499.125,128,128,274.595,1,,,8.14,9289ce28
m6-sweep,6402cacdd1b1,10,0,ran,qwen2.5:0.5b,long,1,100,c081.1,1789628961.717106,1789628962.702257,509.312,985.029,227.974,509.274,128,128,266.965,1,,,8.14,6d37d0c8
m6-sweep,26cd9f099545,11,0,ran,qwen2.5:0.5b,long,1,100,c081.1,1789628963.202499,1789628964.184303,506.412,981.711,226.156,506.357,128,128,267.2,1,,,8.14,0b79a8e9
m6-sweep,36b76c375597,12,0,ran,qwen2.5:0.5b,long,1,100,c081.1,1789628964.684558,1789628965.668787,513.068,984.128,224.935,513.029,128,128,269.604,1,,,8.14,9ce0c11e
m6-sweep,7d46b4d32949,13,0,ran,qwen2.5:0.5b,long,1,100,c081.1,1789628966.169009,1789628967.155342,505.235,986.218,225.932,505.178,128,128,264.042,1,,,7.81,5ce03350
m6-sweep,42da3787be50,14,0,ran,qwen2.5:0.5b,long,1,100,c081.1,1789628967.655567,1789628968.624177,518.693,968.503,227.818,518.65,128,128,282.341,1,,,7.81,8a879592
m6-sweep,2b423c392ef1,15,0,ran,qwen2.5:0.5b,long,1,100,c081.1,1789628969.124401,1789628970.093542,504.081,969.051,226.076,504.045,128,128,273.136,1,,,7.81,cd6fb44e
m6-sweep,fea60e373c13,16,0,ran,qwen2.5:0.5b,long,1,100,c081.1,1789628970.593763,1789628971.587216,506.328,993.339,226.503,506.291,128,128,260.774,1,,,8.47,f0a1a9fa
m6-sweep,ef0668706461,17,0,ran,qwen2.5:0.5b,long,1,100,c081.1,1789628972.087478,1789628973.088606,516.92,1000.904,239.8,516.878,128,128,262.406,1,,,8.47,a1a459c8
m6-sweep,2c207a5b3745,18,0,ran,qwen2.5:0.5b,long,1,100,c081.1,1789628973.588853,1789628974.566377,497.704,977.414,220.787,497.645,128,128,264.744,1,,,8.47,760a005e
m6-sweep,e01af7bb0dd8,19,0,ran,qwen2.5:0.5b,long,1,100,c081.1,1789628975.066626,1789628976.031407,504.291,964.682,227.689,504.241,128,128,275.852,1,,,8.47,f56cb0d5
m6-sweep,8b9dc0764de8,20,0,ran,qwen2.5:0.5b,long,1,100,c081.1,1789628976.531681,1789628977.500991,513.931,969.21,227.322,513.893,128,128,278.95,1,,,7.95,ee76f24c
m6-sweep,9169a4544087,21,0,ran,qwen2.5:0.5b,long,1,100,c081.1,1789628978.001225,1789628978.966482,506.237,965.14,227.543,506.2,128,128,276.747,1,,,7.95,0528cb16
m6-sweep,f72a55d7be72,22,0,ran,qwen2.5:0.5b,long,1,100,c081.1,1789628979.466715,1789628980.447001,510.087,980.166,232.874,510.035,128,128,270.167,1,,,7.95,531111e2
m6-sweep,2ab3442f7265,23,0,ran,qwen2.5:0.5b,long,1,100,c081.1,1789628980.947259,1789628981.934542,504.531,987.187,218.542,504.494,128,128,263.127,1,,,7.63,288c8e00
m6-sweep,b3b7b13df1cc,24,0,ran,qwen2.5:0.5b,long,1,100,c081.1,1789628982.434773,1789628983.415869,501.413,981.0,221.574,501.376,128,128,264.811,1,,,7.63,e25f00e4
m6-sweep,37ba1ef6dbf4,25,0,ran,qwen2.5:0.5b,long,1,100,c081.1,1789628983.916055,1789628984.905893,512.284,989.741,230.229,512.213,128,128,265.992,1,,,7.63,8f6a13f0
m6-sweep,3c29388c1a7d,26,0,ran,qwen2.5:0.5b,long,1,100,c081.1,1789628985.406163,1789628986.378765,516.807,972.488,228.854,516.769,128,128,278.704,1,,,7.66,991b4e1f
m6-sweep,b3a69dd5bfde,27,0,ran,qwen2.5:0.5b,long,1,100,c081.1,1789628986.879112,1789628987.844957,505.482,965.746,227.429,505.445,128,128,275.929,1,,,7.66,6dbe8160
m6-sweep,264ab444624f,28,0,ran,qwen2.5:0.5b,long,1,100,c081.1,1789628988.345219,1789628989.564784,515.194,1219.457,228.844,515.156,128,128,180.33,1,,,7.66,636dfcae
m6-sweep,5586f2d29736,29,0,ran,qwen2.5:0.5b,long,1,100,c081.1,1789628990.065064,1789628991.051688,508.738,986.509,229.199,508.691,128,128,265.818,1,,,7.66,49e4753e
m6-sweep,04feaee59300,30,0,ran,qwen2.5:0.5b,long,1,100,c081.1,1789628991.551937,1789628992.540304,504.462,988.235,226.919,504.39,128,128,262.519,1,,,7.29,3ec60bc5
m6-sweep,7f2f7a7a3143,31,0,ran,qwen2.5:0.5b,long,1,100,c081.1,1789628993.040564,1789628994.033595,527.37,992.93,239.376,527.331,128,128,272.79,1,,,7.29,8e352637
m6-sweep,98b066469cf9,32,0,ran,qwen2.5:0.5b,long,1,100,c081.1,1789628994.533849,1789628995.517843,505.404,983.901,226.504,505.361,128,128,265.414,1,,,7.29,92fb08de
m6-sweep,4505cf9d686e,33,0,ran,qwen2.5:0.5b,long,1,100,c081.1,1789628996.018053,1789628997.016019,503.425,997.86,225.746,503.388,128,128,256.859,1,,,6.78,7c8d36d8
m6-sweep,7f748cc71bf5,34,0,ran,qwen2.5:0.5b,long,1,100,c081.1,1789628997.516297,1789628998.515797,510.593,999.408,232.878,510.554,128,128,259.812,1,,,6.78,454ecb92
m6-sweep,0412e44df0cc,35,0,ran,qwen2.5:0.5b,long,1,100,c081.1,1789628999.016246,1789629000.708186,1218.969,1691.846,224.733,1218.93,128,128,268.569,1,,,6.78,ea4ecb55
m6-sweep,c62121732cfd,36,0,ran,qwen2.5:0.5b,long,1,100,c081.1,1789629001.208431,1789629002.196935,746.542,988.394,224.679,746.503,128,128,525.113,1,,,6.64,22787631
m6-sweep,33cf115cafc0,37,0,ran,qwen2.5:0.5b,long,1,100,c081.1,1789629002.69716,1789629003.665711,504.228,968.445,225.225,504.191,128,128,273.579,1,,,6.64,b2191156
m6-sweep,017395d33309,38,0,ran,qwen2.5:0.5b,long,1,100,c081.1,1789629004.165957,1789629005.14612,503.824,980.071,225.013,503.777,128,128,266.668,1,,,6.64,015fbbef
m6-sweep,7eaf4c5a4686,39,0,ran,qwen2.5:0.5b,long,1,100,c081.1,1789629005.653816,1789629006.630014,496.648,976.101,219.413,496.611,128,128,264.885,1,,,7.07,284ac8a6
m6-sweep,2bf2c8039a99,40,0,ran,qwen2.5:0.5b,long,1,100,c081.1,1789629007.13025,1789629008.114844,504.195,984.486,224.853,504.118,128,128,264.423,1,,,7.07,303424c9
m6-sweep,31900d55c862,41,0,ran,qwen2.5:0.5b,long,1,100,c081.1,1789629008.615108,1789629009.603235,509.577,988.028,225.565,509.538,128,128,265.44,1,,,7.07,39820349
m6-sweep,3033aac145fd,42,0,ran,qwen2.5:0.5b,long,1,100,c081.1,1789629010.103492,1789629011.103195,501.745,999.598,223.673,501.708,128,128,255.095,1,,,7.07,18dfdb5b
m6-sweep,7e5bf59da969,43,0,ran,qwen2.5:0.5b,long,1,100,c081.1,1789629011.603437,1789629012.59754,509.963,993.99,231.394,509.926,128,128,262.382,1,,,6.90,df933a31
m6-sweep,c7f446ef5705,44,0,ran,qwen2.5:0.5b,long,1,100,c081.1,1789629013.097807,1789629014.100978,503.782,1003.063,225.735,503.738,128,128,254.366,1,,,6.90,b4804b28
m6-sweep,37d0e6eb34ab,45,0,ran,qwen2.5:0.5b,long,1,100,c081.1,1789629014.601215,1789629015.583448,512.112,982.138,233.472,512.065,128,128,270.198,1,,,6.90,c9be67b2
m6-sweep,648156c5f704,46,0,ran,qwen2.5:0.5b,long,1,100,c081.1,1789629016.083704,1789629017.087568,523.346,1003.755,238.055,523.303,128,128,264.358,1,,,6.67,69649473
m6-sweep,50b2f2a73b15,47,0,ran,qwen2.5:0.5b,long,1,100,c081.1,1789629017.58782,1789629018.572691,505.718,984.765,224.282,505.681,128,128,265.11,1,,,6.67,dbe1a5cb
m6-sweep,473d300a6454,48,0,ran,qwen2.5:0.5b,long,1,100,c081.1,1789629019.072942,1789629020.037362,500.422,964.3,224.505,500.354,128,128,273.779,1,,,6.67,99bfb7ce
m6-sweep,5fd5ea08b0f0,49,0,ran,qwen2.5:0.5b,long,1,100,c081.1,1789629020.537612,1789629021.49851,500.82,960.8,225.84,500.776,128,128,276.099,1,,,7.42,f5cd8670
m6-sweep,307b69bc6039,50,0,ran,qwen2.5:0.5b,long,1,100,c081.1,1789629021.998736,1789629023.218028,513.977,1219.197,224.718,513.939,128,128,180.086,1,,,7.42,f0ec53a7
m6-sweep,36790fee08d7,51,0,ran,qwen2.5:0.5b,long,1,100,c081.1,1789629023.718308,1789629024.685284,504.527,966.882,226.135,504.473,128,128,274.681,1,,,7.42,fc809369
m6-sweep,6014f9de8a3e,52,0,ran,qwen2.5:0.5b,long,1,100,c081.1,1789629025.185512,1789629026.148412,501.126,962.802,225.011,501.09,128,128,275.085,1,,,7.42,eb697322
m6-sweep,f1f578234138,0,1,ran,qwen2.5:0.5b,long,2,0,c082.1,1789629028.658895,1789629029.231184,107.388,572.16,39.585,107.268,128,128,273.252,1,,,7.14,eb3c7a62
m6-sweep,5e2dabc94672,1,1,ran,qwen2.5:0.5b,long,2,0,c082.1,1789629029.731426,1789629030.289142,94.275,557.588,28.919,94.232,128,128,274.113,1,,,7.14,c2a552cc
m6-sweep,20ee471b268d,2,1,ran,qwen2.5:0.5b,long,2,0,c082.1,1789629030.789379,1789629031.462065,221.261,672.565,29.801,221.215,128,128,281.407,1,,,7.29,851121c9
m6-sweep,b8c16e8b49aa,3,0,ran,qwen2.5:0.5b,long,2,0,c082.1,1789629031.962332,1789629032.504714,88.069,542.272,24.107,88.018,128,128,279.611,1,,,7.29,04268f57
m6-sweep,7e98341fb190,4,0,ran,qwen2.5:0.5b,long,2,0,c082.1,1789629033.004927,1789629033.557934,83.207,552.893,19.083,83.159,128,128,270.393,1,,,7.29,46531fc6
m6-sweep,c8a2c21551d1,5,0,ran,qwen2.5:0.5b,long,2,0,c082.1,1789629034.058167,1789629034.609323,92.891,551.025,27.5,92.837,128,128,277.212,1,,,7.29,2a87a76b
m6-sweep,a97591474bf7,6,0,ran,qwen2.5:0.5b,long,2,0,c082.1,1789629035.109852,1789629035.682028,113.047,572.046,39.722,112.973,128,128,276.689,1,,,7.29,5329a882
m6-sweep,b162113c49c7,7,0,ran,qwen2.5:0.5b,long,2,0,c082.1,1789629036.182317,1789629036.773436,98.213,590.925,31.038,98.148,128,128,257.757,1,,,6.79,13470a97
m6-sweep,8e32825f49d5,8,0,ran,qwen2.5:0.5b,long,2,0,c082.1,1789629037.273674,1789629037.812482,86.447,538.699,21.963,86.389,128,128,280.817,1,,,6.79,d1dc7962
m6-sweep,40373043d231,9,0,ran,qwen2.5:0.5b,long,2,0,c082.1,1789629038.312678,1789629038.870071,101.161,557.279,36.595,101.125,128,128,278.437,1,,,6.79,32d5e218
m6-sweep,70164b1ac85f,10,0,ran,qwen2.5:0.5b,long,2,0,c082.1,1789629039.370282,1789629039.966297,103.001,595.904,38.535,102.919,128,128,257.657,1,,,6.79,011b8714
m6-sweep,912b99c26498,11,0,ran,qwen2.5:0.5b,long,2,0,c082.1,1789629040.466559,1789629041.030914,103.773,564.239,27.25,103.72,128,128,275.808,1,,,6.79,1cbf45b1
m6-sweep,4d8aacb54c79,12,0,ran,qwen2.5:0.5b,long,2,0,c082.1,1789629041.531171,1789629042.079969,95.315,548.679,21.856,95.247,128,128,280.128,1,,,6.40,33d0dd18
m6-sweep,195d36423aad,13,0,ran,qwen2.5:0.5b,long,2,0,c082.1,1789629042.580179,1789629043.202903,101.019,622.595,31.241,100.945,128,128,243.493,1,,,6.40,449db76a
m6-sweep,59cfbe334231,14,0,ran,qwen2.5:0.5b,long,2,0,c082.1,1789629043.703185,1789629044.254722,102.215,551.408,28.83,102.169,128,128,282.73,1,,,6.40,15556f2b
m6-sweep,6ae13e14b838,15,0,ran,qwen2.5:0.5b,long,2,0,c082.1,1789629044.75496,1789629045.353763,105.9,598.689,32.842,105.847,128,128,257.717,1,,,6.40,8e6f3cec
m6-sweep,15167f670be3,16,0,ran,qwen2.5:0.5b,long,2,0,c082.1,1789629045.854013,1789629046.405337,98.296,551.21,35.401,98.251,128,128,280.406,1,,,6.53,d70615dc
m6-sweep,3ec6577c5581,17,0,ran,qwen2.5:0.5b,long,2,0,c082.1,1789629046.905565,1789629047.575171,219.479,669.489,24.177,219.425,128,128,282.216,1,,,6.53,4add15cf
m6-sweep,dac96dbaf802,18,0,ran,qwen2.5:0.5b,long,2,0,c082.1,1789629048.075409,1789629048.626744,90.092,551.222,22.491,90.041,128,128,275.41,1,,,6.53,699106b1
m6-sweep,5104bc8afa47,19,0,ran,qwen2.5:0.5b,long,2,0,c082.1,1789629049.129284,1789629049.696296,95.676,566.891,28.395,95.619,128,128,269.516,1,,,6.53,0070fe17
m6-sweep,3d3188290279,20,0,ran,qwen2.5:0.5b,long,2,0,c082.1,1789629050.196551,1789629050.745283,85.739,548.611,19.612,85.677,128,128,274.374,1,,,6.53,77fc2aa8
m6-sweep,661d1fafc4e9,21,0,ran,qwen2.5:0.5b,long,2,0,c082.1,1789629051.245506,1789629051.802535,101.168,556.924,32.046,101.116,128,128,278.658,1,,,6.17,762d995c
m6-sweep,700efd7b1610,22,0,ran,qwen2.5:0.5b,long,2,0,c082.1,1789629052.302763,1789629052.858143,103.872,555.261,35.979,103.833,128,128,281.354,1,,,6.17,662771ae
m6-sweep,67f687aac2dc,23,0,ran,qwen2.5:0.5b,long,2,0,c082.1,1789629053.358422,1789629053.918094,88.567,559.552,22.581,88.507,128,128,269.647,1,,,6.17,9a2486ad
m6-sweep,51322743a310,24,0,ran,qwen2.5:0.5b,long,2,0,c082.1,1789629054.418368,1789629055.0848,217.07,666.331,23.253,217.013,128,128,282.687,1,,,6.17,6bb680fa
m6-sweep,981bbbcd424e,25,0,ran,qwen2.5:0.5b,long,2,0,c082.1,1789629055.585476,1789629056.119997,84.574,534.404,21.757,84.526,128,128,282.329,1,,,6.17,8b803bf1
m6-sweep,4f5f81c630d1,26,0,ran,qwen2.5:0.5b,long,2,0,c082.1,1789629056.620171,1789629057.193358,88.221,573.066,23.753,88.166,128,128,261.94,1,,,5.84,251f7de1
m6-sweep,ac1fc443bb3a,27,0,ran,qwen2.5:0.5b,long,2,0,c082.1,1789629057.693622,1789629058.24194,101.743,548.2,33.526,101.67,128,128,284.462,1,,,5.84,faae5227
m6-sweep,19a492f3d7c5,28,0,ran,qwen2.5:0.5b,long,2,0,c082.1,1789629058.742206,1789629059.291361,94.116,549.034,28.053,94.066,128,128,279.171,1,,,5.84,7353d48f
m6-sweep,d95569289092,29,0,ran,qwen2.5:0.5b,long,2,0,c082.1,1789629059.791578,1789629060.382283,133.318,590.576,33.798,133.262,128,128,277.743,1,,,5.84,d59b9f6f
m6-sweep,a64a272b0f9f,30,0,ran,qwen2.5:0.5b,long,2,0,c082.1,1789629060.882503,1789629061.429657,91.948,547.027,26.093,91.888,128,128,279.073,1,,,6.81,e757691f
m6-sweep,493ca264a03c,31,0,ran,qwen2.5:0.5b,long,2,0,c082.1,1789629061.9299,1789629062.480082,92.677,550.067,18.645,92.64,128,128,277.662,1,,,6.81,8643b9d2
m6-sweep,fb72a355d99a,32,0,ran,qwen2.5:0.5b,long,2,0,c082.1,1789629062.98037,1789629064.546628,1113.623,1566.143,1048.176,1113.566,128,128,280.651,1,,,6.81,0421503e
m6-sweep,819d614af2ec,33,0,ran,qwen2.5:0.5b,long,2,0,c082.1,1789629065.04686,1789629065.609375,107.355,562.399,35.268,107.276,128,128,279.094,1,,,6.81,19e32f24
m6-sweep,71a883b2838b,34,0,ran,qwen2.5:0.5b,long,2,0,c082.1,1789629066.109725,1789629066.793965,217.918,684.124,26.132,217.863,128,128,272.411,1,,,6.58,7305d2ce
m6-sweep,2aa7547ebe7d,35,0,ran,qwen2.5:0.5b,long,2,0,c082.1,1789629067.294483,1789629067.845302,91.387,550.672,26.335,91.331,128,128,276.517,1,,,6.58,44ac9251
m6-sweep,00ca8ba414e1,36,0,ran,qwen2.5:0.5b,long,2,0,c082.1,1789629068.345535,1789629068.903204,101.134,557.551,33.879,101.099,128,128,278.255,1,,,6.58,a08ba294
m6-sweep,1c59c84ae9e8,37,0,ran,qwen2.5:0.5b,long,2,0,c082.1,1789629069.403434,1789629069.999976,108.078,596.423,39.731,107.998,128,128,260.062,1,,,6.58,5b2bed9c
m6-sweep,e56face755f5,38,0,ran,qwen2.5:0.5b,long,2,0,c082.1,1789629070.500225,1789629071.08067,88.806,580.34,24.019,88.737,128,128,258.375,1,,,6.58,b09c99b2
m6-sweep,f9a21d97299a,39,0,ran,qwen2.5:0.5b,long,2,0,c082.1,1789629071.580924,1789629072.133401,97.471,552.356,23.038,97.394,128,128,279.191,1,,,6.46,4634a87f
m6-sweep,759cffe72adb,40,0,ran,qwen2.5:0.5b,long,2,0,c082.1,1789629072.633646,1789629073.188109,93.619,554.333,24.75,93.582,128,128,275.659,1,,,6.46,8f47c11a
m6-sweep,bbc23c06de37,41,0,ran,qwen2.5:0.5b,long,2,0,c082.1,1789629073.688348,1789629074.246249,92.953,557.732,27.604,92.918,128,128,273.249,1,,,6.46,537bd200
m6-sweep,c363ecc98170,42,0,ran,qwen2.5:0.5b,long,2,0,c082.1,1789629074.746446,1789629075.297827,97.635,551.15,29.844,97.58,128,128,280.035,1,,,6.46,69fabdbf
m6-sweep,8ba979c58fe9,43,0,ran,qwen2.5:0.5b,long,2,0,c082.1,1789629075.79806,1789629076.361234,113.498,563.055,38.925,113.456,128,128,282.5,1,,,6.10,b571a292
m6-sweep,18a08bb21b17,44,0,ran,qwen2.5:0.5b,long,2,0,c082.1,1789629076.861463,1789629077.418808,105.752,557.234,36.244,105.709,128,128,281.296,1,,,6.10,fe7b2935
m6-sweep,cdcf21500666,45,0,ran,qwen2.5:0.5b,long,2,0,c082.1,1789629077.919047,1789629078.627504,254.637,708.344,38.768,254.582,128,128,279.917,1,,,6.10,43a6bf99
m6-sweep,bc7ebf6cac9c,46,0,ran,qwen2.5:0.5b,long,2,0,c082.1,1789629079.127711,1789629079.67558,99.469,547.613,35.54,99.435,128,128,283.391,1,,,6.10,b798b754
m6-sweep,3e904a5b88c9,47,0,ran,qwen2.5:0.5b,long,2,0,c082.1,1789629080.175812,1789629080.747191,84.214,571.262,20.183,84.154,128,128,260.754,1,,,6.10,23e8819d
m6-sweep,16216c27816e,48,0,ran,qwen2.5:0.5b,long,2,0,c082.1,1789629081.247438,1789629081.802138,97.746,554.574,24.816,97.691,128,128,278.004,1,,,5.77,ab218209
m6-sweep,fdca29931005,49,0,ran,qwen2.5:0.5b,long,2,0,c082.1,1789629082.302465,1789629082.849141,95.464,546.558,27.459,95.403,128,128,281.538,1,,,5.77,d5f8f73c
m6-sweep,8186befe0c56,50,0,ran,qwen2.5:0.5b,long,2,0,c082.1,1789629083.349373,1789629083.91036,103.379,560.765,39.032,103.337,128,128,277.664,1,,,5.77,bc043934
m6-sweep,d252ba128825,51,0,ran,qwen2.5:0.5b,long,2,0,c082.1,1789629084.410591,1789629084.961707,96.993,551.003,33.283,96.949,128,128,279.73,1,,,5.77,48c465d9
m6-sweep,007efd2b3d56,52,0,ran,qwen2.5:0.5b,long,2,0,c082.1,1789629085.461945,1789629086.022307,105.841,560.082,39.482,105.798,128,128,279.588,1,,,5.77,a734b9d8
m6-sweep,1d361a49222f,0,1,ran,qwen2.5:3b,long,0,0,c083.1,1789629088.434511,1789629092.497336,3001.143,4062.557,27.993,3001.1,98,99,91.388,1,,,6.39,6a4271ec
m6-sweep,13607e6e5873,1,1,ran,qwen2.5:3b,long,0,0,c083.1,1789629092.997588,1789629094.01288,193.225,1015.158,39.556,193.189,79,80,94.898,1,,,6.39,1ca8720f
m6-sweep,160c63ff4485,2,1,ran,qwen2.5:3b,long,0,0,c083.1,1789629094.513069,1789629096.110596,334.008,1597.414,39.046,333.972,121,122,94.981,1,,,6.39,95312c4f
m6-sweep,4a01007ccab5,3,0,ran,qwen2.5:3b,long,0,0,c083.1,1789629096.610854,1789629097.804209,168.816,1193.132,22.717,168.78,98,99,94.697,1,,,6.20,73aace5a
m6-sweep,ce44ac290df1,4,0,ran,qwen2.5:3b,long,0,0,c083.1,1789629098.304708,1789629099.31041,180.914,1005.561,35.607,180.868,79,80,94.586,1,,,6.20,ded38dc1
m6-sweep,b5a1bc6e6a43,5,0,ran,qwen2.5:3b,long,0,0,c083.1,1789629099.810638,1789629100.894351,174.034,1083.505,28.373,173.984,87,88,94.56,1,,,6.20,8e4b1188
m6-sweep,0dede71e3b4c,6,0,ran,qwen2.5:3b,long,0,0,c083.1,1789629101.394587,1789629102.664703,175.759,1269.989,31.485,175.721,105,106,95.044,1,,,6.10,59af1b2a
m6-sweep,32d5065d7c1b,7,0,ran,qwen2.5:3b,long,0,0,c083.1,1789629103.164965,1789629104.698798,299.932,1533.702,26.539,299.896,118,119,94.831,1,,,6.10,cc5a3d1f
m6-sweep,7d5898dbeb85,8,0,ran,qwen2.5:3b,long,0,0,c083.1,1789629105.199048,1789629106.430918,168.845,1231.622,20.863,168.811,102,103,95.034,1,,,6.90,0761aab0
m6-sweep,2e93bf36e4b3,9,0,ran,qwen2.5:3b,long,0,0,c083.1,1789629106.931387,1789629108.123336,175.283,1191.835,29.998,175.247,97,98,94.437,1,,,6.90,55406878
m6-sweep,9dd1680541f0,10,0,ran,qwen2.5:3b,long,0,0,c083.1,1789629108.623601,1789629109.854993,170.462,1231.204,22.886,170.409,102,103,95.216,1,,,6.90,66bacc2f
m6-sweep,02d87fe0dfdf,11,0,ran,qwen2.5:3b,long,0,0,c083.1,1789629110.355313,1789629111.841777,324.977,1486.283,31.004,324.939,110,111,93.86,1,,,6.83,fb68239c
m6-sweep,cddb44b55455,12,0,ran,qwen2.5:3b,long,0,0,c083.1,1789629112.342106,1789629113.348576,172.432,1006.354,24.613,172.396,79,80,93.534,1,,,6.83,d1b2d660
m6-sweep,75c000c268a0,13,0,ran,qwen2.5:3b,long,0,0,c083.1,1789629113.84882,1789629115.167458,166.181,1318.52,21.698,166.143,110,111,94.59,1,,,6.83,00ba960d
m6-sweep,842cc4a22fe9,14,0,ran,qwen2.5:3b,long,0,0,c083.1,1789629115.667716,1789629116.92661,181.432,1258.719,34.399,181.397,102,103,93.754,1,,,6.60,e3c71352
m6-sweep,a870ec50995e,15,0,ran,qwen2.5:3b,long,0,0,c083.1,1789629117.427083,1789629118.584589,328.572,1157.382,34.499,328.536,79,80,94.111,1,,,6.60,8154dec4
m6-sweep,2bfd4cae1dd7,16,0,ran,qwen2.5:3b,long,0,0,c083.1,1789629119.084867,1789629120.496382,174.847,1411.284,30.161,174.812,119,120,95.435,1,,,6.60,e6e4326a
m6-sweep,5811c8345668,17,0,ran,qwen2.5:3b,long,0,0,c083.1,1789629120.996583,1789629122.07334,170.343,1076.643,26.482,170.303,87,88,94.891,1,,,7.43,ec43a00e
m6-sweep,0b0af7315300,18,0,ran,qwen2.5:3b,long,0,0,c083.1,1789629122.573565,1789629123.919721,174.386,1345.929,24.753,174.349,112,113,94.747,1,,,7.43,f164a0a4
m6-sweep,9c5eab8e00f9,19,0,ran,qwen2.5:3b,long,0,0,c083.1,1789629124.42005,1789629125.426877,178.004,1006.707,29.989,177.959,79,80,94.123,1,,,7.43,5ed1aabb
m6-sweep,c7bafb1d1b4e,20,0,ran,qwen2.5:3b,long,0,0,c083.1,1789629125.927101,1789629127.421769,168.019,1494.561,23.118,167.984,128,128,95.738,1,,,7.96,1448ef2d
m6-sweep,d83eb9b0d757,21,0,ran,qwen2.5:3b,long,0,0,c083.1,1789629127.922008,1789629129.384328,179.488,1462.198,21.464,179.45,123,124,95.111,1,,,7.96,4878f295
m6-sweep,ff8a4a21df76,22,0,ran,qwen2.5:3b,long,0,0,c083.1,1789629129.884577,1789629131.162084,184.48,1277.336,27.583,184.437,104,105,94.248,1,,,7.96,b5dfc76c
m6-sweep,b97531b9248f,23,0,ran,qwen2.5:3b,long,0,0,c083.1,1789629131.66238,1789629133.274414,336.335,1611.901,34.763,336.281,122,123,94.86,1,,,8.84,07b16820
m6-sweep,d1a1527d099a,24,0,ran,qwen2.5:3b,long,0,0,c083.1,1789629133.774714,1789629134.858326,183.233,1083.315,26.613,183.146,86,87,94.436,1,,,8.84,48e05f42
m6-sweep,3dfc219a3415,25,0,ran,qwen2.5:3b,long,0,0,c083.1,1789629135.358694,1789629136.43839,171.745,1079.579,26.107,171.702,87,88,94.731,1,,,8.45,472511b1
m6-sweep,c3b7b58ee79e,26,0,ran,qwen2.5:3b,long,0,0,c083.1,1789629136.938616,1789629138.033918,181.294,1095.198,30.522,181.254,87,88,94.102,1,,,8.45,e74849a5
m6-sweep,fd1b3414937a,27,0,ran,qwen2.5:3b,long,0,0,c083.1,1789629138.534145,1789629139.761571,172.161,1227.288,22.722,171.855,101,102,94.775,1,,,8.45,72f55cea
m6-sweep,36cac3ff7793,28,0,ran,qwen2.5:3b,long,0,0,c083.1,1789629140.261792,1789629141.881004,332.27,1619.1,31.617,332.233,123,124,94.807,1,,,8.18,d5ff9819
m6-sweep,d097302f8770,29,0,ran,qwen2.5:3b,long,0,0,c083.1,1789629142.381313,1789629143.459972,177.222,1078.474,20.075,177.186,86,87,94.313,1,,,8.18,8fb40427
m6-sweep,5f77672c157a,30,0,ran,qwen2.5:3b,long,0,0,c083.1,1789629143.960328,1789629145.291932,182.409,1331.419,33.78,182.373,110,111,94.864,1,,,8.18,6a5f8116
m6-sweep,da8a86e7ca72,31,0,ran,qwen2.5:3b,long,0,0,c083.1,1789629145.792193,1789629147.155955,182.179,1363.626,29.1,182.142,113,114,94.799,1,,,8.16,d122f127
m6-sweep,70ef56f715cb,32,0,ran,qwen2.5:3b,long,0,0,c083.1,1789629147.656179,1789629148.814983,175.453,1158.67,28.221,175.418,94,95,94.588,1,,,8.16,7160b6c5
m6-sweep,b1dbd9a876c5,33,0,ran,qwen2.5:3b,long,0,0,c083.1,1789629149.315267,1789629150.834721,192.896,1519.34,38.5,192.85,128,128,95.745,1,,,8.16,f5189bd7
m6-sweep,4b045cb2db03,34,0,ran,qwen2.5:3b,long,0,0,c083.1,1789629151.334926,1789629152.377023,193.822,1041.972,38.543,193.786,81,82,94.323,1,,,7.75,8feb9bb9
m6-sweep,75494d69e71e,35,0,ran,qwen2.5:3b,long,0,0,c083.1,1789629152.877247,1789629153.888857,183.998,1011.501,29.025,183.963,79,80,94.259,1,,,7.75,f7cdcef0
m6-sweep,2b7f5318c73c,36,0,ran,qwen2.5:3b,long,0,0,c083.1,1789629154.389096,1789629155.433711,187.182,1044.389,29.714,187.146,82,83,94.493,1,,,7.75,cbf5b9b2
m6-sweep,5a156dc2961f,37,0,ran,qwen2.5:3b,long,0,0,c083.1,1789629155.93406,1789629157.318612,195.786,1384.376,30.933,195.747,113,114,94.229,1,,,7.61,f1747801
m6-sweep,8bc88f505d7a,38,0,ran,qwen2.5:3b,long,0,0,c083.1,1789629157.81887,1789629159.31007,190.213,1491.018,32.49,190.176,124,125,94.557,1,,,7.61,e70d8b65
m6-sweep,23310d85171c,39,0,ran,qwen2.5:3b,long,0,0,c083.1,1789629159.810405,1789629161.091254,179.509,1280.733,22.841,179.452,105,106,94.44,1,,,7.61,540cb8df
m6-sweep,60842013d060,40,0,ran,qwen2.5:3b,long,0,0,c083.1,1789629161.5916,1789629163.018778,189.262,1427.027,32.153,189.226,118,119,94.525,1,,,7.64,33027b5a
m6-sweep,2a1ade9d0ed4,41,0,ran,qwen2.5:3b,long,0,0,c083.1,1789629163.519073,1789629164.687949,183.148,1168.739,27.717,183.101,94,95,94.36,1,,,7.64,228a0347
m6-sweep,bfeece8c370a,42,0,ran,qwen2.5:3b,long,0,0,c083.1,1789629165.188219,1789629166.66018,186.0,1471.824,28.4,185.961,123,124,94.881,1,,,8.31,03cf271c
m6-sweep,f729284e5d4c,43,0,ran,qwen2.5:3b,long,0,0,c083.1,1789629167.160377,1789629168.263088,187.061,1102.516,32.253,186.944,87,88,93.942,1,,,8.31,14412ec2
m6-sweep,710d66ecf5a5,44,0,ran,qwen2.5:3b,long,0,0,c083.1,1789629168.763373,1789629170.211502,184.541,1448.006,27.047,184.497,120,121,94.185,1,,,8.31,a4897576
m6-sweep,ef5089e60a75,45,0,ran,qwen2.5:3b,long,0,0,c083.1,1789629170.711895,1789629172.196003,194.749,1483.978,35.8,194.711,123,124,94.63,1,,,8.04,eb1fede2
m6-sweep,eb3d7be9eaa8,46,0,ran,qwen2.5:3b,long,0,0,c083.1,1789629172.696217,1789629174.05861,184.544,1362.208,28.566,184.506,112,113,94.254,1,,,8.04,908bdd85
m6-sweep,502bca6382fb,47,0,ran,qwen2.5:3b,long,0,0,c083.1,1789629174.558881,1789629175.778051,181.438,1219.06,21.87,181.401,99,100,94.447,1,,,8.04,f1d10eb6
m6-sweep,5fd60a6f4cd1,48,0,ran,qwen2.5:3b,long,0,0,c083.1,1789629176.278455,1789629177.269269,177.617,990.704,21.292,177.564,77,78,93.471,1,,,7.56,64159090
m6-sweep,518b38f35a87,49,0,ran,qwen2.5:3b,long,0,0,c083.1,1789629177.769488,1789629178.790998,192.503,1021.402,35.403,192.467,79,80,94.101,1,,,7.56,e1ad6889
m6-sweep,ee7df3d361fb,50,0,ran,qwen2.5:3b,long,0,0,c083.1,1789629179.29124,1789629180.612854,175.078,1321.5,19.679,175.04,109,110,94.206,1,,,7.56,d409f7bb
m6-sweep,9577dca9f008,51,0,ran,qwen2.5:3b,long,0,0,c083.1,1789629181.114425,1789629182.12555,180.759,1011.007,22.093,180.708,79,80,93.948,1,,,7.36,9add67e3
m6-sweep,a58d579d0c78,52,0,ran,qwen2.5:3b,long,0,0,c083.1,1789629182.625817,1789629183.896567,187.489,1270.604,29.468,187.452,103,104,94.173,1,,,7.36,8a5aa01f
m6-sweep,18e605d69df7,0,1,ran,qwen2.5:1.5b,short,5,100,c084.1,1789629186.387602,1789629189.681264,3055.518,3293.563,230.086,3055.473,18,19,71.415,1,,,7.41,0e44968a
m6-sweep,293f41a3878f,1,1,ran,qwen2.5:1.5b,short,5,100,c084.1,1789629190.181495,1789629191.910346,1490.978,1728.714,1231.977,1490.94,18,19,71.508,1,,,6.97,a7f9b6c9
m6-sweep,6dc1cd40f8c6,2,1,ran,qwen2.5:1.5b,short,5,100,c084.1,1789629192.410627,1789629193.139035,492.531,728.3,233.193,492.455,21,22,84.829,1,,,6.97,560d5818
m6-sweep,451f7547898f,3,0,ran,qwen2.5:1.5b,short,5,100,c084.1,1789629193.639301,1789629194.328727,467.455,689.258,229.308,467.332,18,19,76.645,1,,,6.97,2fd5d4c4
m6-sweep,99c9c17c5486,4,0,ran,qwen2.5:1.5b,short,5,100,c084.1,1789629194.829114,1789629196.265635,1436.033,1436.207,220.256,1435.837,18,19,97792.76,1,,,6.97,ba41b77b
m6-sweep,5fbc0bd77314,5,0,ran,qwen2.5:1.5b,short,5,100,c084.1,1789629196.766031,1789629197.699316,487.983,933.161,232.838,487.948,18,19,38.187,1,,,6.98,b89527bb
m6-sweep,a41741cdacec,6,0,ran,qwen2.5:1.5b,short,5,100,c084.1,1789629198.199579,1789629199.015084,486.86,815.413,228.175,486.822,18,19,51.742,1,,,6.98,fd8805f5
m6-sweep,a064d8732a5c,7,0,ran,qwen2.5:1.5b,short,5,100,c084.1,1789629199.515307,1789629201.257362,1496.15,1741.945,1235.998,1496.097,18,19,69.163,1,,,6.98,2285bc0e
m6-sweep,92fd1ff05283,8,0,ran,qwen2.5:1.5b,short,5,100,c084.1,1789629201.75769,1789629202.45842,477.684,700.623,221.271,477.617,18,19,76.254,1,,,6.66,662002ed
m6-sweep,f6d3460944ab,9,0,ran,qwen2.5:1.5b,short,5,100,c084.1,1789629202.958637,1789629203.671032,491.745,712.301,235.308,491.7,18,19,77.078,1,,,6.66,552ff753
m6-sweep,5b05cc40f621,10,0,ran,qwen2.5:1.5b,short,5,100,c084.1,1789629204.171332,1789629205.195539,490.199,1024.103,233.069,490.144,21,22,37.46,1,,,6.66,039faf52
m6-sweep,23e00325b87d,11,0,ran,qwen2.5:1.5b,short,5,100,c084.1,1789629205.695736,1789629206.426417,490.036,730.528,230.068,489.999,18,19,70.688,1,,,7.65,08bf3432
m6-sweep,f3f74741c271,12,0,ran,qwen2.5:1.5b,short,5,100,c084.1,1789629206.926799,1789629207.739161,488.879,812.268,232.971,488.8,18,19,52.568,1,,,7.65,84caa661
m6-sweep,0a00a6677939,13,0,ran,qwen2.5:1.5b,short,5,100,c084.1,1789629208.239399,1789629208.954723,491.835,715.201,236.329,491.801,18,19,76.108,1,,,7.65,8c7a8363
m6-sweep,d7719c00ec86,14,0,ran,qwen2.5:1.5b,short,5,100,c084.1,1789629209.454981,1789629210.18557,498.947,730.382,232.798,498.911,18,19,73.455,1,,,7.65,a21ffbcc
m6-sweep,9242ca9865b5,15,0,ran,qwen2.5:1.5b,short,5,100,c084.1,1789629210.685916,1789629212.420647,1492.187,1734.584,1233.547,1492.145,18,19,70.133,1,,,7.27,1ff6aa4d
m6-sweep,3570cbf0a837,16,0,ran,qwen2.5:1.5b,short,5,100,c084.1,1789629212.920919,1789629213.659932,488.019,738.892,233.876,487.982,18,19,67.763,1,,,7.27,93b6ed5e
m6-sweep,88296196345a,17,0,ran,qwen2.5:1.5b,short,5,100,c084.1,1789629214.160206,1789629214.888326,486.87,727.991,230.753,486.819,26,27,103.682,1,,,7.27,498ed0fa
m6-sweep,2508389ce390,18,0,ran,qwen2.5:1.5b,short,5,100,c084.1,1789629215.388594,1789629216.195331,482.433,806.643,223.979,482.396,18,19,52.435,1,,,7.27,b7d2eff9
m6-sweep,c4e62bba1adc,19,0,ran,qwen2.5:1.5b,short,5,100,c084.1,1789629216.695512,1789629217.412262,478.876,716.628,222.049,478.837,18,19,71.503,1,,,7.09,8ea097a0
m6-sweep,2066c6e8eff5,20,0,ran,qwen2.5:1.5b,short,5,100,c084.1,1789629217.912528,1789629219.629858,1492.439,1717.233,1236.516,1492.385,18,19,75.625,1,,,7.09,987c2603
m6-sweep,9515574c2db2,21,0,ran,qwen2.5:1.5b,short,5,100,c084.1,1789629220.130081,1789629220.865539,486.877,735.363,233.504,486.834,18,19,68.414,1,,,7.09,e749d037
m6-sweep,28797927dbe6,22,0,ran,qwen2.5:1.5b,short,5,100,c084.1,1789629221.365766,1789629223.423172,1814.684,2057.294,1259.592,1814.648,18,19,70.071,1,,,6.84,c28287cb
m6-sweep,608e40342a46,23,0,ran,qwen2.5:1.5b,short,5,100,c084.1,1789629223.92341,1789629224.640031,490.21,716.514,234.608,490.169,18,19,75.12,1,,,6.84,c0e6bbb9
m6-sweep,902b05966d19,24,0,ran,qwen2.5:1.5b,short,5,100,c084.1,1789629225.140277,1789629226.861857,1498.833,1721.483,1243.023,1498.777,18,19,76.353,1,,,6.62,dc65c15c
m6-sweep,aa80706c2499,25,0,ran,qwen2.5:1.5b,short,5,100,c084.1,1789629227.362239,1789629229.139988,1496.709,1777.656,1240.663,1496.671,35,36,121.019,1,,,6.62,b2b1ae3f
m6-sweep,fd89bea93116,26,0,ran,qwen2.5:1.5b,short,5,100,c084.1,1789629229.640204,1789629230.371552,491.305,731.224,232.165,491.253,20,21,79.193,1,,,6.62,d7a75f6d
m6-sweep,334d1e782ca0,27,0,ran,qwen2.5:1.5b,short,5,100,c084.1,1789629230.871833,1789629231.842071,732.058,970.115,232.687,732.016,45,46,184.829,1,,,6.41,123dfd4d
m6-sweep,9f954df09235,28,0,ran,qwen2.5:1.5b,short,5,100,c084.1,1789629232.342401,1789629233.055062,486.69,712.553,231.803,486.652,18,19,75.267,1,,,6.41,77207b86
m6-sweep,f0fb14ab8aef,29,0,ran,qwen2.5:1.5b,short,5,100,c084.1,1789629233.555333,1789629238.476344,4385.261,4920.912,1259.601,4385.19,18,19,31.737,1,,,6.13,91a09f6d
m6-sweep,5ecf7ad17d76,30,0,ran,qwen2.5:1.5b,short,5,100,c084.1,1789629238.976607,1789629239.702323,488.419,725.485,227.517,488.383,18,19,71.71,1,,,6.13,80fe682b
m6-sweep,86138c9c846e,31,0,ran,qwen2.5:1.5b,short,5,100,c084.1,1789629240.202718,1789629240.937251,493.855,734.427,233.422,493.807,18,19,70.665,1,,,6.13,d1b7cdc8
m6-sweep,1ed46b60fd5a,32,0,ran,qwen2.5:1.5b,short,5,100,c084.1,1789629241.437528,1789629243.339957,495.26,1902.315,234.457,495.189,18,19,12.082,1,,,5.96,0951985e
m6-sweep,c52b9f625ea5,33,0,ran,qwen2.5:1.5b,short,5,100,c084.1,1789629243.840184,1789629244.790565,487.861,950.251,228.467,487.788,18,19,36.766,1,,,5.96,2caa7917
m6-sweep,2f9f0cb3aa60,34,0,ran,qwen2.5:1.5b,short,5,100,c084.1,1789629245.290792,1789629245.998818,486.492,707.933,231.65,486.438,25,26,108.381,1,,,5.96,4a9b113b
m6-sweep,ba654bd6c78f,35,0,ran,qwen2.5:1.5b,short,5,100,c084.1,1789629246.499296,1789629247.230338,730.626,730.927,227.485,730.561,18,19,56421.983,1,,,5.97,bd8b4c5a
m6-sweep,6a6722e63f3e,36,0,ran,qwen2.5:1.5b,short,5,100,c084.1,1789629247.730645,1789629248.468357,477.467,737.584,219.785,477.411,24,25,88.422,1,,,5.97,8aba3384
m6-sweep,d9d05fac1575,37,0,ran,qwen2.5:1.5b,short,5,100,c084.1,1789629248.968662,1789629250.712614,1484.218,1743.814,1227.45,1484.127,18,19,65.486,1,,,5.97,2f6c7286
m6-sweep,6579fbf36d7c,38,0,ran,qwen2.5:1.5b,short,5,100,c084.1,1789629251.212912,1789629252.998125,1515.703,1785.056,1260.936,1515.637,18,19,63.114,1,,,5.89,2cf2900a
m6-sweep,81f3ee5bbe50,39,0,ran,qwen2.5:1.5b,short,5,100,c084.1,1789629253.498584,1789629255.233984,1510.727,1735.275,1256.534,1510.674,18,19,75.708,1,,,5.89,168f7c65
m6-sweep,f73ad7efc708,40,0,ran,qwen2.5:1.5b,short,5,100,c084.1,1789629255.734365,1789629256.444947,468.624,710.455,234.783,468.566,18,19,70.297,1,,,6.70,61c8dbb9
m6-sweep,c326e06790ea,41,0,ran,qwen2.5:1.5b,short,5,100,c084.1,1789629256.945223,1789629258.710446,1515.138,1765.087,1255.868,1515.078,20,21,76.015,1,,,6.70,cbd8eab5
m6-sweep,a0c0c3d57391,42,0,ran,qwen2.5:1.5b,short,5,100,c084.1,1789629259.210731,1789629259.926857,480.902,716.033,225.484,480.862,18,19,72.3,1,,,6.70,c35c56ac
m6-sweep,e129473a451f,43,0,ran,qwen2.5:1.5b,short,5,100,c084.1,1789629260.427117,1789629261.316507,481.783,889.298,227.249,481.747,18,19,41.716,1,,,6.70,c48051c3
m6-sweep,0a58d26acb19,44,0,ran,qwen2.5:1.5b,short,5,100,c084.1,1789629261.816754,1789629262.520727,465.627,703.798,227.197,465.59,18,19,71.377,1,,,6.40,0ceac4d1
m6-sweep,42013047a5d4,45,0,ran,qwen2.5:1.5b,short,5,100,c084.1,1789629263.021029,1789629263.975112,481.789,953.994,226.778,481.736,18,19,36.001,1,,,6.40,39067cc5
m6-sweep,23a0b907db1f,46,0,ran,qwen2.5:1.5b,short,5,100,c084.1,1789629264.475324,1789629265.195596,484.482,720.141,226.92,484.428,18,19,72.138,1,,,6.40,3994cb55
m6-sweep,4b7258d0ead1,47,0,ran,qwen2.5:1.5b,short,5,100,c084.1,1789629265.695848,1789629266.394009,476.967,698.044,221.314,476.913,18,19,76.896,1,,,6.40,0d2a92c9
m6-sweep,912ed6fab4c2,48,0,ran,qwen2.5:1.5b,short,5,100,c084.1,1789629266.894306,1789629268.064454,484.498,1170.048,231.437,484.423,46,47,65.641,1,,,7.09,fac36654
m6-sweep,43cd2680f4fb,49,0,ran,qwen2.5:1.5b,short,5,100,c084.1,1789629268.564645,1789629269.271988,484.111,707.163,228.096,484.077,18,19,76.215,1,,,7.09,1e239920
m6-sweep,d48ccc1f6d55,50,0,ran,qwen2.5:1.5b,short,5,100,c084.1,1789629269.772317,1789629270.724671,489.389,952.234,232.369,489.298,18,19,36.729,1,,,7.09,5ab448ee
m6-sweep,51024e343d0a,51,0,ran,qwen2.5:1.5b,short,5,100,c084.1,1789629271.224905,1789629271.959323,487.367,734.327,227.535,487.328,18,19,68.837,1,,,6.68,6751ec7c
m6-sweep,e2f45f341f0d,52,0,ran,qwen2.5:1.5b,short,5,100,c084.1,1789629272.459576,1789629273.187066,478.52,727.392,220.68,478.34,18,19,68.308,1,,,6.68,12b9e6c0
m6-sweep,07854afa0a28,0,1,ran,qwen2.5:1.5b,short,0,0,c085.1,1789629275.647106,1789629275.83854,66.495,191.257,21.934,66.436,18,19,136.259,1,,,6.68,2c65236b
m6-sweep,b8a253012360,1,1,ran,qwen2.5:1.5b,short,0,0,c085.1,1789629276.338822,1789629276.524956,69.338,186.016,29.47,69.298,18,19,145.699,1,,,6.39,8a38d043
m6-sweep,553ac02dd422,2,1,ran,qwen2.5:1.5b,short,0,0,c085.1,1789629277.025215,1789629277.212678,68.674,187.362,24.551,68.639,18,19,143.232,1,,,6.39,8a58161c
m6-sweep,527b8572b945,3,0,ran,qwen2.5:1.5b,short,0,0,c085.1,1789629277.712959,1789629277.93074,85.277,217.66,34.322,85.237,20,21,143.522,1,,,6.39,e934ca1a
m6-sweep,8a026544499b,4,0,ran,qwen2.5:1.5b,short,0,0,c085.1,1789629278.431027,1789629278.627102,78.905,195.968,37.382,78.855,18,19,145.22,1,,,6.39,3a718e11
m6-sweep,def4027ef7c7,5,0,ran,qwen2.5:1.5b,short,0,0,c085.1,1789629279.127334,1789629279.308978,63.67,181.497,20.135,63.634,18,19,144.28,1,,,6.39,e09e1e4a
m6-sweep,2cb348da685e,6,0,ran,qwen2.5:1.5b,short,0,0,c085.1,1789629279.809249,1789629280.005308,79.675,195.957,38.542,79.618,18,19,146.196,1,,,6.39,d57dc14c
m6-sweep,b2804966dfca,7,0,ran,qwen2.5:1.5b,short,0,0,c085.1,1789629280.505526,1789629280.712643,82.969,207.017,39.552,82.918,18,19,137.044,1,,,6.39,35b7a247
m6-sweep,6c2e311a54f3,8,0,ran,qwen2.5:1.5b,short,0,0,c085.1,1789629281.212864,1789629281.409443,80.697,196.435,34.432,80.644,18,19,146.883,1,,,6.39,6b2ccb7f
m6-sweep,b546e2480b11,9,0,ran,qwen2.5:1.5b,short,0,0,c085.1,1789629281.909821,1789629282.093956,66.504,183.981,20.262,66.448,18,19,144.709,1,,,7.08,822723db
m6-sweep,441e9f8ee404,10,0,ran,qwen2.5:1.5b,short,0,0,c085.1,1789629282.594246,1789629282.831201,71.494,236.806,25.393,71.445,26,27,151.229,1,,,7.08,3d86691c
m6-sweep,2c4242779150,11,0,ran,qwen2.5:1.5b,short,0,0,c085.1,1789629283.331463,1789629283.568748,68.482,237.185,24.675,68.432,26,27,148.189,1,,,7.08,20c71dea
m6-sweep,6982828355e7,12,0,ran,qwen2.5:1.5b,short,0,0,c085.1,1789629284.068982,1789629284.261049,74.567,191.869,28.595,74.513,18,19,144.925,1,,,7.08,f1eae8fe
m6-sweep,e0447d79a0d7,13,0,ran,qwen2.5:1.5b,short,0,0,c085.1,1789629284.761266,1789629284.955927,79.62,194.539,36.37,79.583,18,19,147.931,1,,,7.08,01b4711f
m6-sweep,d26c8adf9a2b,14,0,ran,qwen2.5:1.5b,short,0,0,c085.1,1789629285.456247,1789629285.637081,65.821,180.724,20.745,65.787,18,19,147.95,1,,,7.08,23852606
m6-sweep,0fc13bc055cb,15,0,ran,qwen2.5:1.5b,short,0,0,c085.1,1789629286.137326,1789629286.33119,77.983,193.75,38.774,77.941,18,19,146.847,1,,,7.08,2f5736ed
m6-sweep,c59fdf82b5c8,16,0,ran,qwen2.5:1.5b,short,0,0,c085.1,1789629286.831434,1789629287.203494,80.473,371.915,39.356,80.396,46,47,154.405,1,,,7.79,b8b029d6
m6-sweep,ed908d77249d,17,0,ran,qwen2.5:1.5b,short,0,0,c085.1,1789629287.704057,1789629287.892959,69.019,188.686,19.189,68.983,18,19,142.061,1,,,7.79,2f0b2f64
m6-sweep,ae1efb5d9969,18,0,ran,qwen2.5:1.5b,short,0,0,c085.1,1789629288.393989,1789629288.586245,72.344,192.008,28.55,72.306,18,19,142.064,1,,,7.79,8ffda045
m6-sweep,9a489f12ae7d,19,0,ran,qwen2.5:1.5b,short,0,0,c085.1,1789629289.086573,1789629289.27749,72.28,190.759,32.355,72.244,18,19,143.484,1,,,7.79,40d32360
m6-sweep,38bf0e676dad,20,0,ran,qwen2.5:1.5b,short,0,0,c085.1,1789629289.777788,1789629289.958608,63.282,180.563,21.864,63.236,18,19,144.952,1,,,7.79,4a25ce05
m6-sweep,dd5deea7cbc8,21,0,ran,qwen2.5:1.5b,short,0,0,c085.1,1789629290.458966,1789629290.662309,87.005,203.166,40.006,86.963,18,19,146.348,1,,,7.79,11bbdd82
m6-sweep,ee3b11a15403,22,0,ran,qwen2.5:1.5b,short,0,0,c085.1,1789629291.162612,1789629291.343336,63.574,180.442,21.214,63.498,18,19,145.464,1,,,7.79,3167fd76
m6-sweep,d8d6601d1901,23,0,ran,qwen2.5:1.5b,short,0,0,c085.1,1789629291.843629,1789629292.02443,63.82,180.606,19.229,63.765,18,19,145.566,1,,,8.37,88c7d752
m6-sweep,f9a0f0128125,24,0,ran,qwen2.5:1.5b,short,0,0,c085.1,1789629292.524755,1789629292.727652,79.537,202.737,37.669,79.5,18,19,137.987,1,,,8.37,b84d4c48
m6-sweep,8c2da2d958b1,25,0,ran,qwen2.5:1.5b,short,0,0,c085.1,1789629293.228016,1789629293.409393,65.759,181.277,20.273,65.723,18,19,147.162,1,,,8.37,79d430aa
m6-sweep,b69dd501e246,26,0,ran,qwen2.5:1.5b,short,0,0,c085.1,1789629293.909636,1789629294.092022,65.847,182.275,23.387,65.81,18,19,146.014,1,,,8.37,55ebfd9b
m6-sweep,b73849eeeddc,27,0,ran,qwen2.5:1.5b,short,0,0,c085.1,1789629294.592256,1789629294.77415,65.884,181.79,22.705,65.843,18,19,146.671,1,,,8.37,126d547c
m6-sweep,3aa0433f6621,28,0,ran,qwen2.5:1.5b,short,0,0,c085.1,1789629295.274398,1789629295.696563,63.223,422.057,18.628,63.179,57,58,156.061,1,,,8.37,91502421
m6-sweep,9ae387179e4f,29,0,ran,qwen2.5:1.5b,short,0,0,c085.1,1789629296.196815,1789629296.39651,70.362,199.529,27.849,70.326,20,21,147.097,1,,,8.37,bed64ecd
m6-sweep,5b027893014f,30,0,ran,qwen2.5:1.5b,short,0,0,c085.1,1789629296.896823,1789629297.083898,70.882,186.916,29.249,70.833,18,19,146.508,1,,,9.14,1c652422
m6-sweep,1447aae30a5b,31,0,ran,qwen2.5:1.5b,short,0,0,c085.1,1789629297.584221,1789629297.768636,66.685,184.299,23.069,66.612,18,19,144.54,1,,,9.14,77c077b4
m6-sweep,ca7729ddf367,32,0,ran,qwen2.5:1.5b,short,0,0,c085.1,1789629298.268869,1789629298.460513,73.233,191.474,29.684,73.18,18,19,143.774,1,,,9.14,05630abb
m6-sweep,b31319eef380,33,0,ran,qwen2.5:1.5b,short,0,0,c085.1,1789629298.960774,1789629299.16777,78.267,206.83,35.887,78.228,20,21,147.787,1,,,9.14,66806195
m6-sweep,13965b09c5c4,34,0,ran,qwen2.5:1.5b,short,0,0,c085.1,1789629299.668134,1789629300.043953,77.402,375.702,27.533,77.257,47,48,154.207,1,,,9.14,b39339f6
m6-sweep,c65881540879,35,0,ran,qwen2.5:1.5b,short,0,0,c085.1,1789629300.544156,1789629300.740142,79.163,195.771,33.553,79.112,18,19,145.789,1,,,9.14,161d74f4
m6-sweep,ead3930e00dc,36,0,ran,qwen2.5:1.5b,short,0,0,c085.1,1789629301.240506,1789629301.567147,80.014,326.524,37.744,79.96,39,40,154.152,1,,,10.01,e3f52c2a
m6-sweep,932b85043377,37,0,ran,qwen2.5:1.5b,short,0,0,c085.1,1789629302.067405,1789629302.25678,68.778,189.248,27.033,68.734,18,19,141.113,1,,,10.01,78fe10d0
m6-sweep,6e201e009992,38,0,ran,qwen2.5:1.5b,short,0,0,c085.1,1789629302.75698,1789629302.955208,81.57,198.013,37.239,81.518,18,19,145.994,1,,,10.01,373af373
m6-sweep,914a1b34b00a,39,0,ran,qwen2.5:1.5b,short,0,0,c085.1,1789629303.455537,1789629303.641965,69.393,186.26,25.098,69.327,18,19,145.465,1,,,10.01,0e6b54ad
m6-sweep,d86fffdef238,40,0,ran,qwen2.5:1.5b,short,0,0,c085.1,1789629304.143105,1789629304.33287,65.272,189.603,20.571,65.227,18,19,136.732,1,,,10.01,93a79704
m6-sweep,497aa9d963a8,41,0,ran,qwen2.5:1.5b,short,0,0,c085.1,1789629304.833215,1789629305.032389,82.137,198.979,36.304,82.1,18,19,145.496,1,,,10.01,aed3eed1
m6-sweep,5a29d484fea7,42,0,ran,qwen2.5:1.5b,short,0,0,c085.1,1789629305.532731,1789629305.737653,82.659,204.805,39.77,82.613,18,19,139.178,1,,,10.01,90e9cec3
m6-sweep,fa2c515f9957,43,0,ran,qwen2.5:1.5b,short,0,0,c085.1,1789629306.237942,1789629306.431909,78.487,193.856,36.571,78.428,18,19,147.352,1,,,10.01,94f8cea2
m6-sweep,a8c7d0c3a51c,44,0,ran,qwen2.5:1.5b,short,0,0,c085.1,1789629306.932272,1789629307.133562,78.26,201.123,30.416,78.199,18,19,138.365,1,,,10.65,d0105b69
m6-sweep,7373ee1aa628,45,0,ran,qwen2.5:1.5b,short,0,0,c085.1,1789629307.633871,1789629307.826742,77.43,192.753,30.495,77.393,18,19,147.411,1,,,10.65,5038e262
m6-sweep,ed94dc458578,46,0,ran,qwen2.5:1.5b,short,0,0,c085.1,1789629308.326975,1789629308.504721,61.486,177.628,19.676,61.446,18,19,146.372,1,,,10.65,ad822276
m6-sweep,f275bdc4fbeb,47,0,ran,qwen2.5:1.5b,short,0,0,c085.1,1789629309.005011,1789629309.198622,76.297,193.452,30.54,76.242,18,19,145.107,1,,,10.65,068f33a7
m6-sweep,c06137ba9c93,48,0,ran,qwen2.5:1.5b,short,0,0,c085.1,1789629309.698901,1789629309.895787,79.691,196.679,38.247,79.655,18,19,145.313,1,,,10.65,c8775ece
m6-sweep,0de9a2d001b7,49,0,ran,qwen2.5:1.5b,short,0,0,c085.1,1789629310.396158,1789629310.590722,77.729,194.28,34.884,77.674,18,19,145.858,1,,,10.65,1619fd9b
m6-sweep,9127c64d7c1f,50,0,ran,qwen2.5:1.5b,short,0,0,c085.1,1789629311.09156,1789629311.269497,60.049,177.798,19.798,60.007,18,19,144.376,1,,,10.65,65a3dc33
m6-sweep,88ea17e1aa1e,51,0,ran,qwen2.5:1.5b,short,0,0,c085.1,1789629311.769767,1789629311.999869,62.857,229.945,21.419,62.814,26,27,149.622,1,,,11.00,63703d64
m6-sweep,6e5b87689eaf,52,0,ran,qwen2.5:1.5b,short,0,0,c085.1,1789629312.500149,1789629312.699543,83.49,199.205,35.323,83.445,18,19,146.914,1,,,11.00,8a3a44fe
m6-sweep,dcbe1985e236,0,1,ran,qwen2.5:1.5b,short,0,50,c086.1,1789629315.223213,1789629315.651766,289.023,428.439,136.114,288.98,20,21,136.283,1,,,11.00,4694bbbb
m6-sweep,c629c017fd0a,1,1,ran,qwen2.5:1.5b,short,0,50,c086.1,1789629316.152057,1789629316.554346,272.172,402.137,119.097,272.137,18,19,130.804,1,,,10.76,37a50c78
m6-sweep,7ab0f3c885f8,2,1,ran,qwen2.5:1.5b,short,0,50,c086.1,1789629317.054623,1789629317.459126,271.03,404.38,120.5,270.975,21,22,149.981,1,,,10.76,4db6adda
m6-sweep,33b3405c114d,3,0,ran,qwen2.5:1.5b,short,0,50,c086.1,1789629317.959379,1789629318.378433,287.759,418.964,139.178,287.696,18,19,129.568,1,,,10.76,b4d0fae9
m6-sweep,c1b8eb860f8d,4,0,ran,qwen2.5:1.5b,short,0,50,c086.1,1789629318.878702,1789629319.300108,292.9,421.276,138.408,292.857,18,19,132.424,1,,,10.76,87424a74
m6-sweep,a1969424cd86,5,0,ran,qwen2.5:1.5b,short,0,50,c086.1,1789629319.800329,1789629320.385808,276.959,585.384,127.403,276.908,46,47,145.903,1,,,10.76,88637349
m6-sweep,5d4b8da80b99,6,0,ran,qwen2.5:1.5b,short,0,50,c086.1,1789629320.886069,1789629321.307333,294.672,421.16,138.047,294.607,18,19,134.4,1,,,10.76,267233b7
m6-sweep,1d1db9bdf67f,7,0,ran,qwen2.5:1.5b,short,0,50,c086.1,1789629321.807521,1789629322.218392,277.517,410.741,127.065,277.482,20,21,142.616,1,,,11.26,744fde24
m6-sweep,6838300b156f,8,0,ran,qwen2.5:1.5b,short,0,50,c086.1,1789629322.718646,1789629323.142606,275.794,423.855,128.32,275.758,18,19,114.817,1,,,11.26,0b3048be
m6-sweep,f43935960489,9,0,ran,qwen2.5:1.5b,short,0,50,c086.1,1789629323.642812,1789629324.043419,269.974,400.517,121.239,269.909,18,19,130.225,1,,,11.26,d4932617
m6-sweep,6709ee4c5490,10,0,ran,qwen2.5:1.5b,short,0,50,c086.1,1789629324.543652,1789629325.110372,275.838,566.591,121.385,275.803,46,47,154.771,1,,,11.26,4908da3b
m6-sweep,70730eec1424,11,0,ran,qwen2.5:1.5b,short,0,50,c086.1,1789629325.610639,1789629326.013722,277.16,402.98,122.536,277.124,18,19,135.114,1,,,11.26,ecd58f5d
m6-sweep,f5ff08238dec,12,0,ran,qwen2.5:1.5b,short,0,50,c086.1,1789629326.513955,1789629326.928901,273.564,414.845,121.434,273.496,18,19,120.328,1,,,10.92,53595ba2
m6-sweep,2981e5d9863a,13,0,ran,qwen2.5:1.5b,short,0,50,c086.1,1789629327.429127,1789629327.840416,273.264,411.188,120.759,273.229,18,19,123.257,1,,,10.92,9286ceea
m6-sweep,647b9c818678,14,0,ran,qwen2.5:1.5b,short,0,50,c086.1,1789629328.340666,1789629328.749418,273.006,408.655,123.817,272.969,18,19,125.323,1,,,10.92,ba489cfb
m6-sweep,39ee724d06bd,15,0,ran,qwen2.5:1.5b,short,0,50,c086.1,1789629329.249662,1789629329.677462,279.465,427.714,130.074,279.428,23,24,148.399,1,,,10.92,a1c3bd39
m6-sweep,64ea61066ae6,16,0,ran,qwen2.5:1.5b,short,0,50,c086.1,1789629330.177718,1789629330.586729,273.288,408.844,125.349,273.22,18,19,125.41,1,,,10.92,6fdf2b0b
m6-sweep,0f4802048f73,17,0,ran,qwen2.5:1.5b,short,0,50,c086.1,1789629331.087009,1789629331.50083,286.058,413.662,131.819,286.007,18,19,133.225,1,,,11.57,1c87f7fc
m6-sweep,86a44adbab3e,18,0,ran,qwen2.5:1.5b,short,0,50,c086.1,1789629332.001181,1789629332.408382,281.419,407.076,127.154,281.37,18,19,135.288,1,,,11.57,e2aec71b
m6-sweep,f9e83e9fe965,19,0,ran,qwen2.5:1.5b,short,0,50,c086.1,1789629332.908645,1789629333.30752,274.186,398.778,119.963,274.149,18,19,136.445,1,,,11.57,4bbfd606
m6-sweep,1d1bbb53345a,20,0,ran,qwen2.5:1.5b,short,0,50,c086.1,1789629333.807767,1789629334.223982,292.374,416.119,136.225,292.339,18,19,137.38,1,,,11.57,6fe01146
m6-sweep,cf0c0edaee1f,21,0,ran,qwen2.5:1.5b,short,0,50,c086.1,1789629334.724288,1789629335.132888,279.722,408.409,125.791,279.684,18,19,132.103,1,,,11.57,06e906b3
m6-sweep,ed4a65d56d05,22,0,ran,qwen2.5:1.5b,short,0,50,c086.1,1789629335.63324,1789629336.041999,279.854,408.64,125.586,279.802,18,19,132.003,1,,,11.57,73293af9
m6-sweep,37a08785c9d3,23,0,ran,qwen2.5:1.5b,short,0,50,c086.1,1789629336.542274,1789629336.951988,277.207,409.562,126.991,277.153,18,19,128.442,1,,,10.80,138d036e
m6-sweep,21d3b2cf718f,24,0,ran,qwen2.5:1.5b,short,0,50,c086.1,1789629337.452341,1789629337.86652,283.734,414.06,134.251,283.664,18,19,130.442,1,,,10.80,0c873e4e
m6-sweep,4eb947c71db6,25,0,ran,qwen2.5:1.5b,short,0,50,c086.1,1789629338.366819,1789629338.788692,289.296,421.767,139.325,289.224,18,19,128.33,1,,,10.80,5f2f639b
m6-sweep,99c01751c8e9,26,0,ran,qwen2.5:1.5b,short,0,50,c086.1,1789629339.288984,1789629339.708326,289.565,419.188,139.257,289.519,18,19,131.15,1,,,10.80,02d722e0
m6-sweep,f6fc968788bb,27,0,ran,qwen2.5:1.5b,short,0,50,c086.1,1789629340.208657,1789629340.613468,273.603,404.688,124.205,273.548,18,19,129.687,1,,,10.80,03512c31
m6-sweep,0a82d84c07d4,28,0,ran,qwen2.5:1.5b,short,0,50,c086.1,1789629341.11374,1789629341.527923,280.581,414.081,129.095,280.528,21,22,149.813,1,,,11.30,9713fe8a
m6-sweep,0330123bcd05,29,0,ran,qwen2.5:1.5b,short,0,50,c086.1,1789629342.02813,1789629342.447138,287.532,418.888,137.991,287.485,18,19,129.419,1,,,11.30,a362a22b
m6-sweep,9a7153d83efc,30,0,ran,qwen2.5:1.5b,short,0,50,c086.1,1789629342.947341,1789629343.366088,278.38,418.597,124.483,278.345,18,19,121.241,1,,,11.30,56f69b73
m6-sweep,cd0462584fff,31,0,ran,qwen2.5:1.5b,short,0,50,c086.1,1789629343.866466,1789629344.4451,277.0,578.466,123.794,276.958,18,19,56.391,1,,,11.30,2076cfa5
m6-sweep,60aba08ba7df,32,0,ran,qwen2.5:1.5b,short,0,50,c086.1,1789629344.945414,1789629345.371931,275.14,426.431,124.667,275.096,24,25,152.025,1,,,11.30,12759b78
m6-sweep,d175b9079ab0,33,0,ran,qwen2.5:1.5b,short,0,50,c086.1,1789629345.872147,1789629346.291439,287.64,419.199,135.32,287.608,18,19,129.22,1,,,11.30,0dec65f5
m6-sweep,49296e476023,34,0,ran,qwen2.5:1.5b,short,0,50,c086.1,1789629346.791693,1789629347.206639,278.908,414.845,130.289,278.859,20,21,139.77,1,,,11.59,a8503aa6
m6-sweep,3362b65d3a32,35,0,ran,qwen2.5:1.5b,short,0,50,c086.1,1789629347.706913,1789629348.122039,283.296,415.008,132.748,283.244,18,19,129.07,1,,,11.59,5bf4870a
m6-sweep,1b093a84d0dd,36,0,ran,qwen2.5:1.5b,short,0,50,c086.1,1789629348.622317,1789629349.037589,283.677,415.18,131.383,283.644,18,19,129.274,1,,,11.59,a9e92c79
m6-sweep,472774a99bd9,37,0,ran,qwen2.5:1.5b,short,0,50,c086.1,1789629349.537814,1789629349.953385,280.512,415.462,131.965,280.468,18,19,125.973,1,,,11.59,d8392abe
m6-sweep,48a51fcda0d7,38,0,ran,qwen2.5:1.5b,short,0,50,c086.1,1789629350.453629,1789629350.86616,287.735,412.442,131.746,287.701,18,19,136.319,1,,,11.59,1f84e62d
m6-sweep,cb2a80d6e287,39,0,ran,qwen2.5:1.5b,short,0,50,c086.1,1789629351.366419,1789629351.941724,278.774,575.221,126.094,278.723,47,48,155.171,1,,,10.90,27f37d89
m6-sweep,7f1a350a4c68,40,0,ran,qwen2.5:1.5b,short,0,50,c086.1,1789629352.441967,1789629352.851966,283.206,409.878,127.069,283.172,18,19,134.205,1,,,10.90,b9186703
m6-sweep,a6b6cb956c68,41,0,ran,qwen2.5:1.5b,short,0,50,c086.1,1789629353.352245,1789629353.767108,278.685,414.687,131.892,278.645,18,19,124.998,1,,,10.90,b6166567
m6-sweep,7748d6109c9d,42,0,ran,qwen2.5:1.5b,short,0,50,c086.1,1789629354.267415,1789629354.680051,278.965,412.53,130.405,278.931,21,22,149.74,1,,,10.90,dc46bb93
m6-sweep,b6656300d283,43,0,ran,qwen2.5:1.5b,short,0,50,c086.1,1789629355.180301,1789629355.58253,267.623,402.141,118.995,267.587,18,19,126.378,1,,,10.90,8b1eae14
m6-sweep,06a6ded58877,44,0,ran,qwen2.5:1.5b,short,0,50,c086.1,1789629356.082761,1789629356.497059,284.214,414.2,129.471,284.181,18,19,130.784,1,,,10.90,66b01f67
m6-sweep,4322d64311e9,45,0,ran,qwen2.5:1.5b,short,0,50,c086.1,1789629356.997276,1789629357.409472,279.852,412.108,128.551,279.818,18,19,128.539,1,,,11.31,414ea041
m6-sweep,3b546c4fa8ce,46,0,ran,qwen2.5:1.5b,short,0,50,c086.1,1789629357.909729,1789629358.374938,281.735,465.11,131.049,281.693,29,30,152.692,1,,,11.31,21b3a7a6
m6-sweep,fc5e3b18cdae,47,0,ran,qwen2.5:1.5b,short,0,50,c086.1,1789629358.875199,1789629359.291975,279.819,416.678,132.578,279.766,18,19,124.215,1,,,11.31,ac91e5af
m6-sweep,e384fc5bc74e,48,0,ran,qwen2.5:1.5b,short,0,50,c086.1,1789629359.79225,1789629360.207042,284.187,414.642,131.162,284.136,18,19,130.313,1,,,11.31,83d53d82
m6-sweep,da4c8cbaba9d,49,0,ran,qwen2.5:1.5b,short,0,50,c086.1,1789629360.70732,1789629361.150109,279.138,442.704,130.484,279.107,26,27,152.844,1,,,11.31,5352a769
m6-sweep,1806cc724ea7,50,0,ran,qwen2.5:1.5b,short,0,50,c086.1,1789629361.650405,1789629362.062646,280.574,412.083,126.62,280.528,18,19,129.269,1,,,10.49,2c642b1c
m6-sweep,5914f2a42506,51,0,ran,qwen2.5:1.5b,short,0,50,c086.1,1789629362.562975,1789629362.974435,277.571,411.331,128.38,277.535,18,19,127.093,1,,,10.49,584d26fd
m6-sweep,80a184e31143,52,0,ran,qwen2.5:1.5b,short,0,50,c086.1,1789629363.474753,1789629363.887007,281.018,412.133,131.591,280.985,18,19,129.658,1,,,10.49,fc218220
m6-sweep,47b6ff4feb21,0,1,ran,qwen2.5:0.5b,long,0,200,c087.1,1789629366.407966,1789629370.880254,3592.801,4472.18,433.728,3592.756,128,128,144.42,1,,,9.81,4bb7f855
m6-sweep,75a0a81126ef,1,1,ran,qwen2.5:0.5b,long,0,200,c087.1,1789629371.380642,1789629372.747817,913.028,1367.068,424.249,912.991,128,128,279.711,1,,,9.26,ebbc1fd0
m6-sweep,71ced551b399,2,1,ran,qwen2.5:0.5b,long,0,200,c087.1,1789629373.248138,1789629374.59822,903.556,1349.967,420.375,903.519,128,128,284.491,1,,,9.26,95411c17
m6-sweep,133f048c41e4,3,0,ran,qwen2.5:0.5b,long,0,200,c087.1,1789629375.09847,1789629376.871438,905.986,1772.858,428.108,905.941,128,128,146.504,1,,,8.92,5c71062a
m6-sweep,cb7fef2969b3,4,0,ran,qwen2.5:0.5b,long,0,200,c087.1,1789629377.371623,1789629378.750596,921.326,1378.868,439.409,921.275,128,128,277.57,1,,,8.92,b53eae86
m6-sweep,3de2f99a5ee2,5,0,ran,qwen2.5:0.5b,long,0,200,c087.1,1789629379.250844,1789629381.995511,2278.168,2744.564,434.785,2278.129,128,128,272.301,1,,,9.33,c8004c1e
m6-sweep,d802d4df04c3,6,0,ran,qwen2.5:0.5b,long,0,200,c087.1,1789629382.495737,1789629385.242558,2279.352,2746.728,436.529,2279.316,128,128,271.73,1,,,9.33,2f0a6bf2
m6-sweep,e01c86f1ec5b,7,0,ran,qwen2.5:0.5b,long,0,200,c087.1,1789629385.742767,1789629387.093611,903.507,1350.737,433.726,903.47,128,128,283.97,1,,,8.82,3f804fc7
m6-sweep,2b41878d41ba,8,0,ran,qwen2.5:0.5b,long,0,200,c087.1,1789629387.593869,1789629388.955929,906.269,1361.825,433.817,906.224,128,128,278.78,1,,,8.82,d1ab0e1b
m6-sweep,66e1d5dcb703,9,0,ran,qwen2.5:0.5b,long,0,200,c087.1,1789629389.45617,1789629390.820635,910.534,1364.355,438.959,910.476,128,128,279.846,1,,,8.82,06c5ec65
m6-sweep,26a63e76458c,10,0,ran,qwen2.5:0.5b,long,0,200,c087.1,1789629391.320886,1789629392.666369,894.823,1345.379,426.84,894.787,128,128,281.874,1,,,8.43,0b286e23
m6-sweep,8d94a58611b5,11,0,ran,qwen2.5:0.5b,long,0,200,c087.1,1789629393.166622,1789629394.509039,898.552,1342.309,427.25,898.515,128,128,286.193,1,,,8.43,8a5a00d0
m6-sweep,575779b09645,12,0,ran,qwen2.5:0.5b,long,0,200,c087.1,1789629395.009289,1789629396.352794,901.523,1343.414,428.069,901.489,128,128,287.402,1,,,8.43,e59f82fa
m6-sweep,83ebb9db3223,13,0,ran,qwen2.5:0.5b,long,0,200,c087.1,1789629396.853208,1789629398.204105,903.712,1350.796,428.654,903.677,128,128,284.063,1,,,7.84,6f325e68
m6-sweep,a19afb60dfbd,14,0,ran,qwen2.5:0.5b,long,0,200,c087.1,1789629398.704358,1789629400.04331,894.25,1338.862,423.387,894.213,128,128,285.643,1,,,7.84,b7513600
m6-sweep,df83424cd422,15,0,ran,qwen2.5:0.5b,long,0,200,c087.1,1789629400.543521,1789629401.89689,904.511,1353.26,434.057,904.475,128,128,283.009,1,,,7.69,365fc1e8
m6-sweep,b3bccdebae22,16,0,ran,qwen2.5:0.5b,long,0,200,c087.1,1789629402.397148,1789629403.744079,901.44,1346.822,423.667,901.403,128,128,285.148,1,,,7.69,d75814dd
m6-sweep,c8e903619901,17,0,ran,qwen2.5:0.5b,long,0,200,c087.1,1789629404.24435,1789629405.580704,889.694,1336.248,421.358,889.654,128,128,284.4,1,,,7.69,30350540
m6-sweep,23ee3d5227ff,18,0,ran,qwen2.5:0.5b,long,0,200,c087.1,1789629406.080911,1789629407.434427,906.913,1353.419,437.575,906.875,128,128,284.431,1,,,7.24,ad40cc40
m6-sweep,abb57d9aa94a,19,0,ran,qwen2.5:0.5b,long,0,200,c087.1,1789629407.934644,1789629409.292923,910.819,1358.191,437.224,910.784,128,128,283.88,1,,,7.24,80ae72f0
m6-sweep,d7b620357972,20,0,ran,qwen2.5:0.5b,long,0,200,c087.1,1789629409.793131,1789629411.152615,912.265,1359.381,429.574,912.212,128,128,284.043,1,,,7.24,e9dc60cd
m6-sweep,93c27242f82b,21,0,ran,qwen2.5:0.5b,long,0,200,c087.1,1789629411.652777,1789629413.422214,910.462,1769.312,437.329,910.405,128,128,147.872,1,,,6.98,e7dacd24
m6-sweep,f170c69c4295,22,0,ran,qwen2.5:0.5b,long,0,200,c087.1,1789629413.922447,1789629415.290626,912.44,1368.084,437.426,912.395,128,128,278.727,1,,,6.98,6d39f612
m6-sweep,780de0ceb0ff,23,0,ran,qwen2.5:0.5b,long,0,200,c087.1,1789629415.790931,1789629417.140811,902.802,1349.753,423.074,902.708,128,128,284.147,1,,,6.66,277680f3
m6-sweep,0e2d7c87121f,24,0,ran,qwen2.5:0.5b,long,0,200,c087.1,1789629417.641106,1789629418.991227,899.77,1350.025,424.22,899.72,128,128,282.062,1,,,6.66,72b4cc1b
m6-sweep,a4dd9a166bb5,25,0,ran,qwen2.5:0.5b,long,0,200,c087.1,1789629419.491533,1789629420.837603,900.922,1345.953,425.321,900.869,128,128,285.373,1,,,6.66,7df83841
m6-sweep,b0da9491389d,26,0,ran,qwen2.5:0.5b,long,0,200,c087.1,1789629421.337804,1789629422.690065,907.251,1352.159,432.369,907.215,128,128,285.452,1,,,6.44,21bce196
m6-sweep,ad5bdee43bd2,27,0,ran,qwen2.5:0.5b,long,0,200,c087.1,1789629423.190246,1789629424.547792,908.996,1357.437,426.9,908.934,128,128,283.203,1,,,6.44,ae831365
m6-sweep,1346a5f3fb44,28,0,ran,qwen2.5:0.5b,long,0,200,c087.1,1789629425.047988,1789629426.398451,901.731,1350.358,425.32,901.694,128,128,283.086,1,,,6.44,3349ddc7
m6-sweep,802233e4935f,29,0,ran,qwen2.5:0.5b,long,0,200,c087.1,1789629426.898696,1789629428.243388,896.423,1344.585,420.475,896.387,128,128,283.38,1,,,6.33,d0971266
m6-sweep,16ce36c69493,30,0,ran,qwen2.5:0.5b,long,0,200,c087.1,1789629428.743627,1789629430.093679,907.357,1349.959,424.911,907.32,128,128,286.939,1,,,6.33,653a13e0
m6-sweep,fe0d3c0d90a6,31,0,ran,qwen2.5:0.5b,long,0,200,c087.1,1789629430.593889,1789629431.937805,897.785,1343.824,424.814,897.747,128,128,284.728,1,,,6.38,68bd6444
m6-sweep,40f8f1a56bf7,32,0,ran,qwen2.5:0.5b,long,0,200,c087.1,1789629432.439197,1789629433.782307,898.824,1343.007,423.997,898.753,128,128,285.918,1,,,6.38,73d1f4c5
m6-sweep,bcee91d31c56,33,0,ran,qwen2.5:0.5b,long,0,200,c087.1,1789629434.282585,1789629436.043769,894.727,1761.008,418.487,894.691,128,128,146.604,1,,,6.38,bc74018d
m6-sweep,ba2c3f981743,34,0,ran,qwen2.5:0.5b,long,0,200,c087.1,1789629436.544034,1789629437.907045,901.138,1362.917,420.464,901.102,128,128,275.023,1,,,6.27,2cda22fd
m6-sweep,76006eaa1e49,35,0,ran,qwen2.5:0.5b,long,0,200,c087.1,1789629438.407282,1789629439.771667,915.462,1364.292,432.965,915.425,128,128,282.958,1,,,6.27,73e9864c
m6-sweep,7cb08df73400,36,0,ran,qwen2.5:0.5b,long,0,200,c087.1,1789629440.271889,1789629441.615446,897.025,1343.428,420.258,896.989,128,128,284.496,1,,,6.01,41ae4c5f
m6-sweep,a61af0ea224a,37,0,ran,qwen2.5:0.5b,long,0,200,c087.1,1789629442.115748,1789629443.489474,909.027,1373.616,433.607,908.968,128,128,273.36,1,,,6.01,ee73dbbb
m6-sweep,e3569e3147d9,38,0,ran,qwen2.5:0.5b,long,0,200,c087.1,1789629443.989712,1789629445.333346,894.592,1343.533,422.081,894.548,128,128,282.888,1,,,6.01,641f9bfc
m6-sweep,c4d51ca252da,39,0,ran,qwen2.5:0.5b,long,0,200,c087.1,1789629445.833576,1789629448.575949,2283.907,2742.273,439.179,2283.871,128,128,277.071,1,,,5.85,1084567e
m6-sweep,58e3cf22a057,40,0,ran,qwen2.5:0.5b,long,0,200,c087.1,1789629449.07621,1789629450.438901,916.261,1362.589,437.24,916.204,128,128,284.544,1,,,5.85,ff5b6bf1
m6-sweep,c7362fb10bc3,41,0,ran,qwen2.5:0.5b,long,0,200,c087.1,1789629450.939135,1789629452.273816,892.988,1334.583,420.671,892.931,128,128,287.594,1,,,5.62,4cca6d1d
m6-sweep,35ae0a253d30,42,0,ran,qwen2.5:0.5b,long,0,200,c087.1,1789629452.774006,1789629454.108608,889.791,1334.485,418.677,889.755,128,128,285.59,1,,,5.62,053aeb46
m6-sweep,17c7159e60ae,43,0,ran,qwen2.5:0.5b,long,0,200,c087.1,1789629454.608812,1789629455.957151,903.076,1348.25,430.959,903.031,128,128,285.282,1,,,5.62,3c1dfa8e
m6-sweep,f33af867d96d,44,0,ran,qwen2.5:0.5b,long,0,200,c087.1,1789629456.457355,1789629457.796774,892.656,1339.324,421.602,892.62,128,128,284.327,1,,,5.33,2b954171
m6-sweep,dc2c2e91433e,45,0,ran,qwen2.5:0.5b,long,0,200,c087.1,1789629458.297002,1789629459.64204,899.069,1344.947,423.293,899.035,128,128,284.832,1,,,5.33,d339b71e
m6-sweep,5206162a2466,46,0,ran,qwen2.5:0.5b,long,0,200,c087.1,1789629460.142316,1789629461.479582,890.996,1337.162,421.167,890.923,128,128,284.647,1,,,5.33,8d981278
m6-sweep,2d86ec81076a,47,0,ran,qwen2.5:0.5b,long,0,200,c087.1,1789629461.979808,1789629463.342181,910.683,1362.253,437.731,910.612,128,128,281.241,1,,,4.98,2f3264d0
m6-sweep,d74e0a6b87f3,48,0,ran,qwen2.5:0.5b,long,0,200,c087.1,1789629463.842438,1789629465.179085,890.107,1336.555,424.03,890.055,128,128,284.468,1,,,4.98,e844be85
m6-sweep,6e9ae9f2964d,49,0,ran,qwen2.5:0.5b,long,0,200,c087.1,1789629465.679321,1789629467.015033,890.437,1335.619,420.343,890.4,128,128,285.277,1,,,5.70,153f9abc
m6-sweep,896d3b49c006,50,0,ran,qwen2.5:0.5b,long,0,200,c087.1,1789629467.515257,1789629468.858797,900.009,1343.448,429.745,899.963,128,128,286.398,1,,,5.70,80d90a69
m6-sweep,0b0224304d4c,51,0,ran,qwen2.5:0.5b,long,0,200,c087.1,1789629469.359012,1789629470.723446,911.205,1364.319,437.598,911.15,128,128,280.282,1,,,5.70,599e4d5f
m6-sweep,e23e66f8b6e9,52,0,ran,qwen2.5:0.5b,long,0,200,c087.1,1789629471.223646,1789629472.581624,905.679,1357.875,428.435,905.621,128,128,280.851,1,,,5.41,6e6b4414
m6-sweep,95f4f30ce916,0,1,ran,qwen2.5:0.5b,short,0,0,c088.1,1789629475.012351,1789629475.177108,72.274,164.653,24.478,72.197,24,25,248.975,1,,,5.41,36d6414c
m6-sweep,9c69edb3fa63,1,1,ran,qwen2.5:0.5b,short,0,0,c088.1,1789629475.677339,1789629475.842459,70.603,164.91,32.705,70.517,24,25,243.882,1,,,5.41,4e585470
m6-sweep,d1ae265a6c10,2,1,ran,qwen2.5:0.5b,short,0,0,c088.1,1789629476.342772,1789629476.532639,70.688,189.782,31.702,70.647,31,32,251.902,1,,,5.41,6a058d52
m6-sweep,2446e12c16a3,3,0,ran,qwen2.5:0.5b,short,0,0,c088.1,1789629477.032855,1789629477.215179,72.205,182.105,29.363,72.15,30,31,263.877,1,,,5.22,af29a018
m6-sweep,b5730fac0d6f,4,0,ran,qwen2.5:0.5b,short,0,0,c088.1,1789629477.715548,1789629477.883647,65.216,167.877,25.597,65.158,28,29,263.002,1,,,5.22,73249ccd
m6-sweep,9e0f1da56748,5,0,ran,qwen2.5:0.5b,short,0,0,c088.1,1789629478.384082,1789629478.584487,80.706,200.292,37.479,80.654,31,32,250.867,1,,,5.22,414a992c
m6-sweep,34ae932d63e6,6,0,ran,qwen2.5:0.5b,short,0,0,c088.1,1789629479.095467,1789629479.296359,78.18,200.786,37.116,78.145,31,32,244.685,1,,,5.22,78018870
m6-sweep,5edc21144d3f,7,0,ran,qwen2.5:0.5b,short,0,0,c088.1,1789629479.796573,1789629479.94677,61.987,150.069,23.856,61.936,24,25,261.121,1,,,5.22,c1f54012
m6-sweep,f9c8fb39901a,8,0,ran,qwen2.5:0.5b,short,0,0,c088.1,1789629480.447176,1789629480.610892,72.038,163.598,32.387,72.001,24,25,251.201,1,,,5.22,033361cc
m6-sweep,63eb687e3686,9,0,ran,qwen2.5:0.5b,short,0,0,c088.1,1789629481.111131,1789629481.276771,66.335,165.418,26.129,66.284,24,25,232.128,1,,,5.22,e544b947
m6-sweep,1bea397a2d41,10,0,ran,qwen2.5:0.5b,short,0,0,c088.1,1789629481.777053,1789629482.028981,80.601,251.839,36.049,80.552,45,46,256.952,1,,,5.36,17eeecda
m6-sweep,4f582922b495,11,0,ran,qwen2.5:0.5b,short,0,0,c088.1,1789629482.529204,1789629482.695515,76.637,166.159,37.041,76.584,24,25,256.921,1,,,5.36,dbf3ee02
m6-sweep,f65997fabe82,12,0,ran,qwen2.5:0.5b,short,0,0,c088.1,1789629483.195806,1789629483.355939,69.467,159.982,21.613,69.415,24,25,254.101,1,,,5.36,c0910e07
m6-sweep,57b57663938e,13,0,ran,qwen2.5:0.5b,short,0,0,c088.1,1789629483.85619,1789629484.020924,66.243,164.622,24.987,66.136,24,25,233.789,1,,,5.36,5b01fdeb
m6-sweep,d7b4ea7b52e9,14,0,ran,qwen2.5:0.5b,short,0,0,c088.1,1789629484.521203,1789629484.678882,60.611,157.515,21.374,60.56,24,25,237.348,1,,,5.36,6b7409c5
m6-sweep,c61761e50342,15,0,ran,qwen2.5:0.5b,short,0,0,c088.1,1789629485.179113,1789629485.337554,65.375,158.277,23.7,65.324,24,25,247.572,1,,,5.36,041c6a7f
m6-sweep,45266bc71148,16,0,ran,qwen2.5:0.5b,short,0,0,c088.1,1789629485.837849,1789629486.024026,67.499,186.09,29.589,67.459,31,32,252.97,1,,,5.36,23839935
m6-sweep,58b4e0b7e3ae,17,0,ran,qwen2.5:0.5b,short,0,0,c088.1,1789629486.52425,1789629486.68858,72.001,164.223,29.579,71.951,24,25,249.397,1,,,5.73,00db751a
m6-sweep,9275e5106fb0,18,0,ran,qwen2.5:0.5b,short,0,0,c088.1,1789629487.188811,1789629487.364857,64.507,175.921,22.455,64.461,28,29,242.339,1,,,5.73,e450bddd
m6-sweep,e97563ffa619,19,0,ran,qwen2.5:0.5b,short,0,0,c088.1,1789629487.865375,1789629488.040164,73.535,174.623,32.483,73.466,24,25,227.524,1,,,5.73,261d9d06
m6-sweep,b112549c3390,20,0,ran,qwen2.5:0.5b,short,0,0,c088.1,1789629488.540409,1789629488.718164,55.799,177.647,20.149,55.718,31,32,246.208,1,,,5.73,2751acd4
m6-sweep,3f4aa55e4538,21,0,ran,qwen2.5:0.5b,short,0,0,c088.1,1789629489.218605,1789629489.382004,71.295,163.183,33.032,71.242,24,25,250.306,1,,,5.73,81a3937c
m6-sweep,10c5f7110ced,22,0,ran,qwen2.5:0.5b,short,0,0,c088.1,1789629489.882331,1789629490.045307,70.379,162.866,28.424,70.326,24,25,248.684,1,,,5.73,e2cbb0c4
m6-sweep,15c386d2d2ce,0,1,ran,qwen2.5:1.5b,long,5,0,c089.1,1789629492.567495,1789629496.314737,2850.624,3747.05,40.217,2850.562,128,128,141.674,1,,,5.51,30c2ce61
m6-sweep,81197ec8ffb6,1,1,ran,qwen2.5:1.5b,long,5,0,c089.1,1789629496.816056,1789629498.782771,1132.367,1966.571,1039.646,1132.33,128,128,152.241,1,,,5.63,8c81b6de
m6-sweep,4619f602d8ce,2,1,ran,qwen2.5:1.5b,long,5,0,c089.1,1789629499.283003,1789629500.401575,283.514,1118.451,34.874,283.48,128,128,152.107,1,,,5.63,a444f56a
m6-sweep,1e91a9ffdf08,3,0,ran,qwen2.5:1.5b,long,5,0,c089.1,1789629500.901817,1789629502.09512,134.754,1193.169,35.919,134.68,128,128,119.991,1,,,6.38,a74fba66
m6-sweep,74e35aab61dd,4,0,ran,qwen2.5:1.5b,long,5,0,c089.1,1789629502.595525,1789629503.526881,116.787,931.245,19.093,116.709,128,128,155.932,1,,,6.38,397a31d3
m6-sweep,e5473da534d4,5,0,ran,qwen2.5:1.5b,long,5,0,c089.1,1789629504.027106,1789629505.101617,252.99,1074.368,26.793,252.953,128,128,154.618,1,,,6.38,77b6d34c
m6-sweep,939e188b5320,6,0,ran,qwen2.5:1.5b,long,5,0,c089.1,1789629505.602453,1789629506.802681,134.051,1200.106,36.02,134.008,128,128,119.131,1,,,6.11,03c09f91
m6-sweep,03515412dfcc,7,0,ran,qwen2.5:1.5b,long,5,0,c089.1,1789629507.302952,1789629508.239286,120.609,936.204,24.845,120.562,128,128,155.714,1,,,6.11,2e036499
m6-sweep,51eca4680afe,8,0,ran,qwen2.5:1.5b,long,5,0,c089.1,1789629508.739529,1789629509.692976,119.802,953.315,19.624,119.765,128,128,152.367,1,,,6.11,19c1c9f3
m6-sweep,336c805602e3,9,0,ran,qwen2.5:1.5b,long,5,0,c089.1,1789629510.193239,1789629511.172942,139.914,979.574,35.248,139.87,128,128,151.252,1,,,6.11,82d7cbf2
m6-sweep,c7b74fc758a6,10,0,ran,qwen2.5:1.5b,long,5,0,c089.1,1789629511.673153,1789629512.614578,126.637,941.311,24.218,126.586,128,128,155.891,1,,,5.86,4058191e
m6-sweep,9fa19fa54480,11,0,ran,qwen2.5:1.5b,long,5,0,c089.1,1789629513.114812,1789629514.075233,140.915,960.296,35.224,140.88,128,128,154.995,1,,,5.86,37a55995
m6-sweep,8c76797fc387,12,0,ran,qwen2.5:1.5b,long,5,0,c089.1,1789629514.575523,1789629515.443935,132.037,868.302,28.266,131.987,115,116,154.835,1,,,5.86,ed86a859
m6-sweep,68d4bdab01a6,13,0,ran,qwen2.5:1.5b,long,5,0,c089.1,1789629515.944168,1789629517.063146,251.351,1118.846,26.404,251.307,128,128,146.399,1,,,5.87,7112e3d5
m6-sweep,a241ce450060,14,0,ran,qwen2.5:1.5b,long,5,0,c089.1,1789629517.563395,1789629518.53318,114.675,969.663,18.705,114.629,128,128,148.54,1,,,5.87,cfbe81d6
m6-sweep,dd9e35364c3e,15,0,ran,qwen2.5:1.5b,long,5,0,c089.1,1789629519.033419,1789629519.985007,132.224,951.472,34.721,132.184,128,128,155.02,1,,,5.87,fd0ff8fd
m6-sweep,5e394e764aca,16,0,ran,qwen2.5:1.5b,long,5,0,c089.1,1789629520.485247,1789629521.440714,120.648,955.333,25.146,120.614,128,128,152.153,1,,,5.87,7100b8e0
m6-sweep,59ac818a7d8e,17,0,ran,qwen2.5:1.5b,long,5,0,c089.1,1789629521.940956,1789629522.908048,131.606,966.975,34.545,131.571,128,128,152.029,1,,,5.72,8f23cfe9
m6-sweep,c52ffe0ab4d4,18,0,ran,qwen2.5:1.5b,long,5,0,c089.1,1789629523.40828,1789629524.399455,138.031,991.047,34.366,137.995,128,128,148.883,1,,,5.72,883fc9f1
m6-sweep,85ac8055c8fc,19,0,ran,qwen2.5:1.5b,long,5,0,c089.1,1789629524.899713,1789629526.016795,282.826,1116.949,33.87,282.77,128,128,152.256,1,,,5.72,81d420e2
m6-sweep,18b115abaed4,20,0,ran,qwen2.5:1.5b,long,5,0,c089.1,1789629526.517024,1789629527.474781,167.259,957.63,34.551,167.222,128,128,160.684,1,,,6.55,5175f1f6
m6-sweep,ac027f5d28e6,21,0,ran,qwen2.5:1.5b,long,5,0,c089.1,1789629527.974981,1789629529.926947,1138.837,1951.848,1043.211,1138.795,128,128,156.209,1,,,6.55,54cd6e00
m6-sweep,9fc98a0bc9e5,22,0,ran,qwen2.5:1.5b,long,5,0,c089.1,1789629530.427175,1789629531.390316,135.063,963.026,34.009,135.02,128,128,153.389,1,,,6.55,7d82353f
m6-sweep,c78c3c0fa357,23,0,ran,qwen2.5:1.5b,long,5,0,c089.1,1789629531.890562,1789629533.267189,282.824,1376.5,32.703,282.766,128,128,116.122,1,,,6.26,bb871f01
m6-sweep,bdc16e987aa2,24,0,ran,qwen2.5:1.5b,long,5,0,c089.1,1789629533.767437,1789629534.719233,136.715,951.672,37.15,136.647,128,128,155.836,1,,,6.26,a739bdf4
m6-sweep,84870d423801,25,0,ran,qwen2.5:1.5b,long,5,0,c089.1,1789629535.219462,1789629536.215029,136.434,995.356,34.142,136.38,128,128,147.86,1,,,6.26,42098af5
m6-sweep,a04221145808,26,0,ran,qwen2.5:1.5b,long,5,0,c089.1,1789629536.715268,1789629537.685362,131.554,969.967,33.767,131.518,128,128,151.477,1,,,6.08,b8efccad
m6-sweep,6d8b47ec7b55,27,0,ran,qwen2.5:1.5b,long,5,0,c089.1,1789629538.185579,1789629539.123148,134.907,937.385,33.809,134.848,120,121,148.291,1,,,6.08,d7659cf5
m6-sweep,4af5ecede605,28,0,ran,qwen2.5:1.5b,long,5,0,c089.1,1789629539.62343,1789629540.724921,279.991,1101.367,33.083,279.938,128,128,154.619,1,,,6.08,8a40a064
m6-sweep,48bf0250ccb6,29,0,ran,qwen2.5:1.5b,long,5,0,c089.1,1789629541.225166,1789629542.232538,132.913,1007.245,25.305,132.859,128,128,145.254,1,,,5.99,1a1af8db
m6-sweep,9faf75c988c9,30,0,ran,qwen2.5:1.5b,long,5,0,c089.1,1789629542.732825,1789629543.70937,146.328,976.43,33.062,146.289,128,128,152.993,1,,,5.99,5b46bcfc
m6-sweep,2897d29820fd,31,0,ran,qwen2.5:1.5b,long,5,0,c089.1,1789629544.209623,1789629545.190027,178.876,980.277,22.271,178.841,128,128,158.473,1,,,5.99,4b7c7794
m6-sweep,f092b798f933,32,0,ran,qwen2.5:1.5b,long,5,0,c089.1,1789629545.690271,1789629546.660707,144.352,970.321,34.516,144.285,128,128,153.759,1,,,5.99,fece7908
m6-sweep,2db61c366945,33,0,ran,qwen2.5:1.5b,long,5,0,c089.1,1789629547.160918,1789629548.173448,142.35,1012.415,34.495,142.309,128,128,145.966,1,,,5.91,6fca63c7
m6-sweep,4f13845eb4c0,34,0,ran,qwen2.5:1.5b,long,5,0,c089.1,1789629548.673691,1789629549.648772,141.101,974.953,34.42,141.053,128,128,152.305,1,,,5.91,695197fe
m6-sweep,c9cbda012e85,35,0,ran,qwen2.5:1.5b,long,5,0,c089.1,1789629550.149035,1789629551.142655,140.092,993.493,33.683,140.049,128,128,148.816,1,,,5.91,28bcc2c5
m6-sweep,4fe209be8437,36,0,ran,qwen2.5:1.5b,long,5,0,c089.1,1789629551.642918,1789629552.596334,143.507,953.285,35.069,143.432,128,128,156.833,1,,,5.92,34c93226
m6-sweep,f9199fe5300a,37,0,ran,qwen2.5:1.5b,long,5,0,c089.1,1789629553.09656,1789629554.222269,298.191,1125.573,34.278,298.108,128,128,153.496,1,,,5.92,d4430373
m6-sweep,3e6f0601eb4c,38,0,ran,qwen2.5:1.5b,long,5,0,c089.1,1789629554.722513,1789629556.697265,1142.042,1974.636,1040.911,1141.988,128,128,152.535,1,,,6.57,f86a126e
m6-sweep,50ef96bb7a0a,39,0,ran,qwen2.5:1.5b,long,5,0,c089.1,1789629557.197514,1789629558.156039,142.485,958.406,36.807,142.442,128,128,155.652,1,,,6.57,723c5bf2
m6-sweep,40431c7a910f,40,0,ran,qwen2.5:1.5b,long,5,0,c089.1,1789629558.656281,1789629559.609529,138.795,953.133,32.304,138.751,128,128,155.955,1,,,6.57,3c9a31e8
m6-sweep,620c01bd2100,41,0,ran,qwen2.5:1.5b,long,5,0,c089.1,1789629560.110398,1789629561.063466,129.105,952.955,28.725,129.068,128,128,154.154,1,,,6.57,3ea0112b
m6-sweep,e7dd95d05083,42,0,ran,qwen2.5:1.5b,long,5,0,c089.1,1789629561.563871,1789629563.540374,1146.86,1976.383,1037.622,1146.823,128,128,153.1,1,,,6.12,95da8759
m6-sweep,697789ede567,43,0,ran,qwen2.5:1.5b,long,5,0,c089.1,1789629564.040586,1789629565.001885,127.491,961.188,20.432,127.389,128,128,152.333,1,,,6.12,53986572
m6-sweep,209c5ed8c5c7,44,0,ran,qwen2.5:1.5b,long,5,0,c089.1,1789629565.502216,1789629566.483465,146.34,981.133,34.952,146.28,128,128,152.134,1,,,6.12,ecd30863
m6-sweep,80f281ae799e,45,0,ran,qwen2.5:1.5b,long,5,0,c089.1,1789629566.983709,1789629567.949391,136.078,965.551,27.809,136.04,128,128,153.109,1,,,6.11,037f8ad5
m6-sweep,1a8090d5be49,46,0,ran,qwen2.5:1.5b,long,5,0,c089.1,1789629568.449588,1789629569.55414,282.722,1104.432,35.42,282.687,128,128,154.556,1,,,6.11,e0d508d5
m6-sweep,0f9f517467af,47,0,ran,qwen2.5:1.5b,long,5,0,c089.1,1789629570.054395,1789629571.168229,296.707,1113.725,34.981,296.654,128,128,155.443,1,,,6.11,cd7641ea
m6-sweep,e16727ce7ad4,48,0,ran,qwen2.5:1.5b,long,5,0,c089.1,1789629571.668423,1789629573.675916,1137.121,2007.244,1030.776,1137.082,128,128,145.956,1,,,5.94,cf6f4013
m6-sweep,f949d0342ef6,49,0,ran,qwen2.5:1.5b,long,5,0,c089.1,1789629574.176162,1789629575.175951,137.727,999.672,37.251,137.677,128,128,147.341,1,,,5.94,31b2d2c6
m6-sweep,9ff756cc5382,50,0,ran,qwen2.5:1.5b,long,5,0,c089.1,1789629575.676198,1789629576.653709,142.928,977.386,33.868,142.884,128,128,152.195,1,,,5.94,752a39cf
m6-sweep,98ddacc4f30c,51,0,ran,qwen2.5:1.5b,long,5,0,c089.1,1789629577.153954,1789629578.11007,137.644,955.984,26.272,137.601,128,128,155.192,1,,,5.87,2f44a820
m6-sweep,976dbe541e94,52,0,ran,qwen2.5:1.5b,long,5,0,c089.1,1789629578.610269,1789629579.556539,132.684,946.16,23.727,132.629,128,128,156.12,1,,,5.87,a8fcf35e
m6-sweep,bf9251999595,0,1,ran,qwen2.5:1.5b,short,5,0,c090.1,1789629582.115765,1789629582.329647,87.768,213.758,31.657,87.701,18,19,134.932,1,,,5.88,930a8f91
m6-sweep,6e11c16b4724,1,1,ran,qwen2.5:1.5b,short,5,0,c090.1,1789629582.829906,1789629583.034747,69.559,204.707,26.166,69.525,18,19,125.788,1,,,5.88,d63515ca
m6-sweep,bbe6b843de5d,2,1,ran,qwen2.5:1.5b,short,5,0,c090.1,1789629583.534966,1789629583.722995,70.891,187.816,24.418,70.846,18,19,145.393,1,,,5.88,de89c869
m6-sweep,2f9d01993c7a,3,0,ran,qwen2.5:1.5b,short,5,0,c090.1,1789629584.223433,1789629584.42749,74.946,203.88,26.434,74.89,18,19,131.851,1,,,5.88,3a289bbd
m6-sweep,4fb4b572fbd2,4,0,ran,qwen2.5:1.5b,short,5,0,c090.1,1789629584.927788,1789629585.113285,68.5,185.344,27.679,68.461,18,19,145.493,1,,,5.88,e6810c1b
m6-sweep,cc7114298b49,5,0,ran,qwen2.5:1.5b,short,5,0,c090.1,1789629585.613559,1789629585.792781,62.413,179.03,21.357,62.357,18,19,145.775,1,,,5.88,a6048a6d
m6-sweep,1fcaf6ae3562,6,0,ran,qwen2.5:1.5b,short,5,0,c090.1,1789629586.293057,1789629586.492473,83.253,199.183,36.556,83.199,18,19,146.64,1,,,5.88,704a1ea1
m6-sweep,b200ef17e116,7,0,ran,qwen2.5:1.5b,short,5,0,c090.1,1789629586.992782,1789629587.255386,80.192,262.422,37.689,80.151,18,19,93.289,1,,,6.61,27890969
m6-sweep,9f87fda21253,8,0,ran,qwen2.5:1.5b,short,5,0,c090.1,1789629587.755675,1789629587.940104,66.127,184.318,20.191,66.092,18,19,143.835,1,,,6.61,aef43084
m6-sweep,ae88aa0da4b5,9,0,ran,qwen2.5:1.5b,short,5,0,c090.1,1789629588.440351,1789629588.672531,83.379,232.06,35.393,83.339,18,19,114.338,1,,,6.61,daf8966a
m6-sweep,81bd23a597ed,10,0,ran,qwen2.5:1.5b,short,5,0,c090.1,1789629589.172757,1789629589.366217,69.442,193.361,24.657,69.362,18,19,137.186,1,,,6.61,468d1fce
m6-sweep,0e3187acf6de,11,0,ran,qwen2.5:1.5b,short,5,0,c090.1,1789629589.866438,1789629590.071379,104.866,204.811,39.19,104.822,18,19,170.093,1,,,6.61,3de4c6fd
m6-sweep,247ea4d73f2e,12,0,ran,qwen2.5:1.5b,short,5,0,c090.1,1789629590.571653,1789629590.764533,76.49,192.748,33.588,76.449,18,19,146.226,1,,,6.61,9d386dfc
m6-sweep,78b746653901,13,0,ran,qwen2.5:1.5b,short,5,0,c090.1,1789629591.264802,1789629591.467063,84.785,202.099,39.885,84.74,18,19,144.91,1,,,6.61,f6e8d58d
m6-sweep,82e00be63f4c,14,0,ran,qwen2.5:1.5b,short,5,0,c090.1,1789629591.96734,1789629592.196941,73.489,229.498,25.929,73.452,24,25,147.428,1,,,7.52,3839a3f4
m6-sweep,1d6f34827d2a,15,0,ran,qwen2.5:1.5b,short,5,0,c090.1,1789629592.697182,1789629596.189749,3181.298,3492.354,1041.277,3181.245,46,47,144.669,1,,,7.52,2d4134d3
m6-sweep,fecbbe35f76e,16,0,ran,qwen2.5:1.5b,short,5,0,c090.1,1789629596.690159,1789629596.914786,75.445,224.377,33.327,75.411,18,19,114.146,1,,,7.16,05ecd128
m6-sweep,85be0a1d94f5,17,0,ran,qwen2.5:1.5b,short,5,0,c090.1,1789629597.415198,1789629597.624104,75.535,208.709,33.266,75.46,18,19,127.653,1,,,7.16,85e8de19
m6-sweep,927489153ea6,18,0,ran,qwen2.5:1.5b,short,5,0,c090.1,1789629598.124435,1789629598.320162,72.853,195.595,24.302,72.777,18,19,138.502,1,,,7.16,03f1749d
m6-sweep,7a214f03c490,19,0,ran,qwen2.5:1.5b,short,5,0,c090.1,1789629598.820433,1789629600.033044,1078.496,1212.508,1036.165,1078.449,18,19,126.854,1,,,7.16,d72c0133
m6-sweep,87bb8c87a2a8,20,0,ran,qwen2.5:1.5b,short,5,0,c090.1,1789629600.53332,1789629600.727662,65.267,194.191,20.719,65.229,18,19,131.86,1,,,7.16,f393ab9f
m6-sweep,c05e9d32eb4a,21,0,ran,qwen2.5:1.5b,short,5,0,c090.1,1789629601.227954,1789629601.430929,75.294,202.861,34.346,75.241,18,19,133.263,1,,,7.16,fd7c6748
m6-sweep,b43fa349ee64,22,0,ran,qwen2.5:1.5b,short,5,0,c090.1,1789629601.93119,1789629603.13975,1089.812,1208.261,1043.47,1089.756,18,19,143.522,1,,,7.47,3ed2411a
m6-sweep,d73f54153b76,23,0,ran,qwen2.5:1.5b,short,5,0,c090.1,1789629603.640013,1789629604.920506,1087.196,1280.317,1044.273,1087.114,18,19,88.028,1,,,7.47,18408c54
m6-sweep,f28c103c3ef9,24,0,ran,qwen2.5:1.5b,short,5,0,c090.1,1789629605.420912,1789629605.64004,97.547,218.964,32.656,97.504,18,19,140.014,1,,,7.47,515c78f8
m6-sweep,163d27cd2970,25,0,ran,qwen2.5:1.5b,short,5,0,c090.1,1789629606.14035,1789629606.346505,81.674,205.938,34.276,81.638,18,19,136.805,1,,,7.47,9d0a34d2
m6-sweep,8f7a87ef42a3,26,0,ran,qwen2.5:1.5b,short,5,0,c090.1,1789629606.846818,1789629607.032847,70.938,185.919,31.459,70.882,18,19,147.851,1,,,7.51,bd9df34d
m6-sweep,fc6f515bd40c,27,0,ran,qwen2.5:1.5b,short,5,0,c090.1,1789629607.533025,1789629607.930099,104.41,396.873,22.88,104.368,46,47,153.865,1,,,7.51,19379643
m6-sweep,369554cc5b6b,28,0,ran,qwen2.5:1.5b,short,5,0,c090.1,1789629608.430594,1789629608.617615,69.752,186.855,28.579,69.707,18,19,145.172,1,,,7.51,137cfd7d
m6-sweep,965c9c77abac,29,0,ran,qwen2.5:1.5b,short,5,0,c090.1,1789629609.117953,1789629609.31497,77.39,196.9,34.944,77.355,18,19,142.248,1,,,7.51,a21c8ddc
m6-sweep,612b16ad2a5b,30,0,ran,qwen2.5:1.5b,short,5,0,c090.1,1789629609.815181,1789629610.001549,93.344,186.227,28.77,93.301,18,19,183.027,1,,,7.51,7b1a2693
m6-sweep,9d7490320f80,31,0,ran,qwen2.5:1.5b,short,5,0,c090.1,1789629610.501746,1789629610.717542,60.574,215.685,19.147,60.506,18,19,109.599,1,,,7.51,b9730da7
m6-sweep,b9207f76e201,32,0,ran,qwen2.5:1.5b,short,5,0,c090.1,1789629611.217781,1789629611.678918,92.931,460.968,24.619,92.889,56,57,149.442,1,,,7.51,2d6e64f2
m6-sweep,e3313d1f0ae1,33,0,ran,qwen2.5:1.5b,short,5,0,c090.1,1789629612.17924,1789629612.413438,87.337,233.968,37.354,87.285,18,19,115.937,1,,,8.11,90a07630
m6-sweep,e05a78470a64,34,0,ran,qwen2.5:1.5b,short,5,0,c090.1,1789629612.913773,1789629613.109379,72.984,195.494,30.598,72.926,18,19,138.763,1,,,8.11,64254a8f
m6-sweep,f526690df0d5,35,0,ran,qwen2.5:1.5b,short,5,0,c090.1,1789629613.609645,1789629613.889516,129.636,279.753,36.618,129.601,30,31,193.182,1,,,8.11,19410b5d
m6-sweep,85877f3f6885,36,0,ran,qwen2.5:1.5b,short,5,0,c090.1,1789629614.389771,1789629614.631462,75.75,241.595,30.003,75.713,25,26,144.714,1,,,8.11,363079a0
m6-sweep,57db80f0f388,37,0,ran,qwen2.5:1.5b,short,5,0,c090.1,1789629615.131695,1789629616.652891,1373.386,1521.064,1046.692,1373.319,18,19,115.115,1,,,8.11,98950cd8
m6-sweep,13994ac0d919,38,0,ran,qwen2.5:1.5b,short,5,0,c090.1,1789629617.153239,1789629618.349052,1076.699,1195.643,1029.329,1076.627,18,19,142.924,1,,,8.66,a1ce385d
m6-sweep,ed6dfec4da20,39,0,ran,qwen2.5:1.5b,short,5,0,c090.1,1789629618.8493,1789629619.111695,84.085,262.268,39.775,84.03,26,27,140.305,1,,,8.66,1dbe0961
m6-sweep,922cea697e35,40,0,ran,qwen2.5:1.5b,short,5,0,c090.1,1789629619.611916,1789629620.071478,327.064,459.346,21.054,327.005,18,19,128.513,1,,,8.66,36e9266f
m6-sweep,8f94ff7b1f15,41,0,ran,qwen2.5:1.5b,short,5,0,c090.1,1789629620.571768,1789629621.017303,321.272,445.34,21.697,321.201,18,19,137.022,1,,,8.66,0838078c
m6-sweep,12eca5d957d3,42,0,ran,qwen2.5:1.5b,short,5,0,c090.1,1789629621.517668,1789629621.710005,77.584,192.214,33.748,77.544,18,19,148.303,1,,,8.66,62ebe2c5
m6-sweep,2c0a0688d595,43,0,ran,qwen2.5:1.5b,short,5,0,c090.1,1789629622.210285,1789629622.605829,81.197,395.43,40.639,81.147,47,48,146.388,1,,,9.41,6a9e0a91
m6-sweep,ace8fd8cf892,44,0,ran,qwen2.5:1.5b,short,5,0,c090.1,1789629623.106105,1789629623.502604,71.525,396.332,28.913,71.485,46,47,138.544,1,,,9.41,b9d991c8
m6-sweep,43d6da3b4b36,45,0,ran,qwen2.5:1.5b,short,5,0,c090.1,1789629624.002903,1789629624.241628,122.374,238.627,33.451,122.317,18,19,146.232,1,,,9.41,79cbdfbb
m6-sweep,5fcbb27c17cd,46,0,ran,qwen2.5:1.5b,short,5,0,c090.1,1789629624.741909,1789629624.922641,63.647,180.576,20.081,63.603,18,19,145.388,1,,,9.41,25f25679
m6-sweep,47294531fbff,47,0,ran,qwen2.5:1.5b,short,5,0,c090.1,1789629625.422947,1789629625.613431,66.659,190.273,19.491,66.603,18,19,137.525,1,,,9.41,93e9da8f
m6-sweep,215e3b1bce06,48,0,ran,qwen2.5:1.5b,short,5,0,c090.1,1789629626.113657,1789629626.483267,76.425,369.383,35.819,76.388,46,47,153.605,1,,,9.41,dbf4a59b
m6-sweep,59bc1f1d34d2,49,0,ran,qwen2.5:1.5b,short,5,0,c090.1,1789629626.983676,1789629627.16861,66.959,184.825,22.455,66.885,18,19,144.232,1,,,9.86,ef11f424
m6-sweep,9e30143a273b,50,0,ran,qwen2.5:1.5b,short,5,0,c090.1,1789629627.668856,1789629627.920027,84.016,251.008,39.574,83.948,26,27,149.708,1,,,9.86,48bbd54e
m6-sweep,35ac4755431c,51,0,ran,qwen2.5:1.5b,short,5,0,c090.1,1789629628.42033,1789629628.648097,85.803,227.657,39.13,85.752,20,21,133.941,1,,,9.86,f4545e3f
m6-sweep,67c1889a5c61,52,0,ran,qwen2.5:1.5b,short,5,0,c090.1,1789629629.14854,1789629629.391535,84.53,242.763,36.741,84.493,24,25,145.356,1,,,9.86,846bcacb
m6-sweep,c9336010f41b,0,1,ran,qwen2.5:0.5b,short,1,50,c091.1,1789629631.914656,1789629634.989933,2942.304,3075.176,125.664,2942.246,28,29,203.203,1,,,9.39,27357fc9
m6-sweep,f90094c067cf,1,1,ran,qwen2.5:0.5b,short,1,50,c091.1,1789629635.490222,1789629636.077388,455.605,587.031,134.74,455.561,24,25,175.003,1,,,9.39,b41f4c7c
m6-sweep,dcdf703500d4,2,1,ran,qwen2.5:0.5b,short,1,50,c091.1,1789629636.577983,1789629636.98456,268.171,406.487,121.197,268.135,24,25,166.286,1,,,8.72,376975d7
m6-sweep,e5595fdf2820,3,0,ran,qwen2.5:0.5b,short,1,50,c091.1,1789629637.484786,1789629637.902798,282.204,417.9,131.992,282.16,24,25,169.496,1,,,8.72,13d6e72e
m6-sweep,42e9b17739e2,4,0,ran,qwen2.5:0.5b,short,1,50,c091.1,1789629638.403047,1789629638.817618,275.704,414.481,131.524,275.667,31,32,216.173,1,,,8.72,45d86991
m6-sweep,1c135a10fad7,5,0,ran,qwen2.5:0.5b,short,1,50,c091.1,1789629639.317867,1789629639.701798,262.997,383.833,119.359,262.954,31,32,248.271,1,,,8.72,f9babbc8
m6-sweep,edd7a2273041,6,0,ran,qwen2.5:0.5b,short,1,50,c091.1,1789629640.202004,1789629640.606096,269.133,404.001,119.907,269.098,28,29,200.196,1,,,8.72,9f7fe239
m6-sweep,baebdfe760d7,7,0,ran,qwen2.5:0.5b,short,1,50,c091.1,1789629641.106411,1789629641.520658,278.882,414.141,131.974,278.829,25,26,177.438,1,,,8.72,4050b297
m6-sweep,5f286e7ddfdc,8,0,ran,qwen2.5:0.5b,short,1,50,c091.1,1789629642.0209,1789629642.441805,287.76,420.813,139.346,287.686,24,25,172.863,1,,,8.18,1ce5cf96
m6-sweep,48c451d24173,9,0,ran,qwen2.5:0.5b,short,1,50,c091.1,1789629642.941987,1789629643.343365,263.865,401.289,119.797,263.821,23,24,160.088,1,,,8.18,d79dbf3b
m6-sweep,8fb0a123ef62,10,0,ran,qwen2.5:0.5b,short,1,50,c091.1,1789629643.843584,1789629644.268197,286.529,424.497,139.487,286.476,24,25,166.706,1,,,8.18,1a30be35
m6-sweep,4c8b810e2e16,11,0,ran,qwen2.5:0.5b,short,1,50,c091.1,1789629644.768462,1789629645.677498,274.124,908.93,129.615,274.087,31,32,47.258,1,,,8.18,e11c2748
m6-sweep,768cc59b891a,12,0,ran,qwen2.5:0.5b,short,1,50,c091.1,1789629646.177737,1789629646.596123,278.998,418.298,132.779,278.964,24,25,165.112,1,,,8.18,0f3c473f
m6-sweep,6a4d3d463e06,13,0,ran,qwen2.5:0.5b,short,1,50,c091.1,1789629647.096321,1789629647.514249,417.695,417.847,136.748,417.657,24,25,151448.307,1,,,8.48,12afa070
m6-sweep,d47bd3525fbb,14,0,ran,qwen2.5:0.5b,short,1,50,c091.1,1789629648.014489,1789629648.43078,280.528,416.181,130.978,280.484,26,27,184.293,1,,,8.48,e3e9c484
m6-sweep,93bdc053481a,15,0,ran,qwen2.5:0.5b,short,1,50,c091.1,1789629648.931093,1789629649.345809,273.759,414.626,130.143,273.714,24,25,163.274,1,,,8.48,bf332555
m6-sweep,45c5a7d39978,16,0,ran,qwen2.5:0.5b,short,1,50,c091.1,1789629649.846051,1789629650.427034,274.126,580.893,127.154,274.089,31,32,97.794,1,,,8.48,fd088261
m6-sweep,32705e2675a6,17,0,ran,qwen2.5:0.5b,short,1,50,c091.1,1789629650.92724,1789629651.348844,285.407,421.502,136.964,285.365,24,25,168.999,1,,,8.48,2584b8ce
m6-sweep,f207de0fb87e,18,0,ran,qwen2.5:0.5b,short,1,50,c091.1,1789629651.849069,1789629652.264241,272.319,415.076,128.09,272.277,24,25,161.113,1,,,7.96,0cd48437
m6-sweep,7df410f51692,19,0,ran,qwen2.5:0.5b,short,1,50,c091.1,1789629652.764488,1789629653.17934,273.954,414.704,130.127,273.902,24,25,163.41,1,,,7.96,6e11fb15
m6-sweep,342f03678983,20,0,ran,qwen2.5:0.5b,short,1,50,c091.1,1789629653.679655,1789629654.223538,273.329,543.79,127.539,273.285,50,51,181.172,1,,,7.96,d1460430
m6-sweep,53f43d8fc39e,21,0,ran,qwen2.5:0.5b,short,1,50,c091.1,1789629654.723773,1789629655.173839,276.729,449.899,127.142,276.688,24,25,132.817,1,,,7.96,f6dbec56
m6-sweep,8ac520fe1142,22,0,ran,qwen2.5:0.5b,short,1,50,c091.1,1789629655.674212,1789629656.090351,283.155,416.021,133.312,283.121,24,25,173.106,1,,,7.96,25472ce6
m6-sweep,1cd4aa639fe8,23,0,ran,qwen2.5:0.5b,short,1,50,c091.1,1789629656.590605,1789629657.135906,271.474,545.208,125.682,271.421,22,23,76.717,1,,,7.65,dc22c5b2
m6-sweep,95bc21e60bbc,24,0,ran,qwen2.5:0.5b,short,1,50,c091.1,1789629657.636151,1789629658.04027,269.674,403.999,121.216,269.633,26,27,186.116,1,,,7.65,e30308b1
m6-sweep,f2dbc2c2749c,25,0,ran,qwen2.5:0.5b,short,1,50,c091.1,1789629658.540686,1789629658.950038,271.082,409.237,125.647,271.046,24,25,166.48,1,,,7.65,b6cc0477
m6-sweep,18474ff012af,26,0,ran,qwen2.5:0.5b,short,1,50,c091.1,1789629659.450416,1789629659.862386,275.762,411.871,126.955,275.697,24,25,168.982,1,,,7.65,2185d986
m6-sweep,b8819b98f8fd,27,0,ran,qwen2.5:0.5b,short,1,50,c091.1,1789629660.362608,1789629660.773207,275.545,410.5,126.476,275.504,24,25,170.427,1,,,7.65,1b5e6a13
m6-sweep,e22f718fa881,28,0,ran,qwen2.5:0.5b,short,1,50,c091.1,1789629661.27344,1789629661.684132,273.56,410.598,128.262,273.507,23,24,160.539,1,,,7.65,d90be629
m6-sweep,5e629826066b,29,0,ran,qwen2.5:0.5b,short,1,50,c091.1,1789629662.184382,1789629662.603381,280.985,418.898,136.791,280.947,31,32,217.528,1,,,7.59,3282e5ba
m6-sweep,b0e0fe0321ca,30,0,ran,qwen2.5:0.5b,short,1,50,c091.1,1789629663.103601,1789629663.503901,267.05,400.198,120.101,267.013,31,32,225.314,1,,,7.59,485990ef
m6-sweep,6bfedceb6f83,31,0,ran,qwen2.5:0.5b,short,1,50,c091.1,1789629664.004123,1789629664.402876,263.708,398.665,119.493,263.671,24,25,170.425,1,,,7.59,bac6bdac
m6-sweep,d17ecd9fb864,32,0,ran,qwen2.5:0.5b,short,1,50,c091.1,1789629664.903103,1789629665.321488,283.002,418.226,138.755,282.958,24,25,170.088,1,,,7.59,ea65f7a2
m6-sweep,afec909235de,33,0,ran,qwen2.5:0.5b,short,1,50,c091.1,1789629665.821852,1789629666.231481,276.441,409.535,125.817,276.398,23,24,165.296,1,,,7.59,ebf3e056
m6-sweep,cc2a0981ce6f,34,0,ran,qwen2.5:0.5b,short,1,50,c091.1,1789629666.731711,1789629667.153797,280.875,421.982,137.762,280.825,24,25,162.997,1,,,7.23,edba117a
m6-sweep,dc13b6f25c48,35,0,ran,qwen2.5:0.5b,short,1,50,c091.1,1789629667.654039,1789629668.063542,278.615,409.382,126.134,278.57,24,25,175.885,1,,,7.23,57102192
m6-sweep,ecb92daea492,36,0,ran,qwen2.5:0.5b,short,1,50,c091.1,1789629668.563748,1789629668.9691,264.619,405.265,120.275,264.582,23,24,156.421,1,,,7.23,7c235146
m6-sweep,6aa2ab3dde33,37,0,ran,qwen2.5:0.5b,short,1,50,c091.1,1789629669.469317,1789629669.888374,290.229,418.966,139.591,290.179,24,25,178.659,1,,,7.23,dca86e4c
m6-sweep,713d21fe2e13,38,0,ran,qwen2.5:0.5b,short,1,50,c091.1,1789629670.388608,1789629670.802255,281.997,413.543,133.176,281.945,31,32,228.057,1,,,7.23,104e7174
m6-sweep,5742976b89d5,39,0,ran,qwen2.5:0.5b,short,1,50,c091.1,1789629671.302471,1789629671.700459,265.127,397.856,118.505,265.093,24,25,173.286,1,,,7.23,2f73d391
m6-sweep,ca1e651887f5,40,0,ran,qwen2.5:0.5b,short,1,50,c091.1,1789629672.200785,1789629672.611465,274.189,410.572,127.356,274.143,24,25,168.642,1,,,8.01,52ceaffc
m6-sweep,5806c6eb8e25,41,0,ran,qwen2.5:0.5b,short,1,50,c091.1,1789629673.11174,1789629673.526915,279.563,415.071,129.992,279.509,24,25,169.732,1,,,8.01,7b384a96
m6-sweep,51e7643bd2ac,42,0,ran,qwen2.5:0.5b,short,1,50,c091.1,1789629674.027115,1789629674.957361,272.437,930.158,127.206,272.395,24,25,34.969,1,,,8.01,acc412f7
m6-sweep,becb4437f06a,43,0,ran,qwen2.5:0.5b,short,1,50,c091.1,1789629675.457616,1789629675.867476,269.03,409.745,122.214,268.979,24,25,163.452,1,,,8.01,f62ea3de
m6-sweep,b456fe4daf65,44,0,ran,qwen2.5:0.5b,short,1,50,c091.1,1789629676.36776,1789629676.779272,277.013,411.349,128.237,276.969,24,25,171.212,1,,,8.49,4f41cda3
m6-sweep,01f0592a34db,45,0,ran,qwen2.5:0.5b,short,1,50,c091.1,1789629677.279609,1789629677.691262,276.902,411.495,128.064,276.86,24,25,170.885,1,,,8.49,eca64cc3
m6-sweep,51becdbb8840,46,0,ran,qwen2.5:0.5b,short,1,50,c091.1,1789629678.191608,1789629678.600226,276.284,408.494,127.099,276.241,24,25,173.966,1,,,8.49,288043f7
m6-sweep,76777d05f1da,47,0,ran,qwen2.5:0.5b,short,1,50,c091.1,1789629679.100478,1789629679.520996,289.936,420.412,138.178,289.894,31,32,229.927,1,,,8.49,4df4f15e
m6-sweep,a0db23830220,48,0,ran,qwen2.5:0.5b,short,1,50,c091.1,1789629680.021262,1789629680.419331,269.704,397.972,118.638,269.618,24,25,179.313,1,,,8.49,54e3a6b6
m6-sweep,08d1fff5f54f,49,0,ran,qwen2.5:0.5b,short,1,50,c091.1,1789629680.919581,1789629681.325815,268.52,406.124,122.64,268.484,31,32,218.016,1,,,8.49,6dd8218a
m6-sweep,606012a255ad,50,0,ran,qwen2.5:0.5b,short,1,50,c091.1,1789629681.826136,1789629682.248941,290.185,422.72,140.388,290.151,31,32,226.356,1,,,7.97,566bc478
m6-sweep,1a0e7a8997f7,51,0,ran,qwen2.5:0.5b,short,1,50,c091.1,1789629682.749176,1789629683.151625,268.351,402.359,119.173,268.293,32,33,231.33,1,,,7.97,97930cee
m6-sweep,264cb52584f0,52,0,ran,qwen2.5:0.5b,short,1,50,c091.1,1789629683.651885,1789629684.079345,275.599,427.277,129.842,275.564,24,25,151.636,1,,,7.97,bea96af7
m6-sweep,c8b8603b96e1,0,1,ran,qwen2.5:1.5b,long,1,50,c092.1,1789629686.582916,1789629690.818493,3376.784,4235.455,129.462,3376.726,128,128,147.903,1,,,7.57,a48c1d7e
m6-sweep,a6e839049496,1,1,ran,qwen2.5:1.5b,long,1,50,c092.1,1789629691.31877,1789629693.007309,814.315,1688.401,137.902,814.279,128,128,145.295,1,,,7.20,a96b20a2
m6-sweep,4a92daa8aa3d,2,1,ran,qwen2.5:1.5b,long,1,50,c092.1,1789629693.507564,1789629694.662392,349.945,1154.731,134.655,349.901,128,128,157.806,1,,,7.20,dbba5c21
m6-sweep,b623393a5427,3,0,ran,qwen2.5:1.5b,long,1,50,c092.1,1789629695.162622,1789629696.307659,337.167,1144.937,124.818,337.129,128,128,157.223,1,,,7.20,c753d4bf
m6-sweep,6422d999e62e,4,0,ran,qwen2.5:1.5b,long,1,50,c092.1,1789629696.807913,1789629698.028407,350.053,1220.384,138.801,350.014,128,128,145.922,1,,,6.79,63c82ddd
m6-sweep,aa0d3b45fe7c,5,0,ran,qwen2.5:1.5b,long,1,50,c092.1,1789629698.528652,1789629700.106972,750.966,1578.211,119.678,750.929,128,128,153.522,1,,,6.79,2eed5d59
m6-sweep,f56ffbc72d42,6,0,ran,qwen2.5:1.5b,long,1,50,c092.1,1789629700.607214,1789629701.751027,334.823,1143.712,123.976,334.769,128,128,157.005,1,,,6.79,197867e6
m6-sweep,77089632e490,7,0,ran,qwen2.5:1.5b,long,1,50,c092.1,1789629702.251256,1789629703.408232,347.777,1156.878,136.564,347.738,128,128,156.964,1,,,6.56,3129f7b3
m6-sweep,aadfe6a8ce52,8,0,ran,qwen2.5:1.5b,long,1,50,c092.1,1789629703.908473,1789629705.147791,350.701,1239.222,139.126,350.662,128,128,142.934,1,,,6.56,cd176dab
m6-sweep,26bfa6261b5d,9,0,ran,qwen2.5:1.5b,long,1,50,c092.1,1789629705.648036,1789629706.799954,341.145,1151.821,129.661,341.099,128,128,156.659,1,,,6.12,6077230f
m6-sweep,88ca4f5d08be,10,0,ran,qwen2.5:1.5b,long,1,50,c092.1,1789629707.300194,1789629708.469501,330.311,1169.212,119.818,330.271,128,128,151.389,1,,,6.12,2549a625
m6-sweep,62ce190f8234,11,0,ran,qwen2.5:1.5b,long,1,50,c092.1,1789629708.96974,1789629710.114052,329.071,1144.212,118.554,329.031,128,128,155.801,1,,,6.12,880a3ad0
m6-sweep,9f94fe25b795,12,0,ran,qwen2.5:1.5b,long,1,50,c092.1,1789629710.614274,1789629711.7776,350.755,1163.232,139.403,350.713,128,128,156.312,1,,,6.12,b23a8b75
m6-sweep,ad0daf90c241,13,0,ran,qwen2.5:1.5b,long,1,50,c092.1,1789629712.27784,1789629713.428038,338.523,1150.102,126.91,338.485,128,128,156.485,1,,,6.19,97bb65ea
m6-sweep,c2c6ecabedea,14,0,ran,qwen2.5:1.5b,long,1,50,c092.1,1789629713.928319,1789629715.090702,349.371,1162.249,136.492,349.334,128,128,156.235,1,,,6.19,0669e807
m6-sweep,b1f006a3e609,15,0,ran,qwen2.5:1.5b,long,1,50,c092.1,1789629715.59108,1789629716.742794,339.488,1151.617,129.863,339.439,128,128,156.379,1,,,6.19,275820b3
m6-sweep,c65874d5fabd,16,0,ran,qwen2.5:1.5b,long,1,50,c092.1,1789629717.243039,1789629718.392808,338.389,1149.671,126.256,338.352,128,128,156.542,1,,,5.93,1f1d943e
m6-sweep,005f73018377,17,0,ran,qwen2.5:1.5b,long,1,50,c092.1,1789629718.893048,1789629720.114713,340.38,1221.557,126.858,340.329,128,128,144.125,1,,,5.93,f1797b8f
m6-sweep,55c3f2c7b450,18,0,ran,qwen2.5:1.5b,long,1,50,c092.1,1789629720.614973,1789629721.779491,349.713,1164.417,137.613,349.672,128,128,155.885,1,,,5.93,1a3bbba5
m6-sweep,c02526c2d906,19,0,ran,qwen2.5:1.5b,long,1,50,c092.1,1789629722.279737,1789629723.442094,346.818,1162.247,136.177,346.781,128,128,155.746,1,,,5.70,66e1246c
m6-sweep,ae5ec62cf12a,20,0,ran,qwen2.5:1.5b,long,1,50,c092.1,1789629723.942374,1789629725.102649,345.36,1160.159,132.118,345.319,128,128,155.867,1,,,5.70,5668e5d1
m6-sweep,7ad4cd08181c,21,0,ran,qwen2.5:1.5b,long,1,50,c092.1,1789629725.602867,1789629726.765807,348.296,1162.793,136.57,348.25,128,128,155.924,1,,,5.70,06499dcd
m6-sweep,594f14e45c3b,22,0,ran,qwen2.5:1.5b,long,1,50,c092.1,1789629727.266068,1789629728.406979,332.073,1140.796,121.074,332.034,128,128,157.038,1,,,5.72,b34bceb9
m6-sweep,362d71c67de9,23,0,ran,qwen2.5:1.5b,long,1,50,c092.1,1789629728.907222,1789629730.06374,347.25,1156.411,136.783,347.213,128,128,156.953,1,,,5.72,b5d6975e
m6-sweep,c68554048ae1,24,0,ran,qwen2.5:1.5b,long,1,50,c092.1,1789629730.563976,1789629731.706625,335.664,1142.549,123.097,335.625,128,128,157.395,1,,,5.72,ef8651b7
m6-sweep,cfda40fc1dac,25,0,ran,qwen2.5:1.5b,long,1,50,c092.1,1789629732.206866,1789629733.377345,342.123,1170.364,129.161,342.084,128,128,153.337,1,,,5.42,7a0b6eb6
m6-sweep,2ee553d7b656,26,0,ran,qwen2.5:1.5b,long,1,50,c092.1,1789629733.877613,1789629735.049996,355.357,1172.266,138.519,355.288,128,128,155.464,1,,,5.42,11a617e9
m6-sweep,7c1cd148b9d5,27,0,ran,qwen2.5:1.5b,long,1,50,c092.1,1789629735.550303,1789629737.1998,819.201,1649.4,136.353,819.162,128,128,152.975,1,,,6.51,e610ae60
m6-sweep,200eaa3b9ecf,28,0,ran,qwen2.5:1.5b,long,1,50,c092.1,1789629737.700181,1789629738.874756,355.652,1174.448,138.544,355.616,128,128,155.106,1,,,6.51,45077b5a
m6-sweep,84eaf7c4b777,29,0,ran,qwen2.5:1.5b,long,1,50,c092.1,1789629739.374979,1789629740.938151,754.193,1563.058,122.086,754.145,128,128,157.01,1,,,6.51,42d086ea
m6-sweep,a0011a6bff8c,30,0,ran,qwen2.5:1.5b,long,1,50,c092.1,1789629741.438673,1789629742.594582,342.832,1155.806,133.994,342.791,128,128,156.216,1,,,6.55,9efcf31e
m6-sweep,5ef386e768df,31,0,ran,qwen2.5:1.5b,long,1,50,c092.1,1789629743.094823,1789629744.370054,339.858,1275.133,133.789,339.82,128,128,135.789,1,,,6.55,a7133358
m6-sweep,733286215c09,32,0,ran,qwen2.5:1.5b,long,1,50,c092.1,1789629744.870296,1789629746.029734,349.474,1159.342,134.167,349.439,128,128,156.816,1,,,6.55,d716725a
m6-sweep,9922f01af59e,33,0,ran,qwen2.5:1.5b,long,1,50,c092.1,1789629746.529978,1789629747.693194,348.79,1163.12,135.656,348.753,128,128,155.956,1,,,7.23,bd46081e
m6-sweep,08d8c0bceb9f,34,0,ran,qwen2.5:1.5b,long,1,50,c092.1,1789629748.193437,1789629749.363394,355.527,1169.861,139.225,355.489,128,128,155.956,1,,,7.23,1797f383
m6-sweep,bd8aa9ac9b00,35,0,ran,qwen2.5:1.5b,long,1,50,c092.1,1789629749.863615,1789629751.015212,337.114,1151.486,121.601,337.076,128,128,155.948,1,,,7.23,21ac3a85
m6-sweep,580df8b370d7,36,0,ran,qwen2.5:1.5b,long,1,50,c092.1,1789629751.51546,1789629753.091411,754.26,1575.854,118.656,754.223,128,128,154.578,1,,,6.89,efab7fc2
m6-sweep,ae033b4dd8b2,37,0,ran,qwen2.5:1.5b,long,1,50,c092.1,1789629753.591663,1789629754.776849,349.805,1185.07,139.863,349.76,128,128,152.048,1,,,6.89,fbae27c1
m6-sweep,161edadec91c,38,0,ran,qwen2.5:1.5b,long,1,50,c092.1,1789629755.277112,1789629756.555777,326.376,1278.565,119.774,326.337,128,128,133.377,1,,,6.89,132b96ad
m6-sweep,6007f0a2940c,39,0,ran,qwen2.5:1.5b,long,1,50,c092.1,1789629757.05602,1789629758.198686,327.006,1142.564,120.029,326.961,128,128,155.722,1,,,6.58,27266b6b
m6-sweep,a62feddf79aa,40,0,ran,qwen2.5:1.5b,long,1,50,c092.1,1789629758.698928,1789629759.862342,338.078,1163.315,121.657,338.04,128,128,153.895,1,,,6.58,e749656d
m6-sweep,8a9d60104956,41,0,ran,qwen2.5:1.5b,long,1,50,c092.1,1789629760.362579,1789629761.512169,341.522,1149.484,125.503,341.47,128,128,157.185,1,,,6.58,8e0d951d
m6-sweep,b3fbfc4d1215,42,0,ran,qwen2.5:1.5b,long,1,50,c092.1,1789629762.012442,1789629763.183781,350.433,1171.225,135.766,350.393,128,128,154.729,1,,,6.53,3ec1930d
m6-sweep,682600dd462b,43,0,ran,qwen2.5:1.5b,long,1,50,c092.1,1789629763.68402,1789629764.851084,341.481,1166.965,126.177,341.436,128,128,153.849,1,,,6.53,2baeed62
m6-sweep,e08451e1aa10,44,0,ran,qwen2.5:1.5b,long,1,50,c092.1,1789629765.35131,1789629766.918452,755.919,1567.037,120.246,755.877,128,128,156.574,1,,,7.29,9702a01d
m6-sweep,9ec160e7ce9b,45,0,ran,qwen2.5:1.5b,long,1,50,c092.1,1789629767.418675,1789629768.57108,342.52,1152.31,134.81,342.482,128,128,156.831,1,,,7.29,6a20acf9
m6-sweep,a46284b662c7,46,0,ran,qwen2.5:1.5b,long,1,50,c092.1,1789629769.071315,1789629770.218478,337.547,1147.067,119.902,337.51,128,128,156.883,1,,,7.29,791c73e7
m6-sweep,06897f50cb9c,47,0,ran,qwen2.5:1.5b,long,1,50,c092.1,1789629770.718737,1789629771.92209,343.941,1203.253,133.699,343.902,128,128,147.793,1,,,8.15,94e5f449
m6-sweep,332bf8df4ecd,48,0,ran,qwen2.5:1.5b,long,1,50,c092.1,1789629772.422364,1789629773.579038,348.012,1156.573,138.72,347.968,128,128,157.069,1,,,8.15,101777db
m6-sweep,f95fe427b4c8,49,0,ran,qwen2.5:1.5b,long,1,50,c092.1,1789629774.079269,1789629775.247374,346.983,1168.006,133.547,346.934,128,128,154.685,1,,,8.15,a6c56cd9
m6-sweep,f3f98830d5db,50,0,ran,qwen2.5:1.5b,long,1,50,c092.1,1789629775.747611,1789629777.008753,350.655,1261.05,133.776,350.609,128,128,139.5,1,,,8.94,4ad7e9f6
m6-sweep,3836c1769675,51,0,ran,qwen2.5:1.5b,long,1,50,c092.1,1789629777.508999,1789629778.655842,336.375,1146.736,121.567,336.337,128,128,156.72,1,,,8.94,781176da
m6-sweep,0c399fe02e2e,52,0,ran,qwen2.5:1.5b,long,1,50,c092.1,1789629779.156103,1789629780.309093,342.456,1152.893,128.377,342.411,128,128,156.706,1,,,8.94,c2d86bd2
m6-sweep,97bf17d49a48,0,1,ran,qwen2.5:0.5b,short,0,20,c093.1,1789629782.81626,1789629785.655162,2732.971,2838.804,79.451,2732.899,24,25,217.322,1,,,8.46,03c27c4f
m6-sweep,751c185a4649,1,1,ran,qwen2.5:0.5b,short,0,20,c093.1,1789629786.155447,1789629786.397501,148.865,241.942,66.109,148.828,23,24,236.366,1,,,8.46,e832f600
m6-sweep,032898ff17f9,2,1,ran,qwen2.5:0.5b,short,0,20,c093.1,1789629786.897765,1789629787.197508,175.175,299.656,77.276,175.132,31,32,241.001,1,,,8.10,90bcdedf
m6-sweep,5dd446851fe4,3,0,ran,qwen2.5:0.5b,short,0,20,c093.1,1789629787.697734,1789629787.937781,144.582,239.942,63.366,144.543,24,25,241.192,1,,,8.10,00b9ae0a
m6-sweep,02751b17f1b0,4,0,ran,qwen2.5:0.5b,short,0,20,c093.1,1789629788.438024,1789629788.704141,147.625,266.026,63.506,147.571,31,32,253.377,1,,,8.10,238f098b
m6-sweep,8dddc0606c6b,5,0,ran,qwen2.5:0.5b,short,0,20,c093.1,1789629789.204381,1789629789.433859,140.164,229.315,59.546,140.114,24,25,257.99,1,,,8.10,ec998ddb
m6-sweep,883388fbadb1,6,0,ran,qwen2.5:0.5b,short,0,20,c093.1,1789629789.9342,1789629790.181272,156.29,246.964,73.824,156.242,24,25,253.657,1,,,8.10,2bf5a524
m6-sweep,499e482b9fce,7,0,ran,qwen2.5:0.5b,short,0,20,c093.1,1789629790.681529,1789629790.94271,160.975,261.088,72.565,160.93,25,26,239.729,1,,,8.10,99707b59
m6-sweep,e384097db43f,8,0,ran,qwen2.5:0.5b,short,0,20,c093.1,1789629791.442987,1789629791.70434,152.575,261.258,71.611,152.54,28,29,248.429,1,,,8.10,b424e105
m6-sweep,76c7352b9f61,9,0,ran,qwen2.5:0.5b,short,0,20,c093.1,1789629792.204565,1789629792.460751,161.087,256.092,74.249,161.05,24,25,242.093,1,,,8.74,6a178e58
m6-sweep,edcba3e34728,10,0,ran,qwen2.5:0.5b,short,0,20,c093.1,1789629792.960984,1789629793.219466,160.876,258.4,79.088,160.839,25,26,246.094,1,,,8.74,f2279b63
m6-sweep,9276406c3b1b,11,0,ran,qwen2.5:0.5b,short,0,20,c093.1,1789629793.719701,1789629793.959831,144.558,240.007,58.785,144.521,24,25,240.966,1,,,8.74,238a8c61
m6-sweep,2c293ded95a2,12,0,ran,qwen2.5:0.5b,short,0,20,c093.1,1789629794.460126,1789629794.707327,149.043,247.047,60.557,149.007,24,25,234.684,1,,,8.74,ae845c79
m6-sweep,e3fee712060b,13,0,ran,qwen2.5:0.5b,short,0,20,c093.1,1789629795.207595,1789629795.447228,147.429,239.541,63.088,147.389,24,25,249.696,1,,,8.74,9bf3d6d7
m6-sweep,b18ae90eabd7,14,0,ran,qwen2.5:0.5b,short,0,20,c093.1,1789629795.947438,1789629796.211179,149.769,263.643,66.88,149.732,30,31,254.666,1,,,8.74,675639a7
m6-sweep,fc4321a3ed11,15,0,ran,qwen2.5:0.5b,short,0,20,c093.1,1789629796.711404,1789629796.955041,153.006,243.536,69.229,152.936,24,25,254.06,1,,,8.68,02347f6c
m6-sweep,e705e466a67f,16,0,ran,qwen2.5:0.5b,short,0,20,c093.1,1789629797.455274,1789629797.698698,155.396,243.327,68.748,155.351,24,25,261.569,1,,,8.68,222aa5e8
m6-sweep,00a528ee2177,17,0,ran,qwen2.5:0.5b,short,0,20,c093.1,1789629798.19893,1789629798.458003,151.68,258.911,69.815,151.643,28,29,251.791,1,,,8.68,67c6e945
m6-sweep,1c30f0fc9942,18,0,ran,qwen2.5:0.5b,short,0,20,c093.1,1789629798.958405,1789629799.241515,165.056,283.024,75.08,164.996,31,32,254.306,1,,,8.68,0825502b
m6-sweep,f73fff0a45bc,19,0,ran,qwen2.5:0.5b,short,0,20,c093.1,1789629799.741815,1789629799.984644,150.39,242.737,68.976,150.331,24,25,249.062,1,,,8.68,405b6e19
m6-sweep,ebae65d6648f,20,0,ran,qwen2.5:0.5b,short,0,20,c093.1,1789629800.48489,1789629800.732817,161.708,247.822,72.338,161.662,24,25,267.086,1,,,8.68,ae841c54
m6-sweep,20425e4b29d4,21,0,ran,qwen2.5:0.5b,short,0,20,c093.1,1789629801.233129,1789629801.479419,151.266,246.161,70.446,151.228,24,25,242.373,1,,,8.68,ab1d8f9b
m6-sweep,c6ab79757fad,22,0,ran,qwen2.5:0.5b,short,0,20,c093.1,1789629801.979738,1789629802.328362,152.312,348.534,67.457,152.272,51,52,254.814,1,,,8.22,82238768
m6-sweep,a9d0cb90b3b3,23,0,ran,qwen2.5:0.5b,short,0,20,c093.1,1789629802.828591,1789629803.056242,138.973,227.562,58.715,138.93,25,26,270.913,1,,,8.22,de563b21
m6-sweep,10c7caaf72c5,24,0,ran,qwen2.5:0.5b,short,0,20,c093.1,1789629803.556471,1789629803.784598,146.88,228.04,61.347,146.824,23,24,271.069,1,,,8.22,29b7892d
m6-sweep,a438e88318c4,25,0,ran,qwen2.5:0.5b,short,0,20,c093.1,1789629804.284833,1789629804.523353,146.845,238.36,65.991,146.809,24,25,251.326,1,,,8.22,70da6fe3
m6-sweep,9531afe09e7f,26,0,ran,qwen2.5:0.5b,short,0,20,c093.1,1789629805.023693,1789629805.27154,153.613,247.752,70.031,153.576,24,25,244.32,1,,,8.22,4c8c9755
m6-sweep,cd874624aa1b,27,0,ran,qwen2.5:0.5b,short,0,20,c093.1,1789629805.771781,1789629806.020476,153.237,248.574,65.864,153.201,24,25,241.249,1,,,8.22,aeaf3859
m6-sweep,3edd78a365f7,28,0,ran,qwen2.5:0.5b,short,0,20,c093.1,1789629806.520742,1789629806.760378,143.46,239.513,60.479,143.406,24,25,239.451,1,,,8.22,e17cb7b0
m6-sweep,994a80110b51,29,0,ran,qwen2.5:0.5b,short,0,20,c093.1,1789629807.260652,1789629807.504253,147.552,243.506,63.762,147.515,24,25,239.699,1,,,8.77,01cd5142
m6-sweep,27f8573c0363,30,0,ran,qwen2.5:0.5b,short,0,20,c093.1,1789629808.004494,1789629808.241594,143.679,236.936,64.177,143.639,24,25,246.631,1,,,8.77,5b17e743
m6-sweep,60f2a40a8045,31,0,ran,qwen2.5:0.5b,short,0,20,c093.1,1789629808.742034,1789629808.991314,158.966,249.136,70.609,158.879,24,25,255.072,1,,,8.77,2a8a85d2
m6-sweep,0b6f0ab6b694,32,0,ran,qwen2.5:0.5b,short,0,20,c093.1,1789629809.491661,1789629809.726892,146.311,235.142,64.162,146.275,23,24,247.659,1,,,8.77,eb2c66f9
m6-sweep,dbf750dddb72,33,0,ran,qwen2.5:0.5b,short,0,20,c093.1,1789629810.227137,1789629810.460217,139.353,232.9,58.686,139.318,24,25,245.868,1,,,8.77,4e75b4d7
m6-sweep,05cfe940c415,34,0,ran,qwen2.5:0.5b,short,0,20,c093.1,1789629810.960555,1789629811.204996,145.911,244.306,62.52,145.869,26,27,254.077,1,,,8.77,f3ab9152
m6-sweep,01457743164b,35,0,ran,qwen2.5:0.5b,short,0,20,c093.1,1789629811.705307,1789629811.972192,146.644,266.779,62.322,146.583,31,32,249.719,1,,,8.38,5360db5a
m6-sweep,de3c5a242033,36,0,ran,qwen2.5:0.5b,short,0,20,c093.1,1789629812.472416,1789629812.720908,157.449,248.399,71.867,157.405,24,25,252.886,1,,,8.38,b32de126
m6-sweep,b5337e6c2e6f,37,0,ran,qwen2.5:0.5b,short,0,20,c093.1,1789629813.221148,1789629813.463163,150.436,241.896,70.874,150.401,24,25,251.476,1,,,8.38,ef5eac3c
m6-sweep,c6ab2b1a961b,38,0,ran,qwen2.5:0.5b,short,0,20,c093.1,1789629813.96343,1789629814.224399,142.537,260.865,63.484,142.493,31,32,253.533,1,,,8.38,c4b81223
m6-sweep,c90b5ef27263,39,0,ran,qwen2.5:0.5b,short,0,20,c093.1,1789629814.724631,1789629814.971044,158.326,246.239,76.032,158.254,24,25,261.622,1,,,8.38,386afbe9
m6-sweep,68a31235a568,40,0,ran,qwen2.5:0.5b,short,0,20,c093.1,1789629815.471404,1789629815.719099,156.89,247.573,71.699,156.851,24,25,253.629,1,,,8.38,f203e15c
m6-sweep,fe9585a1ca1b,41,0,ran,qwen2.5:0.5b,short,0,20,c093.1,1789629816.219329,1789629816.461824,150.656,242.409,65.084,150.579,24,25,250.675,1,,,8.38,40a9c7a5
m6-sweep,d19aa5668261,42,0,ran,qwen2.5:0.5b,short,0,20,c093.1,1789629816.962063,1789629817.204302,154.883,242.148,67.131,154.832,23,24,252.105,1,,,7.87,f2c71370
m6-sweep,1990f99303f3,43,0,ran,qwen2.5:0.5b,short,0,20,c093.1,1789629817.704613,1789629817.936819,140.621,232.117,59.566,140.534,24,25,251.378,1,,,7.87,890ca1f6
m6-sweep,01c14cd4e322,44,0,ran,qwen2.5:0.5b,short,0,20,c093.1,1789629818.437077,1789629818.684149,156.63,246.983,71.531,156.561,24,25,254.558,1,,,7.87,2dbfd34a
m6-sweep,1af5e7cd3db6,45,0,ran,qwen2.5:0.5b,short,0,20,c093.1,1789629819.184407,1789629819.457769,157.146,273.266,66.337,157.094,31,32,258.354,1,,,7.87,4cd288b4
m6-sweep,a0dab662676d,46,0,ran,qwen2.5:0.5b,short,0,20,c093.1,1789629819.958014,1789629820.197156,149.788,239.053,67.028,149.752,24,25,257.658,1,,,7.87,85f97e04
m6-sweep,dab3f0ee8abd,47,0,ran,qwen2.5:0.5b,short,0,20,c093.1,1789629820.697366,1789629820.952988,156.346,255.492,68.748,156.273,26,27,252.153,1,,,7.87,ad7ac4e8
m6-sweep,711e582ed622,48,0,ran,qwen2.5:0.5b,short,0,20,c093.1,1789629821.453224,1789629821.730723,151.127,277.386,64.744,151.082,31,32,237.606,1,,,7.87,807b308c
m6-sweep,f8b2990881f3,49,0,ran,qwen2.5:0.5b,short,0,20,c093.1,1789629822.230971,1789629822.469802,147.198,238.682,63.043,147.152,24,25,251.408,1,,,7.80,c4bd48fa
m6-sweep,d7a457a4d38b,50,0,ran,qwen2.5:0.5b,short,0,20,c093.1,1789629822.970106,1789629823.224085,155.152,253.825,65.935,155.106,24,25,233.093,1,,,7.80,6561de54
m6-sweep,8463a4c22cf7,51,0,ran,qwen2.5:0.5b,short,0,20,c093.1,1789629823.724451,1789629823.996601,165.43,272.055,79.03,165.393,27,28,243.846,1,,,7.80,64ed09e5
m6-sweep,831b9d3534a0,52,0,ran,qwen2.5:0.5b,short,0,20,c093.1,1789629824.496843,1789629824.77234,159.166,275.413,79.729,159.123,31,32,258.072,1,,,7.80,6dd86281
m6-sweep,db521fffeb35,0,1,ran,qwen2.5:3b,short,1,50,c094.1,1789629827.277425,1789629831.181288,3136.398,3903.767,136.987,3136.336,52,53,66.461,1,,,7.42,53d0a14f
m6-sweep,52ed32ea8db9,1,1,ran,qwen2.5:3b,short,1,50,c094.1,1789629831.681522,1789629833.011815,292.255,1330.141,138.164,292.201,96,97,91.532,1,,,7.06,dc82ab7a
m6-sweep,361f0fb8c430,2,1,ran,qwen2.5:3b,short,1,50,c094.1,1789629833.512144,1789629834.688881,302.806,1176.65,136.342,302.757,85,86,96.127,1,,,7.06,5beafb98
m6-sweep,2d498d564700,3,0,ran,qwen2.5:3b,short,1,50,c094.1,1789629835.189102,1789629835.88914,279.29,699.937,118.48,279.255,41,42,95.092,1,,,7.06,67125631
m6-sweep,84bd2aa016bf,4,0,ran,qwen2.5:3b,short,1,50,c094.1,1789629836.389382,1789629837.251893,282.36,862.388,123.253,282.308,56,57,94.823,1,,,8.10,6c8ffb38
m6-sweep,8050ee613925,5,0,ran,qwen2.5:3b,short,1,50,c094.1,1789629837.75215,1789629838.582557,295.294,830.254,139.214,295.241,52,53,95.334,1,,,8.10,ef4ae095
m6-sweep,9d1ed605e324,6,0,ran,qwen2.5:3b,short,1,50,c094.1,1789629839.082892,1789629840.165979,282.298,1082.96,121.346,282.23,78,79,96.17,1,,,8.10,2c291ec8
m6-sweep,4200f2f92ec0,7,0,ran,qwen2.5:3b,short,1,50,c094.1,1789629840.666271,1789629841.529581,297.327,863.221,136.875,297.285,55,56,95.424,1,,,8.10,5a32adfd
m6-sweep,f9d065d311d2,8,0,ran,qwen2.5:3b,short,1,50,c094.1,1789629842.029793,1789629842.998838,297.976,968.938,137.889,297.929,59,60,86.443,1,,,7.77,6bb2fbb2
m6-sweep,5b88341565aa,9,0,ran,qwen2.5:3b,short,1,50,c094.1,1789629843.499185,1789629844.490908,273.715,991.596,120.03,273.664,70,71,96.116,1,,,7.77,ba838ec2
m6-sweep,f7eb1de4c503,10,0,ran,qwen2.5:3b,short,1,50,c094.1,1789629844.991208,1789629846.207721,293.402,1216.414,136.057,293.284,90,91,96.423,1,,,7.77,f49f6ddd
m6-sweep,19624531eab6,11,0,ran,qwen2.5:3b,short,1,50,c094.1,1789629846.707969,1789629847.422744,292.556,714.672,133.136,292.502,41,42,94.761,1,,,7.39,8058a0ca
m6-sweep,e2678ca7ef12,12,0,ran,qwen2.5:3b,short,1,50,c094.1,1789629847.922964,1789629849.032659,274.403,1109.54,119.489,274.36,82,83,96.99,1,,,7.39,c93d8f30
m6-sweep,efe7843e4d9f,13,0,ran,qwen2.5:3b,short,1,50,c094.1,1789629849.533024,1789629850.512966,291.818,979.855,132.144,291.783,65,66,93.018,1,,,7.39,436679c8
m6-sweep,1db7753f2e84,14,0,ran,qwen2.5:3b,short,1,50,c094.1,1789629851.013196,1789629851.874593,279.501,861.292,122.123,279.463,52,53,87.66,1,,,7.39,539d8917
m6-sweep,557c84b5524c,15,0,ran,qwen2.5:3b,short,1,50,c094.1,1789629852.374831,1789629854.217008,1301.093,1841.862,1142.294,1301.008,52,53,94.31,1,,,8.40,f83a6015
m6-sweep,6bba4e279449,16,0,ran,qwen2.5:3b,short,1,50,c094.1,1789629854.717233,1789629855.665024,298.054,947.693,137.66,298.018,63,64,95.438,1,,,8.40,22494231
m6-sweep,9be426949801,17,0,ran,qwen2.5:3b,short,1,50,c094.1,1789629856.165296,1789629856.966646,273.801,801.218,118.532,273.761,52,53,96.698,1,,,8.13,9020b511
m6-sweep,532c6f25b3dd,18,0,ran,qwen2.5:3b,short,1,50,c094.1,1789629857.466921,1789629858.733241,281.952,1266.2,125.381,281.904,85,86,85.344,1,,,8.13,7d133df9
m6-sweep,d225348188d2,19,0,ran,qwen2.5:3b,short,1,50,c094.1,1789629859.233503,1789629860.385227,615.447,1151.617,139.28,615.369,52,53,95.119,1,,,8.13,1461d4ad
m6-sweep,d5be51ad869d,20,0,ran,qwen2.5:3b,short,1,50,c094.1,1789629860.885532,1789629862.089394,276.948,1203.727,120.311,276.858,90,91,96.031,1,,,9.00,7f8d0f2e
m6-sweep,baa15b43c686,21,0,ran,qwen2.5:3b,short,1,50,c094.1,1789629862.589638,1789629863.514103,276.335,924.37,121.374,276.283,63,64,95.674,1,,,9.00,75101c1c
m6-sweep,a1bdea2baa63,22,0,ran,qwen2.5:3b,short,1,50,c094.1,1789629864.014393,1789629865.00636,279.494,991.881,124.556,279.454,63,64,87.031,1,,,9.00,5337d3f5
m6-sweep,16a4ec311417,23,0,ran,qwen2.5:3b,short,1,50,c094.1,1789629865.506614,1789629866.387041,284.904,880.298,129.983,284.853,58,59,95.735,1,,,9.00,456e85cb
m6-sweep,7165f55619ff,24,0,ran,qwen2.5:3b,short,1,50,c094.1,1789629866.887336,1789629867.621495,447.175,734.067,129.741,447.074,43,44,146.397,1,,,8.44,746a081a
m6-sweep,ab4da870c564,25,0,ran,qwen2.5:3b,short,1,50,c094.1,1789629868.121741,1789629868.943567,284.89,821.698,128.924,284.819,52,53,95.006,1,,,8.44,f28e8d10
m6-sweep,38d5604a7279,26,0,ran,qwen2.5:3b,short,1,50,c094.1,1789629869.443853,1789629870.653781,284.173,1209.815,124.834,284.102,85,86,90.748,1,,,8.44,d0f4741d
m6-sweep,2c2961404793,27,0,ran,qwen2.5:3b,short,1,50,c094.1,1789629871.153978,1789629871.952486,293.348,798.414,133.474,293.302,49,50,95.037,1,,,8.24,b82154f8
m6-sweep,2c0eaf0dc0a3,28,0,ran,qwen2.5:3b,short,1,50,c094.1,1789629872.452742,1789629873.281366,278.746,828.531,120.638,278.701,52,53,92.764,1,,,8.24,33ce8bb6
m6-sweep,f467030c6e99,29,0,ran,qwen2.5:3b,short,1,50,c094.1,1789629873.7816,1789629875.014976,275.863,1233.281,120.763,275.814,93,94,96.092,1,,,8.24,2cd243b2
m6-sweep,8fd5fda38b67,30,0,ran,qwen2.5:3b,short,1,50,c094.1,1789629875.515213,1789629876.327518,285.926,812.216,126.258,285.875,51,52,95.005,1,,,8.24,c5242ae6
m6-sweep,dadce9279340,31,0,ran,qwen2.5:3b,short,1,50,c094.1,1789629876.827741,1789629877.884254,293.397,1056.421,136.016,293.339,74,75,95.672,1,,,7.82,3b79ad90
m6-sweep,f73023c392de,32,0,ran,qwen2.5:3b,short,1,50,c094.1,1789629878.38449,1789629879.569388,290.294,1184.811,133.285,290.236,81,82,89.434,1,,,7.82,e1c152c9
m6-sweep,fae8cbe0712e,33,0,ran,qwen2.5:3b,short,1,50,c094.1,1789629880.069601,1789629881.164824,286.249,1095.09,124.398,286.181,64,65,77.889,1,,,7.82,841f3e42
m6-sweep,cd7ba18c7288,34,0,ran,qwen2.5:3b,short,1,50,c094.1,1789629881.665199,1789629882.485414,284.423,819.968,131.018,284.381,52,53,95.23,1,,,7.68,fc48404c
m6-sweep,c364d090cfd1,35,0,ran,qwen2.5:3b,short,1,50,c094.1,1789629882.985708,1789629883.911432,286.598,925.597,133.485,286.528,56,57,86.072,1,,,7.68,dfd6f103
m6-sweep,f8cdde1bc81c,36,0,ran,qwen2.5:3b,short,1,50,c094.1,1789629884.411705,1789629885.714058,294.207,1302.265,136.229,294.164,90,91,88.289,1,,,7.68,c8adca16
m6-sweep,d69f27f7aa43,37,0,ran,qwen2.5:3b,short,1,50,c094.1,1789629886.214305,1789629887.328512,280.775,1114.121,127.464,280.734,81,82,95.999,1,,,7.46,dabc5d62
m6-sweep,e92e92a30ab0,38,0,ran,qwen2.5:3b,short,1,50,c094.1,1789629887.828743,1789629888.718299,297.682,889.308,135.686,297.591,52,53,86.203,1,,,7.46,282f710a
m6-sweep,782860931f05,39,0,ran,qwen2.5:3b,short,1,50,c094.1,1789629889.218557,1789629890.386147,293.819,1167.483,135.11,293.766,85,86,96.147,1,,,7.46,c95734c8
m6-sweep,8fc4ef142767,40,0,ran,qwen2.5:3b,short,1,50,c094.1,1789629890.886456,1789629891.904583,295.573,1017.997,135.593,295.523,70,71,95.512,1,,,7.46,352ac3ed
m6-sweep,10bd1e54ae61,41,0,ran,qwen2.5:3b,short,1,50,c094.1,1789629892.404861,1789629893.237064,293.727,832.057,137.398,293.66,52,53,94.737,1,,,8.31,98a88048
m6-sweep,dafabf4e76a9,42,0,ran,qwen2.5:3b,short,1,50,c094.1,1789629893.737302,1789629895.022361,293.677,1284.843,137.936,293.627,96,97,95.847,1,,,8.31,290a039d
m6-sweep,2702d0b0522d,43,0,ran,qwen2.5:3b,short,1,50,c094.1,1789629895.522683,1789629896.762927,283.184,1240.154,127.895,283.102,93,94,96.137,1,,,8.31,dc9d0eef
m6-sweep,91798392f655,44,0,ran,qwen2.5:3b,short,1,50,c094.1,1789629897.263158,1789629898.282068,307.327,1018.801,134.382,307.282,69,70,95.576,1,,,7.88,ca2013f6
m6-sweep,b4e66093106a,45,0,ran,qwen2.5:3b,short,1,50,c094.1,1789629898.782401,1789629899.653867,275.809,871.373,121.475,275.739,53,54,87.312,1,,,7.88,a7b65395
m6-sweep,f316728b9db0,46,0,ran,qwen2.5:3b,short,1,50,c094.1,1789629900.154063,1789629901.057281,295.437,903.105,134.298,295.369,59,60,95.447,1,,,7.88,9f5437c0
m6-sweep,857c49f22c03,47,0,ran,qwen2.5:3b,short,1,50,c094.1,1789629901.557502,1789629902.388133,293.766,830.503,133.557,293.685,52,53,95.019,1,,,7.49,f2a131b4
m6-sweep,4e08f17e72c7,48,0,ran,qwen2.5:3b,short,1,50,c094.1,1789629902.888416,1789629904.41224,580.299,1523.725,125.738,580.217,76,77,79.497,1,,,7.49,8dc5e165
m6-sweep,bcf8c7aba57c,49,0,ran,qwen2.5:3b,short,1,50,c094.1,1789629904.912467,1789629905.779685,287.602,867.11,129.38,287.564,56,57,94.908,1,,,7.49,3cd45090
m6-sweep,9871e8dad5cc,50,0,ran,qwen2.5:3b,short,1,50,c094.1,1789629906.27998,1789629907.216188,294.323,936.064,138.663,294.288,52,53,79.471,1,,,7.21,1e5a0cd4
m6-sweep,71b3e4b2e3e4,51,0,ran,qwen2.5:3b,short,1,50,c094.1,1789629907.71649,1789629908.590975,287.341,874.395,125.145,287.305,52,53,86.874,1,,,7.21,f08547f0
m6-sweep,4e22f7fc8899,52,0,ran,qwen2.5:3b,short,1,50,c094.1,1789629909.091207,1789629910.09406,284.537,1002.75,128.368,284.456,70,71,96.072,1,,,7.21,d73a6c09
m6-sweep,a966cdeb4862,0,1,ran,qwen2.5:3b,long,0,20,c095.1,1789629912.599426,1789629913.85503,281.137,1255.349,72.416,281.095,92,93,93.409,1,,,6.79,c9a91165
m6-sweep,9d5df51e0514,1,1,ran,qwen2.5:3b,long,0,20,c095.1,1789629914.355335,1789629915.649241,274.324,1293.767,74.318,274.28,97,98,94.169,1,,,6.79,79f97731
m6-sweep,c6f0fa707827,2,1,ran,qwen2.5:3b,long,0,20,c095.1,1789629916.149507,1789629917.467132,258.792,1317.43,64.772,258.758,100,101,93.516,1,,,7.53,10589a46
m6-sweep,9539e1d31099,3,0,ran,qwen2.5:3b,long,0,20,c095.1,1789629917.967465,1789629919.310978,268.308,1343.405,68.747,268.273,102,103,93.945,1,,,7.53,ef1518f8
m6-sweep,79d40bab8775,4,0,ran,qwen2.5:3b,long,0,20,c095.1,1789629919.811194,1789629921.50287,509.368,1691.577,67.063,509.332,113,114,94.738,1,,,7.53,9c7f51b2
m6-sweep,6ff17b93d4a7,5,0,ran,qwen2.5:3b,long,0,20,c095.1,1789629922.003099,1789629923.41418,267.389,1410.927,70.112,267.355,109,110,94.444,1,,,7.25,98926fcb
m6-sweep,84b15e64a0fc,6,0,ran,qwen2.5:3b,long,0,20,c095.1,1789629923.914598,1789629925.391338,275.314,1476.619,78.974,275.28,114,115,94.064,1,,,7.25,b97b3630
m6-sweep,a555571bcbdd,7,0,ran,qwen2.5:3b,long,0,20,c095.1,1789629925.891625,1789629926.992759,270.855,1101.018,74.401,270.818,79,80,93.957,1,,,8.03,cb5eb95c
m6-sweep,e6f397b6897b,8,0,ran,qwen2.5:3b,long,0,20,c095.1,1789629927.492974,1789629928.730246,266.876,1237.101,71.119,266.84,92,93,93.793,1,,,8.03,9a18b358
m6-sweep,b16492273028,9,0,ran,qwen2.5:3b,long,0,20,c095.1,1789629929.230516,1789629930.400735,263.958,1170.083,66.052,263.914,86,87,93.806,1,,,8.03,ce9fece7
m6-sweep,bd789a0fb82f,10,0,ran,qwen2.5:3b,long,0,20,c095.1,1789629930.901035,1789629932.222583,280.494,1321.449,78.112,280.458,99,100,94.144,1,,,7.62,a92f5667
m6-sweep,daa4e7cf5903,11,0,ran,qwen2.5:3b,long,0,20,c095.1,1789629932.722803,1789629934.129729,261.85,1406.825,61.399,261.814,109,110,94.325,1,,,7.62,3e28bf2a
m6-sweep,b0e9714bae95,12,0,ran,qwen2.5:3b,long,0,20,c095.1,1789629934.629938,1789629935.862841,259.715,1232.753,61.259,259.654,92,93,93.522,1,,,7.62,babd69f4
m6-sweep,1c71c6684a7b,13,0,ran,qwen2.5:3b,long,0,20,c095.1,1789629936.363129,1789629937.702702,265.119,1339.435,62.913,265.08,102,103,94.013,1,,,7.49,67b90c5a
m6-sweep,afacfa41c251,14,0,ran,qwen2.5:3b,long,0,20,c095.1,1789629938.202967,1789629939.601683,279.536,1398.536,79.865,279.493,106,107,93.834,1,,,7.49,2fa26889
m6-sweep,487650b44452,15,0,ran,qwen2.5:3b,long,0,20,c095.1,1789629940.102032,1789629941.567837,275.977,1465.663,74.196,275.937,113,114,94.142,1,,,7.49,3cb6da1f
m6-sweep,46d24505c751,16,0,ran,qwen2.5:3b,long,0,20,c095.1,1789629942.068093,1789629943.154799,266.937,1086.571,66.88,266.891,78,79,93.944,1,,,7.21,33241ff8
m6-sweep,d5d818dc408a,17,0,ran,qwen2.5:3b,long,0,20,c095.1,1789629943.655114,1789629945.060073,269.92,1404.84,73.829,269.884,108,109,94.28,1,,,7.21,2872576f
m6-sweep,eaaa0ca21bb3,18,0,ran,qwen2.5:3b,long,0,20,c095.1,1789629945.560358,1789629946.656661,265.907,1096.197,64.537,265.848,79,80,93.943,1,,,7.21,1bcae34d
m6-sweep,59d4a63d21dc,19,0,ran,qwen2.5:3b,long,0,20,c095.1,1789629947.156926,1789629948.245272,268.589,1088.236,71.056,268.553,78,79,93.943,1,,,6.88,ebc9a17e
m6-sweep,7a8149cf1b51,20,0,ran,qwen2.5:3b,long,0,20,c095.1,1789629948.745652,1789629950.340891,512.976,1595.148,64.098,512.941,103,104,94.255,1,,,6.88,85d374e7
m6-sweep,3454f27a6863,21,0,ran,qwen2.5:3b,long,0,20,c095.1,1789629950.841092,1789629952.122371,264.809,1281.178,65.975,264.772,97,98,94.454,1,,,7.61,cd0b6c55
m6-sweep,53ac6c976b3b,22,0,ran,qwen2.5:3b,long,0,20,c095.1,1789629952.622689,1789629953.940225,256.97,1317.423,59.341,256.935,99,100,92.413,1,,,7.61,8a89f5ad
m6-sweep,1fd9aba0aba9,23,0,ran,qwen2.5:3b,long,0,20,c095.1,1789629954.440473,1789629955.902496,264.615,1461.847,65.95,264.57,114,115,94.384,1,,,7.61,9a778ccb
m6-sweep,1917f0f12bd8,24,0,ran,qwen2.5:3b,long,0,20,c095.1,1789629956.402896,1789629957.863483,272.227,1460.457,75.936,272.173,113,114,94.258,1,,,8.52,b8de6b74
m6-sweep,b626924c9982,25,0,ran,qwen2.5:3b,long,0,20,c095.1,1789629958.363728,1789629959.476009,268.09,1112.095,66.841,268.056,80,81,93.601,1,,,8.52,8d14073f
m6-sweep,43c409b51732,26,0,ran,qwen2.5:3b,long,0,20,c095.1,1789629959.976372,1789629961.337136,274.762,1360.661,76.626,274.717,103,104,93.931,1,,,8.52,e3da6430
m6-sweep,b29e8a7eca33,27,0,ran,qwen2.5:3b,long,0,20,c095.1,1789629961.837375,1789629963.591289,510.613,1753.792,64.608,510.576,118,119,94.114,1,,,8.16,98720d88
m6-sweep,782209408fad,28,0,ran,qwen2.5:3b,long,0,20,c095.1,1789629964.091558,1789629965.508635,265.447,1416.978,64.218,265.388,109,110,93.788,1,,,8.16,08553602
m6-sweep,4a031a5479a2,29,0,ran,qwen2.5:3b,long,0,20,c095.1,1789629966.008864,1789629967.597443,263.451,1588.397,65.157,263.417,126,127,94.343,1,,,7.66,ba0f108b
m6-sweep,38b79e7bb34f,30,0,ran,qwen2.5:3b,long,0,20,c095.1,1789629968.097792,1789629969.293917,281.833,1196.026,79.938,281.788,87,88,94.072,1,,,7.66,111a11ab
m6-sweep,9043cd2b5ea1,31,0,ran,qwen2.5:3b,long,0,20,c095.1,1789629969.794137,1789629971.383307,516.606,1588.963,71.323,516.571,102,103,94.185,1,,,7.66,954f84e1
m6-sweep,b85defb0188a,32,0,ran,qwen2.5:3b,long,0,20,c095.1,1789629971.8837,1789629973.064877,268.427,1181.08,75.951,268.392,87,88,94.231,1,,,7.37,bca3b24f
m6-sweep,a100bde9d280,33,0,ran,qwen2.5:3b,long,0,20,c095.1,1789629973.565079,1789629974.676164,251.681,1110.954,59.15,251.582,82,83,94.266,1,,,7.37,8b4bc5df
m6-sweep,3ddb5db7cc32,34,0,ran,qwen2.5:3b,long,0,20,c095.1,1789629975.176408,1789629976.567744,254.869,1391.224,64.66,254.831,109,110,95.041,1,,,7.37,fa7c5f15
m6-sweep,f737bdc8bcd6,35,0,ran,qwen2.5:3b,long,0,20,c095.1,1789629977.068001,1789629978.18795,276.027,1119.843,78.535,275.989,81,82,94.807,1,,,7.02,1d807546
m6-sweep,9f091f81bd97,36,0,ran,qwen2.5:3b,long,0,20,c095.1,1789629978.688209,1789629980.094334,279.486,1406.0,79.805,279.436,107,108,94.096,1,,,7.02,9f377912
m6-sweep,c11aeacd2701,37,0,ran,qwen2.5:3b,long,0,20,c095.1,1789629980.594571,1789629982.162062,550.377,1567.389,78.183,550.332,97,98,94.394,1,,,7.34,94e793ec
m6-sweep,74bdd37f7820,38,0,ran,qwen2.5:3b,long,0,20,c095.1,1789629982.662341,1789629983.745957,253.916,1083.508,65.676,253.881,79,80,94.022,1,,,7.34,a63b6ad7
m6-sweep,ab9322aa6770,39,0,ran,qwen2.5:3b,long,0,20,c095.1,1789629984.246216,1789629985.694467,253.054,1448.053,66.13,253.017,114,115,94.561,1,,,7.34,511d2fce
m6-sweep,ba945e0d1279,40,0,ran,qwen2.5:3b,long,0,20,c095.1,1789629986.194777,1789629987.827811,515.589,1632.907,65.591,515.552,106,107,93.975,1,,,7.31,dd295766
m6-sweep,32f1dc3c408c,41,0,ran,qwen2.5:3b,long,0,20,c095.1,1789629988.328058,1789629989.791674,265.071,1463.446,70.359,265.034,114,115,94.294,1,,,7.31,d205b58d
m6-sweep,179ca986b4f6,42,0,ran,qwen2.5:3b,long,0,20,c095.1,1789629990.292094,1789629991.810418,268.457,1518.229,73.052,268.42,119,120,94.417,1,,,7.31,e918a78a
m6-sweep,c7274e4db396,43,0,ran,qwen2.5:3b,long,0,20,c095.1,1789629992.310639,1789629993.571623,263.021,1260.885,70.669,262.985,95,96,94.201,1,,,6.97,91844746
m6-sweep,8a76f3cd49bd,44,0,ran,qwen2.5:3b,long,0,20,c095.1,1789629994.071869,1789629995.645243,270.656,1573.274,67.161,270.62,124,125,94.425,1,,,6.97,f58af1ef
m6-sweep,9cc5548a27a1,45,0,ran,qwen2.5:3b,long,0,20,c095.1,1789629996.14547,1789629997.480153,259.131,1334.559,61.09,259.088,102,103,93.916,1,,,7.77,33ae70a9
m6-sweep,83eb1b61d72c,46,0,ran,qwen2.5:3b,long,0,20,c095.1,1789629997.980383,1789629999.559059,277.043,1578.576,75.835,277.007,123,124,93.736,1,,,7.77,c533fa60
m6-sweep,1d6209f4c375,47,0,ran,qwen2.5:3b,long,0,20,c095.1,1789630000.059324,1789630001.236438,259.896,1176.989,61.2,259.851,87,88,93.775,1,,,7.77,877c8b7a
m6-sweep,38031a1db427,48,0,ran,qwen2.5:3b,long,0,20,c095.1,1789630001.736652,1789630003.21151,266.416,1474.762,68.053,266.381,115,116,94.344,1,,,7.55,99e9435c
m6-sweep,84a44493ee51,49,0,ran,qwen2.5:3b,long,0,20,c095.1,1789630003.711721,1789630004.890375,264.163,1178.56,64.753,264.127,87,88,94.051,1,,,7.55,b205408c
m6-sweep,c222f0800c92,50,0,ran,qwen2.5:3b,long,0,20,c095.1,1789630005.390605,1789630006.689665,258.371,1298.96,60.758,258.333,99,100,94.177,1,,,7.55,c9161939
m6-sweep,9675b08391c5,51,0,ran,qwen2.5:3b,long,0,20,c095.1,1789630007.189937,1789630008.695989,259.917,1505.869,61.457,259.883,118,119,93.904,1,,,7.10,6b8e2a00
m6-sweep,ab0bd6542ff6,52,0,ran,qwen2.5:3b,long,0,20,c095.1,1789630009.196311,1789630010.513413,262.72,1316.966,62.402,262.685,100,101,93.906,1,,,7.10,d9091496
m6-sweep,5fa4cac573a7,0,1,ran,qwen2.5:0.5b,short,2,0,c096.1,1789630013.025688,1789630015.850682,2711.868,2824.869,34.407,2711.797,24,25,203.537,1,,,6.77,490c4f6f
m6-sweep,2dd020ef501e,1,1,ran,qwen2.5:0.5b,short,2,0,c096.1,1789630016.350945,1789630016.544252,71.07,193.176,31.225,70.925,31,32,245.688,1,,,6.77,6edc1336
m6-sweep,2d2e21be8016,2,1,ran,qwen2.5:0.5b,short,2,0,c096.1,1789630017.044447,1789630017.312062,75.843,267.456,29.531,75.795,49,50,250.505,1,,,6.63,4afaeef5
m6-sweep,3de1030c3931,3,0,ran,qwen2.5:0.5b,short,2,0,c096.1,1789630017.812375,1789630017.972998,66.803,160.493,24.605,66.61,24,25,245.49,1,,,6.63,95a9e1a8
m6-sweep,53ef56515114,4,0,ran,qwen2.5:0.5b,short,2,0,c096.1,1789630018.473467,1789630018.734465,80.928,260.601,39.647,80.794,46,47,250.455,1,,,6.63,607b8afe
m6-sweep,0d5dab0fc84c,5,0,ran,qwen2.5:0.5b,short,2,0,c096.1,1789630019.235097,1789630019.39323,68.269,158.001,25.448,68.215,24,25,256.317,1,,,6.63,9cec1ecf
m6-sweep,b197453e7538,6,0,ran,qwen2.5:0.5b,short,2,0,c096.1,1789630019.893472,1789630020.046988,64.293,153.387,25.218,64.25,24,25,258.153,1,,,6.63,7066dc3a
m6-sweep,3895259dfc04,7,0,ran,qwen2.5:0.5b,short,2,0,c096.1,1789630020.547249,1789630020.724095,83.232,176.561,39.085,83.187,24,25,246.44,1,,,6.63,8d3d489c
m6-sweep,718d1bca26e1,8,0,ran,qwen2.5:0.5b,short,2,0,c096.1,1789630021.224429,1789630021.638633,323.224,414.087,23.591,323.151,24,25,253.128,1,,,6.63,2d3ce198
m6-sweep,50c0d052cf3c,9,0,ran,qwen2.5:0.5b,short,2,0,c096.1,1789630022.138914,1789630022.321024,83.005,181.994,42.966,82.96,24,25,232.35,1,,,6.26,c5a7ffcb
m6-sweep,5f47fbfd5bda,10,0,ran,qwen2.5:0.5b,short,2,0,c096.1,1789630022.821267,1789630023.00119,69.472,179.822,27.614,69.429,25,26,217.489,1,,,6.26,5209dd90
m6-sweep,a53df0c3dd7a,11,0,ran,qwen2.5:0.5b,short,2,0,c096.1,1789630023.501402,1789630023.6933,68.251,191.793,33.102,68.201,31,32,242.833,1,,,6.26,5a795e3f
m6-sweep,363187e6fe9a,12,0,ran,qwen2.5:0.5b,short,2,0,c096.1,1789630024.193576,1789630024.371965,70.59,178.24,30.486,70.557,28,29,250.813,1,,,6.26,cfcc855e
m6-sweep,7d1cbeb4fb7c,13,0,ran,qwen2.5:0.5b,short,2,0,c096.1,1789630024.87231,1789630025.051819,80.395,179.398,39.004,80.346,24,25,232.318,1,,,6.26,48aaa407
m6-sweep,15f20e44fb35,14,0,ran,qwen2.5:0.5b,short,2,0,c096.1,1789630025.552094,1789630025.709442,58.369,157.238,21.209,58.297,27,28,262.972,1,,,6.26,df8feb35
m6-sweep,6069d36e3ce7,15,0,ran,qwen2.5:0.5b,short,2,0,c096.1,1789630026.209729,1789630026.379306,73.185,169.444,34.049,73.112,25,26,249.327,1,,,6.26,badb578e
m6-sweep,44de97322d1d,16,0,ran,qwen2.5:0.5b,short,2,0,c096.1,1789630026.879597,1789630027.054661,75.832,174.917,34.37,75.772,24,25,232.124,1,,,6.24,5738141c
m6-sweep,3ee60203841e,17,0,ran,qwen2.5:0.5b,short,2,0,c096.1,1789630027.554948,1789630027.754267,72.285,199.168,32.93,72.228,30,31,228.557,1,,,6.24,5d7a9be5
m6-sweep,42ffec772eb8,18,0,ran,qwen2.5:0.5b,short,2,0,c096.1,1789630028.25453,1789630028.416702,71.102,162.065,33.107,71.047,24,25,252.852,1,,,6.24,bd3f48a4
m6-sweep,dd09936dd953,19,0,ran,qwen2.5:0.5b,short,2,0,c096.1,1789630028.916933,1789630029.100857,72.304,183.801,29.802,72.268,31,32,269.067,1,,,6.24,77470771
m6-sweep,a5b0d0890638,20,0,ran,qwen2.5:0.5b,short,2,0,c096.1,1789630029.601068,1789630029.781265,72.681,180.079,33.615,72.643,26,27,232.78,1,,,6.24,e55f8ede
m6-sweep,8d0ae2de0fc8,21,0,ran,qwen2.5:0.5b,short,2,0,c096.1,1789630030.28147,1789630030.442004,65.324,160.432,23.998,65.25,24,25,241.829,1,,,6.24,b3a24934
m6-sweep,f55a80566aca,22,0,ran,qwen2.5:0.5b,short,2,0,c096.1,1789630030.942241,1789630031.104548,70.961,162.19,27.959,70.904,24,25,252.113,1,,,6.24,b95cdeab
m6-sweep,925200f4fa13,23,0,ran,qwen2.5:0.5b,short,2,0,c096.1,1789630031.604824,1789630031.76487,67.476,159.898,28.566,67.403,24,25,248.86,1,,,6.24,36d7ee80
m6-sweep,7b1ffb7ba6d5,24,0,ran,qwen2.5:0.5b,short,2,0,c096.1,1789630032.265154,1789630032.432717,72.448,167.426,34.658,72.397,24,25,242.16,1,,,6.86,e522b9e6
m6-sweep,621c227ba118,25,0,ran,qwen2.5:0.5b,short,2,0,c096.1,1789630032.932967,1789630033.102279,75.768,169.106,29.294,75.734,24,25,246.415,1,,,6.86,39ab57c5
m6-sweep,d93063667bef,26,0,ran,qwen2.5:0.5b,short,2,0,c096.1,1789630033.602597,1789630033.751544,58.881,148.861,20.862,58.847,23,24,244.498,1,,,6.86,366cc7fa
m6-sweep,2635fdeda697,27,0,ran,qwen2.5:0.5b,short,2,0,c096.1,1789630034.25176,1789630034.434307,82.144,182.345,36.329,82.101,26,27,249.498,1,,,6.86,48ffb63b
m6-sweep,ce47eb2dbdea,28,0,ran,qwen2.5:0.5b,short,2,0,c096.1,1789630034.9346,1789630035.108549,76.582,173.794,39.521,76.475,24,25,236.596,1,,,6.86,fa3ad2c0
m6-sweep,45d3d036e927,29,0,ran,qwen2.5:0.5b,short,2,0,c096.1,1789630035.60887,1789630035.762151,61.603,153.158,20.455,61.562,23,24,240.294,1,,,6.86,e9b0766d
m6-sweep,a0345b445d64,30,0,ran,qwen2.5:0.5b,short,2,0,c096.1,1789630036.262426,1789630036.430722,73.127,168.174,32.462,73.063,24,25,241.984,1,,,6.86,6eca2801
m6-sweep,95af77a42b05,31,0,ran,qwen2.5:0.5b,short,2,0,c096.1,1789630036.931006,1789630038.088076,1066.706,1156.932,1027.549,1066.663,24,25,254.915,1,,,6.95,1ff0c2a0
m6-sweep,b75b6fd7126d,32,0,ran,qwen2.5:0.5b,short,2,0,c096.1,1789630038.588344,1789630038.768005,79.362,179.505,37.092,79.305,26,27,249.643,1,,,6.95,7415acc9
m6-sweep,ab0848791f00,33,0,ran,qwen2.5:0.5b,short,2,0,c096.1,1789630039.268304,1789630039.43733,77.091,168.83,36.752,77.028,24,25,250.713,1,,,6.95,25bad746
m6-sweep,7d7b8279b52b,34,0,ran,qwen2.5:0.5b,short,2,0,c096.1,1789630039.93778,1789630040.10465,68.199,166.747,25.171,68.146,24,25,233.39,1,,,6.95,e0aacf81
m6-sweep,3ef3eb7b7ae3,35,0,ran,qwen2.5:0.5b,short,2,0,c096.1,1789630040.604939,1789630040.784477,77.238,179.373,36.988,77.102,24,25,225.192,1,,,6.95,3e4134ce
m6-sweep,234b38e2d469,36,0,ran,qwen2.5:0.5b,short,2,0,c096.1,1789630041.284806,1789630041.462547,80.602,177.624,39.093,80.558,24,25,237.06,1,,,6.95,b7e68355
m6-sweep,0be15412a1d0,37,0,ran,qwen2.5:0.5b,short,2,0,c096.1,1789630041.962798,1789630042.133339,71.808,170.43,23.017,71.773,24,25,233.215,1,,,7.60,82c07814
m6-sweep,83e55ce40e3a,38,0,ran,qwen2.5:0.5b,short,2,0,c096.1,1789630042.63367,1789630042.831071,75.883,197.295,31.901,75.83,31,32,247.093,1,,,7.60,28ad3c17
m6-sweep,b46eff369a83,39,0,ran,qwen2.5:0.5b,short,2,0,c096.1,1789630043.331296,1789630043.484579,66.727,153.175,24.326,66.692,23,24,254.49,1,,,7.60,e1a97b28
m6-sweep,82b1efdb6254,40,0,ran,qwen2.5:0.5b,short,2,0,c096.1,1789630043.984804,1789630045.176064,1105.594,1191.164,1061.517,1105.56,23,24,257.101,1,,,7.60,3cd3866b
m6-sweep,0bfc60da33c0,41,0,ran,qwen2.5:0.5b,short,2,0,c096.1,1789630045.676287,1789630045.890728,122.653,214.302,37.8,122.621,24,25,250.958,1,,,7.60,a39d7590
m6-sweep,526acd1dac63,42,0,ran,qwen2.5:0.5b,short,2,0,c096.1,1789630046.391025,1789630046.55106,67.423,159.938,26.234,67.372,24,25,248.61,1,,,7.60,706a86ee
m6-sweep,92e00d7977cc,43,0,ran,qwen2.5:0.5b,short,2,0,c096.1,1789630047.051297,1789630047.474368,330.224,422.923,29.739,330.188,24,25,248.113,1,,,7.15,cf2f4ab9
m6-sweep,ef98815d276c,44,0,ran,qwen2.5:0.5b,short,2,0,c096.1,1789630047.97464,1789630048.141998,75.559,167.138,38.886,75.488,24,25,251.15,1,,,7.15,dc37dbcf
m6-sweep,f9c86add4261,45,0,ran,qwen2.5:0.5b,short,2,0,c096.1,1789630048.642433,1789630048.816885,79.922,174.339,36.205,79.873,24,25,243.601,1,,,7.15,fa54ef7a
m6-sweep,b67a8b999185,46,0,ran,qwen2.5:0.5b,short,2,0,c096.1,1789630049.317172,1789630049.489993,81.84,172.67,38.345,81.803,24,25,253.22,1,,,7.15,4c53d814
m6-sweep,a52d67d4cfe2,47,0,ran,qwen2.5:0.5b,short,2,0,c096.1,1789630049.990267,1789630050.155265,70.38,164.791,24.633,70.343,24,25,243.615,1,,,7.15,7a8bece0
m6-sweep,f30913038801,48,0,ran,qwen2.5:0.5b,short,2,0,c096.1,1789630050.655692,1789630050.826053,106.677,170.212,39.01,106.632,24,25,362.003,1,,,7.15,a9da7086
m6-sweep,e3df9f8c998f,49,0,ran,qwen2.5:0.5b,short,2,0,c096.1,1789630051.326384,1789630051.518621,69.107,192.146,29.904,69.061,31,32,243.827,1,,,7.15,749ae7ee
m6-sweep,0724d6422fb4,50,0,ran,qwen2.5:0.5b,short,2,0,c096.1,1789630052.018829,1789630053.1984,1092.025,1179.463,1050.307,1091.991,24,25,263.041,1,,,6.74,e8d58a43
m6-sweep,f8130feb0d54,51,0,ran,qwen2.5:0.5b,short,2,0,c096.1,1789630053.69865,1789630053.889546,93.655,190.796,27.797,93.62,31,32,308.829,1,,,6.74,694654ce
m6-sweep,bcd5d8d8101d,52,0,ran,qwen2.5:0.5b,short,2,0,c096.1,1789630054.389729,1789630054.546688,63.409,156.867,23.002,63.355,24,25,246.101,1,,,6.74,e7ac1e25
m6-sweep,9009006878f7,0,1,ran,qwen2.5:0.5b,short,0,0,c097.1,1789630057.018087,1789630057.189368,81.212,171.175,36.916,81.165,24,25,255.66,1,,,6.68,5db51c5a
m6-sweep,8c2056c7e193,1,1,ran,qwen2.5:0.5b,short,0,0,c097.1,1789630057.689603,1789630057.858602,73.776,168.774,31.745,73.721,24,25,242.109,1,,,6.68,0a50c1ba
m6-sweep,8bab1741b38e,2,1,ran,qwen2.5:0.5b,short,0,0,c097.1,1789630058.359085,1789630058.537664,82.079,178.401,38.672,82.0,24,25,238.784,1,,,6.68,463b9bdf
m6-sweep,5653e6975951,3,0,ran,qwen2.5:0.5b,short,0,0,c097.1,1789630059.037946,1789630059.208732,79.722,170.624,38.957,79.619,24,25,253.019,1,,,6.68,245b9a40
m6-sweep,cb13cdbffe23,4,0,ran,qwen2.5:0.5b,short,0,0,c097.1,1789630059.709061,1789630059.869807,69.406,160.647,27.688,69.349,24,25,252.08,1,,,6.68,fa12af50
m6-sweep,4ca943b0227a,5,0,ran,qwen2.5:0.5b,short,0,0,c097.1,1789630060.370057,1789630060.527866,67.06,157.655,30.492,67.006,24,25,253.877,1,,,6.68,d28bd943
m6-sweep,d789ca28c422,6,0,ran,qwen2.5:0.5b,short,0,0,c097.1,1789630061.028144,1789630061.196825,73.315,168.38,34.54,73.275,24,25,241.94,1,,,6.68,c82b9a90
m6-sweep,7088c78d3e45,7,0,ran,qwen2.5:0.5b,short,0,0,c097.1,1789630061.697177,1789630061.861343,71.683,164.067,29.155,71.628,23,24,238.136,1,,,6.68,d78c560b
m6-sweep,773dbf466c26,8,0,ran,qwen2.5:0.5b,short,0,0,c097.1,1789630062.361556,1789630062.523453,68.168,161.737,29.371,68.134,24,25,245.807,1,,,6.30,016542f3
m6-sweep,44bf8f9f98df,9,0,ran,qwen2.5:0.5b,short,0,0,c097.1,1789630063.023742,1789630063.193195,61.829,169.244,21.231,61.794,28,29,251.362,1,,,6.30,50415939
m6-sweep,510774551453,10,0,ran,qwen2.5:0.5b,short,0,0,c097.1,1789630063.693504,1789630063.86498,72.982,171.361,32.762,72.894,24,25,233.788,1,,,6.30,a7d4a3b7
m6-sweep,f71afcad86cc,11,0,ran,qwen2.5:0.5b,short,0,0,c097.1,1789630064.365318,1789630064.556189,82.167,190.71,39.21,82.13,28,29,248.749,1,,,6.30,459eb787
m6-sweep,d193f197454d,12,0,ran,qwen2.5:0.5b,short,0,0,c097.1,1789630065.056518,1789630065.214325,69.356,157.712,32.457,69.299,23,24,248.993,1,,,6.30,f838d55d
m6-sweep,03ea943ff924,13,0,ran,qwen2.5:0.5b,short,0,0,c097.1,1789630065.714539,1789630065.89079,62.423,176.151,21.174,62.353,31,32,263.786,1,,,6.30,d26d113b
m6-sweep,beb2adc114ea,14,0,ran,qwen2.5:0.5b,short,0,0,c097.1,1789630066.391087,1789630066.556794,73.94,165.544,34.978,73.824,24,25,251.081,1,,,6.30,61bd9d95
m6-sweep,6bc76d602063,15,0,ran,qwen2.5:0.5b,short,0,0,c097.1,1789630067.057108,1789630067.297156,63.057,239.928,23.865,62.997,47,48,260.076,1,,,6.04,576a37ee
m6-sweep,da77c46a0dee,16,0,ran,qwen2.5:0.5b,short,0,0,c097.1,1789630067.797405,1789630067.979667,81.247,182.116,39.539,81.163,26,27,247.846,1,,,6.04,2700d0bf
m6-sweep,26d230f70297,17,0,ran,qwen2.5:0.5b,short,0,0,c097.1,1789630068.4799,1789630068.645251,73.319,165.256,36.509,73.267,23,24,239.296,1,,,6.04,edbe873d
m6-sweep,c74ddb4b463f,18,0,ran,qwen2.5:0.5b,short,0,0,c097.1,1789630069.145493,1789630069.321773,78.883,176.065,38.499,78.836,24,25,236.67,1,,,6.04,d0d932c0
m6-sweep,60968100c304,19,0,ran,qwen2.5:0.5b,short,0,0,c097.1,1789630069.822119,1789630069.983628,67.553,161.319,27.858,67.502,24,25,245.29,1,,,6.04,a9ffd9b8
m6-sweep,69120876c483,20,0,ran,qwen2.5:0.5b,short,0,0,c097.1,1789630070.484085,1789630070.640203,63.511,155.989,23.451,63.467,24,25,248.706,1,,,6.04,045aabdd
m6-sweep,bd3c860971ac,21,0,ran,qwen2.5:0.5b,short,0,0,c097.1,1789630071.140404,1789630071.296741,63.585,156.222,26.384,63.542,24,25,248.281,1,,,6.04,5c8b6901
m6-sweep,79a3eb18dfb2,22,0,ran,qwen2.5:0.5b,short,0,0,c097.1,1789630071.796972,1789630071.950245,67.716,153.079,25.579,67.681,22,23,246.008,1,,,6.04,a81fd327
m6-sweep,9020c37ac648,23,0,ran,qwen2.5:0.5b,short,0,0,c097.1,1789630072.45044,1789630072.641126,71.394,190.592,29.858,71.314,31,32,251.683,1,,,6.84,783d36b9
m6-sweep,5f7753144365,24,0,ran,qwen2.5:0.5b,short,0,0,c097.1,1789630073.141342,1789630073.325107,66.914,183.648,27.08,66.877,31,32,256.994,1,,,6.84,c6c74e64
m6-sweep,5e1499b62b43,25,0,ran,qwen2.5:0.5b,short,0,0,c097.1,1789630073.825329,1789630073.985775,71.725,160.333,32.213,71.666,24,25,259.569,1,,,6.84,5f484a16
m6-sweep,cc35e1248185,26,0,ran,qwen2.5:0.5b,short,0,0,c097.1,1789630074.486023,1789630074.649204,71.375,163.083,31.921,71.31,24,25,250.797,1,,,6.84,4f54447b
m6-sweep,168d4fd3f89d,27,0,ran,qwen2.5:0.5b,short,0,0,c097.1,1789630075.149412,1789630075.322118,74.614,172.593,36.696,74.577,25,26,244.95,1,,,6.84,73601712
m6-sweep,c1717bfc0739,28,0,ran,qwen2.5:0.5b,short,0,0,c097.1,1789630075.822374,1789630075.98658,71.563,164.055,31.938,71.513,24,25,248.672,1,,,6.84,b957eb1a
m6-sweep,10734284f175,29,0,ran,qwen2.5:0.5b,short,0,0,c097.1,1789630076.486881,1789630076.64023,64.619,153.25,27.124,64.569,23,24,248.219,1,,,6.84,bb412fc4
m6-sweep,2fb4c68ec025,30,0,ran,qwen2.5:0.5b,short,0,0,c097.1,1789630077.140636,1789630077.293419,59.831,152.587,20.847,59.777,24,25,247.961,1,,,6.53,f33904d0
m6-sweep,878fa9e33a10,31,0,ran,qwen2.5:0.5b,short,0,0,c097.1,1789630077.793772,1789630077.957816,64.245,163.894,26.739,64.209,26,27,250.881,1,,,6.53,c72cacfc
m6-sweep,57732d6019e8,32,0,ran,qwen2.5:0.5b,short,0,0,c097.1,1789630078.458306,1789630078.611597,62.309,153.118,21.83,62.232,24,25,253.28,1,,,6.53,eea9d7cd
m6-sweep,58d1f7d3be60,33,0,ran,qwen2.5:0.5b,short,0,0,c097.1,1789630079.111925,1789630079.362642,73.234,250.609,32.404,73.179,47,48,259.337,1,,,6.53,4a5cf725
m6-sweep,dcf38a740abc,34,0,ran,qwen2.5:0.5b,short,0,0,c097.1,1789630079.863194,1789630080.029708,78.053,166.29,35.182,77.999,25,26,271.995,1,,,6.53,a042a77f
m6-sweep,3382122775ac,35,0,ran,qwen2.5:0.5b,short,0,0,c097.1,1789630080.529963,1789630080.68893,73.567,158.87,35.691,73.526,23,24,257.905,1,,,6.53,cbdd22fe
m6-sweep,6dfdd991c8d6,36,0,ran,qwen2.5:0.5b,short,0,0,c097.1,1789630081.18915,1789630081.344327,63.608,155.061,24.365,63.574,24,25,251.497,1,,,6.53,e12be91d
m6-sweep,cc0a23a56b38,37,0,ran,qwen2.5:0.5b,short,0,0,c097.1,1789630081.844591,1789630082.008841,68.37,164.096,26.002,68.309,24,25,240.269,1,,,6.53,ef52919c
m6-sweep,142281346354,38,0,ran,qwen2.5:0.5b,short,0,0,c097.1,1789630082.50911,1789630082.670462,69.41,161.253,21.97,69.351,24,25,250.427,1,,,7.29,11afaa5a
m6-sweep,c686650ee26b,39,0,ran,qwen2.5:0.5b,short,0,0,c097.1,1789630083.170674,1789630083.332108,63.534,161.337,22.058,63.462,24,25,235.165,1,,,7.29,397ea2f9
m6-sweep,27f7ce619746,40,0,ran,qwen2.5:0.5b,short,0,0,c097.1,1789630083.832629,1789630084.015962,81.819,183.205,38.742,81.775,26,27,246.583,1,,,7.29,62b7f999
m6-sweep,9ac4d9c33256,41,0,ran,qwen2.5:0.5b,short,0,0,c097.1,1789630084.516206,1789630084.695908,84.904,179.59,35.474,84.859,24,25,242.907,1,,,7.29,bdfde9e0
m6-sweep,5b1fb766c87b,42,0,ran,qwen2.5:0.5b,short,0,0,c097.1,1789630085.196156,1789630085.36671,76.632,170.454,38.675,76.587,24,25,245.145,1,,,7.29,be85ead2
m6-sweep,d588c331d86d,43,0,ran,qwen2.5:0.5b,short,0,0,c097.1,1789630085.866969,1789630086.03282,74.8,165.715,28.39,74.759,24,25,252.984,1,,,7.29,727ae042
m6-sweep,6be366a9ca47,44,0,ran,qwen2.5:0.5b,short,0,0,c097.1,1789630086.533072,1789630086.695529,70.2,162.304,24.637,70.128,24,25,249.717,1,,,7.29,479a47bd
m6-sweep,4acb336713e5,45,0,ran,qwen2.5:0.5b,short,0,0,c097.1,1789630087.195804,1789630087.367318,70.15,171.38,32.199,70.107,26,27,246.963,1,,,6.94,8314b086
m6-sweep,61243021ab76,46,0,ran,qwen2.5:0.5b,short,0,0,c097.1,1789630087.867583,1789630088.026131,66.681,158.39,26.128,66.623,24,25,250.794,1,,,6.94,bea45747
m6-sweep,51901811eb3f,47,0,ran,qwen2.5:0.5b,short,0,0,c097.1,1789630088.526456,1789630088.703776,86.914,176.962,40.191,86.86,24,25,255.419,1,,,6.94,7e0c6bba
m6-sweep,b14b6a7c783f,48,0,ran,qwen2.5:0.5b,short,0,0,c097.1,1789630089.204112,1789630089.40334,80.803,199.121,38.928,80.758,31,32,253.554,1,,,6.94,46fb3397
m6-sweep,7f23aef920eb,49,0,ran,qwen2.5:0.5b,short,0,0,c097.1,1789630089.903548,1789630090.059313,65.492,155.616,26.932,65.448,24,25,255.203,1,,,6.94,9b57dfb4
m6-sweep,15ee3270024a,50,0,ran,qwen2.5:0.5b,short,0,0,c097.1,1789630090.559586,1789630090.719216,68.568,159.478,29.483,68.515,24,25,252.998,1,,,6.94,3f32b0ad
m6-sweep,1eaa0f4844e6,51,0,ran,qwen2.5:0.5b,short,0,0,c097.1,1789630091.219509,1789630091.387088,74.649,167.382,38.663,74.594,24,25,248.023,1,,,6.94,3b515580
m6-sweep,a107843b6862,52,0,ran,qwen2.5:0.5b,short,0,0,c097.1,1789630091.887413,1789630092.058531,61.96,171.014,22.986,61.921,28,29,247.585,1,,,6.94,9342d571
m6-sweep,d7a0d5c4ae2c,0,1,ran,qwen2.5:0.5b,short,10,0,c098.1,1789630094.530774,1789630094.696666,76.146,165.808,33.28,76.071,23,24,245.365,1,,,7.59,e3db8d83
m6-sweep,96af3836db9d,1,1,ran,qwen2.5:0.5b,short,10,0,c098.1,1789630095.196911,1789630095.340952,51.143,143.898,12.883,51.108,24,25,247.964,1,,,7.59,6f20f430
m6-sweep,84fcfe8ed371,2,1,ran,qwen2.5:0.5b,short,10,0,c098.1,1789630095.841267,1789630096.031434,73.062,190.063,31.365,72.991,31,32,256.41,1,,,7.59,8757cd9b
m6-sweep,5e33c561fc47,3,0,ran,qwen2.5:0.5b,short,10,0,c098.1,1789630096.531887,1789630096.697961,116.585,165.989,31.644,116.543,24,25,465.547,1,,,7.59,f60d0d8c
m6-sweep,552c17f5637b,4,0,ran,qwen2.5:0.5b,short,10,0,c098.1,1789630097.198208,1789630097.397161,63.845,198.712,24.158,63.77,24,25,170.537,1,,,7.14,3e8d0cb6
m6-sweep,7b6030baf16b,5,0,ran,qwen2.5:0.5b,short,10,0,c098.1,1789630097.897607,1789630098.089655,86.299,191.93,28.628,86.258,26,27,236.672,1,,,7.14,1907c17f
m6-sweep,06dce872811c,6,0,ran,qwen2.5:0.5b,short,10,0,c098.1,1789630098.589997,1789630098.764448,76.136,174.357,34.695,76.087,24,25,234.167,1,,,7.14,5f32ca44
m6-sweep,a17a10e0dd93,7,0,ran,qwen2.5:0.5b,short,10,0,c098.1,1789630099.264687,1789630099.458374,63.755,193.585,21.765,63.669,31,32,231.072,1,,,7.14,f78a9b71
m6-sweep,69af8b395863,8,0,ran,qwen2.5:0.5b,short,10,0,c098.1,1789630099.958598,1789630100.111887,60.179,153.173,18.714,60.114,24,25,247.329,1,,,7.14,4b3f27c8
m6-sweep,be56a30aed2b,9,0,ran,qwen2.5:0.5b,short,10,0,c098.1,1789630100.612123,1789630100.818926,72.804,206.679,32.602,72.748,24,25,171.802,1,,,7.14,7f98fabd
m6-sweep,e1ae9a270a09,10,0,ran,qwen2.5:0.5b,short,10,0,c098.1,1789630101.319218,1789630101.472641,58.674,153.282,20.665,58.603,24,25,243.11,1,,,7.14,136c7aaf
m6-sweep,ebbcc6263037,11,0,ran,qwen2.5:0.5b,short,10,0,c098.1,1789630101.972917,1789630103.247628,1096.589,1274.59,1051.578,1096.554,24,25,129.213,1,,,6.81,698110b8
m6-sweep,ed3dffd286c2,12,0,ran,qwen2.5:0.5b,short,10,0,c098.1,1789630103.74793,1789630103.933203,85.114,185.123,21.052,85.062,24,25,229.979,1,,,6.81,91ddaf9f
m6-sweep,9c8a54e0d0d5,13,0,ran,qwen2.5:0.5b,short,10,0,c098.1,1789630104.433518,1789630106.054989,1103.745,1621.336,1065.676,1103.695,24,25,44.437,1,,,6.81,8e48ba7b
m6-sweep,5277c02b5237,14,0,ran,qwen2.5:0.5b,short,10,0,c098.1,1789630106.555283,1789630106.7632,95.648,207.808,33.324,95.605,24,25,205.064,1,,,6.81,208f0db5
m6-sweep,7a3e29a953bd,15,0,ran,qwen2.5:0.5b,short,10,0,c098.1,1789630107.26347,1789630107.462914,67.12,199.323,10.491,67.052,27,28,196.667,1,,,6.34,dcd2260b
m6-sweep,225f50e79427,16,0,ran,qwen2.5:0.5b,short,10,0,c098.1,1789630107.963153,1789630109.193263,1135.573,1229.952,1056.329,1135.523,24,25,243.698,1,,,6.34,3f7f82ec
m6-sweep,3f68406dfa90,17,0,ran,qwen2.5:0.5b,short,10,0,c098.1,1789630109.693571,1789630109.93594,67.037,242.272,26.011,66.993,45,46,251.091,1,,,6.34,a587ee4d
m6-sweep,21b375b7c3d3,18,0,ran,qwen2.5:0.5b,short,10,0,c098.1,1789630110.436162,1789630111.858203,1330.531,1421.926,1035.337,1330.455,24,25,251.655,1,,,6.34,28287e2a
m6-sweep,cb45beef33f2,19,0,ran,qwen2.5:0.5b,short,10,0,c098.1,1789630112.358431,1789630114.584799,2089.602,2226.265,2053.112,2089.56,24,25,168.296,1,,,6.96,2b986171
m6-sweep,0b8e0617aebb,20,0,ran,qwen2.5:0.5b,short,10,0,c098.1,1789630115.085066,1789630115.260157,61.017,174.993,21.887,60.983,23,24,193.024,1,,,6.96,de047989
m6-sweep,2d8db0ed92bd,21,0,ran,qwen2.5:0.5b,short,10,0,c098.1,1789630115.760472,1789630116.950984,1098.893,1190.386,1060.9,1098.853,24,25,251.386,1,,,6.96,b9900dee
m6-sweep,fd76020bef18,22,0,ran,qwen2.5:0.5b,short,10,0,c098.1,1789630117.451251,1789630117.650739,67.473,199.377,23.889,67.437,31,32,227.439,1,,,7.60,4301886a
m6-sweep,f3d32f052ca8,23,0,ran,qwen2.5:0.5b,short,10,0,c098.1,1789630118.150963,1789630119.039344,74.335,888.232,31.087,74.286,24,25,28.259,1,,,7.60,35d5bf50
m6-sweep,ef67281df742,24,0,ran,qwen2.5:0.5b,short,10,0,c098.1,1789630119.539608,1789630119.727999,88.191,188.27,25.707,88.151,24,25,229.819,1,,,7.60,93ca9e97
m6-sweep,20c884c7e9e0,25,0,ran,qwen2.5:0.5b,short,10,0,c098.1,1789630120.228293,1789630120.67241,350.428,443.956,33.909,350.376,24,25,245.915,1,,,7.60,49cdab68
m6-sweep,23751205d666,26,0,ran,qwen2.5:0.5b,short,10,0,c098.1,1789630121.172682,1789630122.339549,1073.687,1166.642,1030.567,1073.638,24,25,247.431,1,,,7.23,f0414adb
m6-sweep,e5fafe1cb897,27,0,ran,qwen2.5:0.5b,short,10,0,c098.1,1789630122.839803,1789630123.005526,77.913,165.6,35.921,77.845,22,23,239.487,1,,,7.23,59e3d234
m6-sweep,face26b42b22,28,0,ran,qwen2.5:0.5b,short,10,0,c098.1,1789630123.505797,1789630123.671555,72.122,165.615,27.757,72.086,24,25,246.007,1,,,7.23,68ec5d5e
m6-sweep,74380b4e8309,29,0,ran,qwen2.5:0.5b,short,10,0,c098.1,1789630124.1719,1789630124.403628,74.76,231.621,36.776,74.691,23,24,140.252,1,,,7.23,fab4cfb3
m6-sweep,8631ed07fe16,30,0,ran,qwen2.5:0.5b,short,10,0,c098.1,1789630124.903839,1789630126.072234,1072.221,1168.173,1035.91,1072.187,24,25,239.702,1,,,7.23,c0c5e544
m6-sweep,c33ea1ab7ebb,31,0,ran,qwen2.5:0.5b,short,10,0,c098.1,1789630126.572534,1789630127.033281,350.877,460.645,36.445,350.827,24,25,209.533,1,,,7.23,ba72e3a4
m6-sweep,7d40a843e6d2,32,0,ran,qwen2.5:0.5b,short,10,0,c098.1,1789630127.533511,1789630127.702995,75.593,169.357,32.772,75.558,24,25,245.298,1,,,7.93,37b1131c
m6-sweep,52928f91c7b2,33,0,ran,qwen2.5:0.5b,short,10,0,c098.1,1789630128.203223,1789630129.387181,1093.678,1183.749,1043.297,1093.646,24,25,255.355,1,,,7.93,60eb90f3
m6-sweep,e6028930c9f7,34,0,ran,qwen2.5:0.5b,short,10,0,c098.1,1789630129.887536,1789630130.087094,80.743,199.459,39.738,80.688,31,32,252.702,1,,,7.93,1089b46a
m6-sweep,0c6155a28b62,35,0,ran,qwen2.5:0.5b,short,10,0,c098.1,1789630130.587296,1789630130.818966,68.702,231.571,28.237,68.648,45,46,270.155,1,,,7.93,44a712fe
m6-sweep,560cf72864db,36,0,ran,qwen2.5:0.5b,short,10,0,c098.1,1789630131.31927,1789630131.498493,65.755,179.123,26.366,65.675,28,29,238.162,1,,,7.93,146f43b0
m6-sweep,4fa6ee309480,37,0,ran,qwen2.5:0.5b,short,10,0,c098.1,1789630131.998763,1789630132.167501,70.502,168.62,32.543,70.446,24,25,234.413,1,,,7.54,a681fdb1
m6-sweep,de48dd2a9b4b,38,0,ran,qwen2.5:0.5b,short,10,0,c098.1,1789630132.667737,1789630133.855003,1095.102,1187.151,1052.13,1095.024,24,25,249.866,1,,,7.54,c035dcc4
m6-sweep,48dfd7ca0dc7,39,0,ran,qwen2.5:0.5b,short,10,0,c098.1,1789630134.355257,1789630134.509456,60.584,154.084,21.458,60.517,24,25,245.99,1,,,7.54,5e34c6ed
m6-sweep,0890bec66829,40,0,ran,qwen2.5:0.5b,short,10,0,c098.1,1789630135.00968,1789630135.181012,97.968,171.22,31.2,97.925,24,25,313.984,1,,,7.54,935c4c58
m6-sweep,4f0c71deb9b8,41,0,ran,qwen2.5:0.5b,short,10,0,c098.1,1789630135.681292,1789630138.955127,3183.109,3273.646,1048.514,3183.075,24,25,254.041,1,,,7.34,f89821dd
m6-sweep,d75173830e7c,42,0,ran,qwen2.5:0.5b,short,10,0,c098.1,1789630139.455455,1789630140.650824,1079.067,1195.25,1039.166,1079.027,25,26,206.571,1,,,7.34,a39c1879
m6-sweep,1e2883816dc7,43,0,ran,qwen2.5:0.5b,short,10,0,c098.1,1789630141.15106,1789630142.051705,68.544,900.539,29.711,68.502,28,29,32.452,1,,,7.34,595f92ee
m6-sweep,edc0375bc162,44,0,ran,qwen2.5:0.5b,short,10,0,c098.1,1789630142.551907,1789630142.714982,69.83,162.951,30.903,69.777,24,25,246.99,1,,,6.83,4d12ed95
m6-sweep,4cea140bce64,45,0,ran,qwen2.5:0.5b,short,10,0,c098.1,1789630143.215202,1789630143.657972,355.154,442.653,32.108,355.097,24,25,262.862,1,,,6.83,d1bd5bc3
m6-sweep,966822c548a6,46,0,ran,qwen2.5:0.5b,short,10,0,c098.1,1789630144.15823,1789630144.308734,61.622,150.36,23.093,61.588,24,25,259.192,1,,,6.83,d169a52d
m6-sweep,9c3ac5f0e815,47,0,ran,qwen2.5:0.5b,short,10,0,c098.1,1789630144.808973,1789630145.245281,316.759,436.213,19.95,316.724,31,32,251.143,1,,,6.83,43a8bf95
m6-sweep,c824aa5617e0,48,0,ran,qwen2.5:0.5b,short,10,0,c098.1,1789630145.745494,1789630145.936075,73.483,190.483,28.852,73.442,31,32,256.411,1,,,6.83,292936bd
m6-sweep,6c67c67d7b33,49,0,ran,qwen2.5:0.5b,short,10,0,c098.1,1789630146.436312,1789630146.615422,66.939,179.002,25.097,66.903,31,32,267.706,1,,,6.83,ded6ad89
m6-sweep,8493ea1b77ef,50,0,ran,qwen2.5:0.5b,short,10,0,c098.1,1789630147.115649,1789630147.323838,185.984,208.073,34.025,185.937,24,25,1041.218,1,,,6.52,facad5d1
m6-sweep,62483d5ee4a1,51,0,ran,qwen2.5:0.5b,short,10,0,c098.1,1789630147.8241,1789630148.008562,68.141,184.293,20.742,68.076,24,25,198.016,1,,,6.52,bd25db69
m6-sweep,f3cf5c03f7a7,52,0,ran,qwen2.5:0.5b,short,10,0,c098.1,1789630148.508846,1789630148.919288,371.176,410.334,22.192,371.141,24,25,587.366,1,,,6.52,baaa6b91
m6-sweep,da3c9d13bdb2,0,1,ran,qwen2.5:0.5b,short,0,0,c099.1,1789630151.317518,1789630151.481181,71.061,163.546,30.469,71.02,24,25,248.689,1,,,6.52,1a755ba7
m6-sweep,652c01ed4e9c,1,1,ran,qwen2.5:0.5b,short,0,0,c099.1,1789630151.981405,1789630152.150024,61.227,168.459,21.522,61.188,28,29,251.791,1,,,7.28,8f77875f
m6-sweep,49d1aa866b0a,2,1,ran,qwen2.5:0.5b,short,0,0,c099.1,1789630152.650323,1789630152.819226,72.501,168.79,29.222,72.46,24,25,238.865,1,,,7.28,b69af1c2
m6-sweep,5fc3fb9027ba,3,0,ran,qwen2.5:0.5b,short,0,0,c099.1,1789630153.319475,1789630153.476462,59.625,156.874,21.115,59.573,26,27,257.072,1,,,7.28,bb267518
m6-sweep,333b430f561e,4,0,ran,qwen2.5:0.5b,short,0,0,c099.1,1789630153.976696,1789630154.134782,63.877,157.942,21.497,63.842,24,25,244.511,1,,,7.28,6a9a83a0
m6-sweep,8e3dd5cd1873,5,0,ran,qwen2.5:0.5b,short,0,0,c099.1,1789630154.635069,1789630154.813515,60.625,178.354,20.943,60.571,31,32,254.822,1,,,7.28,cee23080
m6-sweep,efc043ae854c,6,0,ran,qwen2.5:0.5b,short,0,0,c099.1,1789630155.313755,1789630155.476972,70.995,163.015,30.595,70.943,24,25,249.945,1,,,7.28,83ada835
m6-sweep,baa31fcb323d,7,0,ran,qwen2.5:0.5b,short,0,0,c099.1,1789630155.977284,1789630156.156353,66.175,178.843,25.145,66.128,30,31,257.395,1,,,7.28,6d0b223c
m6-sweep,9932fbb038dd,8,0,ran,qwen2.5:0.5b,short,0,0,c099.1,1789630156.656689,1789630156.816017,66.469,159.203,27.097,66.418,24,25,248.021,1,,,7.28,5b586b54
m6-sweep,03f9364363ab,9,0,ran,qwen2.5:0.5b,short,0,0,c099.1,1789630157.316281,1789630157.475013,67.557,158.598,23.585,67.49,24,25,252.636,1,,,7.26,36c12293
m6-sweep,7596b1f8c3be,10,0,ran,qwen2.5:0.5b,short,0,0,c099.1,1789630157.975211,1789630158.129665,63.582,154.285,23.785,63.535,24,25,253.573,1,,,7.26,c397103f
m6-sweep,057aacc6935e,11,0,ran,qwen2.5:0.5b,short,0,0,c099.1,1789630158.62993,1789630158.812817,67.246,182.752,26.816,67.194,30,31,251.069,1,,,7.26,f9e9edff
m6-sweep,494d0a987599,12,0,ran,qwen2.5:0.5b,short,0,0,c099.1,1789630159.313052,1789630159.475692,69.343,162.478,24.77,69.286,24,25,246.952,1,,,7.26,a1bef0b3
m6-sweep,832483bedc6e,13,0,ran,qwen2.5:0.5b,short,0,0,c099.1,1789630159.975963,1789630160.134721,66.33,158.649,26.087,66.278,24,25,249.137,1,,,7.26,c7802792
m6-sweep,75de0d101266,14,0,ran,qwen2.5:0.5b,short,0,0,c099.1,1789630160.634965,1789630160.793198,65.81,158.12,21.498,65.768,24,25,249.161,1,,,7.26,2818fdee
m6-sweep,d46170fc9387,15,0,ran,qwen2.5:0.5b,short,0,0,c099.1,1789630161.293423,1789630161.457032,71.935,163.461,27.356,71.874,24,25,251.294,1,,,7.26,422a2c7c
m6-sweep,8384f79312c8,16,0,ran,qwen2.5:0.5b,short,0,0,c099.1,1789630161.957355,1789630162.113276,65.147,155.662,21.556,65.09,24,25,254.104,1,,,7.26,2ccc8cdf
m6-sweep,c1657fb0aaba,17,0,ran,qwen2.5:0.5b,short,0,0,c099.1,1789630162.613482,1789630162.775463,70.076,161.86,31.024,70.025,24,25,250.589,1,,,7.88,38a73548
m6-sweep,7fb08c449985,18,0,ran,qwen2.5:0.5b,short,0,0,c099.1,1789630163.275706,1789630163.444663,76.82,168.809,36.87,76.752,24,25,250.029,1,,,7.88,c112dc2d
m6-sweep,cf0871dbc8d0,19,0,ran,qwen2.5:0.5b,short,0,0,c099.1,1789630163.944927,1789630164.098496,66.588,153.459,23.967,66.546,23,24,253.247,1,,,7.88,a62ed031
m6-sweep,338c8bc13d8c,20,0,ran,qwen2.5:0.5b,short,0,0,c099.1,1789630164.598703,1789630164.771007,75.843,172.15,35.303,75.801,24,25,238.821,1,,,7.88,3d7ab240
m6-sweep,52441d71c607,21,0,ran,qwen2.5:0.5b,short,0,0,c099.1,1789630165.271249,1789630165.43287,62.269,161.484,21.091,62.223,24,25,231.819,1,,,7.88,f0cb11ca
m6-sweep,9247998e054f,22,0,ran,qwen2.5:0.5b,short,0,0,c099.1,1789630165.933114,1789630166.114203,85.33,180.919,38.491,85.295,24,25,240.614,1,,,7.88,c9046c69
m6-sweep,db8388c4ba87,0,1,ran,qwen2.5:3b,long,1,50,c100.1,1789630168.584834,1789630172.734553,3234.777,4149.595,128.137,3234.678,87,88,94.008,1,,,8.41,cc42778a
m6-sweep,d7b622aaf4fa,1,1,ran,qwen2.5:3b,long,1,50,c100.1,1789630173.234835,1789630175.226468,844.708,1991.499,131.465,844.652,109,110,94.176,1,,,8.41,981890b2
m6-sweep,b5273fa1a4eb,2,1,ran,qwen2.5:3b,long,1,50,c100.1,1789630175.726676,1789630177.804375,826.964,2077.584,134.572,826.909,120,121,95.153,1,,,8.14,499324b7
m6-sweep,4985ca795f21,3,0,ran,qwen2.5:3b,long,1,50,c100.1,1789630178.304629,1789630179.853808,391.954,1549.086,123.254,391.903,111,112,95.063,1,,,8.14,e860440b
m6-sweep,2f15a39468a1,4,0,ran,qwen2.5:3b,long,1,50,c100.1,1789630180.354017,1789630181.911947,383.998,1557.765,119.658,383.947,113,114,95.419,1,,,8.14,be3824b3
m6-sweep,3066959b40b4,5,0,ran,qwen2.5:3b,long,1,50,c100.1,1789630182.412159,1789630185.304641,1853.685,2892.381,1153.902,1853.639,99,100,94.349,1,,,7.72,dbafc866
m6-sweep,7688374e6add,6,0,ran,qwen2.5:3b,long,1,50,c100.1,1789630185.804986,1789630187.036151,386.631,1231.07,124.553,386.572,81,82,94.737,1,,,7.72,1961ab3f
m6-sweep,7e1cc685dfdb,7,0,ran,qwen2.5:3b,long,1,50,c100.1,1789630187.536441,1789630188.995751,395.888,1459.135,128.508,395.849,102,103,94.992,1,,,7.67,9288eb2a
m6-sweep,039a9bb23279,8,0,ran,qwen2.5:3b,long,1,50,c100.1,1789630189.496109,1789630191.052084,404.166,1555.879,138.389,404.094,99,100,85.091,1,,,7.67,81f7141c
m6-sweep,a96aff63f780,9,0,ran,qwen2.5:3b,long,1,50,c100.1,1789630191.55231,1789630193.211612,380.241,1659.109,119.105,380.176,118,119,91.487,1,,,8.17,ab595fa2
m6-sweep,775971cc110f,10,0,ran,qwen2.5:3b,long,1,50,c100.1,1789630193.712042,1789630195.167184,389.208,1455.006,124.23,389.154,102,103,94.765,1,,,8.17,b2236810
m6-sweep,93aa3c209fa8,11,0,ran,qwen2.5:3b,long,1,50,c100.1,1789630195.667464,1789630197.78109,831.044,2113.505,129.66,830.966,123,124,95.13,1,,,8.88,e5602920
m6-sweep,0aad4b7dd09e,12,0,ran,qwen2.5:3b,long,1,50,c100.1,1789630198.281346,1789630199.962936,400.422,1681.492,139.734,400.347,123,124,95.233,1,,,8.88,a746b5f0
m6-sweep,872496107965,13,0,ran,qwen2.5:3b,long,1,50,c100.1,1789630200.463142,1789630202.01328,388.448,1549.963,127.679,388.411,110,111,93.843,1,,,8.88,8eac89ee
m6-sweep,9da66aae81f4,14,0,ran,qwen2.5:3b,long,1,50,c100.1,1789630202.513633,1789630203.875951,384.438,1362.219,119.744,384.385,94,95,95.113,1,,,9.29,fc45cfb3
m6-sweep,613a65a5f4e5,15,0,ran,qwen2.5:3b,long,1,50,c100.1,1789630204.376184,1789630205.827932,385.692,1451.611,126.794,385.585,102,103,94.754,1,,,9.29,cb7af776
m6-sweep,106fc1371877,16,0,ran,qwen2.5:3b,long,1,50,c100.1,1789630206.328281,1789630207.559401,393.94,1230.906,135.808,393.845,80,81,94.389,1,,,9.03,bfc1dd64
m6-sweep,180f26249e5e,17,0,ran,qwen2.5:3b,long,1,50,c100.1,1789630208.059761,1789630209.673415,389.771,1613.557,127.6,389.715,117,118,94.788,1,,,9.03,bbfcf527
m6-sweep,d683b553969a,18,0,ran,qwen2.5:3b,long,1,50,c100.1,1789630210.174228,1789630211.610116,398.938,1435.791,138.182,398.884,99,100,94.517,1,,,9.03,bd1858b0
m6-sweep,b9666f7392b3,19,0,ran,qwen2.5:3b,long,1,50,c100.1,1789630212.110428,1789630213.56934,390.374,1458.766,125.661,390.32,102,103,94.535,1,,,8.46,05bb29ba
m6-sweep,5bdf48da4a07,20,0,ran,qwen2.5:3b,long,1,50,c100.1,1789630214.06966,1789630215.543329,397.182,1473.55,133.683,397.136,103,104,94.763,1,,,8.46,43cd8557
m6-sweep,03caf575d7a3,21,0,ran,qwen2.5:3b,long,1,50,c100.1,1789630216.04359,1789630217.707467,857.504,1663.782,131.998,857.447,77,78,94.26,1,,,8.03,6d3f5e62
m6-sweep,335a2a50b90f,22,0,ran,qwen2.5:3b,long,1,50,c100.1,1789630218.207696,1789630219.486993,381.532,1279.179,126.804,381.475,86,87,94.692,1,,,8.03,2763f6fa
m6-sweep,42a71e038b31,23,0,ran,qwen2.5:3b,long,1,50,c100.1,1789630219.987221,1789630221.509824,384.73,1522.488,120.913,384.653,109,110,94.923,1,,,8.03,98e6a48c
m6-sweep,a918817999b8,24,0,ran,qwen2.5:3b,long,1,50,c100.1,1789630222.010074,1789630223.584263,399.171,1574.007,133.255,399.133,112,113,94.481,1,,,7.46,8732bca5
m6-sweep,c42908af931a,25,0,ran,qwen2.5:3b,long,1,50,c100.1,1789630224.084691,1789630225.350494,399.532,1265.693,136.303,399.489,83,84,94.671,1,,,7.46,1f244452
m6-sweep,cca0ccdb1623,26,0,ran,qwen2.5:3b,long,1,50,c100.1,1789630225.850731,1789630227.197837,386.889,1347.0,123.507,386.832,92,93,94.781,1,,,7.46,a3ac1f02
m6-sweep,9f359184bbf9,27,0,ran,qwen2.5:3b,long,1,50,c100.1,1789630227.698116,1789630229.26976,397.312,1571.53,135.782,397.267,112,113,94.531,1,,,8.07,59e32f52
m6-sweep,90efa9e686d7,28,0,ran,qwen2.5:3b,long,1,50,c100.1,1789630229.770022,1789630231.46645,393.383,1696.331,130.038,393.328,113,114,85.959,1,,,8.07,53329aff
m6-sweep,f6a3d61d57c2,29,0,ran,qwen2.5:3b,long,1,50,c100.1,1789630231.966681,1789630233.752543,828.774,1785.73,125.522,828.727,92,93,95.093,1,,,7.66,205cffc3
m6-sweep,871e7c408082,30,0,ran,qwen2.5:3b,long,1,50,c100.1,1789630234.252813,1789630235.675982,540.059,1423.066,136.004,540.019,95,96,106.454,1,,,7.66,000506f0
m6-sweep,915295d7c35c,31,0,ran,qwen2.5:3b,long,1,50,c100.1,1789630236.176237,1789630237.804473,376.763,1628.107,120.627,376.727,120,121,95.098,1,,,8.25,840fe7f7
m6-sweep,d65a5c8abdfa,32,0,ran,qwen2.5:3b,long,1,50,c100.1,1789630238.304758,1789630240.301159,863.283,1996.282,135.67,863.238,101,102,88.261,1,,,8.25,32ae47ab
m6-sweep,f3f4786e287e,33,0,ran,qwen2.5:3b,long,1,50,c100.1,1789630240.801365,1789630242.080835,371.994,1279.367,119.642,371.949,87,88,94.779,1,,,8.25,524f1669
m6-sweep,3124152fa020,34,0,ran,qwen2.5:3b,long,1,50,c100.1,1789630242.581238,1789630243.816456,384.458,1235.105,131.222,384.42,81,82,94.046,1,,,7.83,87271bed
m6-sweep,fd93239726e0,35,0,ran,qwen2.5:3b,long,1,50,c100.1,1789630244.316683,1789630246.600228,1413.609,2283.43,1143.766,1413.551,78,79,88.524,1,,,7.83,23e64651
m6-sweep,9f20fe2c6f76,36,0,ran,qwen2.5:3b,long,1,50,c100.1,1789630247.100497,1789630248.755876,396.707,1655.234,134.165,396.671,120,121,94.555,1,,,7.28,b25b53af
m6-sweep,36dd5afea9a9,37,0,ran,qwen2.5:3b,long,1,50,c100.1,1789630249.256146,1789630250.961353,389.09,1705.088,125.286,389.051,126,127,94.985,1,,,7.28,a139ae39
m6-sweep,9e52de7ef1f1,38,0,ran,qwen2.5:3b,long,1,50,c100.1,1789630251.461593,1789630252.757342,389.202,1295.635,128.117,389.162,79,80,86.052,1,,,7.50,2fe71e49
m6-sweep,d2228c93af65,39,0,ran,qwen2.5:3b,long,1,50,c100.1,1789630253.25757,1789630254.779921,403.073,1522.253,138.393,403.025,107,108,94.712,1,,,7.50,310436c6
m6-sweep,9a96aac71ec8,40,0,ran,qwen2.5:3b,long,1,50,c100.1,1789630255.280152,1789630256.484542,385.175,1204.25,119.551,385.121,78,79,94.008,1,,,7.50,6a17d48d
m6-sweep,a2be48eaa42e,41,0,ran,qwen2.5:3b,long,1,50,c100.1,1789630256.984832,1789630258.664061,391.442,1679.126,130.295,391.384,123,124,94.744,1,,,7.14,2cf9b650
m6-sweep,590e7df22695,42,0,ran,qwen2.5:3b,long,1,50,c100.1,1789630259.164281,1789630260.768733,403.767,1604.351,138.092,403.726,115,116,94.954,1,,,7.14,78d9b29b
m6-sweep,ed80ae50c1a1,43,0,ran,qwen2.5:3b,long,1,50,c100.1,1789630261.268984,1789630262.470105,387.013,1201.027,122.847,386.958,77,78,93.364,1,,,8.09,e02d9685
m6-sweep,ab330a23bf0e,44,0,ran,qwen2.5:3b,long,1,50,c100.1,1789630262.97044,1789630264.332616,394.677,1362.031,129.028,394.62,93,94,95.105,1,,,8.09,e8cc758b
m6-sweep,303e3bde2fd1,45,0,ran,qwen2.5:3b,long,1,50,c100.1,1789630264.832829,1789630266.264121,387.237,1431.192,126.417,387.18,99,100,93.874,1,,,8.09,e25dd1ec
m6-sweep,42a1fe72ea8b,46,0,ran,qwen2.5:3b,long,1,50,c100.1,1789630266.764519,1789630268.418329,390.343,1653.716,126.055,390.269,121,122,94.984,1,,,8.80,e4d6c16c
m6-sweep,ce41a4becb6e,47,0,ran,qwen2.5:3b,long,1,50,c100.1,1789630268.918572,1789630270.489178,391.236,1570.504,124.381,391.177,97,98,81.406,1,,,8.80,48051e8c
m6-sweep,0d6ede98d08d,48,0,ran,qwen2.5:3b,long,1,50,c100.1,1789630270.989401,1789630272.388803,386.984,1399.285,125.67,386.928,97,98,94.833,1,,,9.30,544c288d
m6-sweep,7a8ecb5410d9,49,0,ran,qwen2.5:3b,long,1,50,c100.1,1789630272.889008,1789630274.687355,837.239,1798.212,134.683,837.181,92,93,94.696,1,,,9.30,62a68168
m6-sweep,84511e0318d8,50,0,ran,qwen2.5:3b,long,1,50,c100.1,1789630275.187648,1789630277.368986,852.462,2181.227,125.423,852.408,127,128,94.825,1,,,9.76,24768486
m6-sweep,27ea375b2da1,51,0,ran,qwen2.5:3b,long,1,50,c100.1,1789630277.869224,1789630279.393334,371.953,1523.945,119.637,371.916,105,106,90.278,1,,,9.76,b1d81390
m6-sweep,721341017e24,52,0,ran,qwen2.5:3b,long,1,50,c100.1,1789630279.89356,1789630281.177423,384.739,1283.734,130.014,384.682,86,87,94.55,1,,,9.76,eb210a3c
m6-sweep,486f2e60184e,0,1,ran,qwen2.5:1.5b,long,10,0,c101.1,1789630283.712619,1789630287.555546,3015.017,3842.804,40.002,3014.917,115,116,137.716,1,,,8.72,4af7cc41
m6-sweep,b930d590cfb1,1,1,ran,qwen2.5:1.5b,long,10,0,c101.1,1789630288.05587,1789630290.056489,1183.512,2000.471,1027.566,1183.424,128,128,155.454,1,,,8.72,0f3d5bf6
m6-sweep,ae5c887c0b94,2,1,ran,qwen2.5:1.5b,long,10,0,c101.1,1789630290.556718,1789630291.602621,126.802,1045.77,27.418,126.746,128,128,138.198,1,,,8.72,34753515
m6-sweep,169627b555aa,3,0,ran,qwen2.5:1.5b,long,10,0,c101.1,1789630292.102862,1789630294.199807,1128.631,2096.845,1029.209,1128.586,128,128,131.169,1,,,8.18,e72b5792
m6-sweep,15acc78a8626,4,0,ran,qwen2.5:1.5b,long,10,0,c101.1,1789630294.700033,1789630295.703335,140.191,1003.157,34.641,140.152,128,128,147.167,1,,,8.18,3752e220
m6-sweep,a0a76978d12f,5,0,ran,qwen2.5:1.5b,long,10,0,c101.1,1789630296.203686,1789630297.173463,129.897,969.631,28.725,129.795,128,128,151.238,1,,,8.18,fac083d9
m6-sweep,bf0ec0c5763b,6,0,ran,qwen2.5:1.5b,long,10,0,c101.1,1789630297.673735,1789630299.55953,1173.028,1885.662,1020.111,1172.95,111,112,154.357,1,,,7.77,92315d01
m6-sweep,76787ce781e8,7,0,ran,qwen2.5:1.5b,long,10,0,c101.1,1789630300.059783,1789630301.061767,117.795,1001.856,19.524,117.759,128,128,143.655,1,,,7.77,40f29799
m6-sweep,e25c2af3f14a,8,0,ran,qwen2.5:1.5b,long,10,0,c101.1,1789630301.561977,1789630302.535825,137.333,973.748,34.326,137.259,128,128,151.839,1,,,7.63,8fc9d7a3
m6-sweep,ccd0fe2b52bc,9,0,ran,qwen2.5:1.5b,long,10,0,c101.1,1789630303.036052,1789630304.248348,115.704,1212.163,15.116,115.612,128,128,115.827,1,,,7.63,3faae277
m6-sweep,1619da428039,10,0,ran,qwen2.5:1.5b,long,10,0,c101.1,1789630304.748563,1789630306.912989,1331.154,2164.302,1060.982,1331.118,128,128,152.434,1,,,7.63,b5770bbd
m6-sweep,6bed2c78dd02,11,0,ran,qwen2.5:1.5b,long,10,0,c101.1,1789630307.413261,1789630316.803783,8405.551,9390.4,3082.392,8405.513,128,128,128.954,1,,,7.00,2762bbc2
m6-sweep,33e02286a465,12,0,ran,qwen2.5:1.5b,long,10,0,c101.1,1789630317.304033,1789630318.246571,127.026,942.422,19.979,126.967,128,128,155.752,1,,,6.52,0a940218
m6-sweep,b03cec5b0e7e,13,0,ran,qwen2.5:1.5b,long,10,0,c101.1,1789630318.746779,1789630319.698792,138.217,951.896,39.424,138.174,128,128,156.081,1,,,6.52,6c79f4b7
m6-sweep,a0fcd6ed078a,14,0,ran,qwen2.5:1.5b,long,10,0,c101.1,1789630320.199019,1789630321.20009,131.764,1000.957,32.244,131.72,128,128,146.113,1,,,6.52,b47bd567
m6-sweep,75dcd0e6f515,15,0,ran,qwen2.5:1.5b,long,10,0,c101.1,1789630321.70033,1789630322.601507,131.001,901.05,34.202,130.957,115,116,148.042,1,,,7.28,a21450ae
m6-sweep,1aad23c3d8ab,16,0,ran,qwen2.5:1.5b,long,10,0,c101.1,1789630323.1018,1789630324.124708,182.112,1022.79,34.992,182.064,128,128,151.069,1,,,7.28,291f01cb
m6-sweep,49ec39df3f30,17,0,ran,qwen2.5:1.5b,long,10,0,c101.1,1789630324.624942,1789630326.597333,1158.284,1972.275,1061.833,1158.246,128,128,156.021,1,,,7.28,6687c44b
m6-sweep,bfe8896b5936,18,0,ran,qwen2.5:1.5b,long,10,0,c101.1,1789630327.097572,1789630328.171361,245.605,1073.681,19.477,245.567,128,128,153.368,1,,,7.02,c81d3609
m6-sweep,3b4940ce1084,19,0,ran,qwen2.5:1.5b,long,10,0,c101.1,1789630328.671635,1789630329.679561,131.771,1007.813,33.494,131.717,128,128,144.97,1,,,7.02,787b3f1e
m6-sweep,09ef25e515fc,20,0,ran,qwen2.5:1.5b,long,10,0,c101.1,1789630330.179789,1789630331.228774,129.383,1048.857,33.195,129.34,101,102,108.758,1,,,7.02,2e125709
m6-sweep,6278e4c13514,21,0,ran,qwen2.5:1.5b,long,10,0,c101.1,1789630331.729145,1789630333.727117,1170.741,1997.79,1063.459,1170.702,122,123,146.303,1,,,6.86,cd7f05f9
m6-sweep,4ec99ed22aa7,22,0,ran,qwen2.5:1.5b,long,10,0,c101.1,1789630334.22745,1789630335.214635,135.992,987.083,34.56,135.936,128,128,149.22,1,,,6.86,45bbc2bf
m6-sweep,54f0ff93bc72,23,0,ran,qwen2.5:1.5b,long,10,0,c101.1,1789630335.714901,1789630336.674533,144.093,959.507,35.748,144.05,128,128,155.749,1,,,6.86,56b25928
m6-sweep,d4b1b755f62c,24,0,ran,qwen2.5:1.5b,long,10,0,c101.1,1789630337.17478,1789630338.285138,286.637,1110.248,34.928,286.598,128,128,154.199,1,,,6.63,97dff9ab
m6-sweep,e086f445ebfd,25,0,ran,qwen2.5:1.5b,long,10,0,c101.1,1789630338.785372,1789630339.820405,137.69,1034.922,34.738,137.643,128,128,141.546,1,,,6.63,8b1ebbb7
m6-sweep,878c75ffff80,26,0,ran,qwen2.5:1.5b,long,10,0,c101.1,1789630340.320615,1789630341.312192,149.723,991.45,13.21,149.653,128,128,150.88,1,,,6.63,8f6c0fb8
m6-sweep,8296fed84175,27,0,ran,qwen2.5:1.5b,long,10,0,c101.1,1789630341.812485,1789630343.061429,137.361,1248.809,35.13,137.325,128,128,114.265,1,,,6.42,6eaffc67
m6-sweep,aab119531c93,28,0,ran,qwen2.5:1.5b,long,10,0,c101.1,1789630343.561662,1789630347.529481,3077.051,3967.704,1040.694,3077.006,128,128,142.592,1,,,6.54,2f101159
m6-sweep,c3cd591a4902,29,0,ran,qwen2.5:1.5b,long,10,0,c101.1,1789630348.029699,1789630349.315611,144.557,1285.799,35.421,144.436,128,128,111.282,1,,,6.54,8946ef6f
m6-sweep,26497b1a68ae,30,0,ran,qwen2.5:1.5b,long,10,0,c101.1,1789630349.815871,1789630351.191126,256.608,1375.155,25.414,256.535,128,128,113.54,1,,,6.54,c81e8ab6
m6-sweep,529904e8e0dd,31,0,ran,qwen2.5:1.5b,long,10,0,c101.1,1789630351.691387,1789630353.907941,1148.513,2216.443,1039.288,1148.451,128,128,118.922,1,,,6.10,286755c1
m6-sweep,25174c4c80de,32,0,ran,qwen2.5:1.5b,long,10,0,c101.1,1789630354.408205,1789630355.387358,131.819,979.042,32.62,131.767,128,128,149.901,1,,,6.10,dcb36cdf
m6-sweep,2409fc93e7d9,33,0,ran,qwen2.5:1.5b,long,10,0,c101.1,1789630355.887595,1789630356.83379,127.365,946.073,26.113,127.323,128,128,155.123,1,,,6.10,b1c1290b
m6-sweep,ecc5ecdfa979,34,0,ran,qwen2.5:1.5b,long,10,0,c101.1,1789630357.33404,1789630358.287044,133.617,952.869,32.282,133.563,128,128,155.019,1,,,6.01,f1f20dbc
m6-sweep,aef78aa01bb6,35,0,ran,qwen2.5:1.5b,long,10,0,c101.1,1789630358.787306,1789630359.776022,143.011,988.601,34.023,142.964,128,128,150.191,1,,,6.01,6b4c938b
m6-sweep,72bca929df53,36,0,ran,qwen2.5:1.5b,long,10,0,c101.1,1789630360.276232,1789630361.451232,114.024,1174.873,13.566,113.988,128,128,119.715,1,,,6.01,35e90dc0
m6-sweep,352bd067b706,37,0,ran,qwen2.5:1.5b,long,10,0,c101.1,1789630361.951477,1789630372.190786,9412.995,10239.213,1019.539,9412.955,128,128,153.712,1,,,5.77,c24c4c65
m6-sweep,98e5b0d5a9ff,38,0,ran,qwen2.5:1.5b,long,10,0,c101.1,1789630372.691107,1789630376.758708,3228.358,4067.471,3109.319,3228.292,128,128,151.35,1,,,5.55,ff8c8c26
m6-sweep,54065ba733e2,39,0,ran,qwen2.5:1.5b,long,10,0,c101.1,1789630377.258966,1789630378.248828,145.787,989.736,33.601,145.741,128,128,150.483,1,,,5.50,3e3bafe9
m6-sweep,0a7cfb182f18,40,0,ran,qwen2.5:1.5b,long,10,0,c101.1,1789630378.749043,1789630384.378229,4714.982,5629.034,2050.472,4714.929,128,128,138.942,1,,,5.22,2664bd09
m6-sweep,bb4b31369a7b,41,0,ran,qwen2.5:1.5b,long,10,0,c101.1,1789630384.878468,1789630386.933458,1193.913,2054.851,1037.085,1193.878,128,128,147.513,1,,,5.22,6dc3f441
m6-sweep,0ca01f177e7c,42,0,ran,qwen2.5:1.5b,long,10,0,c101.1,1789630387.433677,1789630389.645911,1173.132,2212.096,1039.836,1173.096,128,128,122.237,1,,,4.88,8ae3d325
m6-sweep,11c84ef30b82,43,0,ran,qwen2.5:1.5b,long,10,0,c101.1,1789630390.146162,1789630391.371252,141.386,1224.943,34.182,141.33,128,128,117.207,1,,,4.88,0fde99c9
m6-sweep,21cc0c0c1891,44,0,ran,qwen2.5:1.5b,long,10,0,c101.1,1789630391.871504,1789630393.818974,141.773,1947.345,32.124,141.724,128,128,70.338,1,,,5.05,85d7bc37
m6-sweep,33eac7c0c77b,45,0,ran,qwen2.5:1.5b,long,10,0,c101.1,1789630394.319214,1789630396.563696,1151.713,2244.369,1035.662,1151.675,128,128,116.23,1,,,5.05,b0ca3bb3
m6-sweep,6b32dbaac59a,46,0,ran,qwen2.5:1.5b,long,10,0,c101.1,1789630397.063917,1789630398.538801,142.065,1474.777,32.991,142.028,128,128,95.294,1,,,4.97,eb315eab
m6-sweep,94c52434a9f5,47,0,ran,qwen2.5:1.5b,long,10,0,c101.1,1789630399.039047,1789630400.156317,295.012,1117.133,32.426,294.968,128,128,154.479,1,,,4.97,358d4c2e
m6-sweep,48669c956ba2,48,0,ran,qwen2.5:1.5b,long,10,0,c101.1,1789630400.656586,1789630401.859085,133.348,1202.38,32.96,133.274,128,128,118.799,1,,,4.97,f0b12344
m6-sweep,c239f834cf74,49,0,ran,qwen2.5:1.5b,long,10,0,c101.1,1789630402.35942,1789630404.368198,1166.628,2008.661,1057.942,1166.59,128,128,150.825,1,,,4.89,25b757d7
m6-sweep,7f033c4e95f9,50,0,ran,qwen2.5:1.5b,long,10,0,c101.1,1789630404.868449,1789630406.835948,1137.659,1967.384,1036.984,1137.623,128,128,153.063,1,,,4.89,bd17fd03
m6-sweep,764a27361fee,51,0,ran,qwen2.5:1.5b,long,10,0,c101.1,1789630407.336152,1789630408.619844,134.082,1283.583,34.536,133.893,128,128,110.483,1,,,4.66,96b93f8b
m6-sweep,f2a74b7e2419,52,0,ran,qwen2.5:1.5b,long,10,0,c101.1,1789630409.120133,1789630410.295408,130.072,1175.141,20.386,129.975,128,128,121.523,1,,,4.66,17e79082
m6-sweep,318e62475c99,0,1,ran,qwen2.5:1.5b,long,20,0,c102.1,1789630412.830482,1789630413.7996,141.374,968.999,22.97,141.333,128,128,153.451,1,,,4.61,e51c4973
m6-sweep,5672e77656bf,1,1,ran,qwen2.5:1.5b,long,20,0,c102.1,1789630414.299834,1789630417.736105,2565.633,3436.13,1054.357,2565.582,128,128,145.894,1,,,4.48,ea8d69f7
m6-sweep,2d8eb151c3a8,2,1,ran,qwen2.5:1.5b,long,20,0,c102.1,1789630418.236356,1789630422.483128,3037.022,4246.655,1022.439,3036.987,128,128,104.991,1,,,4.28,43b52027
m6-sweep,3f67dc92d829,3,0,ran,qwen2.5:1.5b,long,20,0,c102.1,1789630422.983388,1789630432.186098,6247.057,9202.601,1037.592,6247.019,128,128,42.97,1,,,4.26,7fba8035
m6-sweep,9448509ff25c,4,0,ran,qwen2.5:1.5b,long,20,0,c102.1,1789630432.68638,1789630455.577796,21632.42,22891.28,1041.296,21632.345,128,128,100.885,1,,,3.52,e5b98397
m6-sweep,87044ef9b753,5,0,ran,qwen2.5:1.5b,long,20,0,c102.1,1789630456.078107,1789630459.007003,134.397,2928.774,33.974,134.316,128,128,45.448,1,,,3.56,491df208
m6-sweep,b1e6bdc365a9,6,0,ran,qwen2.5:1.5b,long,20,0,c102.1,1789630459.507237,1789630460.848365,256.705,1341.017,19.631,256.667,128,128,117.125,1,,,3.56,d2000760
m6-sweep,4324cf863f9e,7,0,ran,qwen2.5:1.5b,long,20,0,c102.1,1789630461.348599,1789630462.30739,136.198,958.68,34.084,136.126,128,128,154.411,1,,,3.56,bb93b3a7
m6-sweep,cad31b8f8975,8,0,ran,qwen2.5:1.5b,long,20,0,c102.1,1789630462.807725,1789630463.972295,287.445,1164.464,35.494,287.377,128,128,144.809,1,,,3.51,d8f40705
m6-sweep,5c49ae99836c,9,0,ran,qwen2.5:1.5b,long,20,0,c102.1,1789630464.472522,1789630466.922771,134.317,2450.126,33.752,134.281,128,128,54.84,1,,,3.51,ff1f8731
m6-sweep,f5909011e281,10,0,ran,qwen2.5:1.5b,long,20,0,c102.1,1789630467.423031,1789630468.460963,144.32,1037.806,33.813,144.276,128,128,142.14,1,,,3.39,148d0787
m6-sweep,019727a9834d,11,0,ran,qwen2.5:1.5b,long,20,0,c102.1,1789630468.961205,1789630470.304695,137.719,1343.357,35.85,137.667,128,128,105.338,1,,,3.39,7d52dd0f
m6-sweep,740f092eee3a,12,0,ran,qwen2.5:1.5b,long,20,0,c102.1,1789630470.80492,1789630472.44296,157.094,1637.931,22.499,157.055,128,128,85.762,1,,,3.44,2b280582
m6-sweep,52aa1d980b82,13,0,ran,qwen2.5:1.5b,long,20,0,c102.1,1789630472.94317,1789630474.483644,283.703,1540.366,33.323,283.646,128,128,101.061,1,,,3.44,e77ba2bc
m6-sweep,78ab9de12668,14,0,ran,qwen2.5:1.5b,long,20,0,c102.1,1789630474.983869,1789630477.075037,1145.068,2091.052,1025.56,1145.029,128,128,134.252,1,,,3.44,bf4e7728
m6-sweep,a13e26e19b62,15,0,ran,qwen2.5:1.5b,long,20,0,c102.1,1789630477.575288,1789630478.913881,285.511,1338.494,33.351,285.472,128,128,120.61,1,,,3.24,77f14db5
m6-sweep,64cf8a7ca0a9,16,0,ran,qwen2.5:1.5b,long,20,0,c102.1,1789630479.414398,1789630481.033964,170.405,1619.432,34.956,170.358,128,128,87.645,1,,,3.24,b384694a
m6-sweep,5ff0f008ffc1,17,0,ran,qwen2.5:1.5b,long,20,0,c102.1,1789630481.534176,1789630484.940718,1164.02,3406.365,1036.314,1163.98,128,128,56.637,1,,,3.30,2ca93258
m6-sweep,7ea8b97038fb,18,0,ran,qwen2.5:1.5b,long,20,0,c102.1,1789630485.440962,1789630486.686831,144.791,1245.743,32.373,144.747,128,128,115.355,1,,,3.30,5c8ea1f4
m6-sweep,78b25c4e0946,19,0,ran,qwen2.5:1.5b,long,20,0,c102.1,1789630487.187085,1789630488.298994,168.198,1111.792,31.696,168.165,127,128,133.532,1,,,4.24,66226b7e
m6-sweep,3aec417af0b8,20,0,ran,qwen2.5:1.5b,long,20,0,c102.1,1789630488.799222,1789630489.929317,121.625,1129.982,20.299,121.584,128,128,125.947,1,,,4.24,4993fd04
m6-sweep,bc9ef0295fca,21,0,ran,qwen2.5:1.5b,long,20,0,c102.1,1789630490.429549,1789630492.410869,1156.507,1981.205,1035.076,1156.472,128,128,153.996,1,,,4.24,1a110938
m6-sweep,d994352a0ed4,22,0,ran,qwen2.5:1.5b,long,20,0,c102.1,1789630492.911107,1789630494.541981,172.049,1630.754,38.164,171.999,128,128,87.064,1,,,4.54,da13ab83
m6-sweep,688a65e3aa6c,23,0,ran,qwen2.5:1.5b,long,20,0,c102.1,1789630495.042234,1789630496.58631,135.948,1543.946,33.055,135.869,128,128,90.199,1,,,4.54,74f34b33
m6-sweep,a21c327cd024,24,0,ran,qwen2.5:1.5b,long,20,0,c102.1,1789630497.086589,1789630499.091196,125.09,2004.457,26.143,125.053,128,128,67.576,1,,,4.42,6980495f
m6-sweep,c48af84d9557,25,0,ran,qwen2.5:1.5b,long,20,0,c102.1,1789630499.591439,1789630501.359294,138.849,1767.73,12.272,138.802,128,128,77.968,1,,,4.42,eec03096
m6-sweep,1cbf10be4ebe,26,0,ran,qwen2.5:1.5b,long,20,0,c102.1,1789630501.859547,1789630503.69414,149.726,1834.483,20.359,149.681,128,128,75.382,1,,,5.11,a98994de
m6-sweep,e0a40248ebb2,27,0,ran,qwen2.5:1.5b,long,20,0,c102.1,1789630504.194528,1789630508.599256,588.015,4404.625,34.472,587.978,128,128,33.276,1,,,5.02,c81efda8
m6-sweep,6e931a363acb,28,0,ran,qwen2.5:1.5b,long,20,0,c102.1,1789630509.099481,1789630511.215455,1236.766,2115.871,1058.043,1236.723,128,128,144.465,1,,,5.02,2820dbc6
m6-sweep,548dfbe2fbdc,29,0,ran,qwen2.5:1.5b,long,20,0,c102.1,1789630511.715678,1789630513.598475,249.517,1882.689,24.069,249.467,128,128,77.763,1,,,5.26,57c1698a
m6-sweep,15bc183764fa,30,0,ran,qwen2.5:1.5b,long,20,0,c102.1,1789630514.098743,1789630517.051404,115.693,2952.55,10.921,115.655,128,128,44.768,1,,,5.26,4cf84a02
m6-sweep,ed3352c04cc9,31,0,ran,qwen2.5:1.5b,long,20,0,c102.1,1789630517.551634,1789630520.645621,1205.593,3093.868,1071.734,1205.547,128,128,67.257,1,,,5.16,7380b2a4
m6-sweep,d5c0f98b1234,32,0,ran,qwen2.5:1.5b,long,20,0,c102.1,1789630521.145827,1789630522.130709,163.984,984.752,32.892,163.949,128,128,154.733,1,,,5.16,b853a37c
m6-sweep,72dbae1c751b,33,0,ran,qwen2.5:1.5b,long,20,0,c102.1,1789630522.630971,1789630526.886803,2272.276,4255.719,1039.356,2272.231,128,128,64.03,1,,,4.98,37b1be79
m6-sweep,afadb9c44240,34,0,ran,qwen2.5:1.5b,long,20,0,c102.1,1789630527.387112,1789630529.381553,1204.42,1994.329,1055.843,1204.348,128,128,160.778,1,,,4.90,1bdaaf47
m6-sweep,426cd27c1390,35,0,ran,qwen2.5:1.5b,long,20,0,c102.1,1789630529.881741,1789630530.971511,138.14,1089.65,35.145,138.087,128,128,133.472,1,,,4.90,55c0be68
m6-sweep,a1010b1c20b8,36,0,ran,qwen2.5:1.5b,long,20,0,c102.1,1789630531.471759,1789630532.666805,125.101,1194.786,21.98,125.051,128,128,118.726,1,,,4.99,31e73a33
m6-sweep,f1ab91e76874,37,0,ran,qwen2.5:1.5b,long,20,0,c102.1,1789630533.167043,1789630535.603287,1180.358,2436.135,1036.293,1180.298,128,128,101.133,1,,,4.99,af6d3c9f
m6-sweep,732f17f0d641,38,0,ran,qwen2.5:1.5b,long,20,0,c102.1,1789630536.103501,1789630538.25297,1202.476,2149.349,1043.591,1202.44,128,128,134.126,1,,,4.91,9fbf8348
m6-sweep,85b467346bfa,39,0,ran,qwen2.5:1.5b,long,20,0,c102.1,1789630538.753282,1789630539.999799,250.484,1246.415,23.386,250.412,128,128,127.519,1,,,4.91,2a3b6ffa
m6-sweep,f4b52ef677e6,40,0,ran,qwen2.5:1.5b,long,20,0,c102.1,1789630540.500041,1789630541.474349,120.942,974.051,11.941,120.887,128,128,148.867,1,,,4.91,a57c56fb
m6-sweep,646bcc81c60b,41,0,ran,qwen2.5:1.5b,long,20,0,c102.1,1789630541.974586,1789630543.124275,284.105,1149.568,33.08,284.057,128,128,146.742,1,,,5.00,67f6dc9d
m6-sweep,3d8d2b81c2b1,42,0,ran,qwen2.5:1.5b,long,20,0,c102.1,1789630543.624502,1789630546.480161,135.259,2855.548,34.263,135.219,128,128,46.686,1,,,5.00,137c6289
m6-sweep,84a48503394c,43,0,ran,qwen2.5:1.5b,long,20,0,c102.1,1789630546.980446,1789630551.674627,144.396,4694.059,31.674,144.341,128,128,27.914,1,,,6.04,ec7cdcc5
m6-sweep,8de4f391acb9,44,0,ran,qwen2.5:1.5b,long,20,0,c102.1,1789630552.17481,1789630553.484858,291.949,1309.936,31.941,291.893,128,128,124.756,1,,,6.92,f16a9d3c
m6-sweep,c42007639ffc,45,0,ran,qwen2.5:1.5b,long,20,0,c102.1,1789630553.985076,1789630556.219292,1150.668,2234.089,1039.367,1150.633,128,128,117.221,1,,,6.92,17d827b3
m6-sweep,0cd59fca2319,46,0,ran,qwen2.5:1.5b,long,20,0,c102.1,1789630556.719509,1789630558.199643,124.842,1480.014,22.216,124.786,128,128,93.715,1,,,6.68,9a3d05aa
m6-sweep,30c500c19a63,47,0,ran,qwen2.5:1.5b,long,20,0,c102.1,1789630558.699907,1789630560.55249,141.281,1852.482,32.314,141.197,128,128,74.217,1,,,6.68,e334dba5
m6-sweep,9e0c20178ed0,48,0,ran,qwen2.5:1.5b,long,20,0,c102.1,1789630561.052709,1789630562.335338,142.748,1282.504,31.378,142.707,128,128,111.427,1,,,6.68,f428d4be
m6-sweep,cb8458df60c5,49,0,ran,qwen2.5:1.5b,long,20,0,c102.1,1789630562.835569,1789630594.555869,1278.762,,1057.492,1278.724,57,,,0,timeout,total deadline,4.98,e51c0305
m6-sweep,0a639f90efc0,50,0,ran,qwen2.5:1.5b,long,20,0,c102.1,1789630595.056082,1789630597.405521,856.127,2349.312,18.524,856.091,128,128,85.053,1,,,4.98,f55f2c13
m6-sweep,88f2be1c0da3,51,0,ran,qwen2.5:1.5b,long,20,0,c102.1,1789630597.905782,1789630606.195815,281.385,8289.926,33.401,281.316,128,128,15.858,1,,,4.44,0a2f745d
m6-sweep,09fd31ec377d,52,0,ran,qwen2.5:1.5b,long,20,0,c102.1,1789630606.696022,1789630607.901432,334.858,1205.294,32.002,334.809,128,128,145.904,1,,,4.72,8ddf3745
m6-sweep,35ef06d9a45d,0,1,ran,qwen2.5:3b,long,5,50,c103.1,1789630610.435369,1789630614.981156,3550.016,4545.526,124.73,3549.968,79,80,78.352,1,,,4.59,d0e1bdd5
m6-sweep,9701e09ed7de,1,1,ran,qwen2.5:3b,long,5,50,c103.1,1789630615.481753,1789630616.797518,388.706,1315.642,121.619,388.655,81,82,86.306,1,,,4.59,1c39c4d9
m6-sweep,3a0d376fd97c,2,1,ran,qwen2.5:3b,long,5,50,c103.1,1789630617.297775,1789630618.530325,389.93,1232.447,122.12,389.877,80,81,93.767,1,,,4.54,a20cd34f
m6-sweep,12ba11c3ff94,3,0,ran,qwen2.5:3b,long,5,50,c103.1,1789630619.030581,1789630621.110406,984.757,2079.711,125.488,984.721,105,106,94.981,1,,,4.54,c5327b17
m6-sweep,d3674db81d32,4,0,ran,qwen2.5:3b,long,5,50,c103.1,1789630621.610659,1789630622.999463,378.648,1388.684,121.749,378.59,92,93,90.096,1,,,5.54,37b27b62
m6-sweep,4274cfc094e7,5,0,ran,qwen2.5:3b,long,5,50,c103.1,1789630623.49987,1789630625.166511,397.033,1666.486,139.927,396.968,123,124,96.104,1,,,5.54,f3dc3a30
m6-sweep,4e17d8f1f6e4,6,0,ran,qwen2.5:3b,long,5,50,c103.1,1789630625.666727,1789630627.289314,381.22,1622.48,122.047,381.169,119,120,95.065,1,,,5.54,b3d86f75
m6-sweep,d7ef91f08b35,7,0,ran,qwen2.5:3b,long,5,50,c103.1,1789630627.789571,1789630629.22306,392.104,1433.399,129.25,392.05,81,82,76.827,1,,,5.49,f3fd23c2
m6-sweep,8e4debe5fe4f,8,0,ran,qwen2.5:3b,long,5,50,c103.1,1789630629.72331,1789630631.441726,404.482,1718.304,139.264,404.425,123,124,92.859,1,,,5.49,d2583122
m6-sweep,d0496d96419c,9,0,ran,qwen2.5:3b,long,5,50,c103.1,1789630631.942012,1789630633.622514,380.866,1680.402,118.816,380.826,123,124,93.88,1,,,6.41,5e2b9a49
m6-sweep,fe1cb36d44b4,10,0,ran,qwen2.5:3b,long,5,50,c103.1,1789630634.122733,1789630635.70488,386.814,1582.04,125.065,386.762,113,114,93.706,1,,,6.41,fac2e709
m6-sweep,2a35fbe3ae50,11,0,ran,qwen2.5:3b,long,5,50,c103.1,1789630636.205104,1789630637.540873,382.135,1335.675,119.268,382.092,81,82,83.898,1,,,6.14,f7a9dab1
m6-sweep,0262694ccbcd,12,0,ran,qwen2.5:3b,long,5,50,c103.1,1789630638.041121,1789630639.271964,386.554,1230.749,124.152,386.482,79,80,92.396,1,,,6.14,ab08dfe2
m6-sweep,d6892af95184,13,0,ran,qwen2.5:3b,long,5,50,c103.1,1789630639.772199,1789630641.377454,381.229,1605.158,122.765,381.161,105,106,84.972,1,,,6.14,feb23293
m6-sweep,941f220c4032,14,0,ran,qwen2.5:3b,long,5,50,c103.1,1789630641.877695,1789630643.479377,373.408,1601.578,123.62,373.356,109,110,87.936,1,,,7.01,47593404
m6-sweep,b286e6bfb856,15,0,ran,qwen2.5:3b,long,5,50,c103.1,1789630643.97959,1789630646.245533,796.922,2265.84,118.487,796.889,123,124,83.054,1,,,7.01,cb45e77d
m6-sweep,732f87571220,16,0,ran,qwen2.5:3b,long,5,50,c103.1,1789630646.745728,1789630648.144378,393.89,1398.522,132.393,393.857,96,97,94.562,1,,,6.69,5550dbde
m6-sweep,13b5955e7f1d,17,0,ran,qwen2.5:3b,long,5,50,c103.1,1789630648.644616,1789630649.871052,384.238,1226.33,123.726,384.193,81,82,95.001,1,,,6.69,b4bf9db2
m6-sweep,c2c2f963fd1b,18,0,ran,qwen2.5:3b,long,5,50,c103.1,1789630650.371305,1789630652.109334,385.534,1737.928,125.089,385.466,83,84,60.633,1,,,6.69,6e41cd75
m6-sweep,3056c3bb7d4c,19,0,ran,qwen2.5:3b,long,5,50,c103.1,1789630652.609577,1789630654.282751,382.893,1673.062,122.456,382.811,123,124,94.561,1,,,6.55,a0e75359
m6-sweep,186a64f3d2b9,20,0,ran,qwen2.5:3b,long,5,50,c103.1,1789630654.782979,1789630656.033879,384.201,1250.707,120.456,384.166,82,83,93.479,1,,,6.55,bc9d8952
m6-sweep,1a1c5701487d,21,0,ran,qwen2.5:3b,long,5,50,c103.1,1789630656.534224,1789630658.668029,919.4,2133.71,131.38,919.356,107,108,87.292,1,,,6.51,623d759a
m6-sweep,4b49da97e816,22,0,ran,qwen2.5:3b,long,5,50,c103.1,1789630659.168528,1789630660.462546,383.393,1293.912,120.518,383.354,87,88,94.452,1,,,6.51,494d0416
m6-sweep,2afc68edc08f,23,0,ran,qwen2.5:3b,long,5,50,c103.1,1789630660.96278,1789630662.662762,383.735,1699.828,123.556,383.679,116,117,87.38,1,,,7.19,07e1bb87
m6-sweep,c72f96a8a485,24,0,ran,qwen2.5:3b,long,5,50,c103.1,1789630663.163084,1789630664.735936,541.732,1572.736,126.747,541.687,113,114,108.632,1,,,7.19,d3f6b2fd
m6-sweep,ef2230853726,25,0,ran,qwen2.5:3b,long,5,50,c103.1,1789630665.236212,1789630667.550678,1410.785,2314.359,1149.526,1410.548,87,88,95.178,1,,,7.19,334359ae
m6-sweep,e8e6d865f1e2,26,0,ran,qwen2.5:3b,long,5,50,c103.1,1789630668.050918,1789630669.69276,386.234,1641.735,125.876,386.184,116,117,91.597,1,,,6.77,484a75c5
m6-sweep,6771629d0ebf,27,0,ran,qwen2.5:3b,long,5,50,c103.1,1789630670.193004,1789630672.168082,856.176,1974.885,128.97,856.14,106,107,93.858,1,,,6.77,074535e1
m6-sweep,907270ad6343,28,0,ran,qwen2.5:3b,long,5,50,c103.1,1789630672.668433,1789630674.542751,390.025,1874.224,132.591,389.974,127,128,84.894,1,,,6.47,60c7ed4e
m6-sweep,b873a14eb0cd,29,0,ran,qwen2.5:3b,long,5,50,c103.1,1789630675.042956,1789630676.310634,382.139,1267.557,120.335,382.091,79,80,88.094,1,,,6.47,a14b0429
m6-sweep,22fe3ec4e893,30,0,ran,qwen2.5:3b,long,5,50,c103.1,1789630676.810849,1789630678.533868,382.303,1722.829,120.374,382.261,116,117,85.787,1,,,6.75,9a08a8b7
m6-sweep,e4be6a9fb673,31,0,ran,qwen2.5:3b,long,5,50,c103.1,1789630679.03418,1789630680.764564,391.726,1730.257,127.738,391.673,121,122,89.65,1,,,6.75,3187bc1a
m6-sweep,a0f1df9dc314,32,0,ran,qwen2.5:3b,long,5,50,c103.1,1789630681.264827,1789630682.753372,384.402,1488.449,121.207,384.343,105,106,94.199,1,,,6.61,3a65b7a0
m6-sweep,723ac893215b,33,0,ran,qwen2.5:3b,long,5,50,c103.1,1789630683.253619,1789630684.738349,385.289,1484.63,121.015,385.24,105,106,94.602,1,,,6.61,3c4e38c9
m6-sweep,e55885b27a91,34,0,ran,qwen2.5:3b,long,5,50,c103.1,1789630685.238578,1789630686.660764,384.878,1422.093,129.483,384.827,97,98,92.556,1,,,6.61,50c53e75
m6-sweep,ed3b15341742,35,0,ran,qwen2.5:3b,long,5,50,c103.1,1789630687.160994,1789630689.14141,800.365,1980.319,121.903,800.33,109,110,91.529,1,,,6.56,25f97c34
m6-sweep,e513e7ed681b,36,0,ran,qwen2.5:3b,long,5,50,c103.1,1789630689.641654,1789630690.873779,384.781,1232.025,120.333,384.679,81,82,94.424,1,,,6.56,5bb60074
m6-sweep,6f81b4128661,37,0,ran,qwen2.5:3b,long,5,50,c103.1,1789630691.374005,1789630694.031338,1451.592,2657.239,1171.239,1451.476,105,106,86.261,1,,,6.52,74b60f18
m6-sweep,4b53bb8ee2e7,38,0,ran,qwen2.5:3b,long,5,50,c103.1,1789630694.531598,1789630696.465472,796.099,1933.774,121.897,796.059,97,98,84.383,1,,,6.52,6b122983
m6-sweep,57b116d9aa8e,39,0,ran,qwen2.5:3b,long,5,50,c103.1,1789630696.965698,1789630698.749966,374.74,1784.177,120.172,374.68,128,128,90.107,1,,,7.36,0f68b6d3
m6-sweep,5c5fbc47ddf8,40,0,ran,qwen2.5:3b,long,5,50,c103.1,1789630699.250197,1789630700.544192,393.2,1293.842,138.114,393.167,80,81,87.715,1,,,7.36,d2bedf27
m6-sweep,33570ebda889,41,0,ran,qwen2.5:3b,long,5,50,c103.1,1789630701.044491,1789630702.813847,390.423,1769.237,134.848,390.338,113,114,81.229,1,,,7.33,a58deb12
m6-sweep,bfdd06e9d9c7,42,0,ran,qwen2.5:3b,long,5,50,c103.1,1789630703.314146,1789630705.42529,382.149,2111.047,119.385,382.107,120,121,68.83,1,,,7.33,368153db
m6-sweep,da2c9416e078,43,0,ran,qwen2.5:3b,long,5,50,c103.1,1789630705.925546,1789630707.515684,402.75,1590.029,138.852,402.698,110,111,91.807,1,,,7.33,cb0509f5
m6-sweep,074b0f4f8e07,44,0,ran,qwen2.5:3b,long,5,50,c103.1,1789630708.015952,1789630709.297445,397.288,1281.353,130.737,397.228,80,81,89.36,1,,,7.86,cbc2050b
m6-sweep,4ce7cd486696,45,0,ran,qwen2.5:3b,long,5,50,c103.1,1789630709.797772,1789630711.115953,397.629,1318.084,138.477,397.575,87,88,93.432,1,,,7.86,fedca72f
m6-sweep,6c8ecdbb6da8,46,0,ran,qwen2.5:3b,long,5,50,c103.1,1789630711.616173,1789630713.203838,383.333,1587.565,119.092,383.277,115,116,94.666,1,,,7.71,8c9f6ea6
m6-sweep,8235bdf373b2,47,0,ran,qwen2.5:3b,long,5,50,c103.1,1789630713.704081,1789630715.38894,397.139,1684.752,135.72,397.085,123,124,94.749,1,,,7.71,08ac0d0d
m6-sweep,c3f91b9bcee7,48,0,ran,qwen2.5:3b,long,5,50,c103.1,1789630715.889169,1789630717.600199,535.868,1710.935,130.91,535.816,119,120,100.42,1,,,7.66,38aa752f
m6-sweep,1408a1fc7291,49,0,ran,qwen2.5:3b,long,5,50,c103.1,1789630718.100435,1789630719.718623,385.356,1618.079,121.566,385.305,109,110,87.611,1,,,7.66,4b0b343e
m6-sweep,81164a86888b,50,0,ran,qwen2.5:3b,long,5,50,c103.1,1789630720.219456,1789630722.027852,830.664,1808.304,124.621,830.63,87,88,87.967,1,,,7.66,904420e0
m6-sweep,9ecb3e49e179,51,0,ran,qwen2.5:3b,long,5,50,c103.1,1789630722.528031,1789630724.250304,376.863,1722.166,122.28,376.829,128,128,94.403,1,,,7.60,6d474e6f
m6-sweep,ea893e39cd84,52,0,ran,qwen2.5:3b,long,5,50,c103.1,1789630724.750551,1789630726.544759,387.589,1794.093,125.813,387.531,105,106,73.942,1,,,7.60,911f806d
m6-sweep,931ad61f6d9e,0,1,ran,qwen2.5:3b,short,1,0,c104.1,1789630729.078898,1789630729.730273,92.627,651.227,28.507,92.586,53,54,93.09,1,,,7.07,ca2f0491
m6-sweep,d21d91576b23,1,1,ran,qwen2.5:3b,short,1,0,c104.1,1789630730.230525,1789630731.126886,72.143,896.07,22.576,72.108,80,81,95.882,1,,,7.07,433e84ca
m6-sweep,5c6a1529f139,2,1,ran,qwen2.5:3b,short,1,0,c104.1,1789630731.627253,1789630732.562483,89.606,935.119,39.529,89.571,82,83,95.8,1,,,7.07,72e8eef1
m6-sweep,51da2388140b,3,0,ran,qwen2.5:3b,short,1,0,c104.1,1789630733.062713,1789630733.799233,87.307,736.39,35.099,87.268,63,64,95.519,1,,,7.71,ea011b4e
m6-sweep,be850fb57780,4,0,ran,qwen2.5:3b,short,1,0,c104.1,1789630734.299607,1789630735.462045,84.527,1162.335,34.843,84.492,99,100,90.925,1,,,7.71,2061c4ec
m6-sweep,73993d479075,5,0,ran,qwen2.5:3b,short,1,0,c104.1,1789630735.962287,1789630736.970764,79.451,1008.312,28.374,79.415,90,91,95.816,1,,,7.71,05f908d4
m6-sweep,293d6ca62a1c,6,0,ran,qwen2.5:3b,short,1,0,c104.1,1789630737.471037,1789630738.398049,85.944,926.901,36.412,85.908,81,82,95.13,1,,,7.41,1c0648ab
m6-sweep,9356b13e07f6,7,0,ran,qwen2.5:3b,short,1,0,c104.1,1789630738.898297,1789630739.619145,80.685,720.733,30.837,80.633,56,57,85.931,1,,,7.41,9535f591
m6-sweep,8b722ac7524f,8,0,ran,qwen2.5:3b,short,1,0,c104.1,1789630740.119397,1789630740.78179,83.828,662.26,37.042,83.792,56,57,95.085,1,,,7.41,c25da5d1
m6-sweep,eb6b88204e98,9,0,ran,qwen2.5:3b,short,1,0,c104.1,1789630741.282063,1789630741.891419,73.147,609.257,25.477,73.112,52,53,95.13,1,,,7.41,2bf7bd90
m6-sweep,68860f24a061,10,0,ran,qwen2.5:3b,short,1,0,c104.1,1789630742.391634,1789630743.069631,81.008,677.831,32.643,80.919,58,59,95.506,1,,,7.06,479bb50c
m6-sweep,9efb16df7070,11,0,ran,qwen2.5:3b,short,1,0,c104.1,1789630743.56989,1789630744.427708,88.33,857.593,36.585,88.292,74,75,94.896,1,,,7.06,aa2e9a9e
m6-sweep,fca17935867e,12,0,ran,qwen2.5:3b,short,1,0,c104.1,1789630744.92819,1789630745.728706,82.461,800.359,30.314,82.425,70,71,96.114,1,,,7.06,dfaf5730
m6-sweep,dae57da04ad4,13,0,ran,qwen2.5:3b,short,1,0,c104.1,1789630746.228989,1789630746.737998,86.181,508.903,34.316,86.145,41,42,94.625,1,,,7.06,91b0ef6f
m6-sweep,fc775a81e737,14,0,ran,qwen2.5:3b,short,1,0,c104.1,1789630747.238215,1789630747.866409,83.397,628.083,37.267,83.361,53,54,95.468,1,,,6.97,a0c061ce
m6-sweep,933423a2da77,15,0,ran,qwen2.5:3b,short,1,0,c104.1,1789630748.366639,1789630749.28309,80.585,916.352,31.192,80.551,81,82,95.72,1,,,6.97,ce844c8c
m6-sweep,a4292673082c,16,0,ran,qwen2.5:3b,short,1,0,c104.1,1789630749.783415,1789630750.408852,78.424,625.328,21.771,78.388,53,54,95.081,1,,,6.97,184259b9
m6-sweep,a89b187a1e95,17,0,ran,qwen2.5:3b,short,1,0,c104.1,1789630750.909087,1789630751.583925,74.74,674.674,19.188,74.706,58,59,95.011,1,,,6.97,a8e6e703
m6-sweep,d049dd9d422f,18,0,ran,qwen2.5:3b,short,1,0,c104.1,1789630752.084158,1789630753.159573,78.113,1075.306,27.401,78.042,97,98,96.27,1,,,6.90,db48ca81
m6-sweep,675870bf0e10,19,0,ran,qwen2.5:3b,short,1,0,c104.1,1789630753.659775,1789630754.335629,69.03,675.747,19.391,68.987,59,60,95.596,1,,,6.90,f5185a81
m6-sweep,d36b96639074,20,0,ran,qwen2.5:3b,short,1,0,c104.1,1789630754.835833,1789630755.67127,88.892,835.284,34.307,88.857,72,73,95.124,1,,,6.90,693b474f
m6-sweep,1f2a43fa6efc,21,0,ran,qwen2.5:3b,short,1,0,c104.1,1789630756.171569,1789630756.916685,91.578,745.011,37.61,91.541,63,64,94.884,1,,,6.90,4212885a
m6-sweep,6057afe6b4a1,22,0,ran,qwen2.5:3b,short,1,0,c104.1,1789630757.416905,1789630758.086296,71.474,669.231,24.068,71.439,58,59,95.356,1,,,6.66,46cf43da
m6-sweep,e59787c4a255,23,0,ran,qwen2.5:3b,short,1,0,c104.1,1789630758.586524,1789630759.196766,71.254,610.072,22.898,71.19,52,53,94.652,1,,,6.66,9b0a6328
m6-sweep,93ba8134a6ef,24,0,ran,qwen2.5:3b,short,1,0,c104.1,1789630759.69706,1789630760.413654,85.732,716.492,37.546,85.698,61,62,95.123,1,,,6.66,40af9e5a
m6-sweep,23f8217df6e0,25,0,ran,qwen2.5:3b,short,1,0,c104.1,1789630760.913871,1789630761.538498,78.036,624.503,31.033,78.002,53,54,95.157,1,,,6.66,8f433dae
m6-sweep,4707b3cf8d8b,26,0,ran,qwen2.5:3b,short,1,0,c104.1,1789630762.038787,1789630762.653711,77.621,614.74,28.981,77.586,52,53,94.951,1,,,7.49,fe449f23
m6-sweep,a69da0caae10,27,0,ran,qwen2.5:3b,short,1,0,c104.1,1789630763.153988,1789630764.085353,85.775,931.207,30.526,85.739,82,83,95.809,1,,,7.49,51cc8ddd
m6-sweep,f5a1bf570a18,28,0,ran,qwen2.5:3b,short,1,0,c104.1,1789630764.585641,1789630765.240798,73.406,654.935,20.163,73.37,56,57,94.578,1,,,7.49,438253b4
m6-sweep,9fc8aa972484,29,0,ran,qwen2.5:3b,short,1,0,c104.1,1789630765.741122,1789630766.851022,71.675,1109.794,24.492,71.64,101,102,96.328,1,,,7.49,adebd5e8
m6-sweep,b8f393d58c83,30,0,ran,qwen2.5:3b,short,1,0,c104.1,1789630767.351224,1789630768.115065,75.187,763.685,23.975,75.151,66,67,94.408,1,,,8.57,e49ef43d
m6-sweep,fee69ebb4f3b,31,0,ran,qwen2.5:3b,short,1,0,c104.1,1789630768.615369,1789630769.541298,348.195,925.767,36.443,348.122,56,57,95.226,1,,,8.57,95b7a34a
m6-sweep,4a76f95cd794,32,0,ran,qwen2.5:3b,short,1,0,c104.1,1789630770.041685,1789630770.770933,80.29,729.149,31.541,80.253,63,64,95.552,1,,,8.57,124320ac
m6-sweep,4b018608a07c,33,0,ran,qwen2.5:3b,short,1,0,c104.1,1789630771.27114,1789630772.374419,87.299,1103.149,37.113,87.264,98,99,95.487,1,,,8.57,30edbc96
m6-sweep,66112c162f88,34,0,ran,qwen2.5:3b,short,1,0,c104.1,1789630772.874666,1789630773.81431,89.997,939.419,37.824,89.961,82,83,95.359,1,,,9.33,c6a54a99
m6-sweep,e9f9e06cf2ff,35,0,ran,qwen2.5:3b,short,1,0,c104.1,1789630774.314583,1789630775.191832,70.279,877.1,19.99,70.245,78,79,95.436,1,,,9.33,d4f78696
m6-sweep,6ca6125b56b1,36,0,ran,qwen2.5:3b,short,1,0,c104.1,1789630775.692178,1789630776.604259,79.704,911.985,30.638,79.67,81,82,96.121,1,,,9.33,d9b624a2
m6-sweep,8651cf648640,37,0,ran,qwen2.5:3b,short,1,0,c104.1,1789630777.104466,1789630777.607694,76.526,503.128,20.505,76.49,41,42,93.764,1,,,9.33,315472b0
m6-sweep,a9f0045ad4bf,38,0,ran,qwen2.5:3b,short,1,0,c104.1,1789630778.107899,1789630779.029363,74.674,921.324,27.437,74.633,82,83,95.671,1,,,8.98,4d303fda
m6-sweep,b4d7523694cd,39,0,ran,qwen2.5:3b,short,1,0,c104.1,1789630779.529685,1789630780.129014,71.892,599.223,20.885,71.844,51,52,94.817,1,,,8.98,715a8289
m6-sweep,3f9fba29f267,40,0,ran,qwen2.5:3b,short,1,0,c104.1,1789630780.629241,1789630781.348768,68.992,719.378,21.238,68.954,63,64,95.328,1,,,8.98,6b281b2b
m6-sweep,99215b1b9225,41,0,ran,qwen2.5:3b,short,1,0,c104.1,1789630781.848986,1789630782.567549,81.564,718.409,30.462,81.521,56,57,86.363,1,,,8.98,06d4a88f
m6-sweep,a64c4f43d714,42,0,ran,qwen2.5:3b,short,1,0,c104.1,1789630783.06781,1789630783.969663,73.394,901.689,22.62,73.341,80,81,95.377,1,,,9.78,002af02b
m6-sweep,38a5d409cb93,43,0,ran,qwen2.5:3b,short,1,0,c104.1,1789630784.470059,1789630785.091084,75.402,620.859,21.928,75.335,52,53,93.5,1,,,9.78,ec4c4c62
m6-sweep,785e25733880,44,0,ran,qwen2.5:3b,short,1,0,c104.1,1789630785.591382,1789630786.244369,90.534,652.884,39.157,90.499,54,55,94.247,1,,,9.78,12f7e0a9
m6-sweep,a5e68188c9b7,45,0,ran,qwen2.5:3b,short,1,0,c104.1,1789630786.744617,1789630787.422463,75.625,677.631,24.236,75.581,58,59,94.683,1,,,9.78,a9712ead
m6-sweep,8f02057ed0f8,46,0,ran,qwen2.5:3b,short,1,0,c104.1,1789630787.922826,1789630788.847408,74.999,924.353,25.048,74.964,82,83,95.367,1,,,10.20,e971101d
m6-sweep,a22be2e3413a,47,0,ran,qwen2.5:3b,short,1,0,c104.1,1789630789.347739,1789630790.054864,126.496,706.971,25.129,126.458,56,57,94.75,1,,,10.20,56cf5ab0
m6-sweep,67ef2281cbe0,48,0,ran,qwen2.5:3b,short,1,0,c104.1,1789630790.555126,1789630791.511554,78.806,956.325,19.209,78.772,85,86,95.724,1,,,10.20,07f38c28
m6-sweep,9e9812bd7ea8,49,0,ran,qwen2.5:3b,short,1,0,c104.1,1789630792.011786,1789630792.837013,80.153,825.06,31.58,80.111,72,73,95.314,1,,,10.03,64be5d18
m6-sweep,1a6b28a06d53,50,0,ran,qwen2.5:3b,short,1,0,c104.1,1789630793.337491,1789630795.012112,1094.637,1674.516,1045.351,1094.602,56,57,94.847,1,,,10.03,efdeffd2
m6-sweep,27d55ac012f0,51,0,ran,qwen2.5:3b,short,1,0,c104.1,1789630795.512349,1789630796.124419,72.27,611.881,25.066,72.235,52,53,94.513,1,,,10.03,bf7844c5
m6-sweep,0861ae53d296,52,0,ran,qwen2.5:3b,short,1,0,c104.1,1789630796.62471,1789630797.566633,92.907,941.772,36.802,92.871,82,83,95.422,1,,,10.03,5a4eba79
m6-sweep,b28604d4c11e,0,1,ran,qwen2.5:0.5b,short,5,50,c105.1,1789630800.118536,1789630803.38096,2989.543,3262.313,132.609,2989.49,24,25,84.32,1,,,9.83,54ada089
m6-sweep,5ac06e9c8081,1,1,ran,qwen2.5:0.5b,short,5,50,c105.1,1789630803.881213,1789630804.301381,283.23,419.906,136.501,283.14,24,25,168.282,1,,,9.83,2ad356d9
m6-sweep,85e6c4b5b8fe,2,1,ran,qwen2.5:0.5b,short,5,50,c105.1,1789630804.801743,1789630805.21326,279.708,411.372,126.251,279.673,24,25,174.687,1,,,9.83,40b972f0
m6-sweep,2ab3da5c558b,3,0,ran,qwen2.5:0.5b,short,5,50,c105.1,1789630805.713597,1789630806.837883,445.846,1124.167,129.438,445.811,45,46,64.866,1,,,9.83,1548dd60
m6-sweep,f33ed01aad8c,4,0,ran,qwen2.5:0.5b,short,5,50,c105.1,1789630807.338225,1789630807.774884,291.446,436.514,122.276,291.376,28,29,186.119,1,,,9.68,8655ef2f
m6-sweep,2f8cce067551,5,0,ran,qwen2.5:0.5b,short,5,50,c105.1,1789630808.275126,1789630809.375618,782.086,1100.396,124.074,782.047,26,27,78.54,1,,,9.68,ff9a5b7c
m6-sweep,9bc3ebe97db9,6,0,ran,qwen2.5:0.5b,short,5,50,c105.1,1789630809.875869,1789630810.795977,785.521,920.001,123.055,785.487,24,25,171.029,1,,,9.68,2ec709b7
m6-sweep,6b0cf79a427c,7,0,ran,qwen2.5:0.5b,short,5,50,c105.1,1789630811.296258,1789630811.698712,265.67,402.356,119.819,265.637,23,24,160.953,1,,,9.68,e5c9be7e
m6-sweep,e1abde8f23d9,8,0,ran,qwen2.5:0.5b,short,5,50,c105.1,1789630812.198945,1789630812.603584,269.239,404.486,120.327,269.197,24,25,170.059,1,,,9.68,56357d83
m6-sweep,01ad375414ad,9,0,ran,qwen2.5:0.5b,short,5,50,c105.1,1789630813.103891,1789630813.577967,287.347,473.978,130.94,287.313,24,25,123.238,1,,,10.27,b8219735
m6-sweep,997c10bd2a05,10,0,ran,qwen2.5:0.5b,short,5,50,c105.1,1789630814.078229,1789630814.488538,274.029,410.1,122.578,273.977,24,25,169.029,1,,,10.27,285ec749
m6-sweep,9f2b04cd97a9,11,0,ran,qwen2.5:0.5b,short,5,50,c105.1,1789630814.988866,1789630815.917544,273.63,928.584,128.97,273.597,23,24,33.59,1,,,10.27,a6b526de
m6-sweep,dbb0c9017c83,12,0,ran,qwen2.5:0.5b,short,5,50,c105.1,1789630816.41779,1789630816.818291,266.331,400.349,121.553,266.264,24,25,171.619,1,,,10.27,3bbb40a6
m6-sweep,f5881d13ad11,13,0,ran,qwen2.5:0.5b,short,5,50,c105.1,1789630817.318534,1789630817.717925,266.396,399.275,119.409,266.355,24,25,173.09,1,,,10.65,43475eca
m6-sweep,34b1ad6bbb23,14,0,ran,qwen2.5:0.5b,short,5,50,c105.1,1789630818.218161,1789630818.63695,284.155,418.672,137.608,284.108,24,25,170.982,1,,,10.65,b56bab31
m6-sweep,5f1650a79717,15,0,ran,qwen2.5:0.5b,short,5,50,c105.1,1789630819.137169,1789630819.544839,271.075,407.58,123.267,271.02,24,25,168.491,1,,,10.65,0af30710
m6-sweep,3928490fd2d7,16,0,ran,qwen2.5:0.5b,short,5,50,c105.1,1789630820.045096,1789630820.454235,266.579,409.01,120.131,266.531,31,32,210.629,1,,,10.65,8c647f4e
m6-sweep,b459ec22908a,17,0,ran,qwen2.5:0.5b,short,5,50,c105.1,1789630820.954432,1789630821.370327,281.436,415.784,132.7,281.397,24,25,171.198,1,,,10.65,a8b771b3
m6-sweep,754b3a38cb22,18,0,ran,qwen2.5:0.5b,short,5,50,c105.1,1789630821.870603,1789630822.280209,278.284,409.517,128.663,278.251,24,25,175.26,1,,,10.65,70d24b4e
m6-sweep,dfc8d2ff198e,19,0,ran,qwen2.5:0.5b,short,5,50,c105.1,1789630822.780475,1789630823.194869,274.082,414.307,127.872,274.047,24,25,164.023,1,,,10.28,f3afbc11
m6-sweep,088e20463664,20,0,ran,qwen2.5:0.5b,short,5,50,c105.1,1789630823.69514,1789630824.10999,414.639,414.77,129.422,414.601,24,25,175840.977,1,,,10.28,d77e45c0
m6-sweep,6dafe6804167,21,0,ran,qwen2.5:0.5b,short,5,50,c105.1,1789630824.61026,1789630825.181976,278.535,571.53,129.685,278.466,24,25,78.5,1,,,10.28,b48028d6
m6-sweep,771a8ce809d8,22,0,ran,qwen2.5:0.5b,short,5,50,c105.1,1789630825.68237,1789630826.088684,263.323,406.145,120.054,263.288,24,25,161.04,1,,,10.28,c1fab2ed
m6-sweep,db1e4051eacb,23,0,ran,qwen2.5:0.5b,short,5,50,c105.1,1789630826.589069,1789630827.000291,274.393,411.134,127.685,274.32,31,32,219.392,1,,,10.28,7c471f8a
m6-sweep,6e635507b84d,24,0,ran,qwen2.5:0.5b,short,5,50,c105.1,1789630827.500541,1789630827.9219,288.335,421.267,139.609,288.287,27,28,195.589,1,,,9.85,582ec7cb
m6-sweep,d999a3b3e250,25,0,ran,qwen2.5:0.5b,short,5,50,c105.1,1789630828.422099,1789630828.959945,285.785,537.731,139.684,285.672,45,46,174.641,1,,,9.85,92f5b1b7
m6-sweep,e693223eaa98,26,0,ran,qwen2.5:0.5b,short,5,50,c105.1,1789630829.460179,1789630829.921112,287.762,460.805,139.923,287.699,24,25,132.915,1,,,9.85,71ba46a9
m6-sweep,0b72268424eb,27,0,ran,qwen2.5:0.5b,short,5,50,c105.1,1789630830.421425,1789630830.852722,283.59,431.113,139.386,283.546,24,25,155.907,1,,,9.85,fd270d15
m6-sweep,785c4c2d95c5,28,0,ran,qwen2.5:0.5b,short,5,50,c105.1,1789630831.353033,1789630831.891782,537.783,538.625,124.003,537.728,50,51,58147.331,1,,,9.85,abc00543
m6-sweep,e11040666ff3,29,0,ran,qwen2.5:0.5b,short,5,50,c105.1,1789630832.39202,1789630832.991611,444.618,599.499,129.262,444.55,28,29,174.328,1,,,9.30,e98537db
m6-sweep,ecd17035bafe,30,0,ran,qwen2.5:0.5b,short,5,50,c105.1,1789630833.491846,1789630833.913824,282.061,421.887,135.322,282.007,24,25,164.49,1,,,9.30,9aa86387
m6-sweep,3adc860e0238,31,0,ran,qwen2.5:0.5b,short,5,50,c105.1,1789630834.414066,1789630834.965204,275.463,550.975,129.617,275.427,24,25,83.481,1,,,9.30,cadc804f
m6-sweep,6adb103c4045,32,0,ran,qwen2.5:0.5b,short,5,50,c105.1,1789630835.465591,1789630835.872233,406.309,406.525,125.54,406.259,24,25,106836.118,1,,,9.30,0a716265
m6-sweep,8a63c89fe021,33,0,ran,qwen2.5:0.5b,short,5,50,c105.1,1789630836.372453,1789630837.922089,1286.039,1549.542,1149.324,1285.972,29,30,106.261,1,,,9.04,9709a71b
m6-sweep,84df13d0f80c,34,0,ran,qwen2.5:0.5b,short,5,50,c105.1,1789630838.422388,1789630839.374009,286.286,951.528,139.299,286.244,24,25,34.574,1,,,9.04,7a59866c
m6-sweep,37d920014c85,35,0,ran,qwen2.5:0.5b,short,5,50,c105.1,1789630839.874271,1789630840.289724,274.037,415.308,128.639,273.995,24,25,162.807,1,,,9.04,32b6addc
m6-sweep,bfe3c52cc1b1,36,0,ran,qwen2.5:0.5b,short,5,50,c105.1,1789630840.790074,1789630841.203683,277.387,413.45,129.818,277.343,24,25,169.039,1,,,9.04,7bd90517
m6-sweep,c8e924385a78,37,0,ran,qwen2.5:0.5b,short,5,50,c105.1,1789630841.704022,1789630842.152528,272.246,448.418,126.84,272.152,28,29,153.259,1,,,9.04,eb62e4f1
m6-sweep,e625f324bc6a,38,0,ran,qwen2.5:0.5b,short,5,50,c105.1,1789630842.65279,1789630843.601491,412.164,948.571,130.661,412.117,31,32,55.928,1,,,8.72,9199f6bf
m6-sweep,0586edeec47d,39,0,ran,qwen2.5:0.5b,short,5,50,c105.1,1789630844.101692,1789630844.677374,266.288,575.58,118.968,266.223,24,25,74.363,1,,,8.72,21c6106f
m6-sweep,54815a633152,40,0,ran,qwen2.5:0.5b,short,5,50,c105.1,1789630845.177647,1789630845.596993,281.37,419.242,133.259,281.321,24,25,166.821,1,,,8.72,b7b8e56a
m6-sweep,804c2c7e80d0,41,0,ran,qwen2.5:0.5b,short,5,50,c105.1,1789630846.09725,1789630848.081737,1302.41,1984.377,1148.202,1302.374,24,25,33.726,1,,,9.06,8a7dcdb9
m6-sweep,950d062f7dd3,42,0,ran,qwen2.5:0.5b,short,5,50,c105.1,1789630848.581984,1789630850.00629,1287.074,1424.228,1141.25,1287.006,23,24,160.404,1,,,9.06,de7e5a38
m6-sweep,6adea2411db3,43,0,ran,qwen2.5:0.5b,short,5,50,c105.1,1789630850.506497,1789630850.911745,264.895,405.104,120.283,264.831,24,25,164.04,1,,,9.06,d318c20f
m6-sweep,a52969b300f7,44,0,ran,qwen2.5:0.5b,short,5,50,c105.1,1789630851.412106,1789630852.380365,828.202,968.12,127.303,828.106,24,25,164.382,1,,,9.06,dc6cec4f
m6-sweep,ca01a3991a12,45,0,ran,qwen2.5:0.5b,short,5,50,c105.1,1789630852.88072,1789630853.289717,275.076,408.916,126.91,275.042,31,32,224.149,1,,,8.41,65bbb82d
m6-sweep,6c44a0f21499,46,0,ran,qwen2.5:0.5b,short,5,50,c105.1,1789630853.789989,1789630855.219322,1429.129,1429.256,1139.028,1429.094,24,25,181816.745,1,,,8.41,9a6df1ac
m6-sweep,79b9410d9bfb,47,0,ran,qwen2.5:0.5b,short,5,50,c105.1,1789630855.719596,1789630856.310963,442.616,591.268,129.596,442.525,24,25,154.724,1,,,8.41,4c827b6a
m6-sweep,2188c06ebd26,48,0,ran,qwen2.5:0.5b,short,5,50,c105.1,1789630856.811216,1789630857.274044,283.705,462.622,138.108,283.653,28,29,150.908,1,,,8.41,ad678610
m6-sweep,3faea57d2316,49,0,ran,qwen2.5:0.5b,short,5,50,c105.1,1789630857.774273,1789630858.186006,411.318,411.619,126.763,411.264,24,25,76438.371,1,,,7.90,d2436b08
m6-sweep,fec973bd1cff,50,0,ran,qwen2.5:0.5b,short,5,50,c105.1,1789630858.68646,1789630860.293255,1468.314,1606.702,1152.297,1468.262,24,25,166.2,1,,,7.90,7f982447
m6-sweep,62051d93de42,51,0,ran,qwen2.5:0.5b,short,5,50,c105.1,1789630860.793482,1789630861.2088,265.902,415.19,121.582,265.86,28,29,180.859,1,,,7.90,6c635a8e
m6-sweep,961a111fd09c,52,0,ran,qwen2.5:0.5b,short,5,50,c105.1,1789630861.709073,1789630862.155747,303.211,446.59,118.627,303.16,24,25,160.414,1,,,7.90,9c509748
m6-sweep,f8884c322db8,0,1,ran,qwen2.5:0.5b,short,0,0,c106.1,1789630864.620902,1789630864.799127,76.566,178.003,37.184,76.527,26,27,246.458,1,,,7.91,fbf63836
m6-sweep,903cd7314f27,1,1,ran,qwen2.5:0.5b,short,0,0,c106.1,1789630865.299459,1789630865.48531,77.359,185.735,34.603,77.293,28,29,249.133,1,,,7.91,474ee40f
m6-sweep,8f5acc702ff2,2,1,ran,qwen2.5:0.5b,short,0,0,c106.1,1789630865.985533,1789630866.151782,69.378,166.047,26.674,69.328,24,25,237.925,1,,,7.91,64c783b4
m6-sweep,403a995b6000,3,0,ran,qwen2.5:0.5b,short,0,0,c106.1,1789630866.652078,1789630866.803941,61.028,151.677,20.803,60.983,24,25,253.724,1,,,7.91,cc6b804e
m6-sweep,372afa2e9aee,4,0,ran,qwen2.5:0.5b,short,0,0,c106.1,1789630867.304257,1789630867.458528,61.288,154.088,21.837,61.23,24,25,247.845,1,,,7.91,5e8249d8
m6-sweep,6899eb536b97,5,0,ran,qwen2.5:0.5b,short,0,0,c106.1,1789630867.958815,1789630868.11071,58.716,151.727,20.468,58.667,24,25,247.282,1,,,8.48,42a5b908
m6-sweep,0f2274e8b19a,6,0,ran,qwen2.5:0.5b,short,0,0,c106.1,1789630868.610988,1789630868.775851,70.599,164.711,33.363,70.547,24,25,244.391,1,,,8.48,1449c2a1
m6-sweep,eafc6934cda8,7,0,ran,qwen2.5:0.5b,short,0,0,c106.1,1789630869.276129,1789630869.4392,69.328,162.955,30.458,69.276,24,25,245.656,1,,,8.48,82a7ced1
m6-sweep,e2ea6844b14f,8,0,ran,qwen2.5:0.5b,short,0,0,c106.1,1789630869.939415,1789630870.120409,65.506,180.767,22.848,65.454,30,31,251.604,1,,,8.48,77b666c8
m6-sweep,a679f1e0b5e9,9,0,ran,qwen2.5:0.5b,short,0,0,c106.1,1789630870.620787,1789630870.776759,65.295,155.866,28.452,65.251,24,25,253.943,1,,,8.48,db501dea
m6-sweep,1d1ca6a15219,10,0,ran,qwen2.5:0.5b,short,0,0,c106.1,1789630871.277004,1789630871.440187,71.297,163.071,29.172,71.256,24,25,250.614,1,,,8.48,27f8c780
m6-sweep,59f8c69ba966,11,0,ran,qwen2.5:0.5b,short,0,0,c106.1,1789630871.940447,1789630872.093865,60.686,153.17,22.893,60.62,24,25,248.692,1,,,8.48,39a74a97
m6-sweep,429535d89099,12,0,ran,qwen2.5:0.5b,short,0,0,c106.1,1789630872.594209,1789630872.755165,68.209,160.831,25.357,68.14,24,25,248.321,1,,,8.52,9f73e4ba
m6-sweep,945a65ae892d,13,0,ran,qwen2.5:0.5b,short,0,0,c106.1,1789630873.255424,1789630873.413214,62.559,157.705,19.867,62.511,24,25,241.733,1,,,8.52,d84d08bb
m6-sweep,faa496ff8015,14,0,ran,qwen2.5:0.5b,short,0,0,c106.1,1789630873.913423,1789630874.086623,77.374,173.091,39.797,77.324,24,25,240.292,1,,,8.52,2a5a6cd9
m6-sweep,b7a438dc9dcc,15,0,ran,qwen2.5:0.5b,short,0,0,c106.1,1789630874.586875,1789630874.75521,75.817,168.188,36.048,75.762,24,25,248.996,1,,,8.52,cebdf8ef
m6-sweep,86a09326f828,16,0,ran,qwen2.5:0.5b,short,0,0,c106.1,1789630875.255455,1789630875.403937,57.381,148.386,21.024,57.32,23,24,241.743,1,,,8.52,a163b6a0
m6-sweep,67780ea87816,17,0,ran,qwen2.5:0.5b,short,0,0,c106.1,1789630875.904111,1789630876.071524,76.585,167.231,38.083,76.545,24,25,253.734,1,,,8.52,b9974405
m6-sweep,83d7a96474bf,18,0,ran,qwen2.5:0.5b,short,0,0,c106.1,1789630876.571831,1789630876.736461,69.806,164.511,31.401,69.771,24,25,242.859,1,,,8.52,1e4098b5
m6-sweep,a0a3d6dec131,19,0,ran,qwen2.5:0.5b,short,0,0,c106.1,1789630877.236691,1789630877.394206,63.821,157.405,21.339,63.767,23,24,235.081,1,,,8.52,eed206a4
m6-sweep,b498a6244433,20,0,ran,qwen2.5:0.5b,short,0,0,c106.1,1789630877.89451,1789630878.064003,73.327,169.335,29.204,73.286,24,25,239.564,1,,,8.00,f5c37bd0
m6-sweep,600d217f3972,21,0,ran,qwen2.5:0.5b,short,0,0,c106.1,1789630878.564275,1789630878.73327,59.166,168.778,22.246,59.123,28,29,246.323,1,,,8.00,571a8d90
m6-sweep,9a0b2fe53ff1,22,0,ran,qwen2.5:0.5b,short,0,0,c106.1,1789630879.233572,1789630879.397371,68.311,163.636,29.46,68.232,24,25,241.279,1,,,8.00,aa8f073d
