wall,loadavg_1m,cpu_busy_pct,rt_ratio_dl,rt_ratio_ul,gpu_temp_c,gpu_util_pct,gpu_mem_mib
1789622427.244,0.87,11.6,0.9469,0.9473,51,0,701
1789622428.246,0.87,13.3,0.9422,0.942,51,0,701
1789622429.247,0.87,24.2,0.9304,0.9306,52,1,794
1789622430.249,0.87,13.8,0.9404,0.9404,52,19,1270
1789622431.251,0.96,36.1,0.9443,0.9443,53,0,1272
1789622432.253,0.96,15.2,0.9415,0.9405,52,8,1272
1789622433.255,0.96,36.2,0.9495,0.9502,53,0,1272
1789622434.257,0.96,24.7,0.9446,0.9448,52,6,1272
1789622435.259,0.96,37.1,0.9379,0.9369,53,0,1272
1789622436.261,1.05,24.3,0.9471,0.9481,53,3,1272
1789622437.263,1.05,26.1,0.9421,0.9421,54,0,1272
1789622438.266,1.05,24.9,0.9375,0.9375,53,0,1272
1789622439.268,1.05,26.3,0.9354,0.9344,54,0,1272
1789622440.27,1.05,25.9,0.9433,0.9433,53,0,1272
1789622441.272,1.28,35.7,0.9433,0.9443,55,1,1272
1789622442.273,1.28,16.6,0.9404,0.9404,54,0,1272
1789622443.275,1.28,26.5,0.9295,0.9291,55,2,1272
1789622444.277,1.28,23.5,0.939,0.9394,54,0,1272
1789622445.28,1.28,10.6,0.9385,0.9385,54,0,1272
1789622446.282,1.50,11.4,0.9393,0.9393,54,0,1272
1789622447.283,1.50,12.7,0.9356,0.9346,54,0,701
1789622448.285,1.50,14.2,0.9342,0.9342,54,0,701
1789622449.289,1.50,14.9,0.9337,0.9347,54,22,2630
1789622450.291,1.50,43.4,0.9289,0.9289,55,19,2874
1789622451.294,1.86,23.9,0.9439,0.9429,60,90,2874
1789622452.296,1.86,33.2,0.9492,0.9492,62,90,2874
1789622453.297,1.86,40.7,0.9384,0.9394,61,45,2874
1789622454.299,1.86,29.1,0.9404,0.9394,57,0,2874
1789622455.302,1.86,24.6,0.9406,0.9416,59,85,2874
1789622456.303,1.95,23.2,0.9415,0.9415,62,90,2874
1789622457.305,1.95,32.9,0.9496,0.9486,63,77,2874
1789622458.307,1.95,40.8,0.9435,0.9445,62,1,2874
1789622459.309,1.95,34.1,0.9493,0.9483,58,0,2874
1789622460.31,1.95,31.3,0.9392,0.9394,59,73,2874
1789622461.312,1.88,23.2,0.9426,0.9423,63,90,2874
1789622462.314,1.88,42.3,0.9394,0.9394,64,4,2874
1789622463.316,1.88,29.7,0.9363,0.9373,59,0,2874
1789622464.318,1.88,32.9,0.9403,0.9393,64,56,2874
1789622465.319,1.88,34.7,0.9304,0.9314,65,90,2874
1789622466.321,3.33,35.4,0.9315,0.9305,59,8,2874
1789622467.323,3.33,24.3,0.938,0.939,64,29,2874
1789622468.325,3.33,33.8,0.9441,0.9441,65,91,2874
1789622469.327,3.33,33.6,0.9494,0.9494,66,89,2874
1789622470.329,3.33,30.2,0.9433,0.9423,60,14,2874
1789622471.331,3.70,29.9,0.943,0.944,61,0,2874
1789622472.333,3.70,22.8,0.9433,0.9423,65,73,2874
1789622473.335,3.70,33.2,0.9322,0.9332,66,90,2874
1789622474.336,3.70,33.9,0.9456,0.9456,65,91,2874
1789622475.338,3.70,29.4,0.9374,0.9364,61,0,2874
1789622476.34,4.85,30.6,0.9302,0.9302,62,0,2874
1789622477.342,4.85,31.4,0.9245,0.9245,66,48,2874
1789622478.344,4.85,22.5,0.9352,0.9362,67,90,2874
1789622479.346,4.85,25.5,0.9378,0.9378,66,91,2874
1789622480.348,4.85,36.2,0.9381,0.9381,61,0,2874
1789622481.35,5.50,32.8,0.9403,0.9393,66,81,2874
1789622482.352,5.50,39.3,0.9412,0.9422,67,90,2874
1789622483.354,5.50,31.9,0.9374,0.9374,62,0,2874
1789622484.355,5.50,22.7,0.9394,0.9384,66,91,2874
1789622485.357,5.50,23.4,0.9414,0.9424,67,91,2874
1789622486.359,5.38,27.5,0.9374,0.9364,62,56,2874
1789622487.361,5.38,24.6,0.9414,0.9424,62,0,2874
1789622488.362,5.38,24.6,0.9425,0.9425,63,0,2874
1789622489.364,5.38,35.8,0.9344,0.9344,63,0,2874
1789622490.366,5.38,26.1,0.9354,0.9344,63,0,2874
1789622491.368,5.43,27.0,0.9366,0.9368,64,3,2874
1789622492.371,5.43,32.2,0.9321,0.9322,67,91,2874
1789622493.372,5.43,35.4,0.9403,0.9399,65,79,2874
1789622494.374,5.43,28.3,0.9436,0.9446,62,3,2874
1789622495.376,5.43,32.4,0.9422,0.9422,63,0,2874
1789622496.378,5.32,23.0,0.9428,0.9428,67,90,2874
1789622497.381,5.32,26.1,0.942,0.942,68,91,2874
1789622498.382,5.32,35.9,0.9343,0.9333,63,0,2874
1789622499.384,5.32,23.3,0.9444,0.9444,67,84,2874
1789622500.386,5.32,33.0,0.94,0.941,69,91,2874
1789622501.388,6.41,37.7,0.9435,0.9435,68,91,2874
1789622502.39,6.41,28.3,0.9383,0.9373,63,0,2874
1789622503.392,6.41,29.8,0.9458,0.9458,64,0,2874
1789622504.395,6.41,33.3,0.9403,0.9403,68,91,2874
1789622505.397,6.41,40.3,0.9432,0.9432,67,54,2874
1789622506.399,6.22,32.6,0.9405,0.9415,64,0,2874
1789622507.401,6.22,33.0,0.9414,0.9404,68,91,2874
1789622508.405,6.22,33.8,0.9371,0.9373,68,91,2874
1789622509.407,6.22,40.1,0.9287,0.9285,64,0,2874
1789622510.409,6.22,30.8,0.9342,0.9352,66,48,2874
1789622511.411,5.88,23.4,0.9344,0.9334,69,91,2874
1789622512.413,5.88,33.1,0.9322,0.9322,69,90,2874
1789622513.415,5.88,38.5,0.9453,0.9453,67,91,2874
1789622514.417,5.88,38.3,0.9412,0.9412,64,27,2874
1789622515.419,5.88,33.0,0.9391,0.9401,65,0,2874
1789622516.421,6.45,31.7,0.9401,0.9391,66,0,2874
1789622517.423,6.45,34.0,0.9494,0.9504,70,25,2874
1789622518.425,6.45,27.8,0.9455,0.9455,69,90,2874
1789622519.427,6.45,10.5,0.9424,0.9414,64,0,2874
1789622520.428,6.45,13.0,0.9404,0.9404,63,0,2874
1789622521.431,6.33,42.2,0.9398,0.9408,62,91,2874
1789622522.432,6.33,23.9,0.9454,0.9454,65,0,2874
1789622523.434,6.33,27.8,0.9336,0.9326,69,91,2874
1789622524.437,6.33,38.4,0.9325,0.9325,63,64,2874
1789622525.439,6.33,17.3,0.9382,0.9392,68,42,2874
1789622526.441,6.23,39.8,0.9278,0.9272,67,90,2874
1789622527.444,6.23,26.3,0.9379,0.9385,65,0,2874
1789622528.446,6.23,27.3,0.9432,0.9432,69,39,2874
1789622529.448,6.23,32.0,0.9454,0.9454,69,91,2874
1789622530.45,6.23,27.5,0.9403,0.9403,64,0,2874
1789622531.452,6.13,24.8,0.943,0.942,65,0,2874
1789622532.455,6.13,27.1,0.9336,0.9346,69,76,2874
1789622533.457,6.13,29.1,0.9434,0.9434,64,91,2874
1789622534.459,6.13,26.5,0.933,0.932,65,0,2874
1789622535.461,6.13,28.5,0.9363,0.9373,69,91,2874
1789622536.463,6.04,41.7,0.9371,0.9371,64,66,2874
1789622537.465,6.04,25.0,0.9433,0.9423,67,0,2874
1789622538.467,6.04,28.6,0.9452,0.9462,70,91,2874
1789622539.468,6.04,36.3,0.9404,0.9402,64,66,2874
1789622540.47,6.04,30.3,0.9432,0.9435,65,0,2874
1789622541.472,5.79,17.3,0.9412,0.9412,69,67,2874
1789622542.474,5.79,33.8,0.9403,0.9403,66,91,2874
1789622543.476,5.79,23.7,0.9424,0.9424,65,0,2874
1789622544.478,5.79,25.2,0.9444,0.9434,66,0,2874
1789622545.479,5.79,27.1,0.9453,0.9463,69,91,2874
1789622546.481,6.61,30.3,0.9414,0.9408,65,25,2874
1789622547.483,6.61,26.4,0.9412,0.9408,66,0,2874
1789622548.486,6.61,27.5,0.9395,0.9395,70,91,2874
1789622549.488,6.61,27.6,0.9393,0.9403,65,24,2874
1789622550.49,6.61,30.4,0.9339,0.9329,65,0,2874
1789622551.494,6.40,30.1,0.928,0.929,71,41,2874
1789622552.496,6.40,19.8,0.9262,0.9262,70,85,2874
1789622553.499,6.40,30.6,0.927,0.927,65,0,2874
1789622554.501,6.40,24.7,0.9289,0.9289,70,0,2874
1789622555.504,6.40,32.0,0.9303,0.9293,73,13,2874
1789622556.506,6.21,24.7,0.9281,0.9281,65,89,2874
1789622557.509,6.21,35.3,0.9317,0.9327,66,0,2874
1789622558.512,6.21,29.9,0.9302,0.9302,74,0,2874
1789622559.515,6.21,30.8,0.9338,0.9328,71,87,2874
1789622560.517,6.21,26.7,0.9292,0.9292,65,88,2874
1789622561.52,6.11,33.0,0.9336,0.9338,66,0,2874
1789622562.523,6.11,29.0,0.9301,0.9308,73,0,2874
1789622563.526,6.11,17.5,0.9345,0.9345,72,37,2874
1789622564.528,6.11,37.4,0.9331,0.9321,74,89,2874
1789622565.53,6.11,23.8,0.9262,0.9272,68,0,2874
1789622566.532,6.26,30.5,0.9179,0.9179,64,0,2874
1789622567.534,6.26,30.3,0.9301,0.9301,65,0,2874
1789622568.536,6.26,21.3,0.9141,0.9138,74,87,2874
1789622569.54,6.26,38.4,0.8961,0.8964,70,8,2874
1789622570.542,6.26,27.2,0.9308,0.9308,65,0,2874
1789622571.544,6.24,26.5,0.9283,0.9283,74,88,2874
1789622572.546,6.24,31.9,0.9238,0.9228,64,0,2874
1789622573.548,6.24,28.8,0.9211,0.9221,65,0,2874
1789622574.55,6.24,30.6,0.9155,0.9145,69,83,2874
1789622575.552,6.24,44.0,0.9111,0.9111,73,90,2874
1789622576.554,7.18,26.7,0.9183,0.9193,64,0,2874
1789622577.556,7.18,30.9,0.9261,0.9261,66,30,2874
1789622578.559,7.18,44.2,0.9093,0.9093,73,89,2874
1789622579.562,7.18,26.0,0.9238,0.9238,64,0,2874
1789622580.564,7.18,31.2,0.9263,0.9263,66,17,2874
1789622581.565,6.77,19.8,0.9313,0.9303,74,88,2874
1789622582.568,6.77,40.5,0.9312,0.9312,73,86,2874
1789622583.57,6.77,29.7,0.9251,0.9251,64,0,2874
1789622584.573,6.77,30.8,0.9156,0.9162,67,58,2874
1789622585.575,6.77,23.5,0.9308,0.9302,73,89,2874
1789622586.577,7.03,26.5,0.9249,0.9249,72,41,2874
1789622587.579,7.03,26.2,0.927,0.928,64,0,2874
1789622588.582,7.03,31.4,0.93,0.929,69,88,2874
1789622589.584,7.03,37.1,0.9271,0.9271,73,87,2874
1789622590.586,7.03,19.5,0.9336,0.9346,65,0,2874
1789622591.588,6.79,40.2,0.9202,0.9192,74,89,2874
1789622592.591,6.79,31.7,0.9257,0.9277,64,0,2874
1789622593.593,6.79,32.1,0.934,0.932,67,56,2874
1789622594.595,6.79,37.8,0.9333,0.9343,73,89,2874
1789622595.597,6.79,34.1,0.9317,0.9317,65,0,2874
1789622596.599,6.64,13.9,0.9391,0.9383,66,0,2874
1789622597.601,6.64,11.4,0.9367,0.9375,64,0,2874
1789622598.603,6.64,21.3,0.9298,0.9298,62,0,2874
1789622599.606,6.64,37.3,0.931,0.931,73,88,2874
1789622600.609,6.64,43.3,0.9242,0.9238,72,89,2874
1789622601.611,7.55,29.2,0.9319,0.9323,65,0,2874
1789622602.614,7.55,27.5,0.9347,0.9341,64,0,2874
1789622603.616,7.55,24.0,0.9354,0.9356,73,23,2874
1789622604.618,7.55,23.2,0.9298,0.9302,73,88,2874
1789622605.621,7.55,43.9,0.9239,0.9239,73,89,2874
1789622606.623,8.47,26.5,0.9171,0.9161,65,0,2874
1789622607.626,8.47,31.4,0.9248,0.9258,64,0,2874
1789622608.628,8.47,35.0,0.9287,0.9287,65,0,2874
1789622609.63,8.47,37.2,0.9219,0.9209,74,25,2874
1789622610.632,8.47,23.7,0.9263,0.9263,73,86,2874
1789622611.635,8.43,41.1,0.9171,0.9171,73,90,2874
1789622612.636,8.43,33.3,0.9244,0.9254,70,87,2874
1789622613.638,8.43,26.3,0.9261,0.9261,65,0,2874
1789622614.641,8.43,23.3,0.9299,0.9293,67,0,2874
1789622615.643,8.43,37.6,0.9288,0.9294,74,42,2874
1789622616.645,9.12,40.3,0.9262,0.926,73,88,2874
1789622617.647,9.12,27.4,0.9273,0.9265,70,87,2874
1789622618.65,9.12,37.9,0.9331,0.9331,64,49,2874
1789622619.653,9.12,34.4,0.933,0.934,65,0,2874
1789622620.655,9.12,35.9,0.9331,0.9331,65,0,2874
1789622621.657,8.55,23.8,0.9292,0.9282,74,88,2874
1789622622.659,8.55,29.1,0.9231,0.9241,72,89,2874
1789622623.661,8.55,35.8,0.9302,0.9298,64,47,2874
1789622624.663,8.55,35.1,0.932,0.9314,66,0,2874
1789622625.665,8.55,24.9,0.932,0.932,74,30,2874
1789622626.667,8.18,24.2,0.9291,0.9301,73,89,2874
1789622627.67,8.18,34.2,0.9228,0.9228,73,88,2874
1789622628.673,8.18,31.2,0.9241,0.9241,65,0,2874
1789622629.675,8.18,36.8,0.9188,0.9188,66,0,2874
1789622630.677,8.18,37.3,0.9242,0.9232,74,25,2874
1789622631.679,8.01,23.4,0.9251,0.9251,74,88,2874
1789622632.682,8.01,39.6,0.9329,0.9339,73,88,2874
1789622633.684,8.01,24.0,0.9273,0.9273,70,87,2874
1789622634.686,8.01,43.8,0.915,0.915,69,87,2874
1789622635.688,8.01,32.1,0.9228,0.9228,65,0,2874
1789622636.69,7.53,37.2,0.9071,0.9071,69,0,2874
1789622637.693,7.53,23.0,0.9168,0.9168,74,89,2874
1789622638.695,7.53,26.0,0.9152,0.9152,73,89,2874
1789622639.697,7.53,38.1,0.9137,0.9137,65,64,2874
1789622640.699,7.53,32.5,0.9202,0.9202,67,0,2874
1789622641.701,8.20,23.9,0.9173,0.9173,74,87,2874
1789622642.704,8.20,45.5,0.9227,0.9227,72,89,2874
1789622643.706,8.20,30.7,0.9221,0.9211,65,0,2874
1789622644.708,8.20,26.0,0.9221,0.9231,66,0,2874
1789622645.711,8.20,37.4,0.9198,0.9188,74,41,2874
1789622646.713,7.95,38.1,0.9134,0.9134,72,89,2874
1789622647.715,7.95,35.1,0.9182,0.9192,71,90,2874
1789622648.717,7.95,28.8,0.9234,0.9234,66,20,2874
1789622649.72,7.95,23.5,0.9239,0.9239,68,0,2874
1789622650.723,7.95,37.9,0.9332,0.9322,74,0,2874
1789622651.725,8.59,40.7,0.9211,0.9221,73,89,2874
1789622652.727,8.59,29.4,0.9281,0.9281,65,88,2874
1789622653.73,8.59,31.5,0.9273,0.9263,65,59,2874
1789622654.732,8.59,36.8,0.9229,0.9229,74,0,2874
1789622655.735,8.59,30.2,0.9212,0.9212,73,89,2874
1789622656.737,9.27,34.7,0.927,0.928,65,88,2874
1789622657.739,9.27,37.4,0.9315,0.9315,74,0,2874
1789622658.743,9.27,38.0,0.923,0.923,74,3,2874
1789622659.745,9.27,30.6,0.9312,0.9312,73,88,2874
1789622660.747,9.27,37.4,0.9308,0.9298,65,80,2874
1789622661.75,10.13,33.0,0.9292,0.9302,66,30,2874
1789622662.752,10.13,37.3,0.9272,0.9262,75,0,2874
1789622663.754,10.13,37.8,0.9151,0.9151,74,88,2874
1789622664.756,10.13,30.6,0.9203,0.9213,65,88,2874
1789622665.758,10.13,11.3,0.9374,0.9374,66,0,2874
1789622666.76,9.56,10.8,0.9385,0.9375,64,0,2874
1789622667.762,9.56,32.4,0.926,0.926,63,0,2880
1789622668.764,9.56,36.9,0.927,0.927,73,58,2880
1789622669.767,9.56,39.8,0.9206,0.9216,73,88,2880
1789622670.771,9.56,24.9,0.9256,0.9256,73,36,2880
1789622671.774,9.19,40.3,0.9213,0.9213,72,88,2880
1789622672.777,9.19,23.9,0.9262,0.9262,74,0,2880
1789622673.779,9.19,41.2,0.92,0.919,74,87,2880
1789622674.781,9.19,35.5,0.9319,0.9323,68,0,2880
1789622675.783,9.19,24.9,0.9303,0.9299,75,87,2880
1789622676.785,8.85,35.8,0.9239,0.9246,65,80,2880
1789622677.788,8.85,25.1,0.9273,0.9271,75,88,2880
1789622678.79,8.85,38.0,0.9242,0.9246,65,91,2880
1789622679.793,8.85,23.7,0.9252,0.9242,75,89,2880
1789622680.795,8.85,41.0,0.9156,0.9166,65,88,2880
1789622681.797,8.63,23.4,0.9261,0.9261,74,89,2880
1789622682.801,8.63,37.2,0.9248,0.9238,65,87,2880
1789622683.804,8.63,24.3,0.9203,0.9213,75,0,2880
1789622684.806,8.63,29.1,0.9254,0.9254,74,88,2880
1789622685.808,8.63,35.6,0.9292,0.9292,66,89,2880
1789622686.81,8.25,25.0,0.9311,0.9311,74,0,2880
1789622687.812,8.25,40.1,0.914,0.915,75,89,2880
1789622688.815,8.25,37.3,0.9246,0.9226,74,0,2880
1789622689.817,8.25,40.4,0.9185,0.9185,75,86,2880
1789622690.82,8.25,32.7,0.92,0.921,66,0,2880
1789622691.822,8.07,39.9,0.9228,0.9228,75,88,2880
1789622692.824,8.07,37.1,0.918,0.917,66,0,2880
1789622693.826,8.07,40.7,0.916,0.917,75,86,2880
1789622694.828,8.07,37.5,0.9213,0.9203,66,0,2880
1789622695.83,8.07,26.9,0.9293,0.9293,75,86,2880
1789622696.834,8.79,38.0,0.9269,0.9279,74,88,2880
1789622697.836,8.79,24.2,0.927,0.927,68,13,2880
1789622698.838,8.79,40.5,0.9251,0.9251,75,88,2880
1789622699.841,8.79,24.1,0.9287,0.9287,66,0,2880
1789622700.843,8.79,39.1,0.9182,0.9182,76,86,2880
1789622701.845,8.41,13.4,0.9267,0.9257,67,0,2880
1789622702.849,8.41,20.2,0.9276,0.9286,65,0,2880
1789622703.853,8.41,39.8,0.9165,0.9165,74,87,2880
1789622704.855,8.41,38.1,0.9258,0.9258,66,0,2880
1789622705.857,8.41,44.7,0.9148,0.9138,75,86,2880
1789622706.86,7.89,30.0,0.9238,0.9248,65,4,2880
1789622707.862,7.89,31.5,0.9143,0.9133,75,88,2880
1789622708.866,7.89,32.6,0.9255,0.9265,73,75,2880
1789622709.868,7.89,24.2,0.9237,0.9237,67,0,2880
1789622710.871,7.89,40.1,0.9197,0.9187,75,89,2880
1789622711.873,7.66,24.6,0.9258,0.9258,67,0,2880
1789622712.876,7.66,40.1,0.9162,0.9172,75,88,2880
1789622713.879,7.66,21.7,0.927,0.927,67,0,2880
1789622714.88,7.66,39.2,0.9211,0.9204,75,88,2880
1789622715.883,7.66,25.1,0.9283,0.9281,66,0,2880
1789622716.885,8.41,25.7,0.9309,0.9309,75,86,2880
1789622717.887,8.41,39.0,0.9308,0.9318,74,88,2880
1789622718.889,8.41,38.5,0.9311,0.9311,67,0,2880
1789622719.891,8.41,36.9,0.9232,0.9232,75,86,2880
1789622720.894,8.41,27.6,0.9339,0.9339,66,0,2880
1789622721.896,8.30,24.9,0.9332,0.9332,74,88,2880
1789622722.898,8.30,39.2,0.9258,0.9251,74,89,2880
1789622723.901,8.30,38.8,0.9179,0.9187,67,0,2880
1789622724.903,8.30,40.1,0.9267,0.9257,75,86,2880
1789622725.906,8.30,23.8,0.9315,0.9325,67,0,2880
1789622726.908,8.99,35.8,0.9219,0.9217,75,86,2880
1789622727.911,8.99,24.3,0.9284,0.9287,66,0,2880
1789622728.913,8.99,41.2,0.9341,0.9332,75,77,2880
1789622729.915,8.99,10.8,0.9352,0.9352,65,0,2880
1789622730.918,8.99,36.7,0.9313,0.9323,73,88,2880
1789622731.92,8.67,24.1,0.9329,0.9329,66,0,2880
1789622732.922,8.67,43.9,0.9212,0.9202,75,87,2880
1789622733.925,8.67,34.0,0.9135,0.9145,74,88,2880
1789622734.927,8.67,26.4,0.9173,0.9173,74,86,2880
1789622735.931,8.67,36.2,0.9117,0.9117,75,88,2880
1789622736.933,9.10,33.3,0.9148,0.914,67,0,2880
1789622737.935,9.10,32.9,0.9175,0.9182,76,87,2880
1789622738.937,9.10,31.8,0.9231,0.9221,77,89,2880
1789622739.939,9.10,36.4,0.9132,0.9132,73,13,2880
1789622740.942,9.10,40.4,0.9169,0.9173,75,88,2880
1789622741.944,8.77,23.2,0.9204,0.92,72,10,2880
1789622742.946,8.77,39.3,0.9153,0.9153,75,89,2880
1789622743.949,8.77,27.3,0.9263,0.9273,66,45,2880
1789622744.951,8.77,23.9,0.9271,0.9261,75,32,2880
1789622745.953,8.77,40.3,0.9241,0.9241,74,89,2880
1789622746.955,8.31,24.8,0.9251,0.9261,75,48,2880
1789622747.958,8.31,34.3,0.926,0.926,73,88,2880
1789622748.96,8.31,24.7,0.9236,0.9236,67,0,2880
1789622749.963,8.31,39.8,0.9218,0.9218,76,87,2880
1789622750.966,8.31,39.3,0.9355,0.9355,67,0,2880
1789622751.968,8.28,40.8,0.9207,0.9207,76,88,2880
1789622752.972,8.28,36.9,0.9243,0.9243,67,0,2863
1789622753.976,8.28,44.4,0.9287,0.9277,76,89,2863
1789622754.98,8.28,33.4,0.9256,0.9265,75,91,2863
1789622755.982,8.28,29.3,0.9299,0.9289,75,89,2863
1789622756.984,7.94,35.1,0.933,0.9329,73,86,2863
1789622757.986,7.94,40.7,0.9232,0.9232,75,88,2863
1789622758.989,7.94,37.1,0.9306,0.9306,74,88,2863
1789622759.991,7.94,21.7,0.9353,0.9363,75,33,2863
1789622760.993,7.94,41.7,0.9259,0.9255,74,88,2863
1789622761.996,8.43,23.7,0.9318,0.9319,75,20,2863
1789622763.0,8.43,43.7,0.9301,0.9304,76,88,2863
1789622764.002,8.43,17.6,0.9367,0.9357,67,0,2863
1789622765.005,8.43,29.7,0.9362,0.9372,65,23,2863
1789622766.007,8.43,37.0,0.9232,0.9232,76,82,2863
1789622767.009,9.27,40.7,0.9253,0.9243,75,89,2863
1789622768.012,9.27,25.9,0.9221,0.9231,76,40,2863
1789622769.014,9.27,34.4,0.9232,0.9232,75,88,2863
1789622770.017,9.27,31.7,0.9267,0.9267,66,63,2863
1789622771.019,9.27,40.2,0.9091,0.9081,75,88,2863
1789622772.021,9.89,39.8,0.9112,0.9122,75,88,2863
1789622773.024,9.89,26.3,0.9305,0.9305,67,0,2863
1789622774.027,9.89,43.6,0.9241,0.9241,75,88,2863
1789622775.029,9.89,35.9,0.9292,0.9292,76,90,2863
1789622776.032,9.89,26.4,0.9316,0.9316,69,0,2863
1789622777.035,10.22,36.8,0.9281,0.9271,76,88,2863
1789622778.04,10.22,29.2,0.9219,0.9228,67,27,2863
1789622779.043,10.22,42.4,0.9239,0.9229,76,89,2863
1789622780.045,10.22,38.0,0.9228,0.9238,75,89,2863
1789622781.047,10.22,25.8,0.9308,0.9308,73,0,2863
1789622782.049,10.92,39.6,0.9231,0.9231,76,85,2863
1789622783.051,10.92,39.7,0.9342,0.9332,69,0,2863
1789622784.054,10.92,42.0,0.929,0.93,76,90,2863
1789622785.056,10.92,36.8,0.9385,0.9385,67,87,2863
1789622786.058,10.92,28.0,0.9293,0.9283,76,65,2863
1789622787.061,11.41,37.4,0.929,0.929,75,89,2863
1789622788.062,11.41,26.8,0.9343,0.9353,68,35,2863
1789622789.064,11.41,39.1,0.9282,0.9272,75,89,2863
1789622790.067,11.41,26.7,0.9346,0.9352,68,54,2863
1789622791.07,11.41,41.7,0.9322,0.9319,77,80,2863
1789622792.073,11.62,37.9,0.9283,0.929,73,89,2863
1789622793.076,11.62,38.4,0.9344,0.9344,76,22,2863
1789622794.079,11.62,42.6,0.9169,0.9159,75,89,2863
1789622795.082,11.62,38.9,0.9318,0.9318,68,63,2863
1789622796.084,11.62,33.7,0.9181,0.9181,76,89,2863
1789622797.086,10.85,32.0,0.9261,0.9261,67,88,2863
1789622798.089,10.85,30.0,0.9179,0.9179,76,87,2863
1789622799.092,10.85,35.0,0.9259,0.9269,71,89,2863
1789622800.094,10.85,38.9,0.9272,0.9272,72,0,2863
1789622801.096,10.85,39.7,0.9271,0.9261,76,70,2863
1789622802.098,11.10,39.6,0.927,0.927,75,89,2863
1789622803.1,11.10,42.1,0.9242,0.9252,70,0,2863
1789622804.102,11.10,39.2,0.9138,0.9131,77,89,2863
1789622805.105,11.10,26.1,0.9312,0.931,69,0,2863
1789622806.107,11.10,34.6,0.9262,0.9272,77,89,2863
1789622807.109,10.45,31.6,0.925,0.925,67,90,2863
1789622808.111,10.45,42.8,0.9218,0.9208,77,89,2863
1789622809.114,10.45,38.1,0.9265,0.9275,78,89,2863
1789622810.116,10.45,26.7,0.9328,0.9328,70,0,2863
1789622811.118,10.45,33.2,0.9302,0.9292,77,89,2863
1789622812.122,9.77,32.7,0.9294,0.9306,67,89,2863
1789622813.124,9.77,40.0,0.9363,0.936,77,0,2863
1789622814.127,9.77,38.1,0.9195,0.9192,76,87,2863
1789622815.129,9.77,28.3,0.922,0.9213,68,44,2863
1789622816.132,9.77,43.6,0.9088,0.9098,76,90,2863
1789622817.134,9.47,34.8,0.9221,0.9221,67,88,2863
1789622818.136,9.47,42.7,0.9341,0.9341,71,89,2863
1789622819.138,9.47,36.7,0.922,0.922,76,89,2863
1789622820.14,9.47,39.7,0.9321,0.9311,67,0,2863
1789622821.142,9.47,38.0,0.9171,0.9181,77,88,2863
1789622822.145,9.11,27.2,0.9185,0.9179,76,22,2863
1789622823.147,9.11,34.3,0.9122,0.9128,76,89,2863
1789622824.151,9.11,31.7,0.9222,0.9222,76,89,2863
1789622825.153,9.11,28.6,0.9213,0.9203,73,51,2863
1789622826.157,9.11,36.9,0.9188,0.9198,77,89,2863
1789622827.16,8.78,25.6,0.929,0.929,67,13,2863
1789622828.162,8.78,32.2,0.9233,0.9233,76,89,2863
1789622829.165,8.78,33.8,0.925,0.925,76,88,2863
1789622830.168,8.78,38.7,0.9121,0.9121,70,12,2863
1789622831.17,8.78,39.3,0.9071,0.9071,76,87,2863
1789622832.172,8.24,25.5,0.9206,0.9196,74,81,2863
1789622833.174,8.24,41.0,0.9162,0.9172,76,89,2863
1789622834.177,8.24,38.2,0.9186,0.9184,76,89,2863
1789622835.18,8.24,39.0,0.9177,0.9179,69,0,2863
1789622836.182,8.24,40.5,0.9148,0.9138,77,88,2863
1789622837.184,7.74,39.1,0.9072,0.908,67,32,2863
1789622838.186,7.74,39.2,0.914,0.9133,76,89,2863
1789622839.189,7.74,25.7,0.9223,0.9233,74,81,2863
1789622840.191,7.74,25.3,0.9221,0.9221,69,0,2863
1789622841.194,7.74,40.8,0.9296,0.9289,76,87,2863
1789622842.197,7.68,25.1,0.9255,0.9282,69,0,2863
1789622843.199,7.68,40.6,0.928,0.925,77,86,2863
1789622844.202,7.68,40.0,0.9294,0.9304,74,44,2863
1789622845.204,7.68,43.8,0.9299,0.9289,76,78,2863
1789622846.206,7.68,36.7,0.928,0.929,76,89,2863
1789622847.209,7.71,38.6,0.92,0.92,69,0,2863
1789622848.211,7.71,40.1,0.9236,0.9229,77,87,2863
1789622849.214,7.71,39.5,0.9278,0.9283,72,40,2863
1789622850.216,7.71,32.7,0.9179,0.9181,76,87,2863
1789622851.218,7.71,33.1,0.9302,0.9302,76,89,2863
1789622852.22,7.41,40.1,0.9351,0.9351,68,0,2863
1789622853.222,7.41,39.8,0.9239,0.9239,77,88,2863
1789622854.224,7.41,25.8,0.9242,0.9232,67,0,2863
1789622855.226,7.41,11.7,0.9372,0.9372,66,0,2863
1789622856.228,7.41,11.3,0.9382,0.9382,65,0,2863
1789622857.23,7.06,13.9,0.9232,0.9232,65,0,685
1789622858.233,7.06,15.3,0.9089,0.9093,64,2,777
1789622859.235,7.06,26.1,0.917,0.9176,65,5,1257
1789622860.237,7.06,28.6,0.9194,0.9194,66,0,1257
1789622861.239,7.06,29.1,0.9161,0.9151,71,67,1259
1789622862.241,6.97,23.3,0.9177,0.9187,65,1,1259
1789622863.244,6.97,13.0,0.92,0.92,66,0,1259
1789622864.246,6.97,24.5,0.9199,0.9197,71,0,1259
1789622865.249,6.97,24.4,0.9214,0.9207,65,67,1259
1789622866.251,6.97,12.8,0.9191,0.9201,65,0,1259
1789622867.253,6.73,25.3,0.9214,0.9204,68,0,1259
1789622868.255,6.73,25.2,0.9248,0.9258,68,66,1259
1789622869.257,6.73,10.9,0.9292,0.9292,65,0,1259
1789622870.259,6.73,25.1,0.9262,0.9262,67,0,1259
1789622871.261,6.73,24.9,0.9232,0.9232,68,71,1259
1789622872.264,6.51,11.5,0.9318,0.9318,65,0,1259
1789622873.265,6.51,25.5,0.9232,0.9225,66,0,1259
1789622874.268,6.51,25.1,0.9262,0.9269,68,72,1259
1789622875.27,6.51,12.6,0.9341,0.9331,65,0,1259
1789622876.272,6.51,23.9,0.9283,0.9283,66,0,1259
1789622877.274,6.47,25.0,0.9252,0.9252,68,72,1259
1789622878.276,6.47,13.0,0.9322,0.9332,64,0,1259
1789622879.277,6.47,22.7,0.9263,0.9263,65,0,1259
1789622880.279,6.47,24.9,0.9344,0.9344,68,69,1259
1789622881.281,6.47,15.0,0.934,0.934,64,0,1259
1789622882.283,7.56,20.8,0.9311,0.9301,65,0,1259
1789622883.286,7.56,25.9,0.9361,0.9365,68,70,1259
1789622884.288,7.56,15.7,0.9341,0.9341,64,0,1259
1789622885.29,7.56,20.3,0.9351,0.9357,65,0,1259
1789622886.292,7.56,26.1,0.9263,0.9253,68,71,1259
1789622887.294,7.27,17.7,0.93,0.931,64,0,1259
1789622888.296,7.27,20.4,0.9272,0.9272,65,0,1259
1789622889.298,7.27,26.0,0.926,0.926,68,69,1259
1789622890.3,7.27,17.9,0.9412,0.9412,64,0,1259
1789622891.302,7.27,18.5,0.9305,0.9305,64,0,1259
1789622892.304,6.93,24.7,0.9293,0.9293,68,70,1259
1789622893.306,6.93,19.0,0.9316,0.9306,64,0,1259
1789622894.308,6.93,16.4,0.9283,0.9287,64,0,1259
1789622895.31,6.93,24.3,0.9223,0.9219,68,57,1259
1789622896.314,6.93,17.7,0.9232,0.9242,63,9,1259
1789622897.316,6.77,15.6,0.9272,0.9272,64,0,1259
1789622898.318,6.77,24.0,0.9211,0.9211,69,42,1259
1789622899.32,6.77,20.2,0.9232,0.9222,63,30,1259
1789622900.322,6.77,14.9,0.9291,0.9291,64,0,1259
1789622901.324,6.77,25.0,0.9224,0.9224,68,28,1259
1789622902.326,6.39,21.3,0.9289,0.9299,63,40,1259
1789622903.328,6.39,14.2,0.9312,0.9312,64,0,1259
1789622904.33,6.39,24.9,0.9293,0.9283,69,16,1259
1789622905.333,6.39,22.9,0.9246,0.925,63,50,1259
1789622906.335,6.39,13.3,0.9334,0.934,63,0,1259
1789622907.336,6.04,25.0,0.9282,0.9282,68,5,1259
1789622908.34,6.04,23.1,0.9281,0.9281,63,60,1259
1789622909.342,6.04,14.1,0.9337,0.9333,63,0,1259
1789622910.344,6.04,17.0,0.9354,0.9355,63,0,1259
1789622911.346,6.04,20.6,0.9313,0.9306,64,0,1259
1789622912.348,5.88,26.3,0.934,0.935,67,71,1259
1789622913.35,5.88,17.9,0.9332,0.9332,63,0,1259
1789622914.352,5.88,21.5,0.9323,0.9323,64,0,1259
1789622915.354,5.88,24.9,0.9283,0.9273,67,73,1259
1789622916.356,5.88,18.7,0.9328,0.9337,63,0,1259
1789622917.358,7.01,17.2,0.9344,0.9334,63,0,1259
1789622918.36,7.01,24.8,0.9304,0.9308,67,64,1259
1789622919.362,7.01,19.9,0.9306,0.9302,63,1,1259
1789622920.365,7.01,15.9,0.932,0.933,63,0,1259
1789622921.367,6.93,25.2,0.9292,0.9292,67,56,1259
1789622922.369,6.93,21.3,0.9249,0.9249,62,71,1259
1789622923.371,6.93,15.1,0.931,0.9308,63,0,1259
1789622924.373,6.93,25.5,0.923,0.9232,67,0,1259
1789622925.376,6.93,22.7,0.9226,0.9226,62,61,1259
1789622926.378,6.77,15.8,0.9261,0.9261,63,0,1259
1789622927.38,6.77,26.1,0.915,0.914,67,4,1259
1789622928.383,6.77,20.7,0.9195,0.9195,62,70,1259
1789622929.386,6.77,15.4,0.9209,0.9209,63,0,1259
1789622930.388,6.77,24.8,0.922,0.922,67,0,1259
1789622931.39,6.55,22.0,0.9267,0.9277,62,73,1259
1789622932.393,6.55,15.1,0.9312,0.9305,63,0,1259
1789622933.395,6.55,24.8,0.9225,0.9232,67,0,1259
1789622934.397,6.55,22.9,0.9301,0.9291,62,72,1259
1789622935.399,6.55,13.2,0.9323,0.9333,63,0,1259
1789622936.401,6.50,25.1,0.9253,0.9243,67,0,1259
1789622937.404,6.50,24.0,0.9307,0.9307,62,72,1259
1789622938.406,6.50,11.9,0.9322,0.9332,63,0,1259
1789622939.407,6.50,11.3,0.9344,0.9334,62,0,1259
1789622940.409,6.50,12.3,0.9334,0.9334,61,0,1259
1789622941.411,6.46,13.2,0.9212,0.9222,60,2,777
1789622942.413,6.46,14.1,0.9241,0.9241,60,0,777
1789622943.416,6.46,15.5,0.9228,0.9228,60,9,1713
1789622944.419,6.46,34.0,0.927,0.927,60,84,1911
1789622945.421,6.46,37.2,0.9269,0.926,66,0,1911
1789622946.423,6.11,11.1,0.9383,0.9383,62,0,1911
1789622947.426,6.11,34.4,0.9245,0.9255,67,83,1911
1789622948.428,6.11,12.9,0.9342,0.9342,63,0,1911
1789622949.43,6.11,35.2,0.9301,0.9301,70,83,1911
1789622950.432,6.11,12.3,0.9352,0.9352,63,0,1911
1789622951.434,5.94,35.7,0.9269,0.9263,71,83,1911
1789622952.436,5.94,11.2,0.9352,0.9348,63,0,1911
1789622953.438,5.94,36.8,0.9222,0.9232,71,83,1911
1789622954.44,5.94,10.9,0.9365,0.9355,62,0,1911
1789622955.442,5.94,35.2,0.9271,0.9271,69,84,1911
1789622956.444,6.02,11.3,0.9372,0.9372,62,0,1911
1789622957.446,6.02,15.9,0.938,0.938,65,0,1911
1789622958.448,6.02,31.1,0.9182,0.9182,64,63,1911
1789622959.451,6.02,14.6,0.9279,0.9289,70,0,1911
1789622960.453,6.02,31.0,0.9178,0.9169,64,59,1911
1789622961.455,6.50,15.0,0.9268,0.9278,69,0,1911
1789622962.458,6.50,30.9,0.923,0.922,64,40,1911
1789622963.46,6.50,10.3,0.9332,0.9332,62,0,1911
1789622964.461,6.50,10.3,0.9343,0.9343,61,0,1911
1789622965.463,6.50,10.4,0.9333,0.9343,61,0,1911
1789622966.466,6.38,36.6,0.921,0.92,71,83,1911
1789622967.468,6.38,11.8,0.9322,0.9332,62,0,1911
1789622968.469,6.38,10.8,0.9353,0.9343,61,0,1911
1789622969.472,6.38,34.9,0.927,0.928,72,83,1911
1789622970.474,6.38,13.1,0.9342,0.9332,62,0,1911
1789622971.476,6.35,33.4,0.9282,0.9292,71,82,1911
1789622972.477,6.35,14.0,0.9315,0.9309,62,0,1911
1789622973.479,6.35,10.9,0.9365,0.9361,62,0,1911
1789622974.481,6.35,33.9,0.923,0.924,71,84,1911
1789622975.483,6.35,13.7,0.9343,0.9343,62,0,1911
1789622976.486,6.48,19.8,0.9337,0.9337,69,83,1911
1789622977.488,6.48,27.6,0.9234,0.9228,63,0,1911
1789622978.489,6.48,11.0,0.9363,0.9359,62,0,1911
1789622979.492,6.48,20.3,0.937,0.938,65,85,1911
1789622980.493,6.48,27.3,0.9285,0.9275,63,0,1911
1789622981.496,6.28,20.1,0.9369,0.9379,70,82,1911
1789622982.497,6.28,27.1,0.9335,0.9335,63,0,1911
1789622983.5,6.28,17.9,0.9351,0.9355,68,57,1911
1789622984.502,6.28,29.7,0.9272,0.9258,64,0,1911
1789622985.506,6.28,17.9,0.9327,0.9337,68,56,1911
1789622986.508,6.02,29.3,0.9301,0.9301,64,0,1911
1789622987.51,6.02,17.7,0.9362,0.9352,68,60,1911
1789622988.512,6.02,29.0,0.9262,0.9262,64,0,1911
1789622989.514,6.02,17.5,0.9333,0.9343,68,39,1911
1789622990.516,6.02,30.3,0.9213,0.9213,65,0,1911
1789622991.519,6.10,18.3,0.929,0.929,69,56,1911
1789622992.521,6.10,28.3,0.9195,0.9192,64,0,1911
1789622993.523,6.10,16.0,0.9248,0.9244,64,0,1911
1789622994.525,6.10,30.5,0.9161,0.9157,62,32,1911
1789622995.529,6.10,14.1,0.9285,0.9291,65,0,1911
1789622996.53,5.85,32.1,0.924,0.9244,62,1,1911
1789622997.533,5.85,14.7,0.932,0.931,66,20,1911
1789622998.535,5.85,32.4,0.9161,0.9171,62,14,1911
1789622999.538,5.85,18.3,0.9323,0.9323,65,8,1911
1789623000.54,5.85,28.2,0.9222,0.9222,68,71,1911
1789623001.542,5.94,19.3,0.9289,0.9289,64,0,1911
1789623002.544,5.94,28.1,0.9292,0.9282,69,77,1911
1789623003.547,5.94,17.8,0.9342,0.9352,64,0,1911
1789623004.549,5.94,30.2,0.9299,0.9299,71,50,1911
1789623005.551,5.94,11.2,0.9372,0.9372,65,0,1911
1789623006.553,5.63,11.0,0.9393,0.9383,62,0,1911
1789623007.556,5.63,37.5,0.9259,0.9259,61,0,1911
1789623008.558,5.63,11.5,0.9373,0.9373,72,84,1911
1789623009.56,5.63,29.5,0.9281,0.9281,62,0,1911
1789623010.562,5.63,18.9,0.9303,0.9303,70,82,1911
1789623011.565,5.42,29.6,0.9249,0.9251,63,0,1911
1789623012.567,5.42,17.7,0.9315,0.9313,71,82,1911
1789623013.569,5.42,29.9,0.9275,0.9275,63,0,1911
1789623014.571,5.42,17.7,0.9322,0.9322,71,82,1911
1789623015.573,5.42,11.2,0.9353,0.9363,63,0,1911
1789623016.576,5.38,31.9,0.9234,0.9226,62,0,1911
1789623017.578,5.38,16.1,0.9361,0.9359,71,82,1911
1789623018.58,5.38,11.3,0.9382,0.9382,63,0,1911
1789623019.582,5.38,37.9,0.9304,0.9314,62,0,1911
1789623020.584,5.38,11.4,0.9341,0.9341,71,36,1911
1789623021.586,6.31,36.4,0.9291,0.9281,62,1,1911
1789623022.589,6.31,15.2,0.9336,0.9346,72,20,1911
1789623023.591,6.31,32.1,0.9234,0.9234,62,47,1911
1789623024.593,6.31,9.4,0.9283,0.9273,72,0,1911
1789623025.595,6.31,12.1,0.9271,0.9281,62,0,1911
1789623026.596,6.37,33.0,0.9193,0.9183,61,46,1911
1789623027.598,6.37,9.1,0.9312,0.9312,72,0,1911
1789623028.6,6.37,8.7,0.9323,0.9333,62,0,1911
1789623029.603,6.37,8.7,0.9349,0.9339,61,0,1911
1789623030.605,6.37,9.5,0.9331,0.9341,61,0,1911
1789623031.607,7.14,25.9,0.9248,0.9248,60,0,1911
1789623032.609,7.14,21.5,0.9303,0.9293,69,82,1911
1789623033.611,7.14,30.4,0.9301,0.9301,63,0,1911
1789623034.613,7.14,17.5,0.9294,0.9304,71,84,1911
1789623035.615,7.14,24.6,0.9298,0.9295,63,0,1911
1789623036.618,6.97,23.9,0.9281,0.9281,69,82,1911
1789623037.62,6.97,23.8,0.9351,0.9353,63,0,1911
1789623038.622,6.97,23.4,0.9262,0.9252,70,81,1911
1789623039.624,6.97,13.5,0.9364,0.9364,63,0,1911
1789623040.627,6.97,34.6,0.923,0.923,62,31,1911
1789623041.629,6.57,14.3,0.9337,0.9347,71,1,1911
1789623042.631,6.57,33.3,0.928,0.928,62,28,1911
1789623043.633,6.57,9.5,0.9382,0.9382,72,0,1911
1789623044.636,6.57,33.4,0.9288,0.9288,62,0,1911
1789623045.638,6.57,12.2,0.9273,0.9263,71,83,1911
1789623046.64,6.61,34.8,0.9197,0.9197,63,0,1911
1789623047.642,6.61,13.2,0.9323,0.9333,71,83,1911
1789623048.644,6.61,10.7,0.939,0.939,63,0,1911
1789623049.646,6.61,37.5,0.9322,0.9312,62,0,1911
1789623050.648,6.61,10.9,0.9363,0.9363,71,81,1911
1789623051.65,6.64,36.6,0.9312,0.9312,62,0,1911
1789623052.652,6.64,10.9,0.9374,0.9384,72,70,1911
1789623053.654,6.64,35.8,0.9171,0.9171,62,0,1911
1789623054.656,6.64,10.8,0.9371,0.9364,72,0,1911
1789623055.658,6.64,36.0,0.9114,0.9121,63,39,1911
1789623056.66,6.51,8.6,0.9282,0.9272,72,0,1911
1789623057.663,6.51,15.7,0.9257,0.9267,63,0,1911
1789623058.664,6.51,30.0,0.9153,0.9143,62,84,1911
1789623059.667,6.51,17.0,0.9265,0.9268,66,0,1911
1789623060.669,6.51,29.9,0.9155,0.9152,62,84,1911
1789623061.671,6.55,20.8,0.9263,0.9273,67,0,1911
1789623062.673,6.55,27.4,0.9172,0.9172,64,81,1911
1789623063.675,6.55,20.0,0.9311,0.9301,65,0,1911
1789623064.677,6.55,25.2,0.9234,0.9244,67,82,1911
1789623065.68,6.55,13.8,0.9354,0.9344,65,0,1911
1789623066.682,6.50,32.5,0.9311,0.9311,62,85,1911
1789623067.683,6.50,11.2,0.9354,0.9354,72,0,1911
1789623068.685,6.50,11.6,0.9345,0.9355,62,0,1911
1789623069.687,6.50,12.5,0.9324,0.9324,61,0,1911
1789623070.689,6.50,13.3,0.9282,0.9272,61,2,685
1789623071.691,6.46,13.6,0.9258,0.9268,61,3,685
1789623072.694,6.46,45.3,0.9086,0.9083,60,4,1257
1789623073.696,6.46,28.3,0.9231,0.9233,66,0,1257
1789623074.698,6.46,25.5,0.9293,0.9293,66,0,1259
1789623075.7,6.46,25.5,0.9321,0.9321,67,0,1259
1789623076.702,7.15,25.4,0.9293,0.9293,67,4,1259
1789623077.705,7.15,24.2,0.9218,0.9216,66,27,1259
1789623078.707,7.15,22.3,0.9255,0.9257,66,47,1259
1789623079.71,7.15,22.9,0.9275,0.9265,67,64,1259
1789623080.712,7.15,20.2,0.927,0.928,62,72,1259
1789623081.715,6.97,24.2,0.9225,0.9215,62,72,1259
1789623082.717,6.97,23.0,0.9281,0.9281,62,73,1259
1789623083.72,6.97,23.1,0.9289,0.9299,63,59,1259
1789623084.721,6.97,23.3,0.9315,0.9305,66,41,1259
1789623085.723,6.97,24.9,0.9243,0.9253,66,20,1259
1789623086.725,6.82,24.5,0.9262,0.9262,65,6,1259
1789623087.727,6.82,26.9,0.9151,0.9145,62,0,1259
1789623088.73,6.82,24.2,0.913,0.9126,62,0,1259
1789623089.732,6.82,24.8,0.9153,0.9163,62,0,1259
1789623090.734,6.82,25.9,0.9219,0.9216,62,0,1259
1789623091.736,6.43,26.3,0.9247,0.9249,63,0,1259
1789623092.739,6.43,25.0,0.9231,0.9221,63,25,1259
1789623093.741,6.43,23.5,0.9202,0.9209,63,38,1259
1789623094.743,6.43,23.4,0.9195,0.9198,64,51,1259
1789623095.746,6.43,22.8,0.9226,0.9216,64,64,1259
1789623096.748,7.60,22.6,0.924,0.924,67,73,1259
1789623097.751,7.60,24.2,0.9202,0.9212,67,69,1259
1789623098.754,7.60,23.8,0.9249,0.9249,67,67,1259
1789623099.756,7.60,22.9,0.93,0.9298,67,74,1259
1789623100.759,7.60,23.6,0.9265,0.9267,67,56,1259
1789623101.76,7.23,24.8,0.9264,0.9264,67,36,1259
1789623102.762,7.23,26.2,0.9223,0.9213,66,13,1259
1789623103.764,7.23,24.6,0.9225,0.9225,63,0,1259
1789623104.766,7.23,25.5,0.9305,0.9305,62,0,1259
1789623105.768,7.23,25.2,0.9284,0.9284,62,0,1259
1789623106.769,6.89,25.0,0.9243,0.9243,62,0,1259
1789623107.772,6.89,25.9,0.9251,0.9251,62,0,1259
1789623108.774,6.89,25.8,0.9272,0.9282,62,0,1259
1789623109.776,6.89,24.8,0.9232,0.9222,63,0,1259
1789623110.778,6.89,24.4,0.9212,0.9212,63,16,1259
1789623111.78,6.82,23.5,0.9308,0.9308,63,36,1259
1789623112.782,6.82,23.2,0.932,0.932,64,54,1259
1789623113.784,6.82,23.6,0.9281,0.9291,65,72,1259
1789623114.787,6.82,22.4,0.9249,0.9249,67,20,1259
1789623115.79,6.82,24.1,0.9301,0.9301,67,42,1259
1789623116.792,6.83,23.6,0.9319,0.9319,67,66,1259
1789623117.794,6.83,23.2,0.9312,0.9312,66,71,1259
1789623118.797,6.83,22.6,0.9284,0.9284,67,71,1259
1789623119.8,6.83,22.4,0.9285,0.9275,66,72,1259
1789623120.802,6.83,22.2,0.9153,0.9161,66,73,1259
1789623121.804,6.45,25.0,0.9163,0.9155,62,55,1259
1789623122.806,6.45,24.5,0.9162,0.9162,62,31,1259
1789623123.808,6.45,24.7,0.9182,0.9192,62,10,1259
1789623124.81,6.45,24.8,0.9263,0.9263,62,0,1259
1789623125.812,6.45,24.6,0.9241,0.9241,62,0,1259
1789623126.814,6.49,25.1,0.9241,0.9238,62,0,1259
1789623127.816,6.49,25.0,0.924,0.9236,63,0,1259
1789623128.818,6.49,10.6,0.9334,0.933,63,0,1259
1789623129.82,6.49,9.4,0.9351,0.9361,62,0,1259
1789623130.822,6.49,13.3,0.9323,0.9313,60,0,1259
1789623131.824,6.29,13.3,0.9253,0.9263,60,4,777
1789623132.826,6.29,14.1,0.9328,0.9318,60,1,777
1789623133.828,6.29,15.3,0.9284,0.9292,60,25,2613
1789623134.83,6.29,31.6,0.9258,0.9261,60,7,2857
1789623135.832,6.29,27.5,0.9212,0.9212,70,87,2863
1789623136.835,7.15,36.0,0.9148,0.9148,62,0,2863
1789623137.837,7.15,26.3,0.9222,0.9212,72,89,2863
1789623138.84,7.15,38.0,0.9213,0.9223,63,20,2863
1789623139.842,7.15,21.9,0.9251,0.9251,72,88,2863
1789623140.844,7.15,39.3,0.9201,0.9201,62,66,2863
1789623141.846,6.98,20.9,0.9292,0.9292,67,0,2863
1789623142.85,6.98,41.3,0.9178,0.9178,71,88,2863
1789623143.853,6.98,35.1,0.9161,0.9161,66,0,2863
1789623144.855,6.98,31.8,0.9283,0.9273,72,88,2863
1789623145.857,6.98,31.3,0.933,0.933,65,0,2863
1789623146.859,7.86,33.4,0.9258,0.9268,73,86,2863
1789623147.861,7.86,31.0,0.9341,0.9335,65,0,2863
1789623148.863,7.86,30.8,0.9274,0.928,72,87,2863
1789623149.866,7.86,32.0,0.9307,0.9307,65,0,2863
1789623150.868,7.86,36.4,0.9152,0.9152,73,88,2863
1789623151.871,8.43,42.5,0.9133,0.9133,72,90,2863
1789623152.875,8.43,36.0,0.9164,0.9174,68,0,2863
1789623153.877,8.43,28.8,0.9162,0.9152,73,89,2863
1789623154.879,8.43,35.2,0.921,0.921,65,0,2863
1789623155.882,8.43,38.6,0.9215,0.9205,73,87,2863
1789623156.885,8.08,38.1,0.9258,0.9266,64,0,2863
1789623157.887,8.08,25.6,0.9221,0.9213,74,89,2863
1789623158.89,8.08,37.6,0.9233,0.9243,65,0,2863
1789623159.893,8.08,37.2,0.911,0.911,73,63,2863
1789623160.895,8.08,42.7,0.9087,0.9087,73,89,2863
1789623161.898,8.87,29.6,0.9174,0.9174,66,0,2863
1789623162.9,8.87,36.6,0.9099,0.9099,74,88,2863
1789623163.903,8.87,40.9,0.907,0.907,72,52,2863
1789623164.905,8.87,22.2,0.9221,0.9221,73,89,2863
1789623165.907,8.87,41.9,0.923,0.922,72,50,2863
1789623166.91,8.32,24.8,0.9308,0.9318,73,89,2863
1789623167.912,8.32,39.5,0.925,0.925,73,89,2863
1789623168.914,8.32,19.9,0.9268,0.9258,73,88,2863
1789623169.916,8.32,40.1,0.9143,0.9153,75,68,2863
1789623170.918,8.32,36.9,0.9132,0.9132,73,66,2863
1789623171.921,8.05,39.8,0.9136,0.9136,73,88,2863
1789623172.924,8.05,37.8,0.9171,0.9171,73,0,2863
1789623173.927,8.05,41.8,0.9234,0.9234,74,89,2863
1789623174.929,8.05,32.0,0.9212,0.9202,68,0,2863
1789623175.931,8.05,40.4,0.9263,0.927,73,89,2863
1789623176.933,8.77,37.2,0.9285,0.928,65,37,2863
1789623177.937,8.77,37.9,0.9274,0.9278,75,88,2863
1789623178.94,8.77,39.1,0.9203,0.9197,73,89,2863
1789623179.942,8.77,24.4,0.9326,0.9336,74,0,2863
1789623180.944,8.77,25.2,0.929,0.928,74,88,2863
1789623181.946,9.59,39.1,0.9142,0.915,65,57,2863
1789623182.948,9.59,24.5,0.9242,0.9244,75,89,2863
1789623183.951,9.59,34.9,0.917,0.917,65,0,2863
1789623184.953,9.59,37.9,0.9092,0.9092,75,89,2863
1789623185.955,9.59,40.6,0.9209,0.9209,65,76,2863
1789623186.958,9.14,23.2,0.9265,0.9265,75,71,2863
1789623187.96,9.14,29.5,0.9239,0.9229,73,88,2863
1789623188.963,9.14,34.5,0.9177,0.9187,66,0,2863
1789623189.965,9.14,41.1,0.9112,0.9102,74,88,2863
1789623190.967,9.14,36.4,0.9121,0.9131,66,18,2863
1789623191.969,8.57,38.8,0.9082,0.9082,75,83,2863
1789623192.971,8.57,34.0,0.927,0.927,73,88,2863
1789623193.973,8.57,29.9,0.932,0.932,67,0,2863
1789623194.976,8.57,44.2,0.9206,0.9206,74,87,2863
1789623195.979,8.57,34.1,0.9149,0.9149,67,0,2863
1789623196.982,9.25,38.3,0.928,0.927,74,89,2863
1789623197.984,9.25,39.1,0.9308,0.9318,66,50,2863
1789623198.986,9.25,23.7,0.9303,0.9303,75,4,2863
1789623199.988,9.25,44.4,0.913,0.913,74,88,2863
1789623200.99,9.25,32.0,0.9229,0.9229,67,0,2863
1789623201.993,8.83,24.1,0.9249,0.9246,75,86,2863
1789623202.995,8.83,38.7,0.9298,0.9291,74,88,2863
1789623203.999,8.83,37.6,0.9169,0.9179,75,88,2863
1789623205.001,8.83,39.9,0.9211,0.9201,73,88,2863
1789623206.003,8.83,23.2,0.9283,0.9293,75,89,2863
1789623207.004,8.76,29.7,0.9305,0.9295,73,89,2863
1789623208.006,8.76,33.2,0.9341,0.9361,67,0,2863
1789623209.008,8.76,40.3,0.9105,0.9085,75,86,2863
1789623210.011,8.76,37.3,0.9155,0.9155,67,0,2863
1789623211.013,8.76,22.1,0.9274,0.9274,75,88,2863
1789623212.015,9.42,38.9,0.9268,0.9285,66,16,2863
1789623213.018,9.42,24.9,0.932,0.9312,75,88,2863
1789623214.02,9.42,33.3,0.9311,0.9301,66,89,2863
1789623215.022,9.42,31.2,0.9353,0.9363,69,0,2863
1789623216.025,9.42,43.3,0.9191,0.9191,75,89,2863
1789623217.027,8.99,34.1,0.9089,0.9087,68,31,2863
1789623218.029,8.99,36.9,0.906,0.9063,76,88,2863
1789623219.032,8.99,35.9,0.9111,0.9111,66,58,2863
1789623220.035,8.99,37.8,0.9077,0.9077,76,28,2863
1789623221.038,8.99,39.6,0.9152,0.9152,75,89,2863
1789623222.041,8.51,23.6,0.9265,0.9255,75,32,2863
1789623223.044,8.51,40.9,0.9222,0.9232,76,88,2863
1789623224.046,8.51,37.3,0.935,0.9348,66,0,2863
1789623225.048,8.51,44.7,0.9182,0.9174,76,85,2863
1789623226.051,8.51,35.1,0.9081,0.9091,73,37,2863
1789623227.053,8.31,22.6,0.9214,0.9204,75,88,2863
1789623228.055,8.31,40.8,0.9121,0.9131,75,87,2863
1789623229.057,8.31,35.1,0.9142,0.9133,76,88,2863
1789623230.059,8.31,9.2,0.9341,0.9341,66,0,2863
1789623231.061,8.31,10.2,0.9353,0.9363,64,0,2863
1789623232.064,8.84,31.5,0.9199,0.9189,68,13,2863
1789623233.066,8.84,14.1,0.9283,0.9293,67,18,2863
1789623234.068,8.84,34.3,0.9173,0.9173,73,74,2865
1789623235.07,8.84,14.5,0.9285,0.9285,66,0,2865
1789623236.073,8.84,45.0,0.927,0.927,74,88,2865
1789623237.075,8.53,16.5,0.9287,0.9287,66,0,2865
1789623238.077,8.53,34.2,0.9014,0.9004,75,88,2865
1789623239.08,8.53,18.2,0.9145,0.9145,66,0,2865
1789623240.082,8.53,21.7,0.9259,0.9269,75,89,2865
1789623241.095,8.53,23.2,0.9284,0.9274,65,0,2865
1789623242.098,8.33,15.6,0.934,0.935,65,0,2865
1789623243.1,8.33,41.8,0.9269,0.9269,74,88,2865
1789623244.103,8.33,22.7,0.9252,0.9252,65,0,2865
1789623245.105,8.33,36.1,0.9172,0.9162,75,89,2865
1789623246.108,8.33,22.4,0.9269,0.9279,65,0,2865
1789623247.109,7.82,20.8,0.9274,0.9274,75,89,2865
1789623248.113,7.82,29.0,0.922,0.922,65,0,2865
1789623249.115,7.82,33.7,0.9137,0.9137,75,88,2865
1789623250.118,7.82,25.9,0.9163,0.9163,65,0,2865
1789623251.12,7.82,32.4,0.9092,0.9082,75,88,2865
1789623252.122,7.60,30.9,0.9141,0.9141,65,0,2865
1789623253.125,7.60,27.1,0.915,0.915,68,44,2865
1789623254.127,7.60,41.6,0.9235,0.9245,72,57,2865
1789623255.13,7.60,17.8,0.9221,0.9221,65,0,2865
1789623256.132,7.60,18.1,0.9249,0.9239,75,88,2865
1789623257.135,8.35,32.3,0.9132,0.9134,65,72,2865
1789623258.137,8.35,27.0,0.9181,0.9179,67,0,2865
1789623259.14,8.35,30.2,0.9186,0.9188,73,90,2865
1789623260.144,8.35,14.1,0.9323,0.9331,65,0,2865
1789623261.146,8.35,43.9,0.9182,0.9172,73,89,2865
1789623262.15,7.92,20.6,0.9264,0.9273,65,0,2865
1789623263.153,7.92,17.9,0.9265,0.9255,75,29,2865
1789623264.156,7.92,32.3,0.9183,0.9193,65,68,2865
1789623265.158,7.92,26.5,0.9193,0.9193,67,0,2865
1789623266.161,7.92,39.2,0.9127,0.9117,70,87,2865
1789623267.164,7.69,21.1,0.9259,0.9259,65,0,2865
1789623268.166,7.69,31.1,0.9169,0.9169,74,32,2865
1789623269.168,7.69,26.4,0.9239,0.9249,64,60,2865
1789623270.171,7.69,16.6,0.9306,0.9306,65,0,2865
1789623271.173,7.69,35.2,0.9172,0.9162,73,87,2865
1789623272.176,8.27,30.2,0.9261,0.9267,64,6,2865
1789623273.178,8.27,23.6,0.93,0.9294,66,0,2865
1789623274.181,8.27,39.1,0.915,0.915,73,87,2865
1789623275.184,8.27,23.0,0.9257,0.9267,65,0,2865
1789623276.186,8.27,29.3,0.922,0.9211,70,4,2865
1789623277.189,8.09,39.4,0.9155,0.9155,69,87,2865
1789623278.192,8.09,20.7,0.9264,0.9264,66,0,2865
1789623279.194,8.09,35.3,0.9142,0.9152,73,89,2865
1789623280.197,8.09,22.0,0.9286,0.9276,64,0,2865
1789623281.199,8.09,27.5,0.9187,0.9187,74,89,2865
1789623282.202,7.76,21.1,0.9179,0.9189,65,0,2865
1789623283.204,7.76,27.7,0.9121,0.9111,74,29,2865
1789623284.207,7.76,39.3,0.9308,0.9318,64,71,2865
1789623285.21,7.76,19.6,0.929,0.929,65,0,2865
1789623286.211,7.76,18.4,0.9232,0.9232,73,78,2865
1789623287.214,7.46,30.7,0.9181,0.9181,64,23,2865
1789623288.216,7.46,26.8,0.915,0.915,70,1,2865
1789623289.218,7.46,23.0,0.922,0.921,70,88,2865
1789623290.22,7.46,21.7,0.9258,0.9268,64,0,2865
1789623291.223,7.46,16.7,0.9281,0.9281,74,62,2865
1789623292.225,7.50,31.5,0.9321,0.9311,64,31,2865
1789623293.227,7.50,28.1,0.9422,0.9422,69,0,2865
1789623294.228,7.50,10.3,0.9364,0.9373,64,0,2865
1789623295.23,7.50,30.4,0.9272,0.9262,66,88,2865
1789623296.234,7.50,14.4,0.935,0.936,65,0,2865
1789623297.236,7.46,24.7,0.927,0.926,72,88,2865
1789623298.238,7.46,21.9,0.9374,0.9374,64,2,2865
1789623299.239,7.46,10.1,0.9353,0.9363,65,0,2865
1789623300.242,7.46,34.4,0.9242,0.9242,71,88,2865
1789623301.245,7.46,16.4,0.9339,0.9336,65,0,2865
1789623302.247,8.23,38.8,0.9358,0.935,73,88,2865
1789623303.25,8.23,24.7,0.9349,0.9349,64,0,2865
1789623304.252,8.23,22.1,0.9292,0.9302,74,56,2865
1789623305.254,8.23,28.1,0.9265,0.9265,64,38,2865
1789623306.257,8.23,23.3,0.9288,0.9288,66,0,2865
1789623307.26,7.97,45.1,0.9132,0.9122,72,89,2865
1789623308.263,7.97,19.5,0.9283,0.9287,65,0,2865
1789623309.265,7.97,20.9,0.9285,0.9281,73,47,2865
1789623310.267,7.97,25.7,0.9339,0.9339,64,0,2865
1789623311.269,7.97,18.9,0.9342,0.9342,74,18,2865
1789623312.271,8.69,27.2,0.9272,0.9282,64,79,2865
1789623313.273,8.69,9.9,0.9353,0.9353,65,0,2865
1789623314.275,8.69,27.6,0.9131,0.9131,70,89,2865
1789623315.277,8.69,17.8,0.9243,0.9243,65,0,2865
1789623316.279,8.69,37.2,0.9195,0.9189,73,87,2865
1789623317.282,8.16,18.9,0.9246,0.9252,64,0,2865
1789623318.284,8.16,18.2,0.9263,0.9253,73,29,2865
1789623319.286,8.16,27.7,0.9231,0.9241,64,31,2865
1789623320.288,8.16,29.8,0.9153,0.9153,74,0,2865
1789623321.292,8.16,38.9,0.9257,0.9257,64,89,2865
1789623322.294,7.74,20.7,0.9319,0.9319,65,0,2865
1789623323.296,7.74,21.0,0.9293,0.9293,73,54,2865
1789623324.297,7.74,11.1,0.9356,0.9346,64,0,2865
1789623325.3,7.74,9.9,0.9336,0.9336,64,0,2865
1789623326.302,7.74,13.3,0.9293,0.9293,62,0,693
1789623327.304,7.44,14.2,0.9279,0.9289,62,3,685
1789623328.307,7.44,26.1,0.852,0.851,62,27,1253
1789623329.309,7.44,27.6,0.9257,0.9257,62,36,1253
1789623330.312,7.44,31.4,0.9179,0.9179,63,0,1253
1789623331.314,7.44,27.4,0.9153,0.9153,62,26,1255
1789623332.316,8.13,41.2,0.8875,0.8882,64,0,1255
1789623333.319,8.13,30.5,0.9317,0.9319,62,27,1255
1789623334.322,8.13,42.3,0.8979,0.8975,63,0,1255
1789623335.325,8.13,33.1,0.9189,0.9193,61,34,1255
1789623336.328,8.13,43.2,0.9348,0.9348,63,0,1255
1789623337.332,8.68,29.4,0.931,0.931,61,24,1255
1789623338.336,8.68,42.3,0.9066,0.9066,62,0,1255
1789623339.34,8.68,16.1,0.9301,0.9291,61,7,1255
1789623340.342,8.68,40.7,0.9193,0.9199,61,0,1255
1789623341.344,8.68,16.4,0.9317,0.9321,61,15,1255
1789623342.346,9.03,42.1,0.9169,0.9169,61,0,1255
1789623343.348,9.03,26.8,0.9352,0.9342,61,4,1255
1789623344.35,9.03,8.7,0.9382,0.9384,60,0,1255
1789623345.352,9.03,10.7,0.9323,0.9331,60,0,1255
1789623346.354,9.03,25.1,0.9231,0.9231,60,0,1255
1789623347.358,8.78,8.8,0.9272,0.9272,60,0,1255
1789623348.36,8.78,12.0,0.9281,0.9281,61,35,1255
1789623349.362,8.78,8.7,0.9322,0.9312,60,0,1255
1789623350.364,8.78,25.9,0.9296,0.9296,60,0,1255
1789623351.366,8.78,10.3,0.932,0.933,60,0,1255
1789623352.369,9.52,26.4,0.9199,0.9199,60,0,1255
1789623353.371,9.52,20.7,0.9271,0.9267,60,0,1255
1789623354.373,9.52,15.2,0.9301,0.9295,60,0,1255
1789623355.375,9.52,12.7,0.9324,0.9334,60,0,1255
1789623356.377,9.52,10.5,0.9373,0.9363,60,0,1255
1789623357.379,8.92,27.5,0.9403,0.9413,61,37,1255
1789623358.381,8.92,8.8,0.9362,0.9362,59,0,1255
1789623359.383,8.92,24.9,0.9332,0.9332,60,0,1255
1789623360.384,8.92,8.3,0.9413,0.9407,59,0,1255
1789623361.386,8.92,26.1,0.9223,0.9229,59,0,1255
1789623362.389,8.44,12.8,0.9359,0.9359,59,0,1255
1789623363.391,8.44,9.3,0.9371,0.9361,59,0,1255
1789623364.393,8.44,24.7,0.9225,0.9231,59,0,1255
1789623365.395,8.44,9.7,0.9416,0.941,59,0,1255
1789623366.397,8.44,25.0,0.9292,0.9302,60,33,1255
1789623367.399,8.09,8.5,0.9433,0.9423,59,0,1255
1789623368.401,8.09,25.3,0.9262,0.9262,59,5,1255
1789623369.403,8.09,7.8,0.9394,0.9394,59,0,1255
1789623370.404,8.09,15.7,0.9342,0.9345,60,25,1255
1789623371.406,8.09,9.8,0.9377,0.9374,59,0,1255
1789623372.408,7.68,13.3,0.9374,0.9374,59,0,1255
1789623373.41,7.68,16.3,0.93,0.931,59,0,1255
1789623374.412,7.68,18.0,0.9291,0.9281,59,0,1255
1789623375.414,7.68,25.8,0.9401,0.9401,59,0,1255
1789623376.416,7.68,10.0,0.9374,0.9374,59,0,1255
1789623377.418,7.31,25.7,0.9262,0.9272,58,12,1255
1789623378.42,7.31,8.7,0.9332,0.9332,58,0,1255
1789623379.422,7.31,26.9,0.929,0.928,59,30,1255
1789623380.424,7.31,8.5,0.9293,0.9293,58,0,1255
1789623381.43,7.31,26.0,0.9215,0.9223,58,0,1255
1789623382.432,7.12,12.0,0.9291,0.9284,58,0,1255
1789623383.435,7.12,8.9,0.9314,0.9324,58,0,1255
1789623384.438,7.12,25.1,0.9236,0.9226,58,0,1255
1789623385.44,7.12,10.0,0.9301,0.9311,58,0,1255
1789623386.442,7.12,26.3,0.9222,0.9222,60,14,1255
1789623387.444,6.79,9.4,0.934,0.933,58,0,1255
1789623388.446,6.79,29.2,0.9182,0.9182,59,52,1255
1789623389.448,6.79,9.0,0.9358,0.9364,59,0,1255
1789623390.449,6.79,25.8,0.9231,0.9225,58,0,1255
1789623391.451,6.79,13.4,0.9349,0.9351,58,0,1255
1789623392.453,6.57,9.0,0.9356,0.9354,58,0,1255
1789623393.457,6.57,23.8,0.937,0.937,58,0,1255
1789623394.459,6.57,10.9,0.9348,0.9351,58,0,1255
1789623395.461,6.57,26.2,0.9393,0.9391,59,0,1255
1789623396.463,6.57,8.9,0.9373,0.9373,58,0,1255
1789623397.465,6.20,25.6,0.9213,0.9213,58,37,1255
1789623398.467,6.20,9.3,0.9372,0.9382,58,0,1255
1789623399.468,6.20,26.3,0.9223,0.9223,58,0,1255
1789623400.471,6.20,13.0,0.936,0.936,58,0,1255
1789623401.472,6.20,21.3,0.9284,0.9274,58,0,1255
1789623402.474,6.10,13.6,0.9351,0.9351,58,0,1255
1789623403.476,6.10,7.7,0.9383,0.9393,58,0,1255
1789623404.478,6.10,25.3,0.9261,0.9251,58,34,1255
1789623405.481,6.10,7.9,0.9371,0.9381,58,0,1255
1789623406.483,6.10,26.0,0.9252,0.9252,59,6,1255
1789623407.484,5.86,11.3,0.9383,0.9373,57,0,1255
1789623408.486,5.86,26.7,0.923,0.9233,58,0,1255
1789623409.489,5.86,10.8,0.9349,0.9346,57,0,1255
1789623410.491,5.86,23.1,0.9222,0.9232,57,0,1255
1789623411.494,5.86,21.1,0.9215,0.9215,57,0,1255
1789623412.495,5.55,15.1,0.9255,0.9255,57,0,1255
1789623413.497,5.55,26.1,0.9193,0.9191,57,26,1255
1789623414.499,5.55,8.6,0.9312,0.9305,57,0,1255
1789623415.501,5.55,24.9,0.9208,0.9211,58,3,1255
1789623416.503,5.55,8.8,0.9336,0.9334,57,0,1255
1789623417.505,6.54,25.0,0.9243,0.9243,57,0,1255
1789623418.507,6.54,12.7,0.9358,0.9368,57,0,1255
1789623419.509,6.54,22.0,0.9263,0.9263,57,0,1255
1789623420.512,6.54,21.6,0.9248,0.9248,57,0,1255
1789623421.514,6.54,14.1,0.9323,0.9313,57,0,1255
1789623422.515,6.66,14.4,0.9325,0.9325,57,27,1255
1789623423.517,6.66,9.9,0.9364,0.9374,57,0,1255
1789623424.519,6.66,25.5,0.9242,0.9232,57,32,1255
1789623425.521,6.66,9.4,0.9355,0.9365,57,0,1255
1789623426.523,6.66,14.5,0.9341,0.9331,59,19,1255
1789623427.525,6.29,10.1,0.9364,0.9364,57,0,1255
1789623428.527,6.29,26.1,0.9233,0.9233,57,0,1255
1789623429.528,6.29,13.0,0.9354,0.9364,57,0,1255
1789623430.531,6.29,23.8,0.9279,0.9269,57,0,1255
1789623431.534,6.29,21.7,0.929,0.93,57,0,1255
1789623432.536,6.02,15.7,0.9331,0.9331,57,0,1255
1789623433.538,6.02,14.6,0.936,0.9354,57,5,1255
1789623434.54,6.02,9.9,0.9384,0.939,57,0,1255
1789623435.542,6.02,26.0,0.9252,0.9252,58,37,1255
1789623436.544,6.02,8.1,0.938,0.938,57,0,1255
1789623437.547,6.02,25.4,0.9239,0.9239,57,0,1255
1789623438.548,6.02,13.2,0.9383,0.9381,57,0,1255
1789623439.551,6.02,24.5,0.928,0.9273,57,0,1255
1789623440.553,6.02,20.3,0.9299,0.9299,57,0,1255
1789623441.555,6.02,14.9,0.9324,0.9334,57,0,1255
1789623442.557,6.18,9.1,0.9327,0.9319,57,0,1255
1789623443.559,6.18,10.6,0.9275,0.9273,57,0,1255
1789623444.562,6.18,22.8,0.9207,0.9217,57,0,1257
1789623445.564,6.18,17.7,0.923,0.923,58,0,1257
1789623446.566,6.18,18.6,0.9223,0.9223,61,0,1257
1789623447.567,6.41,25.9,0.9224,0.9224,63,72,1257
1789623448.57,6.41,24.6,0.9288,0.9288,58,54,1257
1789623449.572,6.41,10.6,0.9341,0.9331,59,0,1257
1789623450.575,6.41,25.1,0.9307,0.9307,63,21,1257
1789623451.577,6.41,15.0,0.9337,0.9337,58,0,1257
1789623452.579,6.45,20.2,0.9292,0.9292,61,0,1257
1789623453.581,6.45,26.1,0.9184,0.9194,63,25,1257
1789623454.583,6.45,24.7,0.9269,0.9259,59,71,1257
1789623455.585,6.45,11.3,0.9373,0.9373,59,0,1257
1789623456.587,6.45,24.2,0.9301,0.9301,63,19,1257
1789623457.589,6.10,24.4,0.9301,0.9311,59,72,1257
1789623458.592,6.10,21.7,0.9235,0.9235,59,45,1257
1789623459.594,6.10,17.3,0.93,0.9298,60,0,1257
1789623460.596,6.10,18.6,0.9302,0.9295,62,0,1257
1789623461.598,6.10,24.6,0.9243,0.9243,64,20,1257
1789623462.6,6.09,24.6,0.93,0.9308,59,73,1257
1789623463.602,6.09,23.5,0.932,0.9322,60,38,1257
1789623464.605,6.09,17.1,0.9338,0.9338,60,0,1257
1789623465.607,6.09,19.8,0.9332,0.9332,63,0,1257
1789623466.609,6.09,26.1,0.9253,0.9253,65,30,1257
1789623467.611,5.76,24.6,0.927,0.9262,60,72,1257
1789623468.613,5.76,21.6,0.9338,0.9336,60,13,1257
1789623469.616,5.76,18.1,0.9288,0.9298,61,0,1257
1789623470.618,5.76,21.4,0.9282,0.9282,65,0,1257
1789623471.62,5.76,24.1,0.9292,0.9282,64,57,1257
1789623472.622,5.54,23.9,0.9301,0.9301,60,72,1257
1789623473.626,5.54,20.8,0.9297,0.9297,60,0,1257
1789623474.628,5.54,16.0,0.9262,0.9262,61,0,1257
1789623475.629,5.54,21.1,0.9233,0.9233,66,0,1257
1789623476.632,5.54,24.4,0.9237,0.9237,64,72,1257
1789623477.635,5.26,13.9,0.9306,0.9316,60,0,1257
1789623478.637,5.26,20.3,0.9243,0.9233,66,0,1257
1789623479.639,5.26,24.5,0.9211,0.9211,65,62,1257
1789623480.641,5.26,24.5,0.9192,0.9192,60,71,1257
1789623481.644,5.26,20.8,0.9243,0.9253,61,0,1257
1789623482.646,5.96,17.0,0.9297,0.9287,62,0,1257
1789623483.648,5.96,23.8,0.9231,0.9231,66,0,1257
1789623484.651,5.96,24.8,0.927,0.928,65,71,1257
1789623485.653,5.96,24.5,0.9301,0.9291,61,73,1257
1789623486.656,5.96,19.5,0.9324,0.9334,61,0,1257
1789623487.657,5.96,17.7,0.9342,0.9332,62,0,1257
1789623488.659,5.96,23.0,0.9282,0.9282,66,0,1257
1789623489.662,5.96,25.6,0.9301,0.9311,64,70,1257
1789623490.664,5.96,25.2,0.9263,0.9253,61,57,1257
1789623491.666,5.96,18.2,0.9321,0.9331,61,0,1257
1789623492.668,5.96,16.8,0.9309,0.9299,63,0,1257
1789623493.67,5.96,23.2,0.9299,0.9299,66,13,1257
1789623494.672,5.96,24.4,0.9292,0.9302,62,71,1257
1789623495.674,5.96,24.3,0.928,0.928,61,43,1257
1789623496.677,5.96,17.2,0.9286,0.9276,61,0,1257
1789623497.68,5.89,18.0,0.9306,0.9306,64,0,1257
1789623498.682,5.89,23.5,0.9271,0.9271,65,24,1257
1789623499.683,5.89,23.5,0.9255,0.9265,61,72,1257
1789623500.685,5.89,24.6,0.9334,0.9324,61,32,1257
1789623501.688,5.89,17.9,0.9335,0.9345,61,0,1257
1789623502.69,5.74,16.0,0.9322,0.9322,61,0,1257
1789623503.692,5.74,23.7,0.9289,0.9282,62,0,1257
1789623504.694,5.74,23.9,0.9306,0.9313,67,56,1257
1789623505.696,5.74,24.1,0.931,0.93,66,72,1257
1789623506.698,5.74,17.6,0.9292,0.9302,61,0,1257
1789623507.7,5.68,16.1,0.9221,0.9221,61,0,1257
1789623508.707,5.68,25.8,0.9205,0.9205,62,0,1257
1789623509.711,5.68,24.5,0.9212,0.9212,67,72,1257
1789623510.713,5.68,24.1,0.9171,0.9171,66,73,1257
1789623511.716,5.68,16.0,0.9279,0.9269,61,0,1257
1789623512.718,5.62,18.2,0.9282,0.9292,62,0,1257
1789623513.72,5.62,13.8,0.9318,0.9318,61,0,1257
1789623514.722,5.62,24.6,0.9239,0.9233,62,0,1257
1789623515.725,5.62,24.8,0.931,0.9306,62,0,1257
1789623516.727,5.62,24.4,0.9272,0.9282,62,0,1257
1789623517.729,6.13,24.5,0.93,0.93,62,0,1257
1789623518.731,6.13,25.0,0.9231,0.9221,62,0,1257
1789623519.733,6.13,25.1,0.922,0.923,62,0,1257
1789623520.736,6.13,24.8,0.9318,0.9308,62,0,1257
1789623521.738,6.13,24.9,0.9232,0.9238,62,6,1257
1789623522.742,6.28,25.0,0.9276,0.928,62,12,1257
1789623523.743,6.28,24.1,0.9254,0.9244,62,18,1257
1789623524.746,6.28,26.0,0.9241,0.9241,62,24,1257
1789623525.748,6.28,25.0,0.9242,0.9242,66,31,1257
1789623526.75,6.28,24.6,0.929,0.93,65,37,1257
1789623527.752,6.10,26.3,0.9252,0.9252,66,44,1257
1789623528.756,6.10,23.9,0.9326,0.9326,66,50,1257
1789623529.758,6.10,25.1,0.9256,0.9246,66,56,1257
1789623530.76,6.10,24.3,0.9322,0.9332,66,64,1257
1789623531.762,6.10,24.5,0.933,0.933,66,71,1257
1789623532.765,5.93,25.9,0.9239,0.9229,67,75,1257
1789623533.767,5.93,23.6,0.9222,0.9232,67,73,1257
1789623534.769,5.93,24.1,0.9262,0.9252,67,73,1257
1789623535.771,5.93,23.7,0.9258,0.9258,67,74,1257
1789623536.773,5.93,24.2,0.9263,0.9263,67,73,1257
1789623537.775,5.86,24.2,0.9242,0.9242,67,74,1257
1789623538.777,5.86,24.3,0.9302,0.9302,67,73,1257
1789623539.779,5.86,24.6,0.9291,0.9291,67,72,1257
1789623540.781,5.86,24.7,0.9292,0.9302,67,72,1257
1789623541.783,5.86,24.0,0.9298,0.9298,67,72,1257
1789623542.785,5.71,23.9,0.9326,0.9322,67,70,1257
1789623543.787,5.71,23.2,0.9318,0.9312,67,71,1257
1789623544.789,5.71,24.8,0.9324,0.9324,68,72,1257
1789623545.792,5.71,23.8,0.9319,0.9319,68,72,1257
1789623546.794,5.71,24.2,0.9301,0.9311,68,72,1257
1789623547.796,5.49,24.1,0.9297,0.9293,68,72,1257
1789623548.798,5.49,24.5,0.9278,0.9282,68,73,1257
1789623549.8,5.49,24.0,0.9312,0.9302,68,73,1257
1789623550.802,5.49,24.2,0.9312,0.9312,68,73,1257
1789623551.804,5.49,24.5,0.9292,0.9302,68,69,1257
1789623552.805,5.45,24.4,0.9253,0.9243,68,0,1257
1789623553.807,5.45,24.8,0.9293,0.9293,68,0,1257
1789623554.809,5.45,24.6,0.9233,0.9243,68,0,1257
1789623555.811,5.45,26.2,0.9214,0.9214,68,0,1257
1789623556.814,5.45,24.0,0.9253,0.9243,68,0,1257
1789623557.816,6.46,24.6,0.9252,0.9252,67,0,1257
1789623558.818,6.46,24.6,0.9282,0.9291,66,0,1257
1789623559.82,6.46,26.4,0.9301,0.9291,65,0,1257
1789623560.823,6.46,24.5,0.9252,0.926,65,0,1257
1789623561.827,6.46,24.0,0.8881,0.8883,65,0,1257
1789623562.829,6.66,23.7,0.8967,0.8967,64,0,1257
1789623563.832,6.66,24.1,0.9236,0.9234,64,0,1257
1789623564.834,6.66,24.9,0.9238,0.9231,64,0,1257
1789623565.836,6.66,21.0,0.9305,0.9315,64,0,1257
1789623566.838,6.66,10.3,0.9363,0.9353,62,0,1257
1789623567.84,6.77,12.1,0.9332,0.9336,61,0,685
1789623568.842,6.77,14.4,0.9323,0.9319,61,4,685
1789623569.844,6.77,17.7,0.9089,0.9089,61,29,1901
1789623570.846,6.77,38.2,0.9023,0.9023,69,83,1911
1789623571.848,6.77,16.9,0.931,0.931,63,0,1911
1789623572.85,6.55,29.7,0.9232,0.9232,72,25,1911
1789623573.854,6.55,28.7,0.9314,0.9324,68,82,1911
1789623574.856,6.55,18.1,0.9313,0.9303,64,0,1911
1789623575.858,6.55,24.3,0.9242,0.9252,62,85,1911
1789623576.86,6.55,21.4,0.9294,0.9294,66,0,1911
1789623577.863,6.26,35.3,0.9054,0.9052,71,80,1911
1789623578.865,6.26,17.4,0.9199,0.9199,64,0,1911
1789623579.867,6.26,32.4,0.921,0.9212,72,55,1911
1789623580.87,6.26,26.8,0.9234,0.9234,69,83,1911
1789623581.872,6.26,21.5,0.9281,0.9271,66,0,1911
1789623582.875,6.00,36.3,0.9284,0.9294,72,81,1911
1789623583.877,6.00,17.1,0.9332,0.9322,64,0,1911
1789623584.879,6.00,30.6,0.9191,0.9201,72,44,1911
1789623585.882,6.00,27.8,0.9195,0.9185,70,83,1911
1789623586.884,6.00,20.0,0.9242,0.9242,65,0,1911
1789623587.887,5.84,24.3,0.9253,0.9263,63,79,1911
1789623588.889,5.84,23.2,0.9223,0.9223,67,0,1911
1789623589.892,5.84,35.2,0.92,0.92,72,81,1911
1789623590.895,5.84,18.5,0.9327,0.9327,64,0,1911
1789623591.897,5.84,31.4,0.9289,0.9279,73,67,1911
1789623592.899,5.69,26.1,0.922,0.9229,69,84,1911
1789623593.901,5.69,20.7,0.9233,0.9233,65,0,1911
1789623594.903,5.69,35.6,0.914,0.914,72,82,1911
1789623595.906,5.69,17.7,0.926,0.926,64,0,1911
1789623596.907,5.80,30.1,0.9174,0.9164,73,55,1911
1789623597.91,5.80,27.6,0.9226,0.9226,64,83,1911
1789623598.912,5.80,20.6,0.9253,0.9253,65,0,1911
1789623599.914,5.80,24.1,0.925,0.925,63,59,1911
1789623600.916,5.80,23.7,0.9264,0.9264,66,0,1911
1789623601.918,6.13,34.5,0.92,0.92,72,78,1911
1789623602.92,6.13,16.3,0.9283,0.9293,64,0,1911
1789623603.922,6.13,32.4,0.9061,0.9061,73,82,1911
1789623604.925,6.13,24.7,0.918,0.918,64,71,1911
1789623605.926,6.13,22.0,0.9164,0.9164,66,0,1911
1789623606.929,6.12,33.6,0.9101,0.9091,72,81,1911
1789623607.931,6.12,11.7,0.925,0.925,64,0,1911
1789623608.933,6.12,31.0,0.9149,0.9159,72,82,1911
1789623609.937,6.12,17.8,0.9249,0.9249,65,0,1911
1789623610.939,6.12,34.9,0.922,0.921,73,83,1911
1789623611.941,6.03,23.0,0.9262,0.9272,64,61,1911
1789623612.943,6.03,24.7,0.9271,0.9271,67,0,1911
1789623613.947,6.03,33.2,0.9204,0.9204,73,81,1911
1789623614.949,6.03,17.8,0.9283,0.9283,64,0,1911
1789623615.951,6.03,32.7,0.9181,0.9181,74,83,1911
1789623616.955,6.75,25.1,0.9227,0.9227,70,83,1911
1789623617.957,6.75,23.3,0.9323,0.9323,66,0,1911
1789623618.959,6.75,34.4,0.9289,0.9289,73,83,1911
1789623619.961,6.75,12.0,0.9383,0.9373,65,0,1911
1789623620.963,6.75,32.9,0.9208,0.9218,73,82,1911
1789623621.966,6.85,16.8,0.931,0.93,65,0,1911
1789623622.967,6.85,33.3,0.9212,0.9222,73,31,1911
1789623623.97,6.85,24.8,0.9307,0.9307,64,84,1911
1789623624.972,6.85,34.6,0.9341,0.9331,66,0,1911
1789623625.974,6.85,35.9,0.9223,0.9233,73,83,1911
1789623626.976,6.62,17.6,0.9328,0.9328,65,34,1911
1789623627.989,6.62,30.2,0.9216,0.9206,74,0,1911
1789623628.991,6.62,27.7,0.924,0.925,70,83,1911
1789623629.993,6.62,17.9,0.9313,0.9303,66,0,1911
1789623630.995,6.62,37.0,0.924,0.924,73,83,1911
1789623631.998,6.41,18.0,0.9312,0.9315,65,47,1911
1789623633.0,6.41,28.3,0.9262,0.926,74,0,1911
1789623634.002,6.41,15.7,0.9341,0.9351,64,0,1911
1789623635.004,6.41,31.4,0.9182,0.9172,73,30,1911
1789623636.006,6.41,25.8,0.9254,0.9263,64,83,1911
1789623637.008,5.98,20.1,0.923,0.922,67,0,1911
1789623638.011,5.98,36.0,0.919,0.919,73,82,1911
1789623639.013,5.98,16.5,0.9257,0.9267,65,11,1911
1789623640.015,5.98,29.8,0.9192,0.9182,74,12,1911
1789623641.019,5.98,27.1,0.9155,0.9165,66,83,1911
1789623642.021,5.98,20.0,0.9312,0.9302,67,0,1911
1789623643.023,5.98,36.9,0.927,0.928,73,83,1911
1789623644.025,5.98,18.5,0.9341,0.9331,65,25,1911
1789623645.027,5.98,29.1,0.9185,0.9185,74,0,1911
1789623646.029,5.98,28.4,0.9221,0.9221,73,83,1911
1789623647.031,5.66,17.1,0.927,0.927,67,0,1911
1789623648.033,5.66,37.1,0.9102,0.9102,73,82,1911
1789623649.035,5.66,9.1,0.9321,0.9331,65,0,1911
1789623650.038,5.66,34.6,0.9188,0.9188,74,82,1911
1789623651.04,5.66,16.7,0.9322,0.9322,71,0,1911
1789623652.042,5.37,30.5,0.9209,0.9209,66,33,1911
1789623653.044,5.37,26.8,0.93,0.929,73,84,1911
1789623654.046,5.37,20.3,0.9312,0.9322,65,0,1911
1789623655.049,5.37,37.2,0.9221,0.9211,74,83,1911
1789623656.051,5.37,18.3,0.9269,0.9279,72,15,1911
1789623657.053,5.18,29.1,0.9263,0.9253,66,11,1911
1789623658.055,5.18,15.7,0.9391,0.9391,72,45,1911
1789623659.057,5.18,31.6,0.9292,0.9302,67,0,1911
1789623660.06,5.18,25.1,0.9251,0.9251,73,81,1911
1789623661.062,5.18,21.6,0.9273,0.9263,65,0,1911
1789623662.064,5.00,9.8,0.9344,0.9354,64,0,1911
1789623663.066,5.00,10.8,0.9331,0.9321,63,0,1911
1789623664.068,5.00,37.6,0.9269,0.9269,73,83,1911
1789623665.071,5.00,25.4,0.9286,0.9296,73,82,1911
1789623666.074,5.00,23.9,0.9293,0.9293,65,0,1911
1789623667.076,4.84,35.2,0.9248,0.9241,69,38,1911
1789623668.079,4.84,26.8,0.9278,0.9276,74,80,1911
1789623669.08,4.84,22.3,0.9203,0.9213,65,7,1911
1789623670.083,4.84,33.7,0.9175,0.9171,68,16,1911
1789623671.085,4.84,25.4,0.9259,0.9253,73,83,1911
1789623672.087,4.94,21.9,0.921,0.921,73,83,1911
1789623673.089,4.94,36.6,0.9221,0.9221,65,0,1911
1789623674.091,4.94,24.6,0.9317,0.9317,74,83,1911
1789623675.095,4.94,23.6,0.9327,0.9327,73,82,1911
1789623676.097,4.94,36.5,0.9301,0.9311,65,0,1911
1789623677.099,5.34,28.1,0.9273,0.9273,70,40,1911
1789623678.101,5.34,23.3,0.9253,0.9253,74,81,1911
1789623679.103,5.34,32.4,0.9182,0.9172,65,23,1911
1789623680.105,5.34,30.6,0.9288,0.9288,67,3,1911
1789623681.108,5.34,23.8,0.9287,0.9287,74,82,1911
1789623682.11,5.07,29.2,0.9344,0.9344,71,67,1911
1789623683.113,5.07,32.0,0.9301,0.9311,67,0,1911
1789623684.115,5.07,23.3,0.9266,0.9266,74,81,1911
1789623685.118,5.07,28.1,0.9279,0.9279,72,64,1911
1789623686.12,5.07,35.6,0.9178,0.9168,67,0,1911
1789623687.123,5.15,24.0,0.9251,0.9261,74,82,1911
1789623688.126,5.15,25.7,0.9239,0.9233,73,83,1911
1789623689.128,5.15,36.3,0.921,0.9206,66,0,1911
1789623690.13,5.15,20.0,0.9351,0.9357,75,83,1911
1789623691.133,5.15,26.8,0.9357,0.9351,73,85,1911
1789623692.134,5.14,30.5,0.9283,0.9291,66,0,1911
1789623693.137,5.14,24.2,0.9237,0.924,74,81,1911
1789623694.139,5.14,29.7,0.9251,0.9251,71,36,1911
1789623695.141,5.14,34.8,0.9252,0.9242,67,0,1911
1789623696.143,5.14,22.6,0.9273,0.9273,75,83,1911
1789623697.145,4.88,25.9,0.9194,0.9204,72,78,1911
1789623698.148,4.88,34.6,0.9173,0.9183,67,0,1911
1789623699.15,4.88,22.6,0.93,0.928,74,84,1911
1789623700.152,4.88,25.1,0.9291,0.9291,71,78,1911
1789623701.154,4.88,36.3,0.9079,0.9081,67,0,1911
1789623702.156,5.13,23.7,0.9163,0.916,74,82,1911
1789623703.158,5.13,23.1,0.9183,0.9193,74,83,1911
1789623704.16,5.13,37.3,0.9174,0.9164,66,0,1911
1789623705.162,5.13,22.9,0.924,0.926,74,9,1911
1789623706.165,5.13,23.2,0.9227,0.9207,73,81,1911
1789623707.167,5.76,37.2,0.9172,0.9172,66,6,1911
1789623708.169,5.76,26.9,0.9273,0.9283,75,18,1911
1789623709.172,5.76,22.5,0.9205,0.9205,74,82,1911
1789623710.173,5.76,33.9,0.9154,0.9154,66,44,1911
1789623711.177,5.76,28.0,0.9183,0.918,75,0,1911
1789623712.179,5.38,19.7,0.9296,0.9298,74,82,1911
1789623713.181,5.38,35.9,0.9232,0.9232,66,27,1911
1789623714.184,5.38,27.1,0.9268,0.9268,75,0,1911
1789623715.186,5.38,22.8,0.9292,0.9292,74,81,1911
1789623716.188,5.38,32.2,0.927,0.926,66,59,1911
1789623717.191,5.35,29.6,0.9251,0.9251,72,0,1911
1789623718.193,5.35,22.2,0.9251,0.9261,74,83,1911
1789623719.195,5.35,31.1,0.9153,0.9143,66,83,1911
1789623720.198,5.35,32.1,0.9177,0.9187,69,0,1911
1789623721.2,5.35,13.8,0.9312,0.9302,75,50,1911
1789623722.202,6.28,18.4,0.9291,0.9301,66,0,1911
1789623723.204,6.28,27.6,0.9222,0.9212,72,81,1911
1789623724.207,6.28,34.2,0.9154,0.9164,68,4,1911
1789623725.209,6.28,18.3,0.9298,0.9288,75,18,1911
1789623726.211,6.28,29.4,0.9205,0.9211,66,83,1911
1789623727.213,7.22,34.6,0.9178,0.9182,69,0,1911
1789623728.216,7.22,22.4,0.9265,0.9255,75,34,1911
1789623729.218,7.22,26.5,0.9252,0.9259,74,81,1911
1789623730.22,7.22,37.1,0.9225,0.9224,68,27,1911
1789623731.222,7.22,23.1,0.9336,0.934,75,0,1911
1789623732.224,7.12,22.1,0.9282,0.9272,75,80,1911
1789623733.226,7.12,36.7,0.91,0.911,67,57,1911
1789623734.229,7.12,25.6,0.9173,0.9173,67,0,1911
1789623735.234,7.12,23.7,0.9183,0.9183,76,83,1911
1789623736.236,7.12,34.7,0.917,0.917,74,83,1911
1789623737.238,6.95,29.0,0.9163,0.9163,67,0,1911
1789623738.24,6.95,21.4,0.9222,0.9212,75,82,1911
1789623739.242,6.95,32.7,0.9142,0.9152,75,83,1911
1789623740.244,6.95,26.6,0.9191,0.9191,66,0,1911
1789623741.246,6.95,24.1,0.925,0.925,75,82,1911
1789623742.248,7.04,34.0,0.9261,0.9251,74,83,1911
1789623743.25,7.04,10.7,0.9342,0.9351,66,0,1911
1789623744.252,7.04,9.7,0.9342,0.9339,65,0,1911
1789623745.255,7.04,28.6,0.9356,0.9348,64,0,1911
1789623746.257,7.04,36.4,0.9307,0.9307,71,30,1913
1789623747.259,7.60,35.0,0.9162,0.9172,65,0,1913
1789623748.262,7.60,33.2,0.9176,0.9166,68,0,1913
1789623749.264,7.60,39.3,0.9121,0.9131,65,8,1913
1789623750.266,7.60,29.2,0.9233,0.9233,65,46,1913
1789623751.268,7.60,41.2,0.9083,0.9083,66,0,1913
1789623752.272,7.63,27.1,0.9218,0.9208,65,11,1913
1789623753.275,7.63,40.4,0.9154,0.9161,67,0,1913
1789623754.277,7.63,32.7,0.918,0.9183,65,0,1913
1789623755.279,7.63,33.9,0.9202,0.9198,69,47,1913
1789623756.281,7.63,37.0,0.936,0.9364,65,0,1913
1789623757.283,7.26,30.7,0.9292,0.9292,64,51,1913
1789623758.285,7.26,38.3,0.9191,0.9181,65,0,1913
1789623759.287,7.26,20.8,0.9273,0.9273,65,0,1913
1789623760.29,7.26,33.2,0.921,0.922,64,51,1913
1789623761.293,7.26,37.5,0.9169,0.9169,65,0,1913
1789623762.295,7.32,30.8,0.9192,0.9192,64,16,1913
1789623763.298,7.32,40.2,0.9144,0.9141,66,0,1913
1789623764.299,7.32,14.8,0.9295,0.9297,64,0,1913
1789623765.304,7.32,7.9,0.9377,0.9377,64,0,1913
1789623766.307,7.32,23.6,0.9204,0.92,68,53,1913
1789623767.309,7.93,34.4,0.9238,0.9232,64,0,1913
1789623768.313,7.93,33.0,0.9277,0.9277,63,49,1913
1789623769.315,7.93,39.7,0.9218,0.9228,64,0,1913
1789623770.319,7.93,30.4,0.9238,0.9246,64,17,1913
1789623771.322,7.93,41.3,0.907,0.9056,65,0,1913
1789623772.325,8.50,29.5,0.919,0.9186,64,0,1913
1789623773.327,8.50,26.6,0.9247,0.9247,70,31,1913
1789623774.33,8.50,39.1,0.9248,0.9248,64,0,1913
1789623775.332,8.50,29.0,0.9173,0.9173,64,1,1913
1789623776.334,8.50,31.5,0.9172,0.9172,70,30,1913
1789623777.336,9.34,27.0,0.9279,0.9289,64,0,1913
1789623778.338,9.34,26.5,0.934,0.933,64,0,1913
1789623779.34,9.34,37.2,0.9271,0.9271,68,45,1913
1789623780.344,9.34,39.7,0.9113,0.9123,64,0,1913
1789623781.346,9.34,31.1,0.9192,0.9192,64,0,1913
1789623782.348,8.99,36.3,0.9162,0.9162,67,79,1913
1789623783.353,8.99,25.3,0.928,0.928,71,17,1913
1789623784.355,8.99,21.5,0.9333,0.9323,65,0,1913
1789623785.357,8.99,10.9,0.9361,0.9371,63,0,1913
1789623786.359,8.99,16.8,0.9327,0.9317,62,0,1913
1789623787.361,8.99,22.1,0.9263,0.9263,63,0,1913
1789623788.364,8.99,27.2,0.9227,0.9229,63,51,1913
1789623789.365,8.99,27.6,0.9226,0.9224,63,0,1913
1789623790.369,8.99,27.6,0.9223,0.9233,63,0,1913
1789623791.373,8.99,22.1,0.9268,0.9258,64,0,1913
1789623792.375,8.59,19.6,0.9292,0.9302,64,0,1913
1789623793.377,8.59,27.3,0.9251,0.9241,63,0,1913
1789623794.379,8.59,26.6,0.9211,0.9221,62,51,1913
1789623795.381,8.59,27.1,0.9242,0.9232,63,0,1913
1789623796.383,8.59,24.3,0.9251,0.9251,63,0,1913
1789623797.386,8.31,17.7,0.9268,0.9278,63,0,1913
1789623798.388,8.31,22.7,0.9193,0.9193,64,0,1913
1789623799.39,8.31,26.9,0.9157,0.9153,62,17,1913
1789623800.392,8.31,26.6,0.9184,0.9178,61,32,1913
1789623801.395,8.31,26.3,0.9268,0.9268,61,0,1913
1789623802.397,7.96,17.9,0.927,0.927,61,0,1913
1789623803.399,7.96,26.0,0.92,0.92,67,0,1913
1789623804.401,7.96,25.6,0.92,0.92,62,11,1913
1789623805.404,7.96,26.8,0.934,0.935,62,27,1913
1789623806.406,7.96,27.0,0.9312,0.931,62,0,1913
1789623807.408,7.48,17.8,0.929,0.9293,62,0,1913
1789623808.41,7.48,19.5,0.928,0.9277,63,0,1913
1789623809.412,7.48,11.9,0.9323,0.9325,69,0,1913
1789623810.414,7.48,28.1,0.9402,0.9402,62,51,1913
1789623811.416,7.48,28.0,0.9332,0.9322,62,0,1913
1789623812.42,7.12,24.5,0.9294,0.9294,62,0,1913
1789623813.422,7.12,16.0,0.9281,0.9281,62,0,1913
1789623814.424,7.12,21.7,0.9302,0.9302,63,0,1913
1789623815.426,7.12,13.0,0.9313,0.9313,62,31,1913
1789623816.428,7.12,26.3,0.9251,0.9261,61,15,1913
1789623817.43,6.87,26.7,0.925,0.924,61,0,1913
1789623818.433,6.87,17.5,0.9277,0.9287,61,0,1913
1789623819.434,6.87,18.2,0.9284,0.9284,62,0,1913
1789623820.436,6.87,26.8,0.9343,0.9333,67,0,1913
1789623821.438,6.87,27.8,0.9301,0.9311,61,51,1913
1789623822.441,7.76,28.8,0.915,0.915,61,0,1913
1789623823.444,7.76,14.3,0.9312,0.9312,62,0,1913
1789623824.445,7.76,22.2,0.9284,0.9274,61,0,1913
1789623825.447,7.76,28.8,0.9222,0.9232,60,57,1913
1789623826.449,7.76,27.6,0.9223,0.9213,61,6,1913
1789623827.452,7.54,27.6,0.9211,0.923,61,0,1913
1789623828.455,7.54,21.6,0.9285,0.9265,63,0,1913
1789623829.457,7.54,18.9,0.9223,0.9227,63,0,1913
1789623830.459,7.54,28.3,0.9153,0.9149,60,48,1913
1789623831.461,7.54,26.8,0.9151,0.9151,61,12,1913
1789623832.464,7.34,26.7,0.9162,0.9172,61,0,1913
1789623833.467,7.34,22.4,0.9202,0.9199,61,0,1913
1789623834.469,7.34,16.5,0.9262,0.9254,62,0,1913
1789623835.472,7.34,25.1,0.9219,0.9225,68,0,1913
1789623836.474,7.34,26.7,0.9179,0.9173,61,51,1913
1789623837.476,7.15,32.9,0.9174,0.918,61,0,1913
1789623838.48,7.15,23.8,0.9241,0.9245,62,0,1913
1789623839.482,7.15,16.4,0.9281,0.9281,62,0,1913
1789623840.484,7.15,26.1,0.9241,0.9234,65,0,1913
1789623841.486,7.15,27.5,0.9214,0.9211,61,51,1913
1789623842.488,7.70,26.7,0.9202,0.9202,61,0,1913
1789623843.491,7.70,19.2,0.9289,0.9295,61,0,1913
1789623844.493,7.70,20.4,0.9275,0.9279,63,0,1913
1789623845.495,7.70,25.6,0.9322,0.9312,66,4,1913
1789623846.497,7.70,27.0,0.9242,0.9251,61,38,1913
1789623847.499,8.29,28.1,0.923,0.922,60,23,1913
1789623848.501,8.29,25.1,0.9243,0.9243,60,0,1913
1789623849.503,8.29,15.7,0.9312,0.9312,60,0,1913
1789623850.505,8.29,8.8,0.9364,0.9374,65,0,1913
1789623851.507,8.29,25.8,0.9247,0.9237,60,0,1913
1789623852.509,7.78,9.5,0.9362,0.9372,61,0,1913
1789623853.511,7.78,10.9,0.9342,0.9339,60,0,1913
1789623854.512,7.78,8.4,0.9364,0.9357,59,0,1913
1789623855.514,7.78,12.8,0.9304,0.9314,59,0,685
1789623856.516,7.78,13.6,0.9221,0.9221,59,4,769
1789623857.519,7.64,14.5,0.9185,0.9185,59,29,2613
1789623858.522,7.64,34.0,0.905,0.905,59,16,2857
1789623859.525,7.64,22.3,0.9277,0.9277,68,0,2857
1789623860.527,7.64,37.5,0.9171,0.9161,69,77,2857
1789623861.529,7.64,40.4,0.921,0.921,61,85,2857
1789623862.532,7.43,40.3,0.909,0.91,71,87,2857
1789623863.534,7.43,33.2,0.9118,0.9118,70,76,2857
1789623864.537,7.43,36.4,0.9175,0.9182,62,0,2857
1789623865.541,7.43,22.6,0.927,0.9263,66,80,2857
1789623866.543,7.43,39.2,0.918,0.917,72,89,2857
1789623867.546,7.39,38.2,0.9226,0.9226,71,88,2857
1789623868.548,7.39,20.6,0.9241,0.9251,62,0,2857
1789623869.552,7.39,21.5,0.9238,0.9238,61,0,2857
1789623870.554,7.39,37.2,0.911,0.91,63,0,2857
1789623871.556,7.39,37.4,0.9371,0.9381,64,12,2857
1789623872.558,7.28,43.7,0.9151,0.9141,72,88,2857
1789623873.562,7.28,31.4,0.9218,0.9228,71,65,2857
1789623874.564,7.28,22.7,0.9242,0.9232,65,38,2857
1789623875.566,7.28,38.7,0.912,0.912,73,88,2857
1789623876.568,7.28,30.0,0.9174,0.9184,72,88,2857
1789623877.57,7.26,26.8,0.9291,0.9289,71,48,2857
1789623878.572,7.26,29.1,0.9208,0.9221,67,0,2857
1789623879.575,7.26,24.2,0.9238,0.9226,65,29,2857
1789623880.577,7.26,37.2,0.921,0.9203,68,88,2857
1789623881.579,7.26,40.2,0.916,0.9167,73,90,2857
1789623882.581,7.08,9.1,0.9403,0.9405,63,0,2857
1789623883.584,7.08,40.3,0.9313,0.9303,72,89,2857
1789623884.586,7.08,32.5,0.9309,0.9319,70,20,2857
1789623885.589,7.08,35.8,0.9211,0.9201,64,0,2857
1789623886.597,7.08,36.8,0.911,0.911,66,48,2857
1789623887.599,6.91,21.4,0.9314,0.9314,66,47,2857
1789623888.601,6.91,44.0,0.92,0.921,73,88,2857
1789623889.603,6.91,31.7,0.9296,0.9292,71,25,2857
1789623890.605,6.91,23.8,0.9238,0.9232,64,0,2857
1789623891.608,6.91,22.9,0.9284,0.9284,71,10,2857
1789623892.61,7.40,37.2,0.9191,0.9201,74,84,2857
1789623893.612,7.40,30.2,0.9274,0.9264,72,88,2857
1789623894.614,7.40,29.5,0.9182,0.9192,68,85,2857
1789623895.617,7.40,22.6,0.9225,0.9225,65,0,2857
1789623896.619,7.40,22.5,0.9232,0.9222,74,36,2857
1789623897.622,7.13,44.4,0.9192,0.9202,74,89,2857
1789623898.624,7.13,30.2,0.9231,0.9231,71,88,2857
1789623899.626,7.13,24.1,0.9282,0.9282,65,0,2857
1789623900.628,7.13,24.0,0.929,0.929,66,0,2857
1789623901.632,7.13,23.0,0.929,0.9294,67,0,2857
1789623902.634,7.20,30.0,0.929,0.9286,74,88,2857
1789623903.637,7.20,33.9,0.9261,0.9261,72,89,2857
1789623904.639,7.20,22.0,0.9283,0.9273,65,0,2857
1789623905.641,7.20,21.9,0.9251,0.9251,64,0,2857
1789623906.643,7.20,23.0,0.925,0.926,65,0,2857
1789623907.645,8.06,37.9,0.9233,0.9223,72,12,2857
1789623908.647,8.06,25.4,0.9242,0.9242,74,89,2857
1789623909.65,8.06,39.8,0.9087,0.9087,73,89,2857
1789623910.652,8.06,33.6,0.9141,0.9151,65,44,2857
1789623911.654,8.06,37.2,0.9158,0.9158,68,0,2857
1789623912.656,8.70,37.8,0.9281,0.9271,74,31,2857
1789623913.659,8.70,42.8,0.929,0.93,74,89,2857
1789623914.661,8.70,9.2,0.9382,0.9382,65,0,2857
1789623915.663,8.70,33.1,0.9298,0.9288,72,89,2857
1789623916.666,8.70,37.4,0.9158,0.9167,65,0,2857
1789623917.668,8.48,36.3,0.9191,0.9191,66,0,2857
1789623918.67,8.48,36.7,0.9157,0.9157,74,63,2857
1789623919.672,8.48,39.1,0.9144,0.9134,74,89,2857
1789623920.674,8.48,30.6,0.9251,0.9261,73,88,2857
1789623921.676,8.48,29.3,0.9233,0.9223,65,54,2857
1789623922.678,7.96,23.0,0.9313,0.9313,66,0,2857
1789623923.68,7.96,15.8,0.9341,0.9351,65,0,2857
1789623924.682,7.96,39.6,0.9179,0.9169,74,88,2857
1789623925.684,7.96,7.7,0.9373,0.9373,64,0,2857
1789623926.688,7.96,39.6,0.913,0.914,71,89,2857
1789623927.69,7.48,34.8,0.9166,0.9166,65,46,2857
1789623928.703,7.48,34.8,0.9151,0.9141,65,1,2857
1789623929.705,7.48,22.4,0.9213,0.9214,65,0,2857
1789623930.707,7.48,10.5,0.9301,0.9311,64,0,2857
1789623931.709,7.48,12.3,0.9303,0.9303,63,0,2857
1789623932.711,7.04,10.5,0.9314,0.9314,62,0,2847
1789623933.713,7.04,13.1,0.9251,0.9241,62,4,685
1789623934.715,7.04,13.1,0.9251,0.9261,62,5,777
1789623935.718,7.04,25.1,0.9299,0.9299,62,5,1907
1789623936.72,7.04,33.0,0.9249,0.9249,70,16,1907
1789623937.723,6.72,42.1,0.9321,0.9321,63,0,1907
1789623938.725,6.72,28.5,0.9202,0.9202,64,51,1907
1789623939.727,6.72,9.5,0.9362,0.9362,63,0,1907
1789623940.73,6.72,22.2,0.9265,0.9261,62,0,1907
1789623941.733,6.72,14.3,0.9335,0.9329,62,0,1907
1789623942.735,6.42,8.8,0.9382,0.9382,62,0,1907
1789623943.737,6.42,39.3,0.9188,0.9198,62,0,1907
1789623944.74,6.42,29.7,0.9376,0.9376,62,0,1907
1789623945.741,6.42,11.7,0.9384,0.9384,62,0,1907
1789623946.743,6.42,27.3,0.9361,0.9361,62,29,1907
1789623947.745,6.39,8.7,0.9374,0.9364,61,0,1907
1789623948.747,6.39,9.2,0.9363,0.9373,61,0,1907
1789623949.749,6.39,8.9,0.9393,0.9393,61,0,1907
1789623950.752,6.39,25.8,0.9271,0.9271,60,8,1907
1789623951.754,6.39,27.5,0.9234,0.9234,61,28,1907
1789623952.756,6.44,9.0,0.9404,0.9394,61,0,1907
1789623953.757,6.44,8.8,0.9395,0.9405,60,0,1907
1789623954.759,6.44,30.1,0.9201,0.9201,63,0,1907
1789623955.761,6.44,22.4,0.9353,0.9347,61,0,1907
1789623956.763,6.44,27.3,0.926,0.9258,60,30,1907
1789623957.765,6.00,8.9,0.9386,0.9384,60,0,1907
1789623958.767,6.00,8.4,0.931,0.931,60,0,1907
1789623959.769,6.00,8.2,0.9292,0.9292,60,0,1907
1789623960.771,6.00,8.4,0.9292,0.9292,60,0,1907
1789623961.773,6.00,8.5,0.9301,0.9311,60,0,1907
1789623962.775,6.08,8.7,0.9323,0.9323,59,0,1907
1789623963.777,6.08,27.1,0.9193,0.9183,61,0,1907
1789623964.779,6.08,13.8,0.9311,0.9321,60,0,1907
1789623965.782,6.08,10.4,0.9349,0.9339,61,0,1907
1789623966.783,6.08,25.7,0.9213,0.9223,62,0,1907
1789623967.785,5.83,9.1,0.9363,0.9353,60,0,1907
1789623968.787,5.83,10.4,0.9353,0.9363,59,0,1907
1789623969.789,5.83,32.4,0.9209,0.9207,61,0,1907
1789623970.792,5.83,39.0,0.9156,0.9148,61,10,1907
1789623971.794,5.83,27.5,0.9244,0.9254,61,6,1907
1789623972.796,5.53,25.1,0.9294,0.9288,60,51,1907
1789623973.799,5.53,25.6,0.9222,0.9228,60,0,1907
1789623974.801,5.53,28.9,0.9244,0.9244,61,39,1907
1789623975.804,5.53,39.1,0.9112,0.9102,63,0,1907
1789623976.806,5.53,13.6,0.9321,0.9331,61,0,1907
1789623977.808,5.57,27.6,0.9262,0.9252,59,8,1907
1789623978.81,5.57,10.4,0.9374,0.9384,60,0,1907
1789623979.812,5.57,29.0,0.9219,0.9213,60,30,1907
1789623980.814,5.57,25.5,0.9373,0.9369,61,0,1907
1789623981.816,5.57,27.5,0.9291,0.9301,60,15,1907
1789623982.818,5.36,8.1,0.9382,0.9372,60,0,1907
1789623983.82,5.36,8.3,0.9394,0.9404,59,0,1907
1789623984.821,5.36,8.2,0.9393,0.9393,59,0,1907
1789623985.824,5.36,7.9,0.9391,0.9391,59,0,1907
1789623986.825,5.36,8.8,0.9391,0.9384,58,0,1907
1789623987.827,5.33,9.2,0.9376,0.9384,58,0,1907
1789623988.829,5.33,26.9,0.9252,0.9242,58,39,1907
1789623989.831,5.33,8.3,0.9385,0.9395,58,0,1907
1789623990.833,5.33,27.7,0.9202,0.9202,58,0,1907
1789623991.836,5.33,36.9,0.9084,0.9084,64,0,1907
1789623992.838,5.06,18.7,0.9222,0.9222,60,0,1907
1789623993.841,5.06,23.6,0.9211,0.9201,59,5,1907
1789623994.843,5.06,30.8,0.917,0.917,63,38,1907
1789623995.845,5.06,8.2,0.9302,0.9312,59,0,1907
1789623996.847,5.06,8.1,0.9342,0.9342,58,0,1907
1789623997.849,4.90,16.5,0.9309,0.9299,58,0,1907
1789623998.852,4.90,29.9,0.9313,0.9323,58,0,1907
1789623999.855,4.90,18.3,0.9263,0.9263,59,0,1907
1789624000.857,4.90,26.3,0.9242,0.9242,59,0,1907
1789624001.86,4.90,22.3,0.9363,0.9357,58,0,1907
1789624002.862,4.75,33.1,0.9231,0.9227,61,30,1907
1789624003.864,4.75,27.3,0.9203,0.9213,60,0,1907
1789624004.866,4.75,9.5,0.9385,0.9375,58,0,1907
1789624005.868,4.75,8.6,0.9383,0.9383,58,0,1907
1789624006.87,4.75,8.0,0.9384,0.9394,58,0,1907
1789624007.871,4.61,8.4,0.9395,0.9385,58,0,1907
1789624008.873,4.61,8.3,0.9385,0.9385,58,0,1907
1789624009.875,4.61,7.5,0.9393,0.9397,58,0,1907
1789624010.877,4.61,26.3,0.9259,0.9265,57,17,1907
1789624011.879,4.61,8.2,0.9403,0.9403,58,0,1907
1789624012.881,4.24,14.8,0.9395,0.9385,59,34,1907
1789624013.883,4.24,27.2,0.9263,0.9263,58,17,1907
1789624014.885,4.24,27.8,0.9352,0.9362,59,0,1907
1789624015.888,4.24,27.1,0.9241,0.9241,59,0,1907
1789624016.89,4.24,25.4,0.9279,0.9279,59,0,1907
1789624017.892,4.22,13.3,0.9357,0.935,59,0,1907
1789624018.894,4.22,9.2,0.9382,0.9384,59,0,1907
1789624019.896,4.22,9.7,0.9404,0.94,59,0,1907
1789624020.898,4.22,15.3,0.9384,0.9384,57,0,1907
1789624021.9,4.22,8.9,0.9363,0.9373,59,0,1907
1789624022.902,4.28,8.9,0.9403,0.9403,58,0,1907
1789624023.904,4.28,27.1,0.93,0.93,59,56,1907
1789624024.906,4.28,27.2,0.9143,0.9143,59,21,1907
1789624025.908,4.28,9.1,0.9293,0.9293,58,0,1907
1789624026.91,4.28,8.4,0.9343,0.9333,57,0,1907
1789624027.912,4.10,10.6,0.9292,0.9292,57,0,1907
1789624028.913,4.10,12.9,0.9264,0.9274,57,1,685
1789624029.915,4.10,13.5,0.9262,0.9252,57,3,717
1789624030.917,4.10,33.5,0.9203,0.9213,57,0,1257
1789624031.92,4.10,32.8,0.9161,0.9171,59,0,1257
1789624032.922,4.89,26.3,0.927,0.926,59,0,1259
1789624033.924,4.89,21.9,0.93,0.93,60,6,1259
1789624034.926,4.89,23.8,0.9263,0.9263,60,25,1259
1789624035.928,4.89,24.8,0.9273,0.9263,61,48,1259
1789624036.93,4.89,26.7,0.9269,0.9279,64,71,1259
1789624037.932,4.58,25.7,0.9251,0.9241,64,71,1259
1789624038.934,4.58,8.5,0.9364,0.9364,59,0,1259
1789624039.936,4.58,23.8,0.9263,0.9273,63,71,1259
1789624040.938,4.58,26.0,0.9241,0.9231,64,72,1259
1789624041.94,4.58,11.5,0.9373,0.9383,59,0,1259
1789624042.942,4.69,18.1,0.934,0.9336,59,8,1259
1789624043.946,4.69,21.5,0.9316,0.932,59,0,1259
1789624044.948,4.69,19.6,0.9333,0.9323,60,0,1259
1789624045.95,4.69,8.5,0.9393,0.9403,59,0,1259
1789624046.952,4.69,8.1,0.9408,0.9408,58,0,1259
1789624047.955,4.88,9.7,0.9375,0.9375,58,0,1259
1789624048.956,4.88,23.3,0.9254,0.9252,60,0,1259
1789624049.958,4.88,24.3,0.9253,0.9246,62,0,1259
1789624050.96,4.88,24.5,0.9233,0.9243,65,14,1259
1789624051.962,4.88,24.4,0.9295,0.9285,65,34,1259
1789624052.964,4.97,27.0,0.928,0.929,65,69,1259
1789624053.966,4.97,24.6,0.9282,0.9272,64,72,1259
1789624054.968,4.97,25.3,0.9271,0.9281,64,72,1259
1789624055.97,4.97,24.6,0.9201,0.9191,64,72,1259
1789624056.972,4.97,24.6,0.9183,0.9193,63,74,1259
1789624057.975,4.97,23.7,0.9214,0.9204,60,53,1259
1789624058.978,4.97,14.3,0.9274,0.9274,60,0,1259
1789624059.982,4.97,23.6,0.9219,0.9228,61,0,1259
1789624060.983,4.97,22.4,0.9213,0.9213,61,0,1259
1789624061.985,4.97,22.8,0.9294,0.9294,62,0,1259
1789624062.987,5.37,24.0,0.923,0.923,65,48,1259
1789624063.989,5.37,8.9,0.9352,0.9342,60,0,1259
1789624064.991,5.37,24.9,0.9222,0.9224,65,70,1259
1789624065.993,5.37,24.1,0.9225,0.9223,65,72,1259
1789624066.995,5.37,25.2,0.9242,0.9252,65,72,1259
1789624067.997,5.42,25.1,0.9263,0.926,64,71,1259
1789624068.999,5.42,25.0,0.9251,0.9253,64,73,1259
1789624070.002,5.42,23.5,0.9264,0.9264,60,56,1259
1789624071.004,5.42,21.4,0.9323,0.9313,60,28,1259
1789624072.006,5.42,24.0,0.9264,0.9273,60,16,1259
1789624073.01,5.31,23.0,0.9286,0.9286,61,0,1259
1789624074.011,5.31,16.8,0.9324,0.9324,61,0,1259
1789624075.014,5.31,15.3,0.9353,0.9356,60,0,1259
1789624076.017,5.31,23.1,0.9284,0.9282,61,0,1259
1789624077.019,5.31,22.0,0.9304,0.9304,62,0,1259
1789624078.021,5.69,21.7,0.9304,0.9294,62,0,1259
1789624079.023,5.69,24.2,0.9323,0.9333,66,68,1259
1789624080.024,5.69,26.3,0.9273,0.9273,65,72,1259
1789624081.027,5.69,24.5,0.9269,0.9259,65,73,1259
1789624082.029,5.69,24.2,0.9252,0.9262,65,73,1259
1789624083.031,5.55,24.6,0.9291,0.9281,64,70,1259
1789624084.033,5.55,23.9,0.929,0.929,61,72,1259
1789624085.036,5.55,25.6,0.9248,0.9258,61,70,1259
1789624086.038,5.55,18.4,0.9365,0.9355,61,25,1259
1789624087.04,5.55,22.5,0.9273,0.9279,61,4,1259
1789624088.045,6.55,21.8,0.9147,0.9151,62,0,1259
1789624089.047,6.55,22.4,0.919,0.919,62,0,1259
1789624090.049,6.55,21.4,0.92,0.919,63,0,1259
1789624091.051,6.55,25.1,0.9163,0.9173,66,0,1259
1789624092.053,6.55,24.6,0.9179,0.9179,66,0,1259
1789624093.055,6.42,24.5,0.9237,0.9233,66,0,1259
1789624094.058,6.42,24.1,0.9215,0.9209,66,14,1259
1789624095.06,6.42,24.9,0.92,0.921,66,35,1259
1789624096.062,6.42,11.2,0.9348,0.9338,61,0,1259
1789624097.064,6.42,11.3,0.9352,0.9362,60,0,1259
1789624098.067,6.07,31.2,0.9256,0.9256,60,0,1259
1789624099.069,6.07,26.8,0.9241,0.9231,60,23,1259
1789624100.072,6.07,29.9,0.9235,0.9245,60,0,1259
1789624101.074,6.07,28.7,0.9245,0.9241,59,37,1259
1789624102.077,6.07,27.6,0.9298,0.9295,60,0,1259
1789624103.079,6.62,39.9,0.9202,0.92,59,37,1259
1789624104.081,6.62,28.7,0.92,0.92,60,0,1259
1789624105.084,6.62,28.3,0.924,0.925,59,46,1259
1789624106.086,6.62,28.5,0.923,0.922,60,0,1259
1789624107.088,6.62,16.6,0.933,0.934,59,48,1259
1789624108.091,6.25,28.3,0.9293,0.9283,62,0,1259
1789624109.093,6.25,40.7,0.9231,0.9241,59,37,1259
1789624110.095,6.25,28.5,0.9218,0.9218,60,0,1259
1789624111.097,6.25,14.7,0.9374,0.9364,59,35,1259
1789624112.099,6.25,17.0,0.935,0.935,60,0,1259
1789624113.101,6.79,24.0,0.9282,0.9292,58,0,1259
1789624114.104,6.79,9.1,0.939,0.939,58,0,1259
1789624115.105,6.79,11.1,0.9374,0.9364,58,0,685
1789624116.107,6.79,13.4,0.9331,0.9331,58,0,777
1789624117.11,6.79,14.6,0.9319,0.9329,58,0,1713
1789624118.112,6.65,16.3,0.9339,0.9339,59,0,1907
1789624119.114,6.65,27.5,0.9253,0.9243,59,0,1907
1789624120.116,6.65,27.5,0.9238,0.9248,59,0,1907
1789624121.119,6.65,26.0,0.9163,0.9163,60,0,1907
1789624122.122,6.65,26.8,0.9196,0.9196,59,0,1907
1789624123.125,7.16,26.2,0.9166,0.9166,59,0,1907
1789624124.127,7.16,13.2,0.9311,0.9311,59,0,1907
1789624125.129,7.16,17.4,0.9278,0.927,59,0,1907
1789624126.131,7.16,29.7,0.9216,0.9223,59,19,1907
1789624127.134,7.16,30.4,0.9314,0.9308,66,51,1907
1789624128.136,7.63,32.4,0.9231,0.9227,62,38,1907
1789624129.139,7.63,31.9,0.9181,0.9191,61,0,1907
1789624130.142,7.63,26.5,0.9227,0.9227,60,0,1907
1789624131.144,7.63,10.3,0.9362,0.9352,59,0,1907
1789624132.146,7.63,25.4,0.9374,0.9384,59,9,1907
1789624133.148,7.34,27.5,0.9321,0.9311,60,0,1907
1789624134.151,7.34,27.1,0.926,0.926,60,0,1907
1789624135.153,7.34,26.8,0.9231,0.9231,60,0,1907
1789624136.155,7.34,9.2,0.9369,0.9373,58,0,1907
1789624137.157,7.34,26.8,0.9232,0.9238,58,0,1907
1789624138.159,6.99,24.8,0.9261,0.9261,59,24,1907
1789624139.161,6.99,11.9,0.9353,0.9353,58,0,1907
1789624140.163,6.99,32.4,0.9161,0.9161,59,0,1907
1789624141.165,6.99,26.6,0.9212,0.9212,59,0,1907
1789624142.167,6.99,26.9,0.9201,0.9191,59,0,1907
1789624143.169,6.67,27.7,0.9212,0.9212,59,0,1907
1789624144.171,6.67,28.5,0.887,0.888,59,0,1907
1789624145.174,6.67,29.3,0.9172,0.9162,59,0,1907
1789624146.176,6.67,27.2,0.923,0.923,59,0,1907
1789624147.178,6.67,26.6,0.923,0.923,58,0,1907
1789624148.18,6.37,27.6,0.9246,0.9249,59,0,1907
1789624149.182,6.37,25.9,0.9275,0.9283,59,0,1907
1789624150.184,6.37,8.2,0.9403,0.9393,59,0,1907
1789624151.187,6.37,24.9,0.9228,0.9238,58,0,1907
1789624152.189,6.37,27.2,0.9218,0.9218,59,0,1907
1789624153.191,6.10,25.0,0.9133,0.9133,59,0,1907
1789624154.193,6.10,26.1,0.9151,0.9141,59,0,1907
1789624155.195,6.10,26.6,0.9159,0.9169,59,0,1907
1789624156.198,6.10,27.1,0.9287,0.9277,60,0,1907
1789624157.201,6.10,25.8,0.9204,0.9204,61,14,1907
1789624158.203,6.74,15.7,0.9251,0.9251,67,84,1907
1789624159.205,6.74,27.7,0.9219,0.9219,59,0,1907
1789624160.208,6.74,26.9,0.9183,0.9183,59,0,1907
1789624161.21,6.74,32.6,0.9173,0.9183,59,0,1907
1789624162.213,6.74,27.8,0.9336,0.9326,60,0,1907
1789624163.215,6.92,25.6,0.9261,0.9261,59,0,1907
1789624164.217,6.92,12.7,0.9323,0.9323,59,0,1907
1789624165.219,6.92,26.9,0.9242,0.9242,59,0,1907
1789624166.22,6.92,27.3,0.9215,0.9225,59,0,1907
1789624167.222,6.92,27.0,0.9243,0.9243,59,0,1907
1789624168.226,7.01,29.3,0.9211,0.9211,59,0,1907
1789624169.228,7.01,29.6,0.9192,0.9182,59,0,1907
1789624170.23,7.01,30.0,0.9208,0.9218,59,0,1907
1789624171.232,7.01,26.3,0.9311,0.9301,59,1,1907
1789624172.234,7.01,15.1,0.9299,0.9299,59,66,1907
1789624173.237,6.60,8.8,0.9381,0.9391,60,0,1907
1789624174.238,6.60,28.3,0.9244,0.9234,59,0,1907
1789624175.24,6.60,26.7,0.9252,0.9262,59,7,1907
1789624176.242,6.60,11.3,0.9351,0.9351,59,0,1907
1789624177.244,6.60,13.1,0.9312,0.9302,59,0,685
1789624178.246,6.32,13.9,0.9292,0.9302,58,2,769
1789624179.249,6.32,26.2,0.9192,0.9192,58,16,2613
1789624180.251,6.32,37.7,0.915,0.914,66,88,2857
1789624181.253,6.32,35.7,0.9251,0.9261,62,0,2857
1789624182.255,6.32,26.9,0.9222,0.9222,70,57,2857
1789624183.257,6.21,36.5,0.9121,0.9111,69,89,2857
1789624184.259,6.21,41.6,0.9228,0.9228,65,89,2857
1789624185.264,6.21,35.6,0.9117,0.9117,65,0,2857
1789624186.266,6.21,37.5,0.9142,0.9152,70,90,2857
1789624187.269,6.21,24.1,0.9178,0.9168,69,90,2857
1789624188.271,5.87,29.1,0.9123,0.9133,68,89,2857
1789624189.274,5.87,39.4,0.9292,0.9282,65,0,2857
1789624190.276,5.87,32.8,0.9269,0.9277,71,0,2857
1789624191.278,5.87,38.8,0.9158,0.916,70,88,2857
1789624192.282,5.87,37.9,0.933,0.9324,69,88,2857
1789624193.285,7.00,38.1,0.9134,0.913,62,56,2857
1789624194.287,7.00,31.1,0.9292,0.9302,62,12,2857
1789624195.289,7.00,36.8,0.9265,0.9255,71,0,2857
1789624196.291,7.00,30.8,0.9204,0.9211,71,0,2857
1789624197.294,7.00,27.4,0.9244,0.9237,71,68,2857
1789624198.296,7.96,37.2,0.912,0.913,71,89,2857
1789624199.3,7.96,39.3,0.9144,0.9144,70,89,2857
1789624200.303,7.96,24.9,0.9248,0.9248,69,89,2857
1789624201.305,7.96,23.6,0.9263,0.9253,63,0,2857
1789624202.307,7.96,42.8,0.9119,0.9129,64,0,2857
1789624203.309,8.21,34.3,0.9219,0.9219,71,14,2857
1789624204.313,8.21,24.5,0.9261,0.9261,72,89,2857
1789624205.315,8.21,36.7,0.9162,0.9152,69,89,2857
1789624206.317,8.21,37.8,0.9079,0.9089,70,90,2857
1789624207.32,8.21,37.5,0.9107,0.9107,63,88,2857
1789624208.322,8.19,38.8,0.9131,0.9121,63,51,2857
1789624209.324,8.19,42.4,0.9191,0.9191,65,0,2857
1789624210.327,8.19,32.7,0.9165,0.9175,72,26,2857
1789624211.329,8.19,38.3,0.9128,0.9118,72,89,2857
1789624212.331,8.19,38.1,0.915,0.915,64,89,2857
1789624213.333,8.66,24.2,0.9211,0.9221,64,8,2857
1789624214.336,8.66,42.6,0.9074,0.9074,65,0,2857
1789624215.339,8.66,32.0,0.9211,0.9211,72,0,2857
1789624216.341,8.66,24.9,0.922,0.922,72,89,2857
1789624217.343,8.66,39.9,0.905,0.905,63,89,2857
1789624218.348,8.44,41.2,0.9047,0.9039,69,0,2857
1789624219.35,8.44,33.6,0.9144,0.9152,73,0,2857
1789624220.352,8.44,38.0,0.9155,0.9147,73,62,2857
1789624221.355,8.44,38.5,0.9066,0.9074,71,88,2857
1789624222.357,8.44,23.6,0.919,0.919,64,89,2857
1789624223.36,9.13,38.1,0.9081,0.9071,65,76,2857
1789624224.363,9.13,43.9,0.904,0.904,65,50,2857
1789624225.365,9.13,33.9,0.912,0.913,73,0,2857
1789624226.367,9.13,24.5,0.9302,0.9296,73,89,2857
1789624227.369,9.13,24.5,0.9253,0.9259,64,88,2857
1789624228.371,8.72,33.6,0.9292,0.9292,66,29,2857
1789624229.373,8.72,32.8,0.9337,0.933,73,0,2857
1789624230.376,8.72,36.7,0.9227,0.9235,72,11,2857
1789624231.38,8.72,38.7,0.913,0.913,72,89,2857
1789624232.381,8.72,27.8,0.9294,0.9284,64,89,2857
1789624233.383,8.26,35.2,0.9291,0.9291,67,0,2857
1789624234.386,8.26,25.1,0.932,0.933,73,57,2857
1789624235.388,8.26,39.5,0.9316,0.9316,71,88,2857
1789624236.391,8.26,42.3,0.9173,0.9169,73,88,2857
1789624237.393,8.26,36.0,0.9176,0.917,69,0,2857
1789624238.395,9.04,37.2,0.9343,0.9343,67,89,2857
1789624239.397,9.04,24.5,0.9229,0.9229,74,89,2857
1789624240.399,9.04,37.7,0.9132,0.9132,73,89,2857
1789624241.401,9.04,36.7,0.9292,0.9292,73,88,2857
1789624242.403,9.04,43.8,0.9071,0.9081,72,69,2857
1789624243.405,8.56,25.8,0.9289,0.9289,64,0,2857
1789624244.409,8.56,33.9,0.9251,0.9251,65,0,2857
1789624245.411,8.56,12.6,0.9353,0.9343,68,89,2857
1789624246.413,8.56,13.4,0.9302,0.9312,64,0,685
1789624247.415,8.56,14.0,0.9319,0.9319,63,3,693
1789624248.418,8.11,26.6,0.9164,0.9154,63,11,1253
1789624249.42,8.11,41.8,0.9082,0.9092,63,37,1253
1789624250.422,8.11,19.2,0.9184,0.9184,62,0,1253
1789624251.424,8.11,25.8,0.9162,0.916,63,2,1253
1789624252.426,8.11,24.8,0.9252,0.925,64,30,1255
1789624253.428,8.58,32.6,0.9284,0.9288,62,0,1255
1789624254.43,8.58,16.6,0.9286,0.9282,62,9,1255
1789624255.433,8.58,15.9,0.9261,0.9261,61,12,1255
1789624256.435,8.58,26.4,0.9268,0.9262,61,0,1255
1789624257.437,9.10,43.0,0.9156,0.9156,62,37,1255
1789624258.44,9.10,33.1,0.9123,0.9133,61,0,1255
1789624259.442,9.10,39.2,0.9112,0.9112,61,0,1255
1789624260.445,9.10,40.7,0.908,0.908,62,37,1255
1789624261.447,9.10,32.3,0.9178,0.9168,60,0,1255
1789624262.449,8.77,27.0,0.9346,0.9352,61,18,1255
1789624263.451,8.77,21.7,0.9265,0.9269,60,9,1255
1789624264.453,8.77,35.1,0.9165,0.9165,60,0,1255
1789624265.455,8.77,43.6,0.9231,0.9231,62,37,1255
1789624266.458,8.77,33.1,0.9178,0.9178,60,0,1255
1789624267.46,8.15,37.7,0.9152,0.9142,60,0,1255
1789624268.462,8.15,31.6,0.9172,0.9172,61,35,1255
1789624269.464,8.15,27.4,0.9289,0.9299,60,0,1255
1789624270.466,8.15,16.3,0.9309,0.9299,60,35,1255
1789624271.469,8.15,29.9,0.9291,0.9291,60,0,1255
1789624272.47,7.73,26.4,0.9384,0.9394,60,0,1255
1789624273.472,7.73,42.7,0.9322,0.9322,61,37,1255
1789624274.475,7.73,33.5,0.9225,0.9225,59,0,1255
1789624275.477,7.73,36.0,0.926,0.926,60,5,1255
1789624276.48,7.73,40.5,0.9182,0.9172,59,21,1255
1789624277.483,8.00,18.4,0.927,0.927,59,0,1255
1789624278.485,8.00,41.3,0.9236,0.9244,60,36,1255
1789624279.487,8.00,35.4,0.9153,0.9155,59,0,1255
1789624280.489,8.00,35.9,0.9125,0.9121,61,17,1255
1789624281.491,8.00,9.9,0.9302,0.93,60,0,1255
1789624282.493,7.68,11.6,0.9224,0.9226,59,0,1255
1789624283.496,7.68,12.8,0.9205,0.9199,59,6,685
1789624284.498,7.68,14.8,0.9201,0.9201,59,5,777
1789624285.5,7.68,35.9,0.9211,0.9211,59,25,2863
1789624286.502,7.68,23.8,0.9241,0.9251,71,87,2863
1789624287.504,7.62,29.8,0.9323,0.9319,61,0,2863
1789624288.506,7.62,32.8,0.9197,0.9191,71,87,2863
1789624289.509,7.62,28.4,0.919,0.9199,62,0,2863
1789624290.511,7.62,28.0,0.9172,0.9162,71,89,2863
1789624291.513,7.62,8.4,0.9351,0.9361,62,0,2863
1789624292.516,7.17,29.9,0.9211,0.9201,61,0,2863
1789624293.518,7.17,40.5,0.9331,0.9331,71,86,2863
1789624294.52,7.17,9.1,0.9354,0.9354,62,0,2863
1789624295.522,7.17,8.9,0.9363,0.9373,61,0,2863
1789624296.524,7.17,23.9,0.9312,0.9302,59,0,2863
1789624297.527,7.08,40.0,0.9109,0.9109,69,89,2863
1789624298.529,7.08,21.3,0.9284,0.9284,65,32,2863
1789624299.531,7.08,10.0,0.936,0.936,61,0,2863
1789624300.533,7.08,27.4,0.9229,0.9229,60,0,2863
1789624301.535,7.08,35.9,0.9183,0.9183,69,86,2863
1789624302.537,6.91,8.8,0.9372,0.9382,61,0,2863
1789624303.54,6.91,38.5,0.9128,0.9118,60,65,2863
1789624304.542,6.91,12.1,0.9353,0.9353,70,7,2863
1789624305.544,6.91,11.9,0.938,0.939,61,0,2863
1789624306.546,6.91,40.8,0.9113,0.9113,60,89,2863
1789624307.548,6.52,29.6,0.9272,0.9272,71,83,2863
1789624308.55,6.52,14.7,0.9346,0.9346,61,0,2863
1789624309.552,6.52,38.6,0.9113,0.9113,70,89,2863
1789624310.554,6.52,17.7,0.9323,0.9323,71,89,2863
1789624311.557,6.52,36.1,0.9237,0.9227,61,14,2863
1789624312.559,6.47,20.3,0.9333,0.9343,71,88,2863
1789624313.561,6.47,9.1,0.9406,0.9398,62,0,2863
1789624314.563,6.47,25.7,0.9342,0.9339,61,0,2863
1789624315.566,6.47,43.0,0.9139,0.9149,70,88,2863
1789624316.568,6.47,12.4,0.9342,0.9332,64,0,2863
1789624317.57,6.36,9.3,0.9387,0.9392,61,0,2863
1789624318.572,6.36,9.2,0.9398,0.9392,60,0,2863
1789624319.574,6.36,13.3,0.9339,0.9349,60,0,2863
1789624320.577,6.36,40.5,0.9249,0.9243,59,91,2863
1789624321.579,6.36,17.8,0.937,0.9368,70,89,2863
1789624322.582,6.09,24.8,0.9328,0.9325,61,0,2863
1789624323.584,6.09,43.6,0.925,0.926,70,89,2863
1789624324.586,6.09,32.6,0.9351,0.9351,63,0,2863
1789624325.588,6.09,17.7,0.9324,0.9324,72,87,2863
1789624326.59,6.09,10.4,0.9415,0.9415,62,0,2863
1789624327.592,6.80,39.9,0.9205,0.9195,61,29,2863
1789624328.595,6.80,21.4,0.9272,0.9282,71,30,2863
1789624329.596,6.80,20.2,0.9374,0.9374,61,0,2863
1789624330.599,6.80,38.1,0.8986,0.8986,66,89,2863
1789624331.601,6.80,10.9,0.8983,0.8973,72,48,2863
1789624332.603,6.66,14.4,0.9379,0.9379,61,0,2863
1789624333.606,6.66,39.9,0.9221,0.9227,61,89,2863
1789624334.608,6.66,14.9,0.9369,0.9363,71,89,2863
1789624335.61,6.66,9.1,0.9393,0.9393,62,0,2863
1789624336.612,6.66,9.1,0.9393,0.9403,61,0,2863
1789624337.614,7.65,31.5,0.9319,0.9319,60,1,2863
1789624338.617,7.65,16.6,0.9197,0.9187,70,61,2863
1789624339.619,7.65,24.6,0.9174,0.9174,62,0,2863
1789624340.621,7.65,30.3,0.9253,0.9263,70,87,2863
1789624341.623,7.65,9.2,0.9374,0.9374,63,0,2863
1789624342.625,7.35,21.7,0.9381,0.9375,61,0,2863
1789624343.627,7.35,35.8,0.9293,0.9299,66,88,2863
1789624344.63,7.35,16.9,0.9346,0.9336,71,0,2863
1789624345.632,7.35,38.9,0.9238,0.9248,70,87,2863
1789624346.634,7.35,12.4,0.9122,0.9122,63,0,2863
1789624347.636,7.16,20.4,0.9091,0.9091,61,0,2863
1789624348.639,7.16,44.1,0.9014,0.9005,70,88,2863
1789624349.641,7.16,12.8,0.9283,0.9293,62,0,2863
1789624350.643,7.16,26.0,0.924,0.924,61,0,2863
1789624351.645,7.16,34.9,0.9231,0.9221,72,87,2863
1789624352.648,6.99,19.7,0.9285,0.9295,62,0,2863
1789624353.65,6.99,38.4,0.9124,0.9124,70,88,2863
1789624354.652,6.99,22.8,0.9269,0.9259,63,0,2863
1789624355.655,6.99,31.6,0.9251,0.9251,72,87,2863
1789624356.657,6.99,9.4,0.9332,0.9332,62,0,2863
1789624357.659,6.59,12.7,0.9327,0.9337,62,0,2863
1789624358.661,6.59,37.1,0.9233,0.9223,70,89,2863
1789624359.663,6.59,11.1,0.9343,0.9353,62,0,2863
1789624360.666,6.59,24.8,0.9304,0.9304,61,0,2863
1789624361.668,6.59,41.4,0.9139,0.9139,72,87,2863
1789624362.67,6.38,18.3,0.9344,0.9338,62,0,2863
1789624363.672,6.38,9.7,0.9465,0.9461,61,0,2863
1789624364.673,6.38,9.7,0.9454,0.9454,60,0,2863
1789624365.676,6.38,21.9,0.9309,0.9319,60,0,2863
1789624366.679,6.38,44.6,0.9192,0.9186,71,89,2863
1789624367.681,6.11,12.3,0.9354,0.935,62,0,2863
1789624368.683,6.11,39.3,0.9201,0.9201,71,89,2863
1789624369.685,6.11,22.2,0.9303,0.9313,72,55,2863
1789624370.688,6.11,34.0,0.923,0.923,70,91,2863
1789624371.69,6.11,22.1,0.9271,0.9271,72,51,2863
1789624372.694,6.90,31.5,0.9211,0.9211,62,76,2863
1789624373.696,6.90,31.4,0.9281,0.9281,71,89,2863
1789624374.698,6.90,10.2,0.9373,0.9373,63,0,2863
1789624375.7,6.90,10.4,0.9391,0.9381,62,0,2863
1789624376.703,6.90,28.4,0.9327,0.9337,60,3,2863
1789624377.706,7.87,43.9,0.9128,0.9118,72,89,2863
1789624378.708,7.87,9.6,0.9282,0.9292,62,0,2863
1789624379.711,7.87,8.5,0.9312,0.9312,61,0,2863
1789624380.714,7.87,32.2,0.927,0.927,60,69,2863
1789624381.715,7.87,30.9,0.9174,0.9174,71,89,2863
1789624382.718,8.76,29.8,0.9194,0.9194,62,44,2863
1789624383.721,8.76,42.1,0.9129,0.9119,71,89,2863
1789624384.723,8.76,32.9,0.9158,0.9168,67,84,2863
1789624385.725,8.76,40.4,0.9132,0.9132,72,89,2863
1789624386.728,8.76,31.1,0.9193,0.9189,62,56,2863
1789624387.729,8.62,34.9,0.9139,0.9133,72,55,2863
1789624388.731,8.62,8.2,0.9362,0.9362,62,0,2863
1789624389.733,8.62,17.8,0.9314,0.9314,61,0,2863
1789624390.735,8.62,31.4,0.9172,0.9172,70,88,2863
1789624391.737,8.62,10.6,0.9371,0.9378,62,0,2863
1789624392.74,8.57,27.9,0.9241,0.9243,62,0,2863
1789624393.741,8.57,22.2,0.9252,0.9242,72,86,2863
1789624394.744,8.57,9.0,0.9372,0.9382,62,0,2863
1789624395.746,8.57,8.7,0.94,0.94,61,0,2863
1789624396.748,8.57,26.7,0.9252,0.9252,60,0,2863
1789624397.75,9.01,39.0,0.913,0.913,71,89,2863
1789624398.753,9.01,36.0,0.92,0.919,71,89,2863
1789624399.755,9.01,10.1,0.9352,0.9362,64,0,2863
1789624400.758,9.01,20.7,0.9309,0.9309,62,0,2863
1789624401.759,9.01,36.5,0.9165,0.9165,71,87,2863
1789624402.762,8.37,14.9,0.9317,0.9317,63,0,2863
1789624403.764,8.37,39.1,0.9179,0.9173,71,88,2863
1789624404.766,8.37,14.7,0.9326,0.9328,67,0,2863
1789624405.768,8.37,9.3,0.9377,0.9381,62,0,2863
1789624406.77,8.37,9.4,0.9384,0.9384,61,0,2863
1789624407.772,9.22,33.0,0.9271,0.9271,60,22,2863
1789624408.774,9.22,17.3,0.9303,0.9303,72,41,2863
1789624409.776,9.22,9.0,0.9383,0.9373,62,0,2863
1789624410.779,9.22,21.5,0.9186,0.92,61,0,2863
1789624411.781,9.22,38.6,0.9039,0.9035,71,89,2863
1789624412.783,8.96,8.9,0.9252,0.9242,64,0,2863
1789624413.785,8.96,8.4,0.9273,0.9283,62,0,2863
1789624414.787,8.96,8.5,0.9284,0.9284,60,0,2863
1789624415.789,8.96,8.7,0.9302,0.9302,60,0,2863
1789624416.791,8.96,32.9,0.9271,0.9271,60,87,2863
1789624417.793,8.56,31.8,0.9152,0.9142,71,88,2863
1789624418.795,8.56,16.4,0.9341,0.9351,62,0,2863
1789624419.797,8.56,39.1,0.9226,0.9226,71,86,2863
1789624420.8,8.56,28.9,0.9258,0.9258,66,0,2863
1789624421.802,8.56,9.1,0.9373,0.9373,62,0,2863
1789624422.804,8.12,9.1,0.9383,0.9373,61,0,2863
1789624423.805,8.12,8.9,0.9373,0.9373,60,0,2863
1789624424.808,8.12,34.7,0.9225,0.9235,60,89,2863
1789624425.81,8.12,16.1,0.9331,0.9321,65,0,2863
1789624426.812,8.12,28.1,0.9289,0.9291,61,62,2863
1789624427.814,7.79,29.4,0.9335,0.9333,72,89,2863
1789624428.817,7.79,22.3,0.9316,0.9318,62,0,2863
1789624429.819,7.79,33.2,0.9285,0.9292,71,88,2863
1789624430.821,7.79,22.0,0.9366,0.9366,63,0,2863
1789624431.823,7.79,25.3,0.9263,0.9263,72,87,2863
1789624432.825,7.64,8.9,0.9383,0.9373,62,0,2863
1789624433.827,7.64,36.6,0.9242,0.9252,66,89,2863
1789624434.829,7.64,35.3,0.9164,0.9164,72,42,2863
1789624435.831,7.64,35.9,0.9188,0.9188,62,88,2863
1789624436.833,7.64,36.2,0.9165,0.9165,72,48,2863
1789624437.836,7.43,30.5,0.9293,0.9283,62,64,2863
1789624438.838,7.43,26.8,0.9244,0.9254,72,89,2863
1789624439.839,7.43,8.5,0.9367,0.9367,63,0,2863
1789624440.841,7.43,9.1,0.9385,0.9375,62,0,2863
1789624441.843,7.43,11.6,0.9364,0.9374,61,0,2863
1789624442.845,8.20,28.2,0.9228,0.9228,60,45,2863
1789624443.848,8.20,23.0,0.9298,0.9298,63,0,2863
1789624444.85,8.20,39.1,0.9112,0.9102,70,89,2863
1789624445.852,8.20,23.3,0.9238,0.9248,62,0,2863
1789624446.855,8.20,29.7,0.9316,0.9308,67,0,2863
1789624447.858,8.26,37.8,0.9162,0.9179,68,89,2865
1789624448.86,8.26,18.3,0.9256,0.9239,62,0,2865
1789624449.862,8.26,34.4,0.9246,0.9253,72,89,2865
1789624450.864,8.26,17.2,0.9341,0.9341,63,0,2865
1789624451.866,8.26,42.8,0.9173,0.9173,71,88,2865
1789624452.869,7.92,21.8,0.9263,0.9263,62,0,2865
1789624453.871,7.92,35.7,0.912,0.9118,72,61,2865
1789624454.873,7.92,27.0,0.9231,0.9224,62,38,2865
1789624455.875,7.92,17.5,0.9283,0.9283,72,0,2865
1789624456.878,7.92,33.0,0.9193,0.9203,64,90,2865
1789624457.88,7.45,17.6,0.9343,0.9343,72,0,2865
1789624458.882,7.45,27.5,0.9233,0.9223,62,90,2865
1789624459.884,7.45,14.4,0.9342,0.9342,63,0,2865
1789624460.886,7.45,23.8,0.9262,0.9272,71,89,2865
1789624461.888,7.45,26.5,0.9341,0.9331,62,88,2865
1789624462.89,7.17,10.0,0.9372,0.9372,64,0,2865
1789624463.892,7.17,40.1,0.9155,0.9161,71,44,2865
1789624464.894,7.17,24.1,0.9278,0.9282,70,55,2865
1789624465.896,7.17,24.9,0.9263,0.9263,62,0,2865
1789624466.899,7.17,40.1,0.9119,0.9119,72,88,2865
1789624467.901,6.92,21.6,0.9311,0.9301,62,0,2865
1789624468.903,6.92,44.4,0.9338,0.9346,73,89,2865
1789624469.906,6.92,18.2,0.9358,0.936,62,0,2865
1789624470.908,6.92,35.9,0.9371,0.9371,64,5,2865
1789624471.911,6.92,28.0,0.9342,0.9342,72,86,2865
1789624472.913,6.76,11.7,0.9326,0.9322,63,0,2865
1789624473.915,6.76,42.3,0.9128,0.9122,72,88,2865
1789624474.917,6.76,20.8,0.9172,0.9182,62,0,2865
1789624475.919,6.76,36.3,0.9111,0.9101,66,24,2865
1789624476.921,6.76,25.2,0.9199,0.9199,70,71,2865
1789624477.923,6.54,29.3,0.9253,0.9253,63,0,2865
1789624478.926,6.54,28.3,0.9207,0.9217,72,88,2865
1789624479.928,6.54,16.7,0.9272,0.9262,62,0,2865
1789624480.93,6.54,41.3,0.9093,0.9103,66,66,2865
1789624481.932,6.54,22.3,0.923,0.922,70,31,2865
1789624482.934,6.26,26.7,0.9211,0.9221,63,0,2865
1789624483.938,6.26,40.6,0.9116,0.9106,72,88,2865
1789624484.941,6.26,20.5,0.9243,0.9253,63,0,2865
1789624485.943,6.26,35.2,0.9163,0.9153,64,0,2865
1789624486.945,6.26,27.7,0.93,0.931,71,90,2865
1789624487.947,6.08,32.2,0.921,0.921,64,0,2865
1789624488.949,6.08,30.1,0.9303,0.9293,72,89,2865
1789624489.951,6.08,11.3,0.935,0.936,63,0,2865
1789624490.953,6.08,43.8,0.93,0.93,73,88,2865
1789624491.956,6.08,19.5,0.935,0.9344,63,0,2865
1789624492.958,5.67,26.1,0.9323,0.9329,72,66,2865
1789624493.96,5.67,23.8,0.9329,0.9319,71,89,2865
1789624494.962,5.67,35.3,0.9222,0.9226,64,0,2865
1789624495.965,5.67,28.4,0.9332,0.9328,72,88,2865
1789624496.967,5.67,14.3,0.9372,0.9372,64,0,2865
1789624497.97,6.42,37.2,0.9179,0.9189,73,89,2865
1789624498.973,6.42,22.1,0.931,0.931,63,0,2865
1789624499.975,6.42,41.2,0.9161,0.9161,73,15,2865
1789624500.977,6.42,22.8,0.931,0.93,66,83,2865
1789624501.979,6.42,15.8,0.9307,0.9313,64,0,2865
1789624502.98,6.22,27.0,0.9251,0.9245,72,88,2865
1789624503.983,6.22,16.6,0.9339,0.9339,63,0,2865
1789624504.985,6.22,32.9,0.9234,0.9234,64,0,2865
1789624505.987,6.22,24.0,0.9272,0.9282,72,89,2865
1789624506.99,6.22,16.6,0.9231,0.9231,63,0,2865
1789624507.992,5.96,15.5,0.9252,0.9242,64,0,2865
1789624508.995,5.96,32.2,0.9158,0.9168,71,88,2865
1789624509.997,5.96,14.0,0.9283,0.9283,63,0,2865
1789624511.0,5.96,37.8,0.9096,0.9094,73,89,2865
1789624512.002,5.96,22.1,0.9203,0.9205,63,0,2865
1789624513.004,6.53,32.1,0.9163,0.9163,73,88,2865
1789624514.006,6.53,17.3,0.9308,0.9308,63,12,2865
1789624515.008,6.53,34.3,0.9283,0.9283,65,0,2865
1789624516.011,6.53,30.3,0.9204,0.9204,72,90,2865
1789624517.013,6.53,18.4,0.9294,0.9284,64,0,2865
1789624518.015,6.16,35.5,0.9209,0.9219,72,88,2865
1789624519.017,6.16,19.3,0.9288,0.9288,63,0,2865
1789624520.02,6.16,34.6,0.9168,0.916,72,87,2865
1789624521.022,6.16,15.5,0.9353,0.9351,63,0,2865
1789624522.024,6.16,20.8,0.9292,0.9302,65,0,2865
1789624523.026,6.31,30.6,0.9315,0.9315,71,89,2865
1789624524.03,6.31,23.9,0.9322,0.9322,63,0,2865
1789624525.032,6.31,27.3,0.924,0.923,72,27,2865
1789624526.034,6.31,22.7,0.9309,0.9319,63,69,2865
1789624527.036,6.31,34.1,0.9344,0.9344,65,0,2865
1789624528.038,7.01,28.9,0.9353,0.9343,71,88,2865
1789624529.041,7.01,12.8,0.9355,0.9365,63,0,2865
1789624530.042,7.01,38.0,0.9202,0.9192,73,16,2865
1789624531.045,7.01,24.6,0.9268,0.9278,65,77,2865
1789624532.047,7.01,21.4,0.9324,0.9324,66,0,2865
1789624533.048,6.69,11.1,0.9364,0.9354,63,0,2865
1789624534.05,6.69,9.6,0.9355,0.9355,61,0,2865
1789624535.052,6.69,11.0,0.9344,0.9354,61,1,685
1789624536.054,6.69,13.2,0.8802,0.8792,61,0,685
1789624537.056,6.69,13.7,0.9312,0.9312,61,0,1713
1789624538.058,6.79,37.3,0.9028,0.9038,69,82,1911
1789624539.061,6.79,25.3,0.924,0.923,63,0,1911
1789624540.065,6.79,17.2,0.9054,0.9064,62,34,1911
1789624541.067,6.79,28.4,0.92,0.919,71,0,1911
1789624542.07,6.79,20.5,0.9232,0.9242,62,86,1911
1789624543.072,6.81,24.8,0.9081,0.9079,72,0,1911
1789624544.076,6.81,24.4,0.9192,0.9191,62,84,1911
1789624545.078,6.81,31.7,0.9028,0.9032,64,0,1911
1789624546.079,6.81,9.0,0.9305,0.9305,62,0,1911
1789624547.081,6.81,37.8,0.9142,0.9132,70,83,1911
1789624548.083,6.34,10.5,0.9323,0.9333,63,0,1911
1789624549.086,6.34,21.6,0.9244,0.9234,62,86,1911
1789624550.088,6.34,25.0,0.9223,0.9233,72,0,1911
1789624551.091,6.34,24.7,0.9242,0.9242,62,83,1911
1789624552.093,6.34,21.4,0.9284,0.9284,65,0,1911
1789624553.095,6.32,28.6,0.9249,0.9249,68,81,1911
1789624554.097,6.32,18.2,0.9302,0.9302,64,0,1911
1789624555.099,6.32,10.3,0.9371,0.9361,62,0,1911
1789624556.101,6.32,36.6,0.9252,0.9252,70,83,1911
1789624557.103,6.32,12.9,0.9361,0.9361,63,0,1911
1789624558.105,7.33,32.3,0.9254,0.9254,72,52,1911
1789624559.107,7.33,10.4,0.9351,0.9358,63,0,1911
1789624560.109,7.33,34.1,0.9272,0.9265,72,78,1911
1789624561.112,7.33,15.7,0.9358,0.9368,63,6,1911
1789624562.114,7.33,26.1,0.9283,0.9273,72,0,1911
1789624563.116,7.06,23.3,0.9322,0.9332,62,83,1911
1789624564.118,7.06,23.1,0.9303,0.9293,69,0,1911
1789624565.121,7.06,27.6,0.9231,0.9231,67,84,1911
1789624566.123,7.06,18.8,0.9291,0.9301,65,0,1911
1789624567.125,7.06,32.5,0.9267,0.9257,69,81,1911
1789624568.127,6.82,13.7,0.9322,0.9332,64,0,1911
1789624569.129,6.82,35.9,0.9291,0.9281,71,83,1911
1789624570.131,6.82,12.8,0.9348,0.9354,63,0,1911
1789624571.134,6.82,34.4,0.9204,0.9198,71,82,1911
1789624572.136,6.82,17.0,0.9207,0.9214,63,0,1911
1789624573.138,6.83,29.7,0.9132,0.9134,71,43,1911
1789624574.141,6.83,19.1,0.9197,0.9207,63,38,1911
1789624575.143,6.83,26.3,0.9223,0.9213,72,0,1911
1789624576.145,6.83,23.9,0.924,0.923,63,85,1911
1789624577.147,6.83,22.9,0.9251,0.9261,72,0,1911
1789624578.151,6.37,21.7,0.9299,0.9295,63,61,1911
1789624579.153,6.37,24.6,0.9238,0.9242,73,0,1911
1789624580.156,6.37,21.2,0.9296,0.9296,63,50,1911
1789624581.157,6.37,26.3,0.9255,0.9255,72,0,1911
1789624582.16,6.37,25.7,0.9259,0.925,63,84,1911
1789624583.162,6.18,22.0,0.9273,0.9283,68,0,1911
1789624584.164,6.18,10.5,0.9362,0.9352,63,0,1911
1789624585.166,6.18,36.7,0.9202,0.9212,68,84,1911
1789624586.168,6.18,9.4,0.9333,0.9333,63,0,1911
1789624587.171,6.18,36.2,0.9229,0.9229,71,82,1911
1789624588.173,5.92,11.4,0.9342,0.9342,64,0,1911
1789624589.175,5.92,36.8,0.9189,0.9189,71,83,1911
1789624590.178,5.92,16.2,0.9328,0.9322,63,0,1911
1789624591.18,5.92,31.9,0.9253,0.9249,72,80,1911
1789624592.182,5.92,19.6,0.9318,0.9318,63,86,1911
1789624593.184,5.85,27.0,0.923,0.923,64,0,1911
1789624594.186,5.85,21.3,0.9321,0.9321,71,84,1911
1789624595.189,5.85,23.9,0.93,0.93,64,0,1911
1789624596.191,5.85,21.0,0.9328,0.9338,71,84,1911
1789624597.193,5.85,23.8,0.9303,0.9293,64,0,1911
1789624598.195,5.54,24.5,0.926,0.926,71,84,1911
1789624599.197,5.54,20.2,0.9292,0.9302,63,0,1911
1789624600.199,5.54,8.6,0.9379,0.9372,62,0,1911
1789624601.202,5.54,34.0,0.9261,0.9268,71,83,1911
1789624602.204,5.54,13.4,0.9363,0.9363,63,0,1911
1789624603.207,5.74,24.0,0.929,0.929,71,84,1911
1789624604.209,5.74,21.2,0.9204,0.9204,64,0,1911
1789624605.212,5.74,24.4,0.9208,0.9208,71,84,1911
1789624606.215,5.74,20.2,0.9238,0.9238,63,0,1911
1789624607.217,5.74,28.9,0.9261,0.9261,71,81,1911
1789624608.219,5.44,17.7,0.9279,0.9279,63,0,1911
1789624609.222,5.44,27.9,0.926,0.926,72,83,1911
1789624610.225,5.44,17.7,0.928,0.928,63,0,1911
1789624611.227,5.44,27.4,0.9217,0.9217,71,82,1911
1789624612.229,5.44,18.8,0.9282,0.9272,63,0,1911
1789624613.232,5.40,29.4,0.9259,0.9269,72,81,1911
1789624614.234,5.40,17.6,0.9322,0.9312,63,0,1911
1789624615.236,5.40,34.2,0.916,0.918,72,83,1911
1789624616.238,5.40,11.8,0.9372,0.9362,63,0,1911
1789624617.24,5.40,32.0,0.9326,0.9326,72,82,1911
1789624618.242,5.21,12.6,0.9342,0.9342,63,0,1911
1789624619.245,5.21,32.8,0.9324,0.9314,72,82,1911
1789624620.247,5.21,12.0,0.9351,0.9361,63,0,1911
1789624621.25,5.21,34.7,0.9195,0.9195,72,82,1911
1789624622.252,5.21,11.9,0.9344,0.9334,63,0,1911
1789624623.254,4.95,17.2,0.9336,0.9346,62,20,1911
1789624624.256,4.95,31.0,0.9213,0.9207,66,11,1911
1789624625.26,4.95,21.1,0.9299,0.9315,70,76,1911
1789624626.262,4.95,26.0,0.9302,0.9292,64,0,1911
1789624627.264,4.95,21.9,0.9299,0.9299,70,83,1911
1789624628.276,5.12,24.5,0.929,0.928,64,0,1911
1789624629.279,5.12,19.0,0.9327,0.9337,69,54,1911
1789624630.28,5.12,26.6,0.9274,0.9264,65,0,1911
1789624631.283,5.12,24.2,0.9336,0.9346,70,84,1911
1789624632.285,5.12,22.0,0.933,0.9321,64,0,1911
1789624633.288,4.95,25.5,0.9285,0.9295,70,84,1911
1789624634.29,4.95,20.3,0.9323,0.9313,64,0,1911
1789624635.292,4.95,30.2,0.9217,0.9227,72,82,1911
1789624636.294,4.95,15.6,0.9232,0.9222,63,0,1911
1789624637.297,4.95,34.1,0.9139,0.9149,72,82,1911
1789624638.298,4.87,12.0,0.9284,0.9274,63,0,1911
1789624639.301,4.87,36.4,0.9142,0.9152,72,83,1911
1789624640.303,4.87,12.0,0.9309,0.9309,72,83,1911
1789624641.305,4.87,33.8,0.9222,0.9218,63,0,1911
1789624642.307,4.87,8.7,0.9338,0.9332,73,0,1911
1789624643.31,4.80,23.6,0.9257,0.9267,63,0,1911
1789624644.312,4.80,22.6,0.9231,0.9231,68,82,1911
1789624645.314,4.80,10.1,0.9354,0.9344,64,0,1911
1789624646.315,4.80,10.9,0.9347,0.9347,63,0,1911
1789624647.317,4.80,33.7,0.9174,0.9184,61,0,1911
1789624648.319,4.58,21.6,0.9273,0.9273,70,83,1911
1789624649.321,4.58,32.9,0.9171,0.9171,63,49,1911
1789624650.323,4.58,29.2,0.9189,0.9199,72,0,1911
1789624651.325,4.58,20.4,0.9265,0.9245,71,81,1911
1789624652.327,4.58,32.7,0.917,0.9174,63,28,1911
1789624653.329,4.45,27.8,0.9206,0.9208,72,0,1911
1789624654.331,4.45,19.6,0.9257,0.9261,71,82,1911
1789624655.334,4.45,37.5,0.9131,0.9121,64,0,1911
1789624656.336,4.45,16.8,0.9321,0.9321,72,39,1911
1789624657.338,4.45,30.8,0.9232,0.9242,63,61,1911
1789624658.34,5.21,30.8,0.9212,0.9212,70,0,1911
1789624659.342,5.21,20.5,0.931,0.931,72,82,1911
1789624660.344,5.21,31.9,0.9184,0.9184,64,39,1911
1789624661.346,5.21,30.1,0.9199,0.9199,73,0,1911
1789624662.348,5.21,21.9,0.933,0.932,71,81,1911
1789624663.35,6.40,32.8,0.9182,0.9182,64,9,1911
1789624664.353,6.40,28.0,0.9266,0.9276,73,15,1911
1789624665.355,6.40,20.6,0.9278,0.9278,72,81,1911
1789624666.357,6.40,33.9,0.9251,0.9251,64,0,1911
1789624667.36,6.40,26.9,0.927,0.927,73,42,1911
1789624668.362,6.45,18.8,0.9224,0.9222,71,81,1911
1789624669.364,6.45,36.5,0.9192,0.9194,64,0,1911
1789624670.366,6.45,23.5,0.9211,0.9211,73,74,1911
1789624671.368,6.45,21.8,0.9163,0.9163,71,83,1911
1789624672.37,6.45,37.0,0.919,0.919,65,0,1911
1789624673.373,6.01,22.2,0.9271,0.9271,73,83,1911
1789624674.375,6.01,24.1,0.9271,0.9261,71,83,1911
1789624675.378,6.01,35.9,0.9197,0.9197,65,0,1911
1789624676.391,6.01,20.2,0.9283,0.9293,73,82,1911
1789624677.393,6.01,26.1,0.9262,0.9252,71,84,1911
1789624678.396,5.77,34.1,0.9236,0.9236,66,0,1911
1789624679.398,5.77,20.9,0.9259,0.9269,73,83,1911
1789624680.4,5.77,27.9,0.9271,0.9271,64,67,1911
1789624681.403,5.77,33.0,0.9267,0.9267,66,0,1911
1789624682.405,5.77,21.6,0.9319,0.9309,73,82,1911
1789624683.407,5.47,30.6,0.9212,0.9221,64,38,1911
1789624684.41,5.47,31.1,0.9269,0.9269,68,0,1911
1789624685.412,5.47,21.4,0.9308,0.9308,73,83,1911
1789624686.414,5.47,32.4,0.9273,0.9273,64,84,1911
1789624687.417,5.47,30.0,0.9305,0.9305,74,0,1911
1789624688.419,5.43,20.8,0.9328,0.9318,72,83,1911
1789624689.421,5.43,33.3,0.9251,0.9251,65,67,1911
1789624690.424,5.43,27.3,0.9224,0.9234,74,0,1911
1789624691.427,5.43,35.1,0.9174,0.9164,72,81,1911
1789624692.429,5.43,34.5,0.9299,0.9299,65,37,1911
1789624693.431,5.23,26.3,0.9282,0.9292,74,0,1911
1789624694.433,5.23,20.7,0.9279,0.9271,72,82,1911
1789624695.435,5.23,35.9,0.9186,0.9193,65,10,1911
1789624696.437,5.23,16.2,0.9329,0.9329,74,14,1911
1789624697.439,5.23,24.7,0.9281,0.9271,64,85,1911
1789624698.442,5.54,36.0,0.9211,0.9221,66,0,1911
1789624699.444,5.54,21.4,0.9338,0.9338,73,82,1911
1789624700.448,5.54,27.1,0.9174,0.9164,64,83,1911
1789624701.451,5.54,31.9,0.9086,0.9095,68,0,1911
1789624702.453,5.54,22.4,0.9179,0.9189,73,47,1911
1789624703.455,5.89,22.8,0.9191,0.9171,72,81,1911
1789624704.457,5.89,36.5,0.9101,0.9111,67,0,1911
1789624705.46,5.89,19.3,0.9222,0.9222,73,75,1911
1789624706.462,5.89,26.8,0.9192,0.9192,64,81,1911
1789624707.465,5.89,34.5,0.9241,0.9241,67,0,1911
1789624708.467,5.74,21.0,0.9258,0.9258,73,82,1911
1789624709.469,5.74,29.2,0.9271,0.9271,65,83,1911
1789624710.471,5.74,32.1,0.9222,0.9222,69,0,1911
1789624711.473,5.74,14.8,0.9312,0.9312,73,83,1911
1789624712.475,5.74,36.6,0.9251,0.9251,65,0,1911
1789624713.477,5.68,22.9,0.9302,0.9292,74,47,1911
1789624714.479,5.68,23.5,0.9283,0.9283,72,83,1911
1789624715.481,5.68,36.8,0.9231,0.9231,66,0,1911
1789624716.483,5.68,22.3,0.9261,0.9271,73,63,1911
1789624717.485,5.68,25.0,0.9204,0.9194,65,82,1911
1789624718.488,5.79,35.4,0.9238,0.925,67,0,1911
1789624719.492,5.79,20.9,0.9314,0.9301,74,82,1911
1789624720.493,5.79,25.8,0.9221,0.9223,65,83,1911
1789624721.496,5.79,26.6,0.9242,0.9243,68,0,1911
1789624722.498,5.79,19.8,0.9264,0.926,71,81,1911
1789624723.5,6.61,37.2,0.92,0.921,66,0,1911
1789624724.502,6.61,24.7,0.931,0.9307,66,44,1911
1789624725.504,6.61,22.0,0.9273,0.9275,74,81,1911
1789624726.506,6.61,38.9,0.9242,0.9242,69,0,1911
1789624727.508,6.61,21.9,0.9348,0.9348,67,79,1911
1789624728.51,6.80,26.1,0.9263,0.9253,73,82,1911
1789624729.512,6.80,10.7,0.9375,0.9375,65,0,1911
1789624730.514,6.80,11.4,0.9383,0.9383,64,0,1911
1789624731.516,6.80,12.4,0.9324,0.9324,63,0,1911
1789624732.518,6.80,13.2,0.9233,0.9233,63,6,685
1789624733.521,6.57,18.6,0.9018,0.9038,62,4,777
1789624734.525,6.57,41.4,0.8935,0.8925,65,66,1257
1789624735.528,6.57,18.1,0.9205,0.9195,63,0,1257
1789624736.53,6.57,14.4,0.9257,0.9257,68,71,1259
1789624737.532,6.57,24.6,0.9231,0.9231,63,0,1259
1789624738.535,6.13,25.3,0.9244,0.9254,64,0,1259
1789624739.537,6.13,11.7,0.9331,0.9321,65,23,1259
1789624740.54,6.13,25.0,0.928,0.928,63,0,1259
1789624741.542,6.13,15.8,0.929,0.93,65,8,1259
1789624742.544,6.13,17.6,0.925,0.9248,68,72,1259
1789624743.546,6.12,24.9,0.9276,0.9271,63,13,1259
1789624744.548,6.12,25.4,0.9275,0.9282,63,0,1259
1789624745.552,6.12,16.6,0.9312,0.9312,64,0,1259
1789624746.553,6.12,18.0,0.9323,0.9313,68,72,1259
1789624747.557,6.12,20.5,0.935,0.935,63,0,1259
1789624748.559,6.11,15.6,0.9321,0.9331,68,71,1259
1789624749.561,6.11,24.1,0.9312,0.9302,67,52,1259
1789624750.563,6.11,25.5,0.9279,0.9289,63,0,1259
1789624751.565,6.11,11.5,0.9352,0.9342,64,0,1259
1789624752.567,6.11,25.4,0.923,0.923,62,0,1259
1789624753.569,6.42,9.0,0.9351,0.9351,63,0,1259
1789624754.571,6.42,9.2,0.9383,0.9387,62,0,1259
1789624755.573,6.42,24.7,0.9253,0.9249,61,0,1259
1789624756.576,6.42,15.3,0.9368,0.9372,63,0,1259
1789624757.578,6.42,18.3,0.9312,0.9308,67,72,1259
1789624758.58,6.31,23.8,0.9298,0.9298,62,0,1259
1789624759.583,6.31,21.9,0.9299,0.9309,63,0,1259
1789624760.585,6.31,15.4,0.9323,0.9323,67,71,1259
1789624761.587,6.31,24.1,0.9272,0.9272,64,27,1259
1789624762.59,6.31,24.9,0.9279,0.9269,62,0,1259
1789624763.591,6.12,9.0,0.9373,0.9373,64,0,1259
1789624764.593,6.12,24.0,0.9213,0.9223,62,0,1259
1789624765.596,6.12,19.1,0.9224,0.9224,63,0,1259
1789624766.598,6.12,14.5,0.9241,0.9241,67,73,1259
1789624767.6,6.12,24.7,0.9212,0.9202,62,17,1259
1789624768.602,5.79,24.7,0.9262,0.9272,62,0,1259
1789624769.605,5.79,18.6,0.925,0.925,63,0,1259
1789624770.607,5.79,14.4,0.9282,0.9272,67,72,1259
1789624771.608,5.79,8.9,0.9343,0.9343,62,0,1259
1789624772.611,5.79,24.7,0.9236,0.9238,62,11,1259
1789624773.613,5.57,25.5,0.9203,0.9211,62,0,1259
1789624774.616,5.57,15.9,0.9327,0.9327,63,0,1259
1789624775.618,5.57,20.2,0.9312,0.9302,66,73,1259
1789624776.62,5.57,24.9,0.927,0.927,62,0,1259
1789624777.622,5.57,24.1,0.9261,0.9271,62,0,1259
1789624778.624,5.76,10.8,0.9353,0.9353,63,7,1259
1789624779.626,5.76,24.0,0.9261,0.9261,62,0,1259
1789624780.628,5.76,19.8,0.9301,0.9301,63,0,1259
1789624781.63,5.76,16.0,0.9319,0.9309,67,71,1259
1789624782.632,5.76,25.5,0.9283,0.9283,64,27,1259
1789624783.634,5.94,24.8,0.925,0.925,62,0,1259
1789624784.637,5.94,22.6,0.9307,0.9317,62,0,1259
1789624785.639,5.94,15.9,0.9348,0.9348,67,73,1259
1789624786.641,5.94,20.9,0.9291,0.9291,65,72,1259
1789624787.643,5.94,24.3,0.9274,0.9274,62,2,1259
1789624788.651,5.63,24.0,0.9333,0.9323,62,0,1259
1789624789.654,5.63,12.9,0.9345,0.9352,67,0,1259
1789624790.656,5.63,21.9,0.9289,0.9284,65,72,1259
1789624791.658,5.63,9.9,0.9384,0.9392,62,0,1259
1789624792.66,5.63,11.5,0.9384,0.9384,61,0,1259
1789624793.662,5.25,10.5,0.9391,0.9381,60,0,1259
1789624794.664,5.25,25.3,0.9281,0.9291,60,0,1259
1789624795.666,5.25,14.8,0.934,0.934,66,13,1259
1789624796.669,5.25,18.7,0.9332,0.9326,65,72,1259
1789624797.67,5.25,23.4,0.9192,0.9188,61,0,1259
1789624798.672,5.15,8.8,0.9271,0.9273,62,0,1259
1789624799.675,5.15,25.1,0.9213,0.922,61,31,1259
1789624800.677,5.15,24.6,0.9251,0.9251,62,0,1259
1789624801.679,5.15,9.8,0.9301,0.9291,64,0,1259
1789624802.681,5.15,26.6,0.9253,0.9263,61,0,1259
1789624803.684,5.22,23.1,0.9221,0.9221,62,0,1259
1789624804.686,5.22,14.0,0.9295,0.9291,66,17,1259
1789624805.688,5.22,18.7,0.9298,0.9292,65,73,1259
1789624806.69,5.22,24.0,0.9262,0.9262,61,0,1259
1789624807.692,5.22,20.2,0.9281,0.9281,63,0,1259
1789624808.694,5.12,12.9,0.933,0.934,66,50,1259
1789624809.696,5.12,24.2,0.9221,0.9221,61,61,1259
1789624810.699,5.12,24.7,0.9223,0.9223,61,0,1259
1789624811.703,5.12,20.6,0.9299,0.9299,63,0,1259
1789624812.705,5.12,12.6,0.9332,0.9332,66,67,1259
1789624813.707,5.11,24.8,0.9257,0.9253,61,53,1259
1789624814.709,5.11,25.5,0.9218,0.9219,61,0,1259
1789624815.711,5.11,11.3,0.9362,0.9365,63,0,1259
1789624816.712,5.11,10.3,0.9375,0.9365,61,0,1259
1789624817.715,5.11,17.8,0.9319,0.9329,60,0,1259
1789624818.717,5.02,20.4,0.928,0.928,62,71,1259
1789624819.719,5.02,23.5,0.9271,0.9271,61,66,1259
1789624820.721,5.02,24.6,0.9283,0.9283,61,19,1259
1789624821.723,5.02,24.1,0.9271,0.9261,61,0,1259
1789624822.725,5.02,24.0,0.9271,0.9279,62,0,1259
1789624823.727,4.70,24.4,0.9291,0.9293,63,0,1259
1789624824.73,4.70,24.0,0.9268,0.9258,67,0,1259
1789624825.732,4.70,21.2,0.9266,0.9276,66,40,1259
1789624826.735,4.70,22.0,0.9313,0.9313,66,72,1259
1789624827.737,4.70,21.6,0.9301,0.9301,65,71,1259
1789624828.739,5.37,19.8,0.9313,0.9303,61,64,1259
1789624829.741,5.37,26.3,0.9192,0.9202,61,11,1259
1789624830.743,5.37,24.5,0.9152,0.9152,62,0,1259
1789624831.745,5.37,24.9,0.9172,0.9166,62,0,1259
1789624832.748,5.37,19.1,0.9257,0.9253,65,0,1259
1789624833.75,5.26,19.5,0.9248,0.9258,65,71,1259
1789624834.753,5.26,20.6,0.9235,0.9235,61,73,1259
1789624835.755,5.26,25.0,0.9223,0.9223,61,40,1259
1789624836.757,5.26,24.3,0.9181,0.9171,62,63,1259
1789624837.759,5.26,25.3,0.9277,0.9277,62,14,1259
1789624838.762,5.08,24.2,0.9221,0.9221,63,0,1259
1789624839.764,5.08,23.5,0.9198,0.9208,67,0,1259
1789624840.766,5.08,21.8,0.9271,0.9271,66,0,1259
1789624841.769,5.08,21.8,0.9244,0.9244,66,23,1259
1789624842.771,5.08,19.9,0.9311,0.9309,64,72,1259
1789624843.773,5.15,23.6,0.9292,0.9284,61,71,1259
1789624844.775,5.15,25.2,0.9272,0.9272,62,68,1259
1789624845.777,5.15,25.8,0.9212,0.9212,62,15,1259
1789624846.78,5.15,24.6,0.9279,0.9279,63,0,1259
1789624847.783,5.15,16.2,0.9343,0.9343,67,0,1259
1789624848.785,6.10,20.9,0.9277,0.9277,64,70,1259
1789624849.787,6.10,22.3,0.9292,0.9292,61,71,1259
1789624850.789,6.10,25.5,0.9233,0.9233,61,73,1259
1789624851.791,6.10,24.0,0.9262,0.9262,62,25,1259
1789624852.793,6.10,24.8,0.931,0.931,63,0,1259
1789624853.795,6.09,25.1,0.9292,0.9302,67,0,1259
1789624854.798,6.09,23.7,0.9317,0.9317,66,0,1259
1789624855.8,6.09,21.4,0.9278,0.9278,66,1,1259
1789624856.803,6.09,19.7,0.9287,0.9287,65,51,1259
1789624857.805,6.09,20.3,0.9292,0.9285,61,69,1259
1789624858.808,6.88,23.8,0.9283,0.929,61,72,1259
1789624859.809,6.88,25.5,0.9303,0.9303,62,45,1259
1789624860.812,6.88,24.3,0.9301,0.9301,62,0,1259
1789624861.814,6.88,21.5,0.9238,0.923,66,0,1259
1789624862.816,6.88,20.1,0.916,0.9167,66,33,1259
1789624863.818,6.81,21.1,0.9242,0.9242,61,72,1259
1789624864.82,6.81,23.4,0.9184,0.9184,61,69,1259
1789624865.822,6.81,26.3,0.924,0.923,66,47,1259
1789624866.824,6.81,25.6,0.9232,0.9232,66,0,1259
1789624867.827,6.81,25.3,0.9252,0.9252,61,0,1259
1789624868.829,6.67,24.9,0.9251,0.9251,61,0,1259
1789624869.831,6.67,14.9,0.9326,0.9326,62,0,1259
1789624870.834,6.67,21.7,0.9239,0.9249,67,71,1259
1789624871.835,6.67,23.5,0.9283,0.9273,66,72,1259
1789624872.837,6.67,24.8,0.9283,0.9293,66,51,1259
1789624873.84,6.45,24.4,0.9278,0.9268,65,9,1259
1789624874.842,6.45,24.3,0.9301,0.9301,61,0,1259
1789624875.844,6.45,24.7,0.9257,0.9267,61,0,1259
1789624876.848,6.45,25.3,0.9269,0.9269,62,0,1259
1789624877.85,6.45,23.5,0.9292,0.9292,62,6,1259
1789624878.852,6.58,15.6,0.9331,0.9321,63,51,1259
1789624879.854,6.58,10.2,0.9363,0.9363,61,0,1259
1789624880.856,6.58,11.0,0.9372,0.9372,60,0,1259
1789624881.858,6.58,12.6,0.9322,0.933,59,0,685
1789624882.86,6.58,13.0,0.9333,0.9325,59,0,685
1789624883.863,6.45,20.4,0.9301,0.9301,59,0,2613
1789624884.866,6.45,44.2,0.9163,0.9173,59,0,2863
1789624885.868,6.45,22.8,0.9241,0.9241,66,87,2863
1789624886.871,6.45,34.4,0.925,0.924,66,43,2863
1789624887.873,6.45,28.6,0.9313,0.9313,70,88,2863
1789624888.875,6.50,23.1,0.933,0.934,61,0,2863
1789624889.877,6.50,39.0,0.9214,0.9214,71,87,2863
1789624890.879,6.50,27.2,0.9282,0.9272,62,0,2863
1789624891.881,6.50,42.7,0.9222,0.9222,71,87,2863
1789624892.883,6.50,20.8,0.9331,0.9331,62,0,2863
1789624893.885,7.42,45.1,0.9019,0.9021,71,88,2863
1789624894.887,7.42,8.9,0.9273,0.9271,62,0,2863
1789624895.89,7.42,25.9,0.9253,0.9256,61,0,2863
1789624896.892,7.42,31.5,0.9168,0.9172,71,86,2863
1789624897.894,7.42,18.8,0.9306,0.931,62,0,2863
1789624898.896,7.78,30.1,0.9262,0.9252,72,88,2863
1789624899.899,7.78,21.2,0.9271,0.9281,62,0,2863
1789624900.902,7.78,42.8,0.9113,0.9113,71,88,2863
1789624901.905,7.78,22.0,0.9215,0.9205,63,0,2863
1789624902.907,7.78,32.5,0.9212,0.9222,71,88,2863
1789624903.911,7.40,18.3,0.9299,0.9299,63,0,2863
1789624904.913,7.40,39.9,0.923,0.922,72,89,2863
1789624905.915,7.40,13.4,0.9323,0.9323,65,0,2863
1789624906.918,7.40,38.8,0.9253,0.9263,70,91,2863
1789624907.92,7.40,18.8,0.9293,0.9293,71,73,2863
1789624908.922,7.05,33.1,0.9228,0.9228,62,9,2863
1789624909.924,7.05,15.0,0.9292,0.9283,73,42,2863
1789624910.927,7.05,35.1,0.9215,0.9224,69,44,2863
1789624911.929,7.05,27.6,0.926,0.9253,72,88,2863
1789624912.932,7.05,24.1,0.9339,0.9337,63,0,2863
1789624913.934,7.12,44.7,0.9161,0.9171,72,86,2863
1789624914.936,7.12,20.7,0.9292,0.9292,63,0,2863
1789624915.938,7.12,43.5,0.914,0.913,71,89,2863
1789624916.94,7.12,19.5,0.9312,0.9322,63,0,2863
1789624917.943,7.12,39.7,0.9216,0.9206,72,88,2863
1789624918.945,7.03,15.2,0.9323,0.9331,72,63,2863
1789624919.947,7.03,35.4,0.9291,0.9284,63,23,2863
1789624920.949,7.03,20.8,0.9271,0.9281,73,88,2863
1789624921.951,7.03,29.7,0.9262,0.9252,63,0,2863
1789624922.953,7.03,44.5,0.9133,0.9143,73,87,2863
1789624923.955,7.27,21.3,0.936,0.9351,64,0,2863
1789624924.957,7.27,39.1,0.9112,0.9116,72,88,2863
1789624925.959,7.27,25.0,0.9251,0.9247,63,0,2863
1789624926.961,7.27,31.2,0.9102,0.9112,73,88,2863
1789624927.963,7.27,9.5,0.9272,0.9268,64,0,2863
1789624928.967,6.93,25.9,0.9278,0.9284,63,0,2863
1789624929.969,6.93,25.2,0.9226,0.9214,73,85,2863
1789624930.971,6.93,24.8,0.922,0.922,63,0,2863
1789624931.973,6.93,38.4,0.9173,0.9183,73,86,2863
1789624932.976,7.50,26.6,0.9294,0.9294,63,0,2863
1789624933.978,7.50,36.4,0.9242,0.9232,72,86,2863
1789624934.982,7.50,13.3,0.9321,0.9327,65,0,2863
1789624935.984,7.50,42.8,0.9304,0.9298,72,89,2863
1789624936.986,7.50,23.4,0.9303,0.9313,64,0,2863
1789624937.988,7.14,39.9,0.9237,0.9237,73,88,2863
1789624938.99,7.14,27.8,0.9372,0.9362,68,37,2863
1789624939.993,7.14,38.0,0.93,0.931,71,89,2863
1789624940.994,7.14,35.6,0.9291,0.9284,73,84,2863
1789624941.997,7.14,29.4,0.932,0.932,63,3,2863
1789624942.999,6.72,26.5,0.9224,0.9232,73,89,2863
1789624944.002,6.72,23.1,0.934,0.934,64,0,2863
1789624945.005,6.72,42.3,0.9179,0.9179,73,87,2863
1789624946.007,6.72,22.7,0.9299,0.9299,65,0,2863
1789624947.01,6.72,39.2,0.9122,0.9122,72,88,2863
1789624948.011,6.35,13.7,0.9352,0.9342,73,0,2863
1789624949.014,6.35,36.3,0.9269,0.9269,63,92,2863
1789624950.016,6.35,28.2,0.9264,0.9274,74,88,2863
1789624951.019,6.35,23.5,0.9313,0.9311,64,0,2863
1789624952.02,6.35,40.4,0.9293,0.9295,73,86,2863
1789624953.023,6.08,22.6,0.9274,0.9264,66,0,2863
1789624954.026,6.08,40.4,0.9145,0.9155,71,89,2863
1789624955.028,6.08,13.6,0.9342,0.9332,73,0,2863
1789624956.032,6.08,36.8,0.9157,0.9157,64,91,2863
1789624957.034,6.08,14.2,0.9333,0.9333,73,0,2863
1789624958.036,6.87,16.6,0.933,0.933,64,0,2863
1789624959.038,6.87,39.0,0.9038,0.9048,70,88,2863
1789624960.04,6.87,10.5,0.9274,0.9264,68,0,2863
1789624961.043,6.87,40.6,0.9049,0.9059,72,90,2863
1789624962.045,6.87,34.0,0.9053,0.9053,73,88,2863
1789624963.048,7.52,30.4,0.9133,0.9133,64,0,2863
1789624964.049,7.52,18.9,0.9224,0.9224,74,75,2863
1789624965.052,7.52,31.7,0.9161,0.9161,64,14,2863
1789624966.053,7.52,22.6,0.9223,0.9213,74,89,2863
1789624967.056,7.52,29.0,0.9219,0.9229,64,0,2863
1789624968.058,7.24,22.2,0.9241,0.9231,74,89,2863
1789624969.061,7.24,27.8,0.9251,0.9261,64,0,2863
1789624970.063,7.24,26.4,0.924,0.924,73,89,2863
1789624971.065,7.24,23.2,0.9273,0.9273,64,0,2863
1789624972.067,7.24,26.0,0.9321,0.9311,73,86,2863
1789624973.07,8.26,25.9,0.9315,0.9335,64,0,2863
1789624974.072,8.26,25.4,0.9291,0.9278,74,87,2863
1789624975.075,8.26,25.5,0.9304,0.9306,64,0,2863
1789624976.077,8.26,36.8,0.918,0.918,73,88,2863
1789624977.08,8.26,16.2,0.9345,0.9335,66,0,2863
1789624978.082,8.96,40.5,0.9121,0.9131,72,89,2863
1789624979.084,8.96,10.8,0.9352,0.935,73,0,2863
1789624980.086,8.96,39.2,0.9232,0.9225,64,89,2863
1789624981.088,8.96,35.9,0.9191,0.9191,74,58,2863
1789624982.09,8.96,28.8,0.9324,0.9324,64,31,2863
1789624983.092,8.41,19.4,0.9332,0.9342,73,23,2863
1789624984.094,8.41,30.8,0.9311,0.9307,64,58,2863
1789624985.096,8.41,32.6,0.934,0.9334,66,9,2863
1789624986.098,8.41,32.7,0.9249,0.9259,73,75,2863
1789624987.1,8.41,16.5,0.9324,0.9314,65,0,2863
1789624988.102,9.41,34.9,0.9271,0.9271,73,89,2863
1789624989.104,9.41,34.9,0.9342,0.9352,67,51,2863
1789624990.108,9.41,30.1,0.929,0.9284,73,32,2863
1789624991.11,9.41,22.7,0.9172,0.9168,74,89,2863
1789624992.112,9.41,27.0,0.9229,0.9239,66,0,2863
1789624993.114,8.82,30.2,0.9223,0.9213,74,88,2863
1789624994.117,8.82,22.3,0.9243,0.9253,64,0,2863
1789624995.119,8.82,39.7,0.9179,0.9173,75,86,2863
1789624996.122,8.82,21.9,0.9197,0.9203,65,0,2863
1789624997.124,8.82,39.7,0.9178,0.9178,74,89,2863
1789624998.126,8.51,12.8,0.9331,0.9321,65,0,2863
1789624999.129,8.51,40.8,0.9199,0.9199,74,88,2863
1789625000.131,8.51,32.6,0.9173,0.9173,66,2,2863
1789625001.132,8.51,9.5,0.9344,0.9352,64,0,2863
1789625002.134,8.51,10.8,0.9342,0.9345,63,0,2863
1789625003.136,7.99,12.5,0.9314,0.9304,62,3,693
1789625004.138,7.99,13.8,0.925,0.9252,62,4,705
1789625005.14,7.99,36.5,0.9316,0.9314,63,4,1253
1789625006.142,7.99,20.5,0.9291,0.9301,63,15,1255
1789625007.144,7.99,25.3,0.9234,0.9224,62,0,1255
1789625008.146,9.19,32.3,0.9138,0.9148,62,17,1255
1789625009.148,9.19,38.6,0.9171,0.9161,62,0,1255
1789625010.151,9.19,17.3,0.9269,0.9269,62,36,1255
1789625011.153,9.19,39.3,0.9193,0.9193,61,0,1255
1789625012.154,9.19,30.2,0.924,0.9242,62,37,1255
1789625013.157,9.66,39.9,0.9084,0.9082,61,0,1255
1789625014.159,9.66,17.2,0.9287,0.9295,62,45,1255
1789625015.161,9.66,39.4,0.911,0.9103,61,0,1255
1789625016.164,9.66,30.3,0.921,0.921,61,0,1255
1789625017.165,9.66,27.8,0.9304,0.9314,61,13,1255
1789625018.168,9.29,30.0,0.9203,0.9203,61,0,1255
1789625019.171,9.29,39.7,0.9129,0.9119,61,15,1255
1789625020.173,9.29,27.4,0.9331,0.9341,61,0,1255
1789625021.175,9.29,9.5,0.9392,0.9382,60,0,1255
1789625022.177,9.29,12.1,0.9302,0.9312,60,0,1255
1789625023.179,8.86,12.1,0.9213,0.9213,60,0,777
1789625024.181,8.86,12.1,0.9231,0.9231,60,3,685
1789625025.183,8.86,28.3,0.9217,0.9207,60,31,1907
1789625026.186,8.86,42.1,0.9097,0.9101,69,82,1911
1789625027.188,8.86,34.2,0.9178,0.9184,67,75,1911
1789625028.19,8.31,18.0,0.9262,0.9262,64,0,1911
1789625029.192,8.31,36.5,0.927,0.9267,71,80,1911
1789625030.194,8.31,25.9,0.9252,0.9254,62,53,1911
1789625031.196,8.31,21.2,0.9292,0.9282,66,0,1911
1789625032.199,8.31,36.6,0.9219,0.9227,71,82,1911
1789625033.201,8.45,25.1,0.9323,0.9325,63,29,1911
1789625034.203,8.45,23.2,0.9301,0.9301,67,0,1911
1789625035.205,8.45,35.3,0.9243,0.9233,71,82,1911
1789625036.207,8.45,29.6,0.9271,0.9281,68,77,1911
1789625037.209,8.45,23.2,0.9307,0.9307,65,0,1911
1789625038.212,8.01,28.7,0.9311,0.9305,72,82,1911
1789625039.214,8.01,33.9,0.9225,0.9221,71,83,1911
1789625040.217,8.01,23.5,0.924,0.9244,64,0,1911
1789625041.218,8.01,25.8,0.9224,0.923,72,69,1911
1789625042.22,8.01,37.2,0.9172,0.9172,72,80,1911
1789625043.223,7.69,23.4,0.9261,0.9251,64,0,1911
1789625044.225,7.69,22.2,0.928,0.929,73,32,1911
1789625045.227,7.69,37.0,0.9046,0.9046,71,76,1911
1789625046.23,7.69,23.9,0.921,0.9204,64,0,1911
1789625047.232,7.69,27.5,0.9182,0.9178,72,79,1911
1789625048.234,8.28,36.5,0.9162,0.9162,71,81,1911
1789625049.237,8.28,23.6,0.8956,0.8966,64,0,1911
1789625050.239,8.28,23.7,0.9082,0.9072,73,65,1911
1789625051.241,8.28,36.9,0.9268,0.9278,72,81,1911
1789625052.245,8.28,26.5,0.9301,0.9291,64,0,1911
1789625053.248,7.85,24.5,0.9247,0.9257,73,30,1911
1789625054.25,7.85,34.3,0.9261,0.9261,72,81,1911
1789625055.253,7.85,28.8,0.9278,0.9268,64,36,1911
1789625056.255,7.85,23.2,0.9186,0.9206,68,0,1911
1789625057.257,7.85,30.9,0.9119,0.9099,73,83,1911
1789625058.261,7.38,31.5,0.9158,0.9168,70,82,1911
1789625059.263,7.38,22.8,0.9201,0.9198,66,0,1911
1789625060.265,7.38,28.8,0.9143,0.9135,73,83,1911
1789625061.269,7.38,34.4,0.9207,0.9217,71,82,1911
1789625062.271,7.38,23.2,0.9265,0.9258,65,0,1911
1789625063.273,6.95,25.7,0.9225,0.9223,73,82,1911
1789625064.276,6.95,36.9,0.9138,0.9138,72,83,1911
1789625065.278,6.95,23.4,0.9295,0.9305,65,0,1911
1789625066.281,6.95,22.2,0.9251,0.9241,74,54,1911
1789625067.283,6.95,36.9,0.9182,0.9189,72,83,1911
1789625068.286,7.68,22.5,0.9259,0.9271,65,47,1911
1789625069.288,7.68,23.4,0.9252,0.9242,73,0,1911
1789625070.29,7.68,37.1,0.9201,0.9191,72,82,1911
1789625071.293,7.68,26.9,0.9233,0.9243,65,84,1911
1789625072.295,7.68,20.2,0.9272,0.9272,74,0,1911
1789625073.297,8.42,37.0,0.9244,0.9244,72,81,1911
1789625074.299,8.42,24.3,0.9271,0.9265,65,60,1911
1789625075.302,8.42,23.7,0.9218,0.9224,73,0,1911
1789625076.304,8.42,35.4,0.9171,0.9171,73,83,1911
1789625077.307,8.42,28.7,0.9214,0.9204,65,82,1911
1789625078.31,8.07,24.4,0.9231,0.9241,71,0,1911
1789625079.312,8.07,31.8,0.9152,0.9152,73,83,1911
1789625080.314,8.07,32.6,0.9239,0.9239,65,83,1911
1789625081.316,8.07,23.5,0.925,0.925,66,0,1911
1789625082.319,8.07,28.0,0.9188,0.9188,73,71,1911
1789625083.321,8.14,30.9,0.9197,0.9197,65,83,1911
1789625084.325,8.14,23.5,0.9286,0.9286,69,0,1911
1789625085.327,8.14,28.4,0.9271,0.9271,73,83,1911
1789625086.33,8.14,34.6,0.929,0.929,71,83,1911
1789625087.332,8.14,23.7,0.9243,0.9233,67,0,1911
1789625088.335,7.73,25.3,0.9149,0.9149,73,47,1911
1789625089.337,7.73,37.4,0.9151,0.9151,72,82,1911
1789625090.339,7.73,23.4,0.9199,0.9209,66,9,1911
1789625091.341,7.73,24.1,0.9192,0.9182,74,17,1911
1789625092.344,7.73,36.3,0.9127,0.913,72,81,1911
1789625093.346,7.51,26.7,0.9232,0.924,66,49,1911
1789625094.348,7.51,22.5,0.9207,0.9197,74,0,1911
1789625095.35,7.51,34.5,0.9163,0.9173,73,82,1911
1789625096.355,7.51,28.3,0.9229,0.9229,65,85,1911
1789625097.358,7.51,19.5,0.9283,0.9283,74,0,1911
1789625098.36,8.35,35.7,0.9237,0.9237,73,82,1911
1789625099.364,8.35,28.8,0.919,0.919,65,81,1911
1789625100.366,8.35,23.2,0.927,0.927,74,0,1911
1789625101.368,8.35,31.7,0.9243,0.9239,73,82,1911
1789625102.37,8.35,31.6,0.9208,0.9212,65,83,1911
1789625103.372,8.00,14.4,0.9298,0.9288,69,0,1911
1789625104.375,8.00,10.1,0.9361,0.9371,64,0,1911
1789625105.377,8.00,14.2,0.9324,0.9324,63,0,1911
1789625106.38,8.00,30.1,0.9237,0.9227,63,0,1911
1789625107.382,8.00,30.1,0.9228,0.9238,64,0,1911
1789625108.384,7.76,21.4,0.9332,0.9332,64,0,1911
1789625109.387,7.76,21.1,0.9316,0.9316,63,0,1913
1789625110.39,7.76,32.4,0.9224,0.9224,63,41,1913
1789625111.392,7.76,30.4,0.9208,0.9198,63,52,1913
1789625112.394,7.76,26.4,0.9231,0.9241,64,24,1913
1789625113.396,7.54,15.6,0.9324,0.9324,64,0,1913
1789625114.398,7.54,27.5,0.9232,0.9224,63,0,1913
1789625115.4,7.54,28.7,0.9224,0.9231,63,0,1913
1789625116.402,7.54,27.9,0.9244,0.9234,63,0,1913
1789625117.404,7.54,29.7,0.9351,0.9351,63,0,1913
1789625118.407,7.42,31.5,0.9222,0.9222,63,0,1913
1789625119.409,7.42,26.1,0.924,0.925,63,0,1913
1789625120.413,7.42,16.6,0.9244,0.9234,63,0,1913
1789625121.417,7.42,31.2,0.9327,0.9337,67,1,1913
1789625122.42,7.42,32.5,0.9211,0.9211,67,43,1913
1789625123.422,7.87,26.9,0.9169,0.9159,64,51,1913
1789625124.425,7.87,26.6,0.9198,0.9201,63,25,1913
1789625125.426,7.87,14.5,0.9265,0.9262,63,0,1913
1789625126.428,7.87,27.9,0.9192,0.9192,63,0,1913
1789625127.43,7.87,27.8,0.9282,0.9282,62,0,1913
1789625128.432,7.48,27.8,0.9194,0.9194,62,0,1913
1789625129.435,7.48,18.4,0.9328,0.9328,62,0,1913
1789625130.438,7.48,29.5,0.9182,0.9192,62,0,1913
1789625131.44,7.48,23.0,0.9273,0.9273,62,0,1913
1789625132.442,7.48,18.2,0.9299,0.9299,61,0,1913
1789625133.444,7.12,32.8,0.93,0.929,67,6,1913
1789625134.447,7.12,30.2,0.9235,0.9235,67,37,1913
1789625135.449,7.12,29.2,0.9151,0.9151,64,51,1913
1789625136.451,7.12,26.5,0.9221,0.9231,63,30,1913
1789625137.453,7.12,26.2,0.9239,0.9229,62,0,1913
1789625138.455,7.43,27.9,0.9223,0.9223,62,0,1913
1789625139.457,7.43,26.3,0.9233,0.9233,62,0,1913
1789625140.459,7.43,27.8,0.9253,0.9253,62,0,1913
1789625141.461,7.43,28.4,0.9253,0.9253,62,0,1913
1789625142.463,7.43,29.2,0.924,0.925,62,0,1913
1789625143.466,7.23,19.7,0.9336,0.9326,62,0,1913
1789625144.468,7.23,30.0,0.9258,0.9268,62,0,1913
1789625145.471,7.23,28.9,0.9222,0.9222,68,25,1913
1789625146.473,7.23,27.6,0.927,0.926,64,51,1913
1789625147.475,7.23,27.4,0.928,0.928,62,42,1913
1789625148.477,8.02,27.5,0.9232,0.9242,62,0,1913
1789625149.479,8.02,28.4,0.9352,0.9342,62,0,1913
1789625150.481,8.02,27.7,0.9218,0.9228,63,0,1913
1789625151.484,8.02,27.5,0.9231,0.9221,62,0,1913
1789625152.486,8.02,32.3,0.9122,0.9122,64,0,1913
1789625153.488,8.90,26.6,0.9221,0.9231,63,0,1913
1789625154.49,8.90,27.0,0.9161,0.9151,62,0,1913
1789625155.492,8.90,27.9,0.9172,0.9182,62,0,1913
1789625156.494,8.90,13.9,0.9281,0.9274,62,0,1913
1789625157.497,8.90,13.5,0.9285,0.9292,60,0,1913
1789625158.499,8.50,40.9,0.9078,0.9068,65,6,1913
1789625159.501,8.50,34.8,0.915,0.916,61,14,1913
1789625160.504,8.50,37.9,0.9132,0.9132,63,0,1913
1789625161.506,8.50,36.9,0.9131,0.9131,61,41,1913
1789625162.508,8.50,38.2,0.9122,0.9122,63,0,1913
1789625163.511,8.14,39.8,0.9109,0.9109,61,47,1913
1789625164.513,8.14,34.7,0.9164,0.9164,62,0,1913
1789625165.515,8.14,25.2,0.9251,0.9251,62,0,1913
1789625166.517,8.14,41.6,0.9109,0.9099,68,24,1913
1789625167.527,8.14,31.4,0.9335,0.9335,62,0,1913
1789625168.529,8.93,27.2,0.923,0.924,64,0,1913
1789625169.531,8.93,21.9,0.9321,0.9321,62,0,1913
1789625170.533,8.93,38.4,0.9312,0.9312,66,8,1913
1789625171.536,8.93,36.0,0.9213,0.9213,61,6,1913
1789625172.538,8.93,34.8,0.9181,0.9171,63,0,1913
1789625173.541,8.38,39.1,0.9176,0.9176,61,36,1913
1789625174.543,8.38,33.0,0.9181,0.9191,62,0,1913
1789625175.546,8.38,28.9,0.9216,0.9216,61,47,1913
1789625176.548,8.38,31.3,0.9231,0.9221,62,0,1913
1789625177.55,8.38,41.6,0.9121,0.9121,63,51,1913
1789625178.552,8.99,33.0,0.9191,0.9201,64,0,1913
1789625179.555,8.99,41.2,0.9149,0.9149,61,33,1913
1789625180.557,8.99,31.1,0.9271,0.9268,62,0,1913
1789625181.56,8.99,41.7,0.9176,0.9168,61,51,1913
1789625182.563,8.99,31.9,0.9355,0.9365,62,0,1913
1789625183.565,9.79,41.6,0.9134,0.913,61,51,1913
1789625184.568,9.79,33.2,0.9173,0.9167,62,0,1913
1789625185.57,9.79,37.9,0.927,0.927,67,31,1913
1789625186.572,9.79,34.6,0.91,0.911,61,0,1913
1789625187.575,9.79,42.0,0.9055,0.9055,62,51,1913
1789625188.577,10.21,32.8,0.9141,0.9141,62,0,1913
1789625189.579,10.21,38.0,0.9072,0.9062,67,27,1913
1789625190.582,10.21,36.2,0.9077,0.9087,61,0,1913
1789625191.584,10.21,34.4,0.9101,0.9091,62,0,1913
1789625192.586,10.21,28.9,0.917,0.9174,61,0,1913
1789625193.589,9.71,14.7,0.9304,0.9306,61,0,1913
1789625194.592,9.71,41.0,0.9111,0.9115,61,78,1913
1789625195.595,9.71,29.3,0.92,0.919,62,0,1913
1789625196.597,9.71,36.3,0.9141,0.9151,62,0,1913
1789625197.599,9.71,40.5,0.9132,0.9132,61,51,1913
1789625198.602,9.01,15.9,0.9343,0.9333,62,0,1913
1789625199.604,9.01,33.5,0.919,0.92,61,25,1913
1789625200.606,9.01,26.2,0.936,0.936,67,36,1913
1789625201.608,9.01,31.1,0.9339,0.9336,61,0,1913
1789625202.61,9.01,23.9,0.9281,0.9273,62,0,1913
1789625203.613,8.61,40.9,0.9338,0.9338,61,33,1913
1789625204.615,8.61,32.6,0.9191,0.9201,64,0,1913
1789625205.618,8.61,37.9,0.9176,0.9176,61,51,1913
1789625206.62,8.61,34.9,0.9261,0.9261,67,0,1913
1789625207.622,8.61,32.8,0.92,0.92,61,18,1913
1789625208.624,8.48,37.4,0.9169,0.9159,62,0,1913
1789625209.627,8.48,29.2,0.9211,0.9211,62,0,1913
1789625210.629,8.48,40.8,0.9189,0.9199,61,46,1913
1789625211.631,8.48,29.4,0.9201,0.9198,64,0,1913
1789625212.634,8.48,34.1,0.9175,0.9178,61,18,1913
1789625213.636,8.28,24.6,0.9244,0.9234,61,0,1913
1789625214.638,8.28,30.6,0.9301,0.9301,62,0,1913
1789625215.64,8.28,27.7,0.9369,0.9372,61,37,1913
1789625216.642,8.28,26.6,0.9293,0.9298,63,0,1913
1789625217.645,8.28,25.9,0.9229,0.9231,61,58,1913
1789625218.648,8.98,32.8,0.9205,0.9195,65,0,1913
1789625219.651,8.98,35.2,0.9122,0.9129,61,4,1913
1789625220.654,8.98,39.2,0.9148,0.9141,61,45,1913
1789625221.656,8.98,37.3,0.913,0.914,65,59,1913
1789625222.66,8.98,28.7,0.924,0.9234,68,0,1913
1789625223.664,8.74,40.0,0.9118,0.9124,61,40,1913
1789625224.666,8.74,32.7,0.916,0.916,62,0,1913
1789625225.668,8.74,34.4,0.9201,0.9191,61,0,1913
1789625226.67,8.74,36.9,0.9171,0.9171,61,45,1913
1789625227.673,8.74,41.0,0.9116,0.912,61,51,1913
1789625228.675,9.40,28.0,0.9221,0.9217,67,0,1913
1789625229.678,9.40,26.4,0.9218,0.9228,61,34,1913
1789625230.68,9.40,29.8,0.9199,0.9192,63,0,1913
1789625231.684,9.40,37.8,0.9163,0.9171,61,0,1913
1789625232.686,9.40,19.1,0.9303,0.9293,61,0,1913
1789625233.688,8.81,10.3,0.9381,0.9389,60,0,1913
1789625234.69,8.81,12.1,0.9365,0.936,59,0,685
1789625235.692,8.81,13.5,0.9334,0.9332,59,0,685
1789625236.695,8.81,14.0,0.932,0.933,59,0,777
1789625237.698,8.81,22.5,0.92,0.92,66,87,2863
1789625238.7,8.42,33.0,0.9281,0.9271,64,34,2863
1789625239.702,8.42,18.4,0.935,0.936,69,55,2863
1789625240.705,8.42,39.5,0.913,0.912,70,88,2863
1789625241.707,8.42,13.5,0.9291,0.9291,61,0,2863
1789625242.709,8.42,33.2,0.9178,0.9188,71,88,2863
1789625243.713,8.55,28.4,0.8706,0.8696,61,0,2863
1789625244.716,8.55,15.4,0.8898,0.8908,61,0,2863
1789625245.718,8.55,39.3,0.9249,0.9249,61,31,2863
1789625246.72,8.55,16.3,0.9354,0.9354,71,88,2863
1789625247.722,8.55,35.2,0.9281,0.9281,61,0,2863
1789625248.724,8.75,29.6,0.9293,0.9293,71,86,2863
1789625249.726,8.75,25.1,0.9267,0.9267,62,0,2863
1789625250.729,8.75,36.3,0.9189,0.9179,71,89,2863
1789625251.731,8.75,7.8,0.9113,0.9113,72,64,2863
1789625252.734,8.75,32.9,0.9131,0.9151,62,0,2863
1789625253.737,9.41,30.5,0.9187,0.9177,71,86,2863
1789625254.738,9.41,8.3,0.9315,0.9315,63,0,2863
1789625255.741,9.41,20.5,0.9321,0.9311,62,0,2863
1789625256.744,9.41,43.0,0.9209,0.9209,69,89,2863
1789625257.746,9.41,20.3,0.9244,0.9244,63,0,2863
1789625258.748,9.70,39.7,0.9069,0.9079,70,87,2863
1789625259.75,9.70,10.6,0.933,0.932,72,88,2863
1789625260.752,9.70,39.0,0.9149,0.9159,62,0,2863
1789625261.755,9.70,18.3,0.9295,0.9291,72,88,2863
1789625262.757,9.70,31.0,0.9182,0.9176,62,0,2863
1789625263.759,10.28,31.5,0.9182,0.9192,71,88,2863
1789625264.761,10.28,26.6,0.927,0.926,62,0,2863
1789625265.764,10.28,34.2,0.9161,0.9161,71,89,2863
1789625266.766,10.28,9.4,0.9341,0.9351,66,21,2863
1789625267.767,10.28,9.4,0.9364,0.9364,62,0,2863
1789625268.77,9.86,35.6,0.9174,0.9164,61,0,2863
1789625269.772,9.86,22.5,0.9265,0.9265,71,87,2863
1789625270.774,9.86,16.4,0.9325,0.9335,63,0,2863
1789625271.776,9.86,34.8,0.9133,0.9133,69,46,2863
1789625272.777,9.86,9.6,0.9353,0.9353,66,27,2863
1789625273.781,9.31,19.3,0.9281,0.9281,62,0,2863
1789625274.783,9.31,38.1,0.9122,0.9122,66,93,2863
1789625275.785,9.31,11.8,0.9413,0.9403,73,88,2863
1789625276.789,9.31,40.5,0.938,0.9388,62,0,2863
1789625277.791,9.31,26.6,0.9291,0.9283,73,86,2863
1789625278.793,8.72,11.2,0.9422,0.9432,62,0,2863
1789625279.795,8.72,40.5,0.9142,0.9142,62,65,2863
1789625280.797,8.72,14.4,0.9306,0.9302,72,88,2863
1789625281.799,8.72,10.3,0.9281,0.9275,63,0,2863
1789625282.801,8.72,32.7,0.9089,0.9089,62,0,2863
1789625283.803,8.66,30.6,0.9103,0.9113,71,86,2863
1789625284.806,8.66,10.0,0.9298,0.9298,65,0,2863
1789625285.808,8.66,38.6,0.9121,0.9111,62,54,2863
1789625286.809,8.66,9.9,0.9304,0.9314,72,0,2863
1789625287.812,8.66,21.2,0.9245,0.9238,62,0,2863
1789625288.814,9.17,29.9,0.9152,0.9159,68,88,2863
1789625289.818,9.17,8.7,0.9348,0.9338,65,0,2863
1789625290.82,9.17,18.0,0.9338,0.9348,62,0,2863
1789625291.823,9.17,38.3,0.9212,0.9212,66,89,2863
1789625292.825,9.17,11.5,0.9374,0.9364,72,78,2863
1789625293.828,9.32,32.2,0.9202,0.9202,62,0,2863
1789625294.83,9.32,39.1,0.9259,0.9259,71,87,2863
1789625295.833,9.32,23.7,0.9261,0.9271,64,0,2863
1789625296.835,9.32,42.4,0.9071,0.9071,71,88,2863
1789625297.838,9.32,15.1,0.9285,0.9288,65,0,2863
1789625298.84,9.93,44.0,0.9144,0.914,62,86,2863
1789625299.844,9.93,17.8,0.9342,0.9334,72,0,2863
1789625300.847,9.93,39.8,0.9158,0.9174,63,64,2863
1789625301.849,9.93,27.9,0.9193,0.9186,73,88,2863
1789625302.851,9.93,34.6,0.9139,0.9139,63,0,2863
1789625303.853,10.26,33.7,0.9142,0.9142,72,86,2863
1789625304.856,10.26,32.9,0.9193,0.9189,64,0,2863
1789625305.858,10.26,40.1,0.9068,0.9062,72,87,2863
1789625306.86,10.26,18.8,0.927,0.928,65,0,2863
1789625307.862,10.26,30.8,0.9148,0.9138,63,88,2863
1789625308.864,9.76,10.7,0.9364,0.9374,67,0,2863
1789625309.866,9.76,22.0,0.9284,0.9284,63,0,2863
1789625310.869,9.76,39.9,0.909,0.909,66,88,2863
1789625311.871,9.76,25.1,0.9192,0.9192,72,89,2863
1789625312.875,9.76,36.5,0.9139,0.9132,63,0,2863
1789625313.876,10.34,27.6,0.9096,0.9094,72,86,2863
1789625314.879,10.34,28.9,0.9139,0.9139,63,0,2863
1789625315.881,10.34,25.9,0.915,0.916,72,89,2863
1789625316.883,10.34,9.7,0.9314,0.9314,65,0,2863
1789625317.885,10.34,22.8,0.9251,0.9251,63,0,2863
1789625318.887,10.87,27.8,0.9171,0.9161,67,89,2863
1789625319.889,10.87,15.4,0.9302,0.9302,65,0,2863
1789625320.891,10.87,39.4,0.9179,0.9189,63,53,2863
1789625321.894,10.87,10.1,0.9294,0.9294,72,85,2863
1789625322.898,10.87,40.8,0.9294,0.9294,63,81,2863
1789625323.9,11.44,30.6,0.9233,0.9233,73,89,2863
1789625324.902,11.44,9.0,0.9414,0.9404,63,0,2863
1789625325.904,11.44,32.2,0.9222,0.9222,63,0,2863
1789625326.906,11.44,16.8,0.9254,0.9258,71,87,2863
1789625327.908,11.44,30.4,0.9173,0.9179,63,0,2863
1789625328.909,11.97,30.9,0.9232,0.9232,71,87,2863
1789625329.911,11.97,17.5,0.9332,0.9326,66,0,2863
1789625330.914,11.97,32.4,0.9231,0.9237,71,89,2863
1789625331.916,11.97,18.4,0.9421,0.9411,67,0,2863
1789625332.918,11.97,40.6,0.929,0.929,71,89,2863
1789625333.92,11.65,23.8,0.9271,0.9271,65,44,2863
1789625334.922,11.65,39.5,0.9203,0.9203,72,37,2863
1789625335.924,11.65,33.5,0.9343,0.9343,73,88,2863
1789625336.926,11.65,30.4,0.9328,0.9338,63,0,2863
1789625337.928,11.65,25.9,0.9283,0.9277,73,87,2863
1789625338.93,10.88,14.7,0.9372,0.9378,64,0,2863
1789625339.932,10.88,39.3,0.93,0.93,72,89,2863
1789625340.934,10.88,23.0,0.9253,0.9243,65,37,2863
1789625341.936,10.88,35.7,0.9151,0.9161,72,0,2863
1789625342.938,10.88,36.6,0.9153,0.9143,73,88,2863
1789625343.94,10.41,8.3,0.9362,0.9362,64,0,2863
1789625344.942,10.41,36.1,0.9314,0.9324,72,51,2863
1789625345.944,10.41,38.0,0.9212,0.9212,73,88,2863
1789625346.946,10.41,18.8,0.9212,0.9212,64,0,2863
1789625347.948,10.41,43.3,0.8992,0.8988,72,88,2863
1789625348.95,9.73,12.0,0.9238,0.9242,64,0,2863
1789625349.953,9.73,14.9,0.926,0.926,63,0,2863
1789625350.955,9.73,42.9,0.9048,0.9038,71,89,2863
1789625351.957,9.73,15.5,0.927,0.927,64,0,2863
1789625352.961,9.73,40.9,0.9097,0.9101,72,89,2863
1789625353.963,10.32,22.6,0.9191,0.9197,73,88,2863
1789625354.965,10.32,10.6,0.9352,0.9342,63,0,2863
1789625355.967,10.32,36.0,0.9343,0.9353,68,70,2863
1789625356.969,10.32,26.1,0.9288,0.9288,66,0,2863
1789625357.971,10.32,9.9,0.9352,0.9352,63,0,2863
1789625358.974,9.65,22.9,0.9267,0.9267,62,0,2863
1789625359.976,9.65,41.5,0.9292,0.9292,72,89,2863
1789625360.978,9.65,19.1,0.9351,0.9341,63,0,2863
1789625361.98,9.65,35.0,0.928,0.929,73,89,2863
1789625362.983,9.65,11.7,0.9358,0.9358,64,0,2863
1789625363.985,9.28,40.8,0.9208,0.9198,72,89,2863
1789625364.987,9.28,33.5,0.9191,0.9201,73,89,2863
1789625365.99,9.28,31.7,0.924,0.9246,63,0,2863
1789625366.992,9.28,22.5,0.9319,0.9303,74,89,2863
1789625367.994,9.28,22.5,0.934,0.935,64,0,2863
1789625368.996,9.01,44.4,0.916,0.916,73,88,2863
1789625369.998,9.01,17.2,0.9324,0.9324,64,0,2863
1789625371.001,9.01,40.1,0.9116,0.911,73,89,2863
1789625372.003,9.01,11.5,0.935,0.9346,66,3,2863
1789625373.004,9.01,11.3,0.9373,0.9375,63,0,2863
1789625374.006,8.37,11.8,0.9359,0.9363,62,0,2863
1789625375.008,8.37,12.5,0.9321,0.9325,62,0,685
1789625376.01,8.37,13.7,0.9281,0.9271,61,5,685
1789625377.012,8.37,31.2,0.9093,0.9103,61,0,1247
1789625378.014,8.37,28.4,0.9072,0.9072,66,46,1257
1789625379.016,9.06,24.8,0.918,0.917,67,64,1259
1789625380.019,9.06,24.8,0.9199,0.9199,62,0,1259
1789625381.021,9.06,9.2,0.9299,0.9299,63,0,1259
1789625382.023,9.06,25.1,0.9141,0.9141,66,38,1259
1789625383.025,9.06,26.0,0.9169,0.9169,62,0,1259
1789625384.028,8.58,19.1,0.9277,0.9287,63,0,1259
1789625385.03,8.58,15.1,0.929,0.929,68,52,1259
1789625386.032,8.58,25.0,0.9249,0.9239,62,0,1259
1789625387.035,8.58,20.6,0.9249,0.9259,63,0,1259
1789625388.037,8.58,17.7,0.9324,0.9324,66,41,1259
1789625389.038,9.41,22.2,0.9254,0.9254,66,70,1259
1789625390.041,9.41,24.1,0.922,0.922,62,0,1259
1789625391.043,9.41,24.1,0.9258,0.9248,62,0,1259
1789625392.046,9.41,16.1,0.9314,0.9324,64,3,1259
1789625393.048,9.41,19.5,0.9311,0.9311,67,70,1259
1789625394.05,8.90,25.0,0.9311,0.9301,66,41,1259
1789625395.052,8.90,24.4,0.9281,0.9291,62,0,1259
1789625396.054,8.90,10.9,0.9374,0.9364,63,0,1259
1789625397.057,8.90,15.5,0.9333,0.9343,62,0,1259
1789625398.059,8.90,17.8,0.9283,0.9283,66,71,1259
1789625399.061,8.59,24.7,0.9253,0.9245,66,51,1259
1789625400.062,8.59,26.1,0.9295,0.9292,62,0,1259
1789625401.065,8.59,25.7,0.9282,0.9292,62,0,1259
1789625402.067,8.59,14.1,0.933,0.9327,64,0,1259
1789625403.068,8.59,20.5,0.9344,0.9347,66,64,1259
1789625404.071,9.42,24.6,0.9331,0.9331,62,72,1259
1789625405.073,9.42,24.2,0.9312,0.9312,62,0,1259
1789625406.076,9.42,19.7,0.9275,0.9285,63,0,1259
1789625407.078,9.42,16.8,0.9321,0.9301,67,0,1259
1789625408.08,9.42,20.8,0.9235,0.9235,67,71,1259
1789625409.082,9.15,24.6,0.9233,0.9233,62,30,1259
1789625410.084,9.15,25.0,0.9329,0.9329,62,0,1259
1789625411.087,9.15,14.8,0.9229,0.9229,64,0,1259
1789625412.089,9.15,19.7,0.9197,0.9197,67,55,1259
1789625413.092,9.15,24.8,0.9227,0.9227,62,73,1259
1789625414.093,8.73,24.4,0.9244,0.9254,62,10,1259
1789625415.096,8.73,8.6,0.9306,0.9296,62,0,1259
1789625416.098,8.73,24.7,0.9237,0.9239,61,72,1259
1789625417.101,8.73,24.7,0.9247,0.9251,62,0,1259
1789625418.103,8.73,9.6,0.9318,0.9312,62,0,1259
1789625419.105,8.27,20.1,0.9231,0.9241,61,0,1259
1789625420.107,8.27,16.6,0.9251,0.9241,66,0,1259
1789625421.109,8.27,22.2,0.9261,0.9271,66,72,1259
1789625422.111,8.27,24.2,0.9253,0.9243,62,63,1259
1789625423.113,8.27,24.3,0.9282,0.9282,62,0,1259
1789625424.116,7.85,19.6,0.9296,0.9306,63,0,1259
1789625425.128,7.85,15.0,0.9322,0.9322,67,3,1259
1789625426.13,7.85,25.2,0.9302,0.9292,61,0,1259
1789625427.133,7.85,19.0,0.9277,0.9287,63,0,1259
1789625428.134,7.85,15.4,0.9305,0.9295,67,28,1259
1789625429.137,7.86,23.6,0.9292,0.9292,65,72,1259
1789625430.138,7.86,24.5,0.9274,0.9274,62,22,1259
1789625431.14,7.86,10.6,0.9362,0.9372,62,0,1259
1789625432.142,7.86,26.0,0.9324,0.9314,61,72,1259
1789625433.144,7.86,23.9,0.9323,0.9323,62,1,1259
1789625434.146,7.63,20.7,0.9292,0.9292,62,0,1259
1789625435.149,7.63,15.8,0.9295,0.9295,67,8,1259
1789625436.15,7.63,23.8,0.9275,0.9285,65,70,1259
1789625437.152,7.63,24.8,0.9243,0.9233,62,0,1259
1789625438.155,7.63,12.0,0.9322,0.9332,62,0,1259
1789625439.157,8.30,23.7,0.9253,0.9243,65,72,1259
1789625440.16,8.30,24.1,0.9319,0.9319,61,14,1259
1789625441.161,8.30,24.6,0.9323,0.9323,62,0,1259
1789625442.167,8.30,15.4,0.9278,0.9288,64,0,1259
1789625443.169,8.30,17.1,0.9193,0.9193,66,72,1259
1789625444.171,8.36,25.1,0.919,0.918,61,53,1259
1789625445.173,8.36,22.2,0.9211,0.9221,62,0,1259
1789625446.176,8.36,15.1,0.9271,0.9261,67,4,1259
1789625447.177,8.36,21.2,0.9201,0.9203,65,71,1259
1789625448.18,8.36,24.3,0.9213,0.9214,61,0,1259
1789625449.181,7.93,21.2,0.9274,0.927,63,0,1259
1789625450.183,7.93,14.5,0.9292,0.9292,67,24,1259
1789625451.185,7.93,9.5,0.9333,0.9333,61,0,1259
1789625452.187,7.93,10.4,0.9323,0.9323,60,0,1259
1789625453.189,7.93,12.8,0.9294,0.9294,60,0,685
1789625454.191,7.78,13.7,0.9264,0.9274,60,4,685
1789625455.193,7.78,21.9,0.9222,0.9222,59,61,2613
1789625456.195,7.78,39.5,0.9198,0.9198,69,89,2863
1789625457.198,7.78,17.7,0.9295,0.9285,71,0,2863
1789625458.2,7.78,39.7,0.918,0.919,69,88,2863
1789625459.202,8.59,23.4,0.9282,0.9273,71,0,2863
1789625460.205,8.59,34.1,0.9214,0.9234,61,87,2863
1789625461.208,8.59,30.2,0.9353,0.9343,72,0,2863
1789625462.21,8.59,41.0,0.912,0.912,62,87,2863
1789625463.212,8.59,31.6,0.9171,0.9161,71,0,2863
1789625464.215,8.39,41.6,0.9084,0.9094,71,88,2863
1789625465.218,8.39,30.3,0.9199,0.9199,67,0,2863
1789625466.22,8.39,41.0,0.9115,0.9115,71,87,2863
1789625467.222,8.39,29.3,0.9283,0.9283,70,0,2863
1789625468.224,8.39,30.0,0.9341,0.9341,71,88,2863
1789625469.228,7.95,12.5,0.9376,0.9376,64,0,2863
1789625470.231,7.95,40.8,0.9353,0.9343,62,89,2863
1789625471.233,7.95,32.3,0.9304,0.9314,72,54,2863
1789625472.235,7.95,38.6,0.9141,0.9141,63,86,2863
1789625473.237,7.95,17.9,0.9322,0.9316,73,0,2863
1789625474.239,7.72,44.1,0.9181,0.9186,70,88,2863
1789625475.241,7.72,26.5,0.9133,0.9123,65,0,2863
1789625476.243,7.72,34.6,0.9144,0.9154,72,85,2863
1789625477.246,7.72,22.8,0.9232,0.9232,67,0,2863
1789625478.248,7.72,40.2,0.9212,0.9202,72,87,2863
1789625479.25,7.26,31.1,0.9172,0.9182,72,12,2863
1789625480.252,7.26,24.6,0.9181,0.9171,73,89,2863
1789625481.255,7.26,32.9,0.915,0.9166,71,45,2863
1789625482.257,7.26,28.6,0.9159,0.9153,65,5,2863
1789625483.26,7.26,41.7,0.9104,0.9114,72,88,2863
1789625484.262,6.92,29.1,0.9193,0.9177,65,5,2863
1789625485.264,6.92,43.1,0.909,0.9092,73,89,2863
1789625486.267,6.92,30.6,0.9203,0.9198,64,0,2863
1789625487.269,6.92,36.1,0.9119,0.9129,73,88,2863
1789625488.273,6.92,21.1,0.9269,0.9267,64,0,2863
1789625489.274,6.77,44.7,0.9033,0.9036,73,86,2863
1789625490.278,6.77,13.5,0.9321,0.9311,64,0,2863
1789625491.28,6.77,40.8,0.9099,0.9099,73,89,2863
1789625492.282,6.77,20.8,0.9249,0.9259,69,88,2863
1789625493.284,6.77,36.6,0.9283,0.9273,72,85,2863
1789625494.287,6.62,30.3,0.9325,0.9325,66,17,2863
1789625495.289,6.62,41.1,0.9269,0.9269,73,88,2863
1789625496.292,6.62,30.4,0.9278,0.9278,66,23,2863
1789625497.294,6.62,41.4,0.9187,0.9197,73,88,2863
1789625498.297,6.62,18.2,0.9338,0.9338,65,0,2863
1789625499.299,6.49,39.1,0.9243,0.9243,74,88,2863
1789625500.302,6.49,29.6,0.923,0.923,66,40,2863
1789625501.304,6.49,41.5,0.9188,0.9178,73,87,2863
1789625502.306,6.49,17.1,0.9303,0.9307,65,0,2863
1789625503.308,6.49,33.2,0.9173,0.9179,73,89,2863
1789625504.31,6.29,9.5,0.937,0.936,64,0,2863
1789625505.312,6.29,40.0,0.9221,0.9221,72,88,2863
1789625506.315,6.29,16.7,0.9274,0.9284,65,0,2863
1789625507.317,6.29,39.5,0.9081,0.9071,74,87,2863
1789625508.32,6.29,18.1,0.92,0.922,66,0,2863
1789625509.322,7.07,39.5,0.9089,0.9077,73,88,2863
1789625510.324,7.07,18.1,0.9223,0.9216,70,6,2863
1789625511.327,7.07,38.0,0.9182,0.9182,73,89,2863
1789625512.33,7.07,16.5,0.9299,0.9309,66,0,2863
1789625513.332,7.07,39.0,0.9174,0.9174,73,88,2863
1789625514.334,7.87,31.0,0.9175,0.9171,65,0,2863
1789625515.336,7.87,39.5,0.9229,0.9233,74,86,2863
1789625516.338,7.87,17.3,0.9318,0.931,66,0,2863
1789625517.341,7.87,39.6,0.9162,0.917,74,89,2863
1789625518.344,7.87,28.8,0.9201,0.9191,67,0,2863
1789625519.347,8.68,41.4,0.9224,0.9234,73,89,2863
1789625520.35,8.68,31.5,0.9183,0.9183,66,0,2863
1789625521.353,8.68,39.5,0.9164,0.9154,74,88,2863
1789625522.355,8.68,17.2,0.934,0.935,65,0,2863
1789625523.358,8.68,38.9,0.9176,0.9166,74,88,2863
1789625524.359,8.78,15.7,0.9295,0.9305,68,0,2863
1789625525.362,8.78,40.5,0.9145,0.9139,73,89,2863
1789625526.364,8.78,15.3,0.9305,0.9311,68,0,2863
1789625527.366,8.78,38.6,0.9172,0.9162,73,89,2863
1789625528.368,8.78,20.0,0.9316,0.9326,65,0,2863
1789625529.37,8.48,37.8,0.9242,0.9242,74,86,2863
1789625530.372,8.48,8.3,0.9362,0.9362,66,0,2863
1789625531.374,8.48,37.1,0.9193,0.9183,72,89,2863
1789625532.376,8.48,36.2,0.9142,0.9142,73,88,2863
1789625533.379,8.48,34.5,0.918,0.9193,65,77,2863
1789625534.381,9.00,34.9,0.9133,0.913,74,82,2863
1789625535.384,9.00,35.4,0.9189,0.9189,73,91,2863
1789625536.386,9.00,20.8,0.9304,0.9294,74,80,2863
1789625537.387,9.00,36.1,0.9234,0.9244,73,91,2863
1789625538.389,9.00,38.5,0.9201,0.9201,74,89,2863
1789625539.392,8.60,32.2,0.9277,0.9277,65,38,2863
1789625540.394,8.60,29.9,0.9252,0.9242,75,20,2863
1789625541.396,8.60,39.6,0.9082,0.9082,73,88,2863
1789625542.405,8.60,9.1,0.9276,0.9276,66,0,2863
1789625543.409,8.60,35.3,0.9188,0.9198,72,87,2863
1789625544.411,8.39,32.1,0.9136,0.9136,66,0,2863
1789625545.415,8.39,40.0,0.9182,0.9189,74,89,2863
1789625546.416,8.39,17.4,0.9291,0.9276,70,45,2863
1789625547.419,8.39,38.5,0.9129,0.9137,73,89,2863
1789625548.423,8.39,17.1,0.9297,0.9297,66,0,2863
1789625549.425,8.04,39.9,0.9087,0.9087,74,88,2863
1789625550.427,8.04,17.0,0.9325,0.9315,68,10,2863
1789625551.431,8.04,40.9,0.9264,0.9264,74,88,2863
1789625552.433,8.04,21.4,0.9322,0.9322,74,87,2863
1789625553.436,8.04,35.6,0.9195,0.9205,73,91,2863
1789625554.438,7.88,28.3,0.9243,0.9233,66,0,2863
1789625555.441,7.88,31.4,0.9193,0.9193,64,9,2863
1789625556.443,7.88,21.3,0.9273,0.9273,74,88,2863
1789625557.445,7.88,36.7,0.9179,0.9189,72,84,2863
1789625558.447,7.88,20.8,0.9342,0.9333,73,0,2863
1789625559.449,7.49,38.1,0.9251,0.9258,73,88,2863
1789625560.452,7.49,38.6,0.9316,0.9319,74,74,2863
1789625561.453,7.49,10.7,0.9385,0.9375,65,0,2863
1789625562.455,7.49,9.9,0.9376,0.9386,64,0,2863
1789625563.457,7.49,9.4,0.938,0.938,63,0,2863
1789625564.459,7.13,34.6,0.9309,0.9309,66,88,2863
1789625565.461,7.13,17.5,0.9343,0.9333,72,0,2863
1789625566.463,7.13,10.6,0.9385,0.9395,64,0,2863
1789625567.465,7.13,10.2,0.9383,0.9373,63,0,2863
1789625568.467,7.13,28.6,0.9223,0.9223,67,89,2865
1789625569.469,6.88,33.5,0.9326,0.9336,64,86,2865
1789625570.471,6.88,16.5,0.9327,0.9323,65,0,2865
1789625571.473,6.88,25.4,0.9187,0.9181,63,6,2865
1789625572.478,6.88,32.3,0.9072,0.9082,65,0,2865
1789625573.48,6.88,40.4,0.9038,0.9028,73,89,2865
1789625574.482,6.49,8.3,0.9278,0.9288,64,0,2865
1789625575.485,6.49,32.9,0.9117,0.9117,68,89,2865
1789625576.487,6.49,10.0,0.929,0.928,66,0,2865
1789625577.489,6.49,10.5,0.9293,0.9303,63,0,2865
1789625578.491,6.37,26.2,0.919,0.9187,71,89,2865
1789625579.494,6.37,8.1,0.9321,0.9323,64,0,2865
1789625580.496,6.37,41.7,0.9167,0.9167,72,88,2865
1789625581.498,6.37,15.5,0.9352,0.9352,64,0,2865
1789625582.5,6.37,8.5,0.9362,0.9352,63,0,2865
1789625583.502,6.18,8.3,0.9361,0.9363,62,0,2865
1789625584.504,6.18,8.5,0.9346,0.9353,61,0,2865
1789625585.506,6.18,41.9,0.9301,0.9301,68,88,2865
1789625586.508,6.18,10.1,0.9373,0.9363,63,0,2865
1789625587.51,6.18,9.8,0.9374,0.9384,62,0,2865
1789625588.511,6.00,9.8,0.9384,0.9374,61,0,2865
1789625589.513,6.00,31.2,0.9312,0.9322,67,88,2865
1789625590.515,6.00,10.7,0.9383,0.9373,63,0,2865
1789625591.517,6.00,28.7,0.9311,0.9311,62,89,2865
1789625592.519,6.00,25.2,0.9382,0.9392,66,0,2865
1789625593.523,6.80,18.9,0.9366,0.9356,62,0,2865
1789625594.526,6.80,35.0,0.9276,0.9276,72,0,2865
1789625595.528,6.80,35.2,0.9181,0.9181,72,0,2865
1789625596.53,6.80,10.8,0.9374,0.9384,63,0,2865
1789625597.532,6.80,27.1,0.9237,0.9237,62,90,2865
1789625598.534,6.34,10.0,0.9372,0.9362,64,0,2865
1789625599.536,6.34,24.4,0.9243,0.9243,64,34,2865
1789625600.538,6.34,8.7,0.9384,0.9394,62,0,2865
1789625601.54,6.34,22.1,0.9292,0.9292,65,14,2865
1789625602.541,6.34,28.9,0.9194,0.9194,63,0,2865
1789625603.543,6.15,10.3,0.9331,0.9331,62,0,2865
1789625604.546,6.15,26.5,0.9216,0.9206,67,73,2865
1789625605.548,6.15,25.3,0.9143,0.9143,62,0,2865
1789625606.55,6.15,17.6,0.9278,0.9288,62,0,2865
1789625607.552,6.15,23.5,0.9213,0.9213,64,0,2865
1789625608.554,6.14,10.5,0.9324,0.9324,62,0,2865
1789625609.557,6.14,12.1,0.9338,0.9328,61,0,2865
1789625610.559,6.14,43.6,0.9122,0.9132,69,88,2865
1789625611.561,6.14,31.9,0.9239,0.9239,72,88,2865
1789625612.563,6.14,37.5,0.924,0.923,63,0,2865
1789625613.565,5.89,31.4,0.918,0.9182,63,0,2865
1789625614.568,5.89,17.2,0.9331,0.9339,62,0,2865
1789625615.569,5.89,20.9,0.9343,0.9343,63,0,2865
1789625616.571,5.89,22.9,0.9322,0.9312,64,20,2865
1789625617.574,5.89,9.6,0.9371,0.9381,62,0,2865
1789625618.575,5.82,10.2,0.9383,0.9373,61,0,2865
1789625619.577,5.82,10.3,0.9373,0.9383,60,0,2865
1789625620.579,5.82,10.5,0.9372,0.9372,60,0,2865
1789625621.581,5.82,9.5,0.9394,0.9384,60,0,2865
1789625622.583,5.82,10.6,0.9381,0.9391,60,0,2865
1789625623.585,5.75,10.7,0.9393,0.9393,60,0,2865
1789625624.587,5.75,9.9,0.9402,0.9392,60,0,2865
1789625625.589,5.75,7.8,0.9382,0.9392,59,0,2865
1789625626.591,5.75,8.0,0.9391,0.9391,59,0,2865
1789625627.594,5.75,25.2,0.9289,0.9289,65,37,2865
1789625628.597,5.77,37.5,0.9312,0.9303,63,29,2865
1789625629.6,5.77,35.0,0.9281,0.9281,71,88,2865
1789625630.601,5.77,8.9,0.9374,0.9374,62,0,2865
1789625631.603,5.77,18.0,0.9331,0.9341,61,15,2865
1789625632.606,5.77,41.3,0.9117,0.911,71,36,2865
1789625633.607,5.63,9.0,0.9376,0.9373,61,0,2865
1789625634.61,5.63,32.5,0.9199,0.9199,70,88,2865
1789625635.612,5.63,35.8,0.912,0.913,62,42,2865
1789625636.614,5.63,36.6,0.9062,0.906,65,0,2865
1789625637.616,5.63,40.5,0.9052,0.9045,71,86,2865
1789625638.618,5.26,9.9,0.9268,0.9274,62,0,2865
1789625639.62,5.26,9.0,0.932,0.9314,61,0,2865
1789625640.621,5.26,8.9,0.9304,0.9314,60,0,2865
1789625641.624,5.26,8.5,0.9334,0.933,60,0,2865
1789625642.626,5.26,33.3,0.9206,0.921,69,89,2865
1789625643.628,5.08,13.9,0.9269,0.9269,62,0,2865
1789625644.63,5.08,43.2,0.9061,0.9061,72,88,2865
1789625645.632,5.08,16.2,0.9284,0.9274,61,0,2865
1789625646.634,5.08,19.5,0.9274,0.9284,63,0,2865
1789625647.636,5.08,10.2,0.9353,0.9349,61,0,2865
1789625648.638,6.27,32.5,0.923,0.9234,67,89,2865
1789625649.64,6.27,25.2,0.9404,0.9394,62,0,2865
1789625650.642,6.27,22.0,0.9362,0.9369,61,47,2865
1789625651.644,6.27,35.9,0.9271,0.9274,64,0,2865
1789625652.646,6.27,8.9,0.9393,0.9383,61,0,2865
1789625653.647,5.93,8.8,0.9393,0.9393,60,0,2865
1789625654.649,5.93,8.4,0.9405,0.9405,60,0,2865
1789625655.651,5.93,9.1,0.9403,0.9413,59,0,2865
1789625656.655,5.93,27.5,0.9266,0.9266,65,89,2865
1789625657.656,5.93,36.0,0.9155,0.9145,63,0,2865
1789625658.658,5.77,10.1,0.9372,0.9372,61,0,2865
1789625659.661,5.77,35.9,0.918,0.919,70,88,2865
1789625660.663,5.77,10.5,0.9355,0.9351,62,0,2865
1789625661.665,5.77,9.0,0.9391,0.9391,61,0,2865
1789625662.667,5.77,9.0,0.9378,0.9382,59,0,2865
1789625663.669,5.55,8.7,0.94,0.9393,59,0,2865
1789625664.671,5.55,8.2,0.9395,0.9393,59,0,2865
1789625665.673,5.55,9.0,0.9378,0.938,59,0,2865
1789625666.675,5.55,8.4,0.9385,0.9383,59,0,2865
1789625667.677,5.55,26.3,0.9272,0.9282,61,88,2865
1789625668.679,5.75,12.6,0.9242,0.9232,61,0,2865
1789625669.681,5.75,38.8,0.9062,0.9062,69,43,2865
1789625670.683,5.75,11.8,0.9242,0.9252,61,0,2865
1789625671.685,5.75,10.1,0.9294,0.9294,60,0,2865
1789625672.687,5.75,10.5,0.9303,0.9301,59,0,2865
1789625673.688,5.61,9.1,0.9315,0.9317,59,0,2865
1789625674.69,5.61,8.4,0.9323,0.9313,58,0,2865
1789625675.694,5.61,34.9,0.9126,0.9136,67,89,2865
1789625676.696,5.61,14.7,0.9306,0.9306,61,8,2865
1789625677.699,5.61,22.0,0.9218,0.9228,63,0,2865
1789625678.701,6.44,36.1,0.9142,0.9122,70,88,2865
1789625679.703,6.44,13.3,0.929,0.93,61,14,2865
1789625680.705,6.44,31.5,0.9189,0.9184,71,33,2865
1789625681.708,6.44,23.1,0.9307,0.9313,61,89,2865
1789625682.71,6.44,29.8,0.9341,0.9341,62,0,2865
1789625683.712,6.16,10.2,0.9383,0.9373,60,0,2865
1789625684.714,6.16,10.3,0.9385,0.9395,59,0,2865
1789625685.716,6.16,23.0,0.9342,0.9332,59,89,2865
1789625686.717,6.16,9.4,0.9374,0.9374,60,0,2865
1789625687.72,6.16,21.5,0.9328,0.9338,60,89,2865
1789625688.722,5.91,29.5,0.9244,0.9234,61,0,2865
1789625689.724,5.91,27.0,0.9355,0.9365,65,89,2865
1789625690.727,5.91,35.0,0.9192,0.9192,62,0,2865
1789625691.73,5.91,41.2,0.9241,0.9241,70,0,2865
1789625692.732,5.91,33.8,0.9167,0.9157,70,89,2865
1789625693.735,5.68,35.4,0.9131,0.9141,62,86,2865
1789625694.737,5.68,23.9,0.9253,0.9253,71,0,2865
1789625695.739,5.68,9.4,0.9384,0.9384,61,0,2865
1789625696.741,5.68,10.2,0.9383,0.9383,60,0,2865
1789625697.743,5.68,9.9,0.9387,0.9383,59,0,2865
1789625698.746,6.50,38.3,0.9277,0.9281,66,89,2865
1789625699.748,6.50,21.6,0.9343,0.9333,61,0,2865
1789625700.75,6.50,9.2,0.9293,0.9303,60,0,2865
1789625701.753,6.50,34.0,0.9082,0.9082,66,90,2865
1789625702.755,6.50,26.4,0.9132,0.9132,62,0,2865
1789625703.757,6.14,9.9,0.9304,0.9294,62,0,2865
1789625704.76,6.14,41.0,0.9034,0.9038,61,0,2865
1789625705.763,6.14,10.5,0.9308,0.9314,70,0,2865
1789625706.765,6.14,14.4,0.9311,0.9301,60,0,2865
1789625707.767,6.14,37.8,0.9081,0.9091,64,59,2865
1789625708.769,5.89,8.7,0.9342,0.9332,61,0,2865
1789625709.771,5.89,10.7,0.9333,0.9343,60,0,2865
1789625710.773,5.89,15.4,0.9311,0.9311,59,0,2865
1789625711.777,5.89,39.5,0.9259,0.9259,62,44,2865
1789625712.779,5.89,22.5,0.9283,0.9273,68,84,2865
1789625713.781,5.82,30.4,0.9207,0.9217,61,0,2865
1789625714.784,5.82,40.7,0.937,0.936,71,88,2865
1789625715.785,5.82,9.7,0.9363,0.9373,62,0,2865
1789625716.787,5.82,8.9,0.9383,0.9383,61,0,2865
1789625717.79,5.82,33.6,0.9179,0.9179,60,0,2865
1789625718.792,5.99,36.7,0.9154,0.9154,70,87,2865
1789625719.794,5.99,14.4,0.9332,0.9328,62,0,2865
1789625720.796,5.99,39.3,0.9255,0.9253,67,45,2865
1789625721.798,5.99,10.2,0.9353,0.9349,70,89,2865
1789625722.801,5.99,28.4,0.9243,0.9243,61,0,2865
1789625723.803,6.72,43.2,0.91,0.911,70,89,2865
1789625724.805,6.72,8.2,0.937,0.937,63,0,2865
1789625725.808,6.72,39.9,0.917,0.916,61,0,2865
1789625726.81,6.72,16.1,0.93,0.9302,71,86,2865
1789625727.813,6.72,22.5,0.9292,0.93,62,0,2865
1789625728.815,6.74,43.9,0.9071,0.9071,70,86,2865
1789625729.817,6.74,11.0,0.9361,0.9351,65,28,2865
1789625730.819,6.74,36.4,0.924,0.925,61,0,2865
1789625731.821,6.74,25.2,0.9313,0.9313,71,86,2865
1789625732.824,6.74,11.2,0.9257,0.9247,63,0,2865
1789625733.826,7.40,40.2,0.9177,0.9187,62,0,2865
1789625734.829,7.40,20.8,0.9181,0.9178,72,89,2865
1789625735.831,7.40,17.8,0.923,0.9223,63,0,2865
1789625736.833,7.40,30.1,0.9141,0.9141,70,63,2865
1789625737.835,7.40,8.5,0.9323,0.9333,65,0,2865
1789625738.837,7.37,37.4,0.9132,0.9132,62,0,2865
1789625739.839,7.37,25.6,0.9324,0.9324,72,89,2865
1789625740.841,7.37,10.7,0.9322,0.9322,64,0,2865
1789625741.843,7.37,38.1,0.9132,0.9132,62,74,2865
1789625742.845,7.37,8.5,0.9342,0.9342,72,0,2865
1789625743.847,6.94,32.4,0.919,0.919,62,0,2865
1789625744.849,6.94,16.9,0.933,0.933,71,86,2865
1789625745.851,6.94,22.5,0.9284,0.9284,63,0,2865
1789625746.854,6.94,41.3,0.9113,0.9113,71,89,2865
1789625747.856,6.94,18.7,0.9294,0.9294,72,12,2865
1789625748.858,6.62,7.3,0.9414,0.9404,62,0,2865
1789625749.86,6.62,19.7,0.9336,0.9336,61,0,2865
1789625750.863,6.62,41.7,0.9213,0.9213,66,89,2865
1789625751.866,6.62,16.6,0.9308,0.9318,72,0,2865
1789625752.867,6.62,32.4,0.9204,0.9194,62,0,2865
1789625753.87,6.33,27.6,0.9231,0.9238,72,86,2865
1789625754.871,6.33,9.3,0.9382,0.9379,64,0,2865
1789625755.873,6.33,9.2,0.9374,0.937,62,0,2865
1789625756.876,6.33,29.1,0.9268,0.9268,61,0,2865
1789625757.878,6.33,43.5,0.9093,0.9103,70,89,2865
1789625758.88,6.06,9.1,0.9382,0.9372,65,0,2865
1789625759.882,6.06,38.9,0.9223,0.9223,62,0,2865
1789625760.883,6.06,32.9,0.9383,0.9393,72,89,2865
1789625761.886,6.06,18.9,0.9366,0.9366,63,0,2865
1789625762.888,6.06,34.9,0.9225,0.9222,69,87,2865
1789625763.89,5.90,8.5,0.9381,0.9383,72,18,2865
1789625764.892,5.90,33.7,0.9108,0.9108,62,0,2865
1789625765.894,5.90,30.0,0.9183,0.9173,72,87,2865
1789625766.896,5.90,10.3,0.9282,0.9282,64,0,2865
1789625767.898,5.90,39.8,0.9141,0.9151,62,0,2865
1789625768.9,5.83,21.4,0.9214,0.9204,73,88,2865
1789625769.904,5.83,16.9,0.9311,0.9321,63,0,2865
1789625770.906,5.83,43.2,0.9219,0.9209,71,91,2865
1789625771.908,5.83,9.2,0.9313,0.9323,65,0,2865
1789625772.91,5.83,36.4,0.9218,0.9218,62,0,2865
1789625773.912,5.60,14.6,0.9322,0.9312,71,87,2865
1789625774.915,5.60,26.6,0.9346,0.9352,62,0,2865
1789625775.917,5.60,30.6,0.9269,0.9263,71,89,2865
1789625776.919,5.60,8.5,0.9351,0.9353,64,0,2865
1789625777.921,5.60,39.2,0.9292,0.93,62,0,2865
1789625778.923,5.31,33.0,0.9173,0.9163,72,89,2865
1789625779.925,5.31,21.6,0.9258,0.9268,63,0,2865
1789625780.928,5.31,40.3,0.9156,0.9156,71,89,2865
1789625781.931,5.31,24.6,0.9308,0.93,72,76,2865
1789625782.935,5.31,11.4,0.9298,0.9295,62,0,2865
1789625783.941,5.13,21.7,0.9246,0.9256,62,0,2865
1789625784.943,5.13,31.4,0.9168,0.9168,66,86,2865
1789625785.946,5.13,10.7,0.9379,0.9369,65,0,2865
1789625786.948,5.13,38.7,0.9257,0.9257,62,26,2865
1789625787.95,5.13,34.3,0.9291,0.9291,71,89,2865
1789625788.953,4.96,19.8,0.932,0.932,63,0,2865
1789625789.956,4.96,41.7,0.9089,0.9099,72,89,2865
1789625790.958,4.96,16.9,0.9304,0.9302,72,0,2865
1789625791.96,4.96,33.8,0.918,0.9173,62,0,2865
1789625792.962,4.96,28.3,0.9261,0.9261,72,87,2865
1789625793.964,6.16,23.3,0.9319,0.9326,63,0,2865
1789625794.967,6.16,34.0,0.9231,0.9233,69,88,2865
1789625795.969,6.16,10.7,0.939,0.939,72,0,2865
1789625796.971,6.16,36.5,0.9181,0.9171,62,0,2865
1789625797.973,6.16,13.4,0.9223,0.9233,71,88,2865
1789625798.976,5.99,25.2,0.921,0.9204,62,0,2865
1789625799.979,5.99,37.6,0.9124,0.9123,71,88,2865
1789625800.981,5.99,10.4,0.9296,0.9303,72,1,2865
1789625801.983,5.99,31.5,0.9196,0.9196,62,0,2865
1789625802.986,5.99,34.7,0.932,0.931,72,87,2865
1789625803.989,5.83,19.6,0.9282,0.9292,63,0,2865
1789625804.992,5.83,39.8,0.9193,0.9183,68,88,2865
1789625805.994,5.83,14.8,0.93,0.931,72,87,2865
1789625806.996,5.83,10.9,0.9363,0.9363,63,0,2865
1789625807.998,5.83,16.9,0.9331,0.9331,62,0,2865
1789625809.0,5.84,34.8,0.9318,0.9308,61,89,2865
1789625810.002,5.84,11.4,0.9363,0.9373,71,0,2865
1789625811.005,5.84,35.2,0.9189,0.9189,62,0,2865
1789625812.007,5.84,38.3,0.9162,0.9152,71,88,2865
1789625813.009,5.84,16.5,0.9336,0.9336,64,0,2865
1789625814.011,6.66,39.7,0.9142,0.9152,62,90,2865
1789625815.013,6.66,14.8,0.9342,0.9332,72,88,2865
1789625816.016,6.66,26.9,0.9266,0.9276,63,0,2865
1789625817.018,6.66,33.9,0.9233,0.9233,70,89,2865
1789625818.019,6.66,11.1,0.9384,0.9384,71,0,2865
1789625819.022,6.84,36.9,0.9249,0.9249,62,0,2865
1789625820.024,6.84,27.1,0.9224,0.9224,72,88,2865
1789625821.026,6.84,12.4,0.9364,0.9364,65,0,2865
1789625822.029,6.84,41.1,0.9136,0.9134,62,50,2865
1789625823.031,6.84,33.5,0.936,0.9352,72,89,2865
1789625824.034,6.54,19.2,0.9344,0.9344,62,0,2865
1789625825.036,6.54,39.5,0.9338,0.934,72,85,2865
1789625826.038,6.54,28.4,0.9345,0.9342,68,88,2865
1789625827.04,6.54,25.1,0.9321,0.9331,62,0,2865
1789625828.042,6.54,31.2,0.9202,0.9192,72,89,2865
1789625829.045,6.25,10.4,0.938,0.939,63,0,2865
1789625830.047,6.25,37.2,0.9065,0.9065,69,47,2865
1789625831.049,6.25,29.0,0.9113,0.9103,72,69,2865
1789625832.052,6.25,22.9,0.9249,0.9259,62,0,2865
1789625833.054,6.25,43.4,0.9167,0.9157,72,88,2865
1789625834.056,5.99,14.8,0.9253,0.9263,63,0,2865
1789625835.058,5.99,34.9,0.9231,0.9231,62,27,2865
1789625836.06,5.99,14.4,0.931,0.93,67,37,2865
1789625837.063,5.99,25.7,0.9298,0.9302,62,0,2865
1789625838.065,5.99,37.4,0.9099,0.9105,73,86,2865
1789625839.067,5.59,10.9,0.9351,0.9341,62,0,2865
1789625840.069,5.59,11.2,0.9353,0.9363,62,0,2865
1789625841.072,5.59,35.5,0.9129,0.9119,61,6,2865
1789625842.074,5.59,40.4,0.9082,0.9082,71,88,2865
1789625843.076,5.59,14.1,0.9336,0.9336,62,0,2865
1789625844.079,6.59,39.9,0.9181,0.9181,71,88,2865
1789625845.081,6.59,13.5,0.9352,0.9352,65,17,2865
1789625846.084,6.59,27.7,0.9217,0.9237,62,0,2865
1789625847.086,6.59,32.4,0.9221,0.9201,72,87,2865
1789625848.088,6.59,11.4,0.9381,0.9381,63,0,2865
1789625849.091,7.50,37.1,0.9206,0.9206,67,41,2865
1789625850.093,7.50,20.6,0.9313,0.9313,72,88,2865
1789625851.105,7.50,21.1,0.9375,0.9375,62,0,2865
1789625852.108,7.50,39.7,0.9227,0.9237,71,89,2865
1789625853.11,7.50,11.0,0.9368,0.9358,65,9,2865
1789625854.113,7.14,29.9,0.9276,0.9286,62,0,2865
1789625855.115,7.14,39.3,0.9143,0.9133,72,87,2865
1789625856.116,7.14,10.7,0.9363,0.9363,63,0,2865
1789625857.118,7.14,10.6,0.9371,0.9381,62,0,2865
1789625858.12,7.14,12.0,0.9344,0.9334,61,0,2865
1789625859.123,6.97,13.0,0.929,0.9297,60,0,705
1789625860.124,6.97,14.1,0.9233,0.9226,60,6,777
1789625861.126,6.97,32.5,0.9153,0.9163,60,0,1247
1789625862.128,6.97,8.6,0.9232,0.9232,60,0,1253
1789625863.13,6.97,11.4,0.9201,0.9221,60,0,1253
1789625864.132,6.57,26.4,0.9254,0.9234,61,37,1255
1789625865.134,6.57,26.8,0.9143,0.914,59,0,1255
1789625866.136,6.57,8.6,0.9303,0.9295,59,0,1255
1789625867.138,6.57,12.4,0.9272,0.9272,59,0,1255
1789625868.14,6.57,25.5,0.929,0.93,59,0,1255
1789625869.143,6.28,19.3,0.9304,0.9304,59,0,1255
1789625870.145,6.28,16.4,0.9272,0.9272,59,0,1255
1789625871.147,6.28,26.7,0.9343,0.9333,59,0,1255
1789625872.15,6.28,25.6,0.9337,0.9337,59,0,1255
1789625873.152,6.28,9.7,0.933,0.934,59,0,1255
1789625874.154,5.94,13.3,0.9331,0.9331,59,0,1255
1789625875.156,5.94,8.8,0.9363,0.9363,59,0,1255
1789625876.158,5.94,25.0,0.9232,0.9222,62,0,1255
1789625877.16,5.94,25.7,0.9377,0.9377,59,24,1255
1789625878.163,5.94,26.2,0.9217,0.9227,58,0,1255
1789625879.165,5.62,21.1,0.934,0.934,58,0,1255
1789625880.167,5.62,15.5,0.9331,0.9331,58,0,1255
1789625881.17,5.62,10.6,0.9379,0.9375,58,0,1255
1789625882.172,5.62,25.6,0.9348,0.9352,60,0,1255
1789625883.174,5.62,26.7,0.9263,0.9253,58,37,1255
1789625884.175,5.74,14.7,0.9344,0.9354,58,0,1255
1789625885.178,5.74,16.1,0.9347,0.9347,58,0,1255
1789625886.18,5.74,21.6,0.9293,0.9293,59,0,1255
1789625887.182,5.74,25.8,0.9292,0.9282,58,28,1255
1789625888.184,5.74,26.2,0.9232,0.9242,58,7,1255
1789625889.186,5.60,16.1,0.9321,0.9321,58,0,1255
1789625890.188,5.60,19.2,0.9319,0.9319,58,0,1255
1789625891.191,5.60,16.2,0.9326,0.9316,58,0,1255
1789625892.193,5.60,24.1,0.9271,0.9271,58,8,1255
1789625893.195,5.60,9.2,0.9301,0.9301,57,0,1255
1789625894.197,6.03,25.7,0.9203,0.9203,57,37,1255
1789625895.199,6.03,26.0,0.9131,0.9141,57,0,1255
1789625896.202,6.03,26.5,0.9167,0.9157,57,0,1255
1789625897.204,6.03,14.6,0.928,0.9282,57,0,1255
1789625898.206,6.03,8.8,0.9315,0.9312,58,0,1255
1789625899.208,6.91,25.9,0.9168,0.9177,57,0,1255
1789625900.21,6.91,8.6,0.9343,0.9343,57,0,1255
1789625901.212,6.91,25.1,0.924,0.923,57,0,1255
1789625902.214,6.91,11.8,0.9381,0.9381,57,0,1255
1789625903.217,6.91,12.3,0.9337,0.9347,59,0,1255
1789625904.219,6.92,11.0,0.9364,0.9364,57,0,1255
1789625905.221,6.92,27.6,0.9232,0.9232,57,18,1255
1789625906.223,6.92,26.9,0.9339,0.9329,57,16,1255
1789625907.226,6.92,20.6,0.9321,0.9321,57,0,1255
1789625908.228,6.92,15.3,0.9323,0.9323,57,0,1255
1789625909.23,7.64,27.3,0.9249,0.9259,57,8,1255
1789625910.232,7.64,14.0,0.9363,0.9353,57,0,1255
1789625911.235,7.64,12.2,0.9358,0.9361,57,0,1255
1789625912.237,7.64,23.9,0.9222,0.9218,60,0,1255
1789625913.239,7.64,9.2,0.9363,0.9363,57,0,1255
1789625914.241,7.27,25.7,0.9272,0.928,57,32,1255
1789625915.243,7.27,26.8,0.9282,0.9282,57,1,1255
1789625916.245,7.27,26.8,0.9276,0.9275,57,0,1255
1789625917.247,7.27,22.7,0.9294,0.9288,57,0,1255
1789625918.25,7.27,15.5,0.9345,0.9345,57,0,1255
1789625919.251,7.01,21.5,0.9275,0.9285,59,0,1255
1789625920.253,7.01,9.1,0.9404,0.9404,57,0,1255
1789625921.255,7.01,8.8,0.9403,0.9393,57,0,1255
1789625922.257,7.01,25.3,0.9401,0.9401,57,27,1255
1789625923.259,7.01,8.7,0.9422,0.9422,57,0,1255
1789625924.261,6.61,12.5,0.9438,0.944,57,0,1255
1789625925.263,6.61,8.7,0.9435,0.944,57,0,1255
1789625926.265,6.61,12.8,0.9355,0.9347,57,24,1255
1789625927.267,6.61,11.7,0.924,0.925,57,23,1255
1789625928.269,6.61,25.4,0.9192,0.9192,57,0,1255
1789625929.271,6.40,10.9,0.9272,0.9262,57,0,1255
1789625930.273,6.40,15.4,0.9288,0.9288,56,0,1255
1789625931.276,6.40,20.7,0.925,0.9254,59,0,1255
1789625932.277,6.40,24.5,0.9284,0.929,56,0,1255
1789625933.279,6.40,13.8,0.9315,0.9305,56,20,1255
1789625934.281,6.05,14.5,0.9321,0.9321,56,0,1255
1789625935.283,6.05,14.2,0.9319,0.9328,57,0,1255
1789625936.285,6.05,9.5,0.9372,0.9372,58,0,1255
1789625937.287,6.05,24.6,0.9312,0.9302,56,0,1255
1789625938.29,6.05,13.2,0.9331,0.9331,56,46,1255
1789625939.292,5.80,13.2,0.9322,0.9322,57,0,1255
1789625940.293,5.80,11.1,0.9384,0.9394,57,0,1255
1789625941.295,5.80,10.2,0.9422,0.9412,56,0,1255
1789625942.297,5.80,27.7,0.9384,0.9384,56,0,1255
1789625943.299,5.80,31.0,0.9191,0.9201,56,37,1255
1789625944.302,5.58,38.6,0.9178,0.9178,58,0,1255
1789625945.305,5.58,18.2,0.9306,0.9306,56,37,1255
1789625946.307,5.58,37.3,0.9401,0.9391,58,0,1255
1789625947.31,5.58,19.9,0.9271,0.9281,56,46,1255
1789625948.312,5.58,37.4,0.9172,0.9162,58,0,1255
1789625949.313,6.57,31.4,0.9333,0.9343,57,39,1255
1789625950.316,6.57,40.4,0.9206,0.9199,58,0,1255
1789625951.318,6.57,30.0,0.9249,0.9256,57,27,1255
1789625952.321,6.57,43.2,0.9229,0.9229,56,0,1255
1789625953.324,6.57,16.8,0.9221,0.9221,57,31,1255
1789625954.328,6.45,28.7,0.8984,0.8993,56,0,1255
1789625955.333,6.45,29.1,0.9127,0.9107,57,8,1255
1789625956.335,6.45,28.6,0.9261,0.9267,57,0,1255
1789625957.337,6.45,26.4,0.9199,0.9203,57,0,1255
1789625958.339,6.45,10.7,0.9343,0.9333,56,0,1255
1789625959.341,6.17,11.6,0.9262,0.9272,56,0,1255
1789625960.344,6.17,12.2,0.9256,0.9246,56,0,685
1789625961.346,6.17,12.6,0.9224,0.9224,56,0,685
1789625962.348,6.17,14.2,0.9231,0.9231,56,0,2613
1789625963.351,6.17,38.2,0.9275,0.9285,65,6,2863
1789625964.353,6.88,29.3,0.9192,0.9182,60,30,2863
1789625965.355,6.88,15.1,0.9305,0.9311,58,0,2863
1789625966.358,6.88,39.1,0.9138,0.9132,68,87,2863
1789625967.36,6.88,18.3,0.9267,0.9267,59,0,2863
1789625968.362,6.88,39.5,0.9142,0.9152,69,89,2863
1789625969.365,6.49,21.7,0.927,0.927,59,0,2863
1789625970.367,6.49,27.6,0.9238,0.9238,69,89,2863
1789625971.369,6.49,10.0,0.9373,0.9363,59,0,2863
1789625972.371,6.49,9.2,0.9361,0.9361,59,0,2863
1789625973.373,6.49,29.8,0.9242,0.9252,61,0,2863
1789625974.376,6.45,23.9,0.9272,0.9262,62,87,2863
1789625975.378,6.45,40.2,0.9243,0.9253,69,89,2863
1789625976.382,6.45,21.4,0.926,0.926,63,88,2863
1789625977.386,6.45,42.8,0.9243,0.924,69,88,2863
1789625978.388,6.45,18.8,0.9392,0.9384,60,0,2863
1789625979.391,6.33,39.2,0.9256,0.9266,69,79,2863
1789625980.393,6.33,9.5,0.9369,0.9369,61,0,2863
1789625981.396,6.33,20.6,0.9335,0.9328,59,0,2863
1789625982.398,6.33,27.4,0.9293,0.93,70,86,2863
1789625983.4,6.33,8.4,0.9381,0.9372,60,0,2863
1789625984.402,5.98,29.2,0.9309,0.9309,59,6,2863
1789625985.405,5.98,43.9,0.9268,0.9278,70,89,2863
1789625986.407,5.98,22.8,0.9276,0.9276,60,0,2863
1789625987.411,5.98,39.5,0.9169,0.9159,70,86,2863
1789625988.414,5.98,37.4,0.9155,0.9165,62,0,2863
1789625989.415,5.83,35.4,0.9283,0.9273,71,85,2863
1789625990.418,5.83,9.9,0.932,0.933,61,0,2863
1789625991.42,5.83,27.8,0.9226,0.9216,60,0,2863
1789625992.422,5.83,42.2,0.9201,0.9205,70,89,2863
1789625993.425,5.83,30.5,0.9207,0.9203,61,20,2863
1789625994.427,5.68,42.9,0.9067,0.9077,71,88,2863
1789625995.43,5.68,32.3,0.923,0.923,69,45,2863
1789625996.432,5.68,29.8,0.9182,0.9182,71,88,2863
1789625997.434,5.68,27.2,0.9227,0.9217,62,0,2863
1789625998.436,5.68,43.0,0.9232,0.9232,72,88,2863
1789625999.439,5.46,13.6,0.9325,0.9335,62,0,2863
1789626000.441,5.46,39.9,0.9203,0.9203,71,88,2863
1789626001.443,5.46,9.3,0.9333,0.9333,63,0,2863
1789626002.445,5.46,22.8,0.9312,0.9302,61,0,2863
1789626003.447,5.46,26.7,0.9284,0.9293,72,86,2863
1789626004.449,6.47,32.6,0.9249,0.9239,69,50,2863
1789626005.451,6.47,27.6,0.9242,0.9242,71,88,2863
1789626006.453,6.47,25.0,0.9363,0.9363,62,0,2863
1789626007.456,6.47,44.1,0.9101,0.9101,72,86,2863
1789626008.458,6.47,34.3,0.9178,0.9181,62,22,2863
1789626009.46,6.27,21.3,0.9244,0.9242,72,87,2863
1789626010.462,6.27,9.1,0.9392,0.9392,62,0,2863
1789626011.464,6.27,9.1,0.9384,0.9384,61,0,2863
1789626012.467,6.27,9.6,0.9375,0.9375,60,0,2863
1789626013.469,6.27,39.1,0.9161,0.9161,69,89,2863
1789626014.471,5.93,26.1,0.9231,0.9231,62,0,2863
1789626015.473,5.93,22.6,0.9313,0.9313,72,87,2863
1789626016.475,5.93,9.5,0.9394,0.9401,62,0,2863
1789626017.477,5.93,8.8,0.9381,0.9383,61,0,2863
1789626018.479,5.93,40.5,0.9279,0.9269,68,88,2863
1789626019.481,5.77,12.6,0.9353,0.9363,64,0,2863
1789626020.483,5.77,8.3,0.9395,0.9385,61,0,2863
1789626021.484,5.77,8.5,0.9385,0.9385,60,0,2863
1789626022.489,5.77,8.1,0.9328,0.9328,60,0,2863
1789626023.491,5.77,8.7,0.9263,0.9273,60,0,2863
1789626024.493,5.39,8.0,0.93,0.929,60,0,2863
1789626025.495,5.39,8.5,0.9293,0.9303,59,0,2863
1789626026.497,5.39,8.0,0.9312,0.9302,59,0,2863
1789626027.499,5.39,8.0,0.9312,0.9322,59,0,2863
1789626028.501,5.39,8.8,0.9345,0.9335,59,0,2863
1789626029.503,5.12,9.2,0.9323,0.9333,59,0,2863
1789626030.504,5.12,9.7,0.9343,0.9343,59,0,2863
1789626031.506,5.12,9.3,0.9363,0.9363,59,0,2863
1789626032.509,5.12,30.2,0.9215,0.9207,59,78,2863
1789626033.511,5.12,27.2,0.9206,0.9203,70,88,2863
1789626034.513,6.23,34.4,0.9221,0.9225,69,89,2863
1789626035.515,6.23,23.2,0.9249,0.9245,64,0,2863
1789626036.517,6.23,33.2,0.9171,0.9171,71,87,2863
1789626037.519,6.23,30.5,0.9261,0.9271,62,77,2863
1789626038.521,6.23,31.5,0.927,0.927,71,88,2863
1789626039.524,6.05,25.2,0.9277,0.9277,62,0,2863
1789626040.526,6.05,42.6,0.9172,0.9172,71,88,2863
1789626041.528,6.05,9.1,0.9384,0.9374,62,0,2863
1789626042.53,6.05,9.7,0.937,0.937,61,0,2863
1789626043.532,6.05,16.8,0.935,0.936,60,0,2863
1789626044.534,6.45,39.7,0.9169,0.9169,69,88,2863
1789626045.536,6.45,18.5,0.9333,0.9333,71,0,2863
1789626046.538,6.45,40.4,0.9241,0.9241,70,87,2863
1789626047.54,6.45,34.2,0.9222,0.9212,72,15,2863
1789626048.543,6.45,13.3,0.9372,0.9372,62,0,2863
1789626049.547,6.65,39.6,0.9136,0.9146,71,88,2863
1789626050.549,6.65,36.9,0.916,0.915,65,0,2863
1789626051.551,6.65,29.8,0.9232,0.9242,72,87,2863
1789626052.554,6.65,33.4,0.9275,0.9275,63,87,2863
1789626053.557,6.65,33.1,0.9397,0.9397,73,0,2863
1789626054.559,6.52,39.3,0.9278,0.9268,71,88,2863
1789626055.562,6.52,23.1,0.9261,0.928,66,0,2863
1789626056.564,6.52,28.9,0.9233,0.9213,72,87,2863
1789626057.566,6.52,25.2,0.9222,0.9232,63,0,2863
1789626058.571,6.52,43.5,0.9209,0.9203,72,88,2863
1789626059.574,6.16,24.9,0.9224,0.923,64,0,2863
1789626060.576,6.16,39.4,0.9191,0.9191,72,86,2863
1789626061.579,6.16,35.4,0.92,0.92,66,0,2863
1789626062.584,6.16,39.2,0.9108,0.9108,72,88,2863
1789626063.586,6.16,26.9,0.9301,0.9301,66,0,2863
1789626064.588,7.11,38.9,0.9251,0.9241,71,88,2863
1789626065.59,7.11,23.8,0.924,0.925,65,0,2863
1789626066.592,7.11,37.8,0.9139,0.9139,72,87,2863
1789626067.595,7.11,12.8,0.9331,0.9331,65,0,2863
1789626068.598,7.11,39.9,0.9123,0.9123,72,88,2863
1789626069.6,7.82,30.1,0.919,0.919,73,0,2863
1789626070.602,7.82,36.9,0.9148,0.9148,66,87,2863
1789626071.605,7.82,24.0,0.9278,0.9269,67,0,2863
1789626072.607,7.82,39.8,0.9136,0.914,73,88,2863
1789626073.611,7.82,22.2,0.9303,0.9309,67,0,2863
1789626074.613,7.59,29.7,0.9292,0.9286,72,88,2863
1789626075.62,7.59,25.3,0.9337,0.9343,64,0,2863
1789626076.622,7.59,30.2,0.9332,0.9322,73,88,2863
1789626077.624,7.59,33.0,0.926,0.927,64,89,2863
1789626078.627,7.59,29.4,0.9207,0.9199,74,0,2863
1789626079.629,7.31,16.7,0.9351,0.9349,63,0,2863
1789626080.632,7.31,44.6,0.9108,0.9118,72,86,2863
1789626081.635,7.31,18.4,0.9299,0.9309,64,0,2863
1789626082.637,7.31,43.8,0.922,0.92,73,86,2863
1789626083.639,7.31,13.6,0.9312,0.9312,65,0,2863
1789626084.641,6.96,11.0,0.9393,0.9393,63,0,2863
1789626085.644,6.96,40.4,0.9128,0.9138,64,89,2863
1789626086.646,6.96,35.3,0.9192,0.9192,73,28,2863
1789626087.648,6.96,41.2,0.9094,0.9086,72,88,2863
1789626088.651,6.96,18.4,0.92,0.9217,68,0,2863
1789626089.653,6.72,33.5,0.9228,0.9208,73,86,2863
1789626090.655,6.72,10.1,0.9293,0.9303,65,0,2863
1789626091.658,6.72,28.6,0.9192,0.9192,63,64,2863
1789626092.66,6.72,23.1,0.9262,0.9262,66,28,2863
1789626093.663,6.72,11.0,0.9338,0.9328,63,0,2863
1789626094.665,6.34,11.8,0.9322,0.9322,62,0,2863
1789626095.666,6.34,13.2,0.9283,0.9293,62,3,693
1789626096.668,6.34,14.8,0.9294,0.9284,61,0,777
1789626097.672,6.34,37.8,0.9138,0.9138,64,24,1257
1789626098.674,6.34,36.5,0.9137,0.9137,67,0,1259
1789626099.677,6.00,23.1,0.9216,0.9226,63,0,1259
1789626100.679,6.00,23.9,0.931,0.931,63,0,1259
1789626101.681,6.00,23.7,0.9253,0.9253,63,0,1259
1789626102.684,6.00,19.5,0.9272,0.9272,63,0,1259
1789626103.686,6.00,24.6,0.9253,0.9253,64,40,1259
1789626104.688,6.00,24.7,0.924,0.923,65,57,1259
1789626105.691,6.00,24.8,0.925,0.926,66,72,1259
1789626106.692,6.00,26.8,0.9245,0.9242,68,70,1259
1789626107.694,6.00,25.6,0.9272,0.9264,68,67,1259
1789626108.696,6.00,25.4,0.9261,0.9261,68,73,1259
1789626109.699,6.00,25.1,0.9301,0.9301,67,73,1259
1789626110.701,6.00,25.6,0.9261,0.9271,67,58,1259
1789626111.702,6.00,26.0,0.9277,0.9273,67,37,1259
1789626112.705,6.00,24.8,0.9295,0.9289,62,0,1259
1789626113.707,6.00,23.8,0.9263,0.9263,62,0,1259
1789626114.71,5.76,23.0,0.9298,0.9301,63,0,1259
1789626115.712,5.76,22.7,0.9281,0.9279,63,0,1259
1789626116.715,5.76,23.1,0.9306,0.9306,63,0,1259
1789626117.717,5.76,23.4,0.93,0.932,63,0,1259
1789626118.719,5.76,23.6,0.9294,0.9284,63,0,1259
1789626119.722,5.70,21.3,0.9184,0.9184,64,0,1259
1789626120.724,5.70,23.5,0.9192,0.9192,64,0,1259
1789626121.725,5.70,22.9,0.9185,0.9185,64,0,1259
1789626122.727,5.70,25.8,0.9203,0.9203,65,0,1259
1789626123.729,5.70,25.4,0.9232,0.9222,68,15,1259
1789626124.732,5.72,24.7,0.9239,0.9249,68,32,1259
1789626125.734,5.72,23.9,0.9271,0.9262,68,46,1259
1789626126.736,5.72,25.4,0.9272,0.9272,67,70,1259
1789626127.737,5.72,26.0,0.9294,0.9294,67,71,1259
1789626128.739,5.72,24.9,0.9231,0.9241,66,72,1259
1789626129.742,5.66,24.4,0.9218,0.9218,62,56,1259
1789626130.745,5.66,23.5,0.9256,0.9256,62,41,1259
1789626131.748,5.66,23.7,0.9259,0.9261,62,28,1259
1789626132.751,5.66,23.7,0.9262,0.926,63,14,1259
1789626133.754,5.66,23.6,0.9257,0.9257,62,0,1259
1789626134.756,5.77,23.2,0.9267,0.9257,62,0,1259
1789626135.759,5.77,23.4,0.9267,0.9277,63,0,1259
1789626136.761,5.77,22.9,0.9281,0.9281,63,0,1259
1789626137.764,5.77,24.0,0.9292,0.9292,63,0,1259
1789626138.766,5.77,22.7,0.9253,0.9253,63,0,1259
1789626139.768,6.99,23.2,0.9283,0.9273,64,0,1259
1789626140.769,6.99,26.3,0.9263,0.9263,67,28,1259
1789626141.771,6.99,24.9,0.9282,0.9284,67,45,1259
1789626142.773,6.99,24.7,0.9276,0.9284,67,66,1259
1789626143.775,6.99,25.1,0.9254,0.9244,67,73,1259
1789626144.777,6.75,25.6,0.9254,0.9254,67,71,1259
1789626145.779,6.75,24.2,0.9273,0.9273,67,71,1259
1789626146.781,6.75,24.9,0.927,0.927,66,72,1259
1789626147.783,6.75,24.0,0.9281,0.9281,65,74,1259
1789626148.785,6.75,24.9,0.9301,0.9301,62,57,1259
1789626149.787,6.53,25.1,0.9269,0.9279,62,39,1259
1789626150.789,6.53,24.3,0.9291,0.9291,62,19,1259
1789626151.792,6.53,22.5,0.9168,0.9168,62,4,1259
1789626152.795,6.53,22.4,0.919,0.919,62,0,1259
1789626153.797,6.53,14.3,0.9263,0.9263,63,0,1259
1789626154.799,6.25,11.0,0.9304,0.9294,61,0,1259
1789626155.8,6.25,12.2,0.9295,0.9295,60,0,685
1789626156.802,6.25,13.4,0.9263,0.9263,60,3,685
1789626157.805,6.25,13.2,0.9206,0.9206,60,1,777
1789626158.808,6.25,28.6,0.9102,0.9122,62,48,2863
1789626159.81,7.03,41.4,0.916,0.915,72,88,2863
1789626160.813,7.03,36.4,0.9267,0.9267,62,34,2863
1789626161.815,7.03,37.4,0.9121,0.9111,72,89,2863
1789626162.818,7.03,27.0,0.9234,0.9242,62,50,2863
1789626163.82,7.03,31.7,0.9192,0.9195,72,89,2863
1789626164.823,6.79,31.7,0.9241,0.9241,70,89,2863
1789626165.825,6.79,37.6,0.9211,0.9201,72,43,2863
1789626166.827,6.79,38.7,0.928,0.929,72,89,2863
1789626167.829,6.79,37.2,0.9211,0.9211,64,0,2863
1789626168.832,6.79,32.8,0.9161,0.9161,73,86,2863
1789626169.835,6.40,28.9,0.9211,0.9211,63,55,2863
1789626170.837,6.40,39.9,0.9113,0.9109,72,87,2863
1789626171.84,6.40,37.9,0.9138,0.9142,72,88,2863
1789626172.842,6.40,23.8,0.9292,0.9289,66,0,2863
1789626173.845,6.40,39.9,0.9255,0.9248,73,88,2863
1789626174.847,7.25,23.5,0.9284,0.9294,65,0,2863
1789626175.849,7.25,38.1,0.9224,0.9224,73,89,2863
1789626176.851,7.25,24.1,0.9249,0.9249,64,77,2863
1789626177.854,7.25,43.4,0.9116,0.9106,73,88,2863
1789626178.856,7.25,13.1,0.9342,0.9342,64,0,2863
1789626179.858,7.07,28.8,0.93,0.931,63,88,2863
1789626180.86,7.07,27.4,0.9258,0.9258,73,39,2863
1789626181.863,7.07,36.4,0.9288,0.9288,72,88,2863
1789626182.865,7.07,33.2,0.928,0.9274,66,0,2863
1789626183.868,7.07,42.5,0.9272,0.9268,73,86,2863
1789626184.871,8.03,33.8,0.9081,0.9091,64,89,2863
1789626185.873,8.03,24.0,0.9181,0.9181,67,0,2863
1789626186.876,8.03,39.6,0.9107,0.9099,73,86,2863
1789626187.89,8.03,24.6,0.9184,0.9192,65,0,2863
1789626188.892,8.03,38.3,0.9142,0.9132,73,88,2863
1789626189.894,7.70,24.4,0.9181,0.9191,64,66,2863
1789626190.896,7.70,35.3,0.919,0.919,74,88,2863
1789626191.9,7.70,27.4,0.9282,0.9282,64,89,2863
1789626192.913,7.70,31.0,0.928,0.9273,73,88,2863
1789626193.915,7.70,32.0,0.9285,0.9283,72,89,2863
1789626194.917,7.65,30.2,0.9219,0.9219,73,89,2863
1789626195.92,7.65,32.9,0.9137,0.9137,72,89,2863
1789626196.922,7.65,29.7,0.9173,0.9183,73,74,2863
1789626197.926,7.65,34.5,0.9181,0.9181,73,89,2863
1789626198.928,7.65,37.3,0.9133,0.9133,73,0,2863
1789626199.93,7.27,39.6,0.9162,0.9152,74,89,2863
1789626200.932,7.27,25.5,0.9253,0.9263,65,47,2863
1789626201.934,7.27,35.1,0.9153,0.9153,72,0,2863
1789626202.936,7.27,37.7,0.9274,0.9264,72,88,2863
1789626203.939,7.27,25.0,0.9331,0.9341,65,0,2863
1789626204.941,7.41,39.9,0.9165,0.9158,74,89,2863
1789626205.945,7.41,25.0,0.9251,0.9268,65,0,2863
1789626206.948,7.41,40.1,0.9135,0.9125,74,88,2863
1789626207.95,7.41,34.5,0.922,0.9214,65,0,2863
1789626208.953,7.41,44.2,0.9182,0.9188,74,87,2863
1789626209.955,7.70,33.3,0.9221,0.9212,70,87,2863
1789626210.957,7.70,41.6,0.9081,0.9081,74,87,2863
1789626211.961,7.70,35.3,0.9181,0.9191,73,88,2863
1789626212.962,7.70,31.8,0.9323,0.9323,69,0,2863
1789626213.965,7.70,13.7,0.937,0.937,64,0,2863
1789626214.967,8.37,39.0,0.9177,0.9177,73,86,2863
1789626215.97,8.37,24.5,0.9298,0.9298,74,0,2863
1789626216.972,8.37,39.7,0.9195,0.9189,74,87,2863
1789626217.975,8.37,33.3,0.9126,0.9122,67,0,2863
1789626218.978,8.37,38.9,0.9037,0.9047,74,88,2863
1789626219.98,8.10,24.6,0.9194,0.9184,73,86,2863
1789626220.983,8.10,42.9,0.9062,0.9065,74,84,2863
1789626221.986,8.10,33.9,0.9149,0.9156,74,88,2863
1789626222.988,8.10,39.5,0.9061,0.9061,66,0,2863
1789626223.991,8.10,38.2,0.9084,0.9087,75,88,2863
1789626224.993,8.73,38.3,0.9113,0.911,65,0,2863
1789626225.995,8.73,39.9,0.918,0.918,74,89,2863
1789626226.997,8.73,34.7,0.915,0.915,65,14,2863
1789626228.0,8.73,38.2,0.9241,0.9241,75,87,2863
1789626229.002,8.73,26.9,0.9304,0.9294,74,89,2863
1789626230.004,8.51,38.8,0.9261,0.9271,74,88,2863
1789626231.007,8.51,25.3,0.9249,0.9249,74,90,2863
1789626232.009,8.51,32.7,0.9303,0.9303,69,80,2863
1789626233.011,8.51,30.3,0.9352,0.9342,75,88,2863
1789626234.013,8.51,23.1,0.9322,0.9322,65,0,2863
1789626235.016,9.35,39.8,0.9244,0.9254,75,87,2863
1789626236.018,9.35,23.9,0.925,0.925,74,58,2863
1789626237.02,9.35,44.1,0.9093,0.9083,68,66,2863
1789626238.022,9.35,32.9,0.9279,0.9289,75,88,2863
1789626239.024,9.08,29.5,0.925,0.9242,68,52,2863
1789626240.027,9.08,33.4,0.9212,0.9219,75,88,2863
1789626241.029,9.08,23.4,0.9274,0.9264,66,0,2863
1789626242.032,9.08,35.8,0.9168,0.9178,75,89,2863
1789626243.034,9.08,26.4,0.9254,0.9244,67,14,2863
1789626244.036,8.67,36.9,0.9267,0.9273,76,89,2863
1789626245.039,8.67,37.2,0.9245,0.9239,66,0,2863
1789626246.042,8.67,40.8,0.9303,0.9309,75,87,2863
1789626247.045,8.67,37.9,0.9364,0.9368,66,0,2863
1789626248.047,8.67,38.1,0.9269,0.9269,75,86,2863
1789626249.049,8.22,26.0,0.9181,0.9181,74,68,2863
1789626250.051,8.22,31.9,0.9148,0.914,75,88,2863
1789626251.054,8.22,30.8,0.9156,0.9164,75,88,2863
1789626252.057,8.22,42.9,0.9078,0.9068,69,66,2863
1789626253.059,8.22,30.5,0.9211,0.9221,74,88,2863
1789626254.061,7.64,26.9,0.9242,0.9242,67,26,2863
1789626255.065,7.64,36.0,0.9237,0.9243,75,87,2863
1789626256.067,7.64,36.5,0.914,0.9134,67,0,2863
1789626257.069,7.64,9.7,0.9321,0.9311,65,0,2863
1789626258.071,7.64,11.0,0.9323,0.9333,64,0,2863
1789626259.072,7.35,10.5,0.9303,0.9303,63,0,777
1789626260.074,7.35,12.1,0.9273,0.9273,63,7,685
1789626261.076,7.35,23.6,0.9279,0.9271,63,2,1255
1789626262.078,7.35,40.9,0.9165,0.9162,65,0,1257
1789626263.081,7.35,18.1,0.9279,0.9296,67,66,1259
1789626264.082,7.16,17.1,0.9293,0.9278,64,0,1259
1789626265.084,7.16,24.6,0.9254,0.9251,69,73,1259
1789626266.086,7.16,10.0,0.9343,0.9353,64,0,1259
1789626267.088,7.16,24.4,0.9241,0.9241,65,0,1259
1789626268.091,7.16,21.7,0.928,0.927,68,73,1259
1789626269.092,6.75,12.4,0.9323,0.933,64,0,1259
1789626270.094,6.75,24.4,0.9313,0.9305,69,48,1259
1789626271.097,6.75,16.8,0.9324,0.9328,63,15,1259
1789626272.099,6.75,19.2,0.9272,0.9278,64,0,1259
1789626273.101,6.75,23.6,0.9263,0.9253,69,48,1259
1789626274.103,6.53,9.8,0.9374,0.9384,63,0,1259
1789626275.105,6.53,10.5,0.9342,0.9336,63,0,1259
1789626276.107,6.53,25.3,0.924,0.9246,64,0,1259
1789626277.109,6.53,18.0,0.9342,0.9332,63,16,1259
1789626278.111,6.53,19.8,0.9275,0.9285,63,0,1259
1789626279.113,7.45,24.6,0.9262,0.9252,68,72,1259
1789626280.116,7.45,10.6,0.9354,0.9354,63,0,1259
1789626281.118,7.45,24.8,0.9232,0.9239,64,0,1259
1789626282.12,7.45,18.6,0.9216,0.9223,63,36,1259
1789626283.122,7.45,16.8,0.9202,0.9188,63,0,1259
1789626284.124,7.33,24.5,0.9224,0.9224,68,21,1259
1789626285.127,7.33,17.4,0.9239,0.9249,63,45,1259
1789626286.129,7.33,14.6,0.9263,0.9263,63,0,1259
1789626287.132,7.33,23.7,0.925,0.925,67,71,1259
1789626288.133,7.33,11.0,0.9325,0.9315,63,0,1259
1789626289.135,6.82,23.9,0.9262,0.9262,65,0,1259
1789626290.137,6.82,9.1,0.9362,0.9362,62,0,1259
1789626291.139,6.82,20.8,0.931,0.932,63,74,1259
1789626292.141,6.82,13.8,0.9333,0.9325,62,0,1259
1789626293.143,6.82,25.0,0.9308,0.9312,67,72,1259
1789626294.145,6.44,10.6,0.937,0.9364,62,0,1259
1789626295.147,6.44,25.4,0.924,0.9248,64,0,1259
1789626296.149,6.44,16.1,0.9332,0.9325,62,0,1259
1789626297.151,6.44,19.8,0.9294,0.9294,63,0,1259
1789626298.153,6.44,10.5,0.9393,0.9393,62,0,1259
1789626299.155,6.40,22.1,0.9356,0.9362,62,0,1259
1789626300.156,6.40,11.5,0.9369,0.9363,63,74,1259
1789626301.158,6.40,25.7,0.9312,0.9312,62,0,1259
1789626302.161,6.40,17.3,0.937,0.938,64,0,1259
1789626303.163,6.40,19.1,0.9321,0.9321,62,68,1259
1789626304.165,6.13,8.6,0.9403,0.9393,62,0,1259
1789626305.167,6.13,24.7,0.9351,0.9351,62,0,1259
1789626306.169,6.13,9.1,0.9374,0.9374,63,57,1259
1789626307.171,6.13,19.7,0.9353,0.9363,62,0,1259
1789626308.173,6.13,13.2,0.9353,0.9343,61,72,1259
1789626309.175,6.04,10.5,0.9393,0.9403,62,0,1259
1789626310.177,6.04,26.4,0.9284,0.9274,61,0,1259
1789626311.179,6.04,24.0,0.9301,0.9301,63,0,1259
1789626312.181,6.04,9.2,0.9392,0.9402,65,73,1259
1789626313.183,6.04,8.9,0.937,0.937,62,0,1259
1789626314.185,5.95,23.8,0.9162,0.9152,61,0,1259
1789626315.187,5.95,16.8,0.9231,0.9241,63,0,1259
1789626316.189,5.95,16.3,0.9253,0.9243,61,72,1259
1789626317.192,5.95,24.4,0.9199,0.9199,62,0,1259
1789626318.194,5.95,19.4,0.9257,0.9267,67,0,1259
1789626319.196,5.64,15.3,0.9262,0.9262,61,71,1259
1789626320.198,5.64,23.2,0.9203,0.9203,62,0,1259
1789626321.201,5.64,13.8,0.9286,0.928,67,0,1259
1789626322.203,5.64,20.0,0.9252,0.9258,61,47,1259
1789626323.205,5.64,24.1,0.9251,0.9245,62,0,1259
1789626324.206,5.43,8.5,0.9365,0.9361,65,72,1259
1789626325.208,5.43,24.8,0.9254,0.9258,61,0,1259
1789626326.212,5.43,15.1,0.9329,0.9325,63,0,1259
1789626327.214,5.43,19.0,0.9323,0.9323,61,56,1259
1789626328.216,5.43,24.4,0.9332,0.9332,62,0,1259
1789626329.218,5.39,16.3,0.9334,0.9344,66,1,1259
1789626330.22,5.39,17.7,0.9333,0.9323,61,59,1259
1789626331.222,5.39,10.2,0.9383,0.9393,62,0,1259
1789626332.224,5.39,27.1,0.9253,0.9243,61,0,1259
1789626333.227,5.39,15.1,0.9348,0.9348,66,0,1259
1789626334.228,5.12,19.7,0.9293,0.9293,61,21,1259
1789626335.23,5.12,10.2,0.9343,0.9353,62,0,1259
1789626336.232,5.12,25.3,0.9254,0.9244,61,0,1259
1789626337.234,5.12,9.2,0.9384,0.9384,62,57,1259
1789626338.236,5.12,24.2,0.9262,0.9272,61,0,1259
1789626339.238,5.19,22.8,0.9321,0.9321,66,0,1259
1789626340.24,5.19,12.2,0.9355,0.9355,61,69,1259
1789626341.242,5.19,24.2,0.9273,0.9263,61,0,1259
1789626342.243,5.19,9.1,0.9372,0.9372,66,30,1259
1789626343.246,5.19,24.0,0.9332,0.9342,61,0,1259
1789626344.247,5.26,23.5,0.9292,0.9292,64,0,1259
1789626345.249,5.26,10.7,0.9324,0.9324,64,72,1259
1789626346.251,5.26,22.2,0.9142,0.9142,61,0,1259
1789626347.253,5.26,23.7,0.9172,0.9162,63,0,1259
1789626348.255,5.26,8.9,0.9373,0.9373,64,73,1259
1789626349.257,5.32,23.8,0.9213,0.9213,61,0,1259
1789626350.259,5.32,9.1,0.9292,0.9302,66,0,1259
1789626351.261,5.32,24.6,0.9219,0.9213,61,0,1259
1789626352.264,5.32,8.9,0.933,0.9326,66,0,1259
1789626353.265,5.32,14.2,0.9303,0.9303,61,0,1259
1789626354.267,5.05,19.6,0.9262,0.9262,59,74,1259
1789626355.269,5.05,24.3,0.9264,0.9274,60,0,1259
1789626356.271,5.05,11.4,0.9341,0.9341,61,0,1259
1789626357.273,5.05,11.9,0.9363,0.9353,60,0,1259
1789626358.276,5.05,16.1,0.9346,0.9346,59,0,1259
1789626359.279,5.37,32.5,0.9263,0.9273,60,37,1259
1789626360.281,5.37,22.6,0.9263,0.9253,59,6,1259
1789626361.282,5.37,26.7,0.9224,0.9224,59,0,1259
1789626362.284,5.37,28.1,0.9221,0.9221,59,0,1259
1789626363.287,5.37,26.1,0.925,0.925,59,0,1259
1789626364.289,5.02,26.2,0.9213,0.9223,59,0,1259
1789626365.29,5.02,26.5,0.9214,0.9214,59,0,1259
1789626366.292,5.02,13.2,0.9363,0.9353,59,0,1259
1789626367.295,5.02,27.2,0.922,0.923,58,0,1259
1789626368.296,5.02,30.9,0.9323,0.9323,58,23,1259
1789626369.299,5.42,24.4,0.9262,0.9262,61,37,1259
1789626370.302,5.42,22.4,0.9362,0.9362,59,28,1259
1789626371.304,5.42,29.5,0.9364,0.9364,59,0,1259
1789626372.306,5.42,26.3,0.9241,0.9241,58,0,1259
1789626373.309,5.42,25.9,0.935,0.934,58,0,1259
1789626374.311,5.30,13.0,0.9354,0.9364,58,0,1259
1789626375.312,5.30,14.2,0.9354,0.9354,58,0,1259
1789626376.314,5.30,26.7,0.9245,0.9235,58,0,1259
1789626377.317,5.30,26.6,0.9184,0.9194,58,0,1259
1789626378.319,5.30,28.9,0.9119,0.9119,58,0,1259
1789626379.322,4.96,12.3,0.9265,0.9255,59,30,1259
1789626380.324,4.96,11.5,0.9249,0.9259,59,35,1259
1789626381.326,4.96,25.2,0.929,0.929,58,8,1259
1789626382.33,4.96,12.3,0.928,0.927,58,0,1259
1789626383.332,4.96,26.3,0.9346,0.9353,58,0,1259
1789626384.334,4.96,26.8,0.9351,0.9354,58,0,1259
1789626385.336,4.96,27.1,0.922,0.9213,58,0,1259
1789626386.338,4.96,29.2,0.9345,0.9352,58,0,1259
1789626387.34,4.96,25.7,0.9225,0.9225,59,0,1259
1789626388.342,4.96,27.4,0.917,0.917,59,0,1259
1789626389.344,4.96,29.6,0.921,0.921,58,18,1259
1789626390.347,4.96,31.7,0.9191,0.9191,60,37,1259
1789626391.349,4.96,22.2,0.9261,0.9261,58,30,1259
1789626392.351,4.96,26.5,0.9258,0.9248,59,21,1259
1789626393.353,4.96,26.5,0.9232,0.9242,58,0,1259
1789626394.355,4.97,11.7,0.9341,0.9331,58,0,1259
1789626395.357,4.97,26.3,0.9271,0.9271,58,0,1259
1789626396.359,4.97,26.0,0.9232,0.9242,58,0,1259
1789626397.361,4.97,13.2,0.9342,0.9332,58,0,1259
1789626398.364,4.97,28.4,0.9238,0.9248,58,0,1259
1789626399.366,4.81,29.0,0.9228,0.9228,59,8,1259
1789626400.368,4.81,31.1,0.9221,0.9221,58,37,1259
1789626401.371,4.81,30.2,0.9264,0.9264,58,37,1259
1789626402.373,4.81,15.6,0.9383,0.9383,58,6,1259
1789626403.375,4.81,25.9,0.9261,0.9251,58,0,1259
1789626404.377,5.55,26.1,0.9243,0.9243,57,0,1259
1789626405.379,5.55,13.9,0.9354,0.9354,57,0,1259
1789626406.381,5.55,25.9,0.9275,0.9285,57,0,1259
1789626407.382,5.55,10.8,0.9385,0.9385,57,0,1259
1789626408.384,5.55,11.1,0.9393,0.9393,57,0,1259
1789626409.386,5.18,9.0,0.9331,0.9321,57,0,1259
1789626410.388,5.18,11.4,0.9212,0.9222,57,0,685
1789626411.391,5.18,12.7,0.9218,0.9218,57,0,685
1789626412.394,5.18,29.2,0.9224,0.9224,57,0,777
1789626413.396,5.18,40.3,0.9079,0.9079,63,82,1911
1789626414.398,4.93,15.2,0.9273,0.9273,61,0,1911
1789626415.401,4.93,24.1,0.9248,0.9248,59,0,1911
1789626416.403,4.93,23.7,0.923,0.922,67,81,1911
1789626417.406,4.93,29.4,0.9288,0.9288,60,0,1911
1789626418.408,4.93,19.1,0.9303,0.9313,68,83,1911
1789626419.41,4.77,32.4,0.9241,0.9241,60,0,1911
1789626420.412,4.77,15.4,0.9314,0.9314,69,82,1911
1789626421.414,4.77,37.0,0.9241,0.9241,60,0,1911
1789626422.416,4.77,11.4,0.9372,0.9372,69,29,1911
1789626423.418,4.77,36.7,0.9281,0.9271,60,47,1911
1789626424.421,4.79,14.3,0.9346,0.9356,64,0,1911
1789626425.423,4.79,31.6,0.9241,0.9241,66,83,1911
1789626426.425,4.79,20.2,0.9309,0.9299,62,0,1911
1789626427.428,4.79,26.8,0.926,0.927,68,83,1911
1789626428.43,4.79,23.2,0.929,0.928,61,0,1911
1789626429.432,4.49,22.4,0.9271,0.9271,69,81,1911
1789626430.434,4.49,28.7,0.9231,0.9241,61,0,1911
1789626431.436,4.49,18.5,0.9313,0.9303,70,82,1911
1789626432.438,4.49,10.9,0.9382,0.9392,61,0,1911
1789626433.44,4.49,36.5,0.919,0.918,60,22,1911
1789626434.442,4.21,15.2,0.9371,0.9375,67,8,1911
1789626435.444,4.21,32.0,0.9263,0.9259,64,75,1911
1789626436.447,4.21,19.2,0.9331,0.9341,63,0,1911
1789626437.45,4.21,27.3,0.9339,0.9339,68,84,1911
1789626438.452,4.21,23.3,0.9338,0.9338,62,0,1911
1789626439.454,4.19,24.1,0.9345,0.9345,69,81,1911
1789626440.456,4.19,27.3,0.9298,0.9298,62,0,1911
1789626441.458,4.19,18.6,0.9343,0.9333,70,81,1911
1789626442.46,4.19,31.6,0.924,0.926,62,0,1911
1789626443.462,4.19,13.7,0.9242,0.9222,70,82,1911
1789626444.464,5.22,36.0,0.9131,0.9141,62,0,1911
1789626445.466,5.22,9.1,0.9294,0.9291,71,73,1911
1789626446.468,5.22,36.5,0.9124,0.9127,62,11,1911
1789626447.47,5.22,13.8,0.9281,0.9271,70,12,1911
1789626448.472,5.22,32.0,0.9164,0.9164,62,69,1911
1789626449.475,4.96,18.4,0.9284,0.9294,64,0,1911
1789626450.477,4.96,27.7,0.9232,0.9222,68,83,1911
1789626451.479,4.96,22.7,0.9279,0.9279,63,0,1911
1789626452.481,4.96,23.8,0.9294,0.9294,70,82,1911
1789626453.483,4.96,28.0,0.9259,0.9261,63,0,1911
1789626454.485,4.64,19.6,0.9296,0.9303,70,82,1911
1789626455.488,4.64,31.7,0.9283,0.9283,62,0,1911
1789626456.49,4.64,13.1,0.9352,0.9342,71,82,1911
1789626457.493,4.64,36.0,0.9274,0.9284,62,0,1911
1789626458.495,4.64,11.4,0.935,0.9343,72,75,1911
1789626459.497,5.63,36.3,0.9201,0.9208,62,84,1911
1789626460.499,5.63,13.8,0.9361,0.9361,72,0,1911
1789626461.501,5.63,31.0,0.9292,0.9282,62,84,1911
1789626462.503,5.63,18.1,0.9343,0.9343,65,0,1911
1789626463.505,5.63,27.0,0.9263,0.9263,69,81,1911
1789626464.507,5.82,23.4,0.9301,0.9301,64,0,1911
1789626465.509,5.82,22.1,0.9252,0.9252,70,82,1911
1789626466.512,5.82,27.4,0.9254,0.9264,63,0,1911
1789626467.514,5.82,18.4,0.9332,0.9322,71,82,1911
1789626468.517,5.82,32.2,0.9232,0.9242,63,0,1911
1789626469.519,5.84,14.8,0.9344,0.9344,72,70,1911
1789626470.521,5.84,36.7,0.9222,0.9222,63,12,1911
1789626471.523,5.84,9.8,0.9339,0.9339,72,13,1911
1789626472.536,5.84,35.4,0.9211,0.9201,63,71,1911
1789626473.538,5.84,15.2,0.9354,0.9354,72,0,1911
1789626474.54,6.81,30.3,0.9202,0.9202,63,84,1911
1789626475.543,6.81,19.6,0.9251,0.9251,66,0,1911
1789626476.546,6.81,25.9,0.9181,0.9191,68,81,1911
1789626477.548,6.81,23.7,0.9221,0.9211,64,0,1911
1789626478.55,6.81,23.0,0.9177,0.9177,71,81,1911
1789626479.552,6.58,8.5,0.9323,0.9323,64,0,1911
1789626480.554,6.58,34.7,0.914,0.915,62,0,1911
1789626481.556,6.58,11.7,0.9304,0.9301,71,48,1911
1789626482.558,6.58,36.2,0.9252,0.9254,63,35,1911
1789626483.56,6.58,12.6,0.9332,0.9322,72,0,1911
1789626484.562,6.54,33.6,0.9252,0.9262,63,84,1911
1789626485.565,6.54,17.1,0.9299,0.9289,70,0,1911
1789626486.567,6.54,29.6,0.9292,0.9302,64,83,1911
1789626487.569,6.54,20.9,0.9311,0.9311,65,0,1911
1789626488.571,6.54,25.5,0.9262,0.9252,70,81,1911
1789626489.573,7.22,25.6,0.9259,0.9272,64,0,1911
1789626490.575,7.22,21.1,0.9334,0.9332,71,83,1911
1789626491.577,7.22,29.1,0.934,0.934,64,0,1911
1789626492.579,7.22,16.6,0.9354,0.9344,72,83,1911
1789626493.581,7.22,9.2,0.9363,0.9373,64,0,1911
1789626494.583,7.60,36.5,0.928,0.928,63,49,1911
1789626495.585,7.60,15.7,0.9352,0.9352,73,0,1911
1789626496.587,7.60,30.8,0.9242,0.9232,63,84,1911
1789626497.59,7.60,19.6,0.9315,0.9315,68,0,1911
1789626498.592,7.60,27.0,0.9259,0.9263,71,83,1911
1789626499.598,7.55,25.1,0.9271,0.9276,66,0,1911
1789626500.6,7.55,20.7,0.9252,0.9252,71,82,1911
1789626501.603,7.55,28.3,0.923,0.923,63,0,1911
1789626502.605,7.55,18.2,0.9281,0.9281,73,83,1911
1789626503.608,7.55,32.6,0.9177,0.9177,63,0,1911
1789626504.61,7.43,13.2,0.9351,0.9341,67,22,1911
1789626505.612,7.43,36.5,0.9284,0.9294,69,59,1911
1789626506.615,7.43,12.0,0.9267,0.9267,65,0,1911
1789626507.617,7.43,33.9,0.9155,0.9151,71,84,1911
1789626508.619,7.43,14.9,0.9245,0.9239,64,0,1911
1789626509.621,8.43,30.3,0.9134,0.9134,72,82,1911
1789626510.623,8.43,19.1,0.927,0.928,64,0,1911
1789626511.625,8.43,26.6,0.9185,0.9175,72,80,1911
1789626512.627,8.43,23.5,0.9263,0.9263,64,0,1911
1789626513.629,8.43,23.1,0.9273,0.9273,73,82,1911
1789626514.63,7.84,10.8,0.9335,0.9345,64,0,1911
1789626515.632,7.84,11.9,0.9336,0.933,63,0,1911
1789626516.634,7.84,12.1,0.9305,0.9301,62,0,685
1789626517.635,7.84,13.5,0.9283,0.9283,62,0,703
1789626518.638,7.84,30.3,0.9267,0.9277,61,0,1151
1789626519.64,8.81,35.7,0.9181,0.9181,67,68,1257
1789626520.642,8.81,24.3,0.9322,0.9322,68,69,1259
1789626521.644,8.81,22.7,0.9313,0.9313,67,70,1259
1789626522.646,8.81,24.0,0.9302,0.9302,66,44,1259
1789626523.648,8.81,26.1,0.9223,0.9213,63,0,1259
1789626524.65,9.31,25.6,0.9294,0.9304,63,0,1259
1789626525.651,9.31,25.4,0.9283,0.9273,63,0,1259
1789626526.653,9.31,24.9,0.9332,0.9342,63,0,1259
1789626527.655,9.31,11.2,0.9372,0.9362,64,0,1259
1789626528.657,9.31,21.5,0.9323,0.9323,67,72,1259
1789626529.659,8.88,20.2,0.9301,0.9311,62,0,1259
1789626530.661,8.88,15.1,0.9292,0.9292,68,57,1259
1789626531.664,8.88,24.2,0.925,0.925,62,0,1259
1789626532.666,8.88,25.2,0.9261,0.9261,63,0,1259
1789626533.668,8.88,25.3,0.9243,0.9243,63,0,1259
1789626534.669,8.49,8.5,0.9374,0.9364,63,0,1259
1789626535.671,8.49,24.5,0.9302,0.931,62,0,1259
1789626536.673,8.49,25.0,0.933,0.9325,62,0,1259
1789626537.675,8.49,24.0,0.9263,0.9261,63,0,1259
1789626538.678,8.49,12.6,0.926,0.927,63,0,1259
1789626539.68,8.13,23.0,0.9153,0.9143,67,72,1259
1789626540.682,8.13,24.6,0.917,0.918,66,69,1259
1789626541.684,8.13,24.8,0.9272,0.9262,62,38,1259
1789626542.687,8.13,23.6,0.9239,0.9239,62,0,1259
1789626543.69,8.13,23.8,0.9258,0.9258,64,0,1259
1789626544.692,7.80,14.4,0.9293,0.9293,68,0,1259
1789626545.693,7.80,25.1,0.9253,0.9263,66,70,1259
1789626546.695,7.80,24.4,0.9213,0.9213,62,73,1259
1789626547.697,7.80,10.0,0.9345,0.9345,62,0,1259
1789626548.699,7.80,18.2,0.9279,0.9279,62,0,1259
1789626549.701,7.34,17.0,0.9292,0.9292,66,10,1259
1789626550.703,7.34,24.7,0.9301,0.9291,61,1,1259
1789626551.705,7.34,8.7,0.9344,0.9354,62,0,1259
1789626552.708,7.34,18.8,0.9298,0.9298,61,0,1259
1789626553.71,7.34,24.1,0.9222,0.9212,66,6,1259
1789626554.711,7.23,16.6,0.9284,0.9284,67,27,1259
1789626555.714,7.23,11.6,0.933,0.934,61,0,1259
1789626556.716,7.23,22.5,0.9333,0.9323,63,71,1259
1789626557.717,7.23,23.9,0.9294,0.9304,66,71,1259
1789626558.719,7.23,23.8,0.9313,0.9313,62,72,1259
1789626559.721,6.89,10.2,0.9382,0.9382,62,0,1259
1789626560.723,6.89,24.7,0.9271,0.9271,61,25,1259
1789626561.725,6.89,24.8,0.9322,0.9312,62,0,1259
1789626562.727,6.89,24.0,0.9272,0.9272,62,0,1259
1789626563.729,6.89,8.4,0.9362,0.9372,63,0,1259
1789626564.731,6.74,24.3,0.9312,0.9312,61,0,1259
1789626565.733,6.74,9.2,0.9373,0.9374,63,0,1259
1789626566.735,6.74,10.8,0.9402,0.9392,61,0,1259
1789626567.737,6.74,25.1,0.9311,0.9321,60,0,1259
1789626568.739,6.74,13.7,0.9331,0.9331,64,0,1259
1789626569.741,6.52,20.8,0.9289,0.9289,65,71,1259
1789626570.744,6.52,24.3,0.9262,0.9262,61,50,1259
1789626571.746,6.52,26.1,0.921,0.9208,61,16,1259
1789626572.748,6.52,10.3,0.9271,0.9268,62,0,1259
1789626573.751,6.52,24.7,0.9215,0.9211,61,0,1259
1789626574.753,6.32,8.4,0.9302,0.9302,62,0,1259
1789626575.755,6.32,8.4,0.9311,0.9319,61,0,1259
1789626576.756,6.32,8.8,0.9325,0.9327,60,0,1259
1789626577.758,6.32,8.7,0.9344,0.9334,59,0,1259
1789626578.76,6.32,8.6,0.935,0.935,59,0,1259
1789626579.762,6.29,8.8,0.9345,0.9355,59,0,1259
1789626580.764,6.29,9.0,0.9363,0.9353,59,0,1259
1789626581.766,6.29,8.9,0.9353,0.9363,59,0,1259
1789626582.767,6.29,9.3,0.9364,0.9364,59,0,1259
1789626583.769,6.29,9.2,0.9363,0.9357,59,0,1259
1789626584.771,6.03,9.0,0.9374,0.938,59,0,1259
1789626585.773,6.03,9.2,0.9384,0.9374,59,0,1259
1789626586.775,6.03,8.9,0.9361,0.9369,59,0,1259
1789626587.777,6.03,8.9,0.9382,0.9375,58,0,1259
1789626588.779,6.03,8.7,0.9374,0.9384,58,0,1259
1789626589.781,5.86,21.0,0.9313,0.9306,58,0,1259
1789626590.783,5.86,13.8,0.9326,0.9333,64,24,1259
1789626591.785,5.86,9.1,0.9382,0.9382,59,0,1259
1789626592.787,5.86,24.4,0.9293,0.9283,59,0,1259
1789626593.789,5.86,22.6,0.9292,0.9299,60,0,1259
1789626594.791,5.80,21.5,0.931,0.931,65,0,1259
1789626595.793,5.80,19.7,0.9318,0.9323,65,0,1259
1789626596.796,5.80,21.8,0.9307,0.9305,64,28,1259
1789626597.798,5.80,23.5,0.9323,0.9313,62,71,1259
1789626598.8,5.80,23.9,0.9273,0.9273,60,72,1259
1789626599.802,5.65,24.7,0.9282,0.9282,60,70,1259
1789626600.804,5.65,24.4,0.9262,0.9262,60,29,1259
1789626601.806,5.65,24.8,0.9273,0.9283,61,0,1259
1789626602.809,5.65,14.2,0.937,0.937,63,0,1259
1789626603.812,5.65,21.7,0.9168,0.9158,64,38,1259
1789626604.814,5.68,22.3,0.9182,0.9182,65,66,1259
1789626605.816,5.68,24.6,0.9202,0.9202,60,71,1259
1789626606.818,5.68,23.6,0.9172,0.9172,61,0,1259
1789626607.819,5.68,10.9,0.9274,0.9274,64,0,1259
1789626608.821,5.68,10.8,0.9294,0.9304,60,0,1259
1789626609.823,5.62,11.1,0.9314,0.9304,59,0,1259
1789626610.825,5.62,13.9,0.926,0.926,59,0,1259
1789626611.827,5.62,9.1,0.9325,0.9325,59,0,1259
1789626612.829,5.62,8.9,0.9313,0.9323,59,0,1259
1789626613.83,5.62,9.2,0.9335,0.9325,58,0,1259
1789626614.832,5.41,9.3,0.9358,0.9364,58,0,1259
1789626615.834,5.41,9.3,0.9349,0.9353,58,0,1259
1789626616.836,5.41,9.3,0.9363,0.9363,58,0,1259
1789626617.837,5.41,8.8,0.9374,0.9364,58,0,1259
1789626618.839,5.41,8.8,0.9364,0.9364,58,0,1259
1789626619.841,5.46,8.5,0.938,0.9382,58,0,1259
1789626620.843,5.46,8.0,0.9376,0.9383,58,0,1259
1789626621.845,5.46,7.9,0.9373,0.9373,58,0,1259
1789626622.847,5.46,8.1,0.9382,0.9372,58,0,1259
1789626623.849,5.46,8.5,0.9384,0.9394,58,0,1259
1789626624.851,5.42,8.3,0.9393,0.9393,58,0,1259
1789626625.852,5.42,25.0,0.9373,0.9373,58,7,1259
1789626626.855,5.42,16.5,0.9291,0.9291,58,32,1259
1789626627.857,5.42,20.8,0.9302,0.9292,58,0,1259
1789626628.858,5.42,11.0,0.9372,0.9382,57,0,1259
1789626629.861,6.35,28.5,0.922,0.921,58,36,1259
1789626630.863,6.35,8.3,0.9373,0.9383,57,0,1259
1789626631.865,6.35,25.3,0.927,0.926,58,35,1259
1789626632.867,6.35,10.0,0.9382,0.9382,57,0,1259
1789626633.869,6.35,9.9,0.9387,0.9393,57,0,1259
1789626634.871,6.08,10.5,0.9378,0.9372,57,0,1259
1789626635.872,6.08,9.5,0.9253,0.9263,57,0,1259
1789626636.875,6.08,8.8,0.9278,0.9268,57,0,1259
1789626637.878,6.08,8.6,0.9284,0.9284,57,0,1259
1789626638.88,6.08,8.9,0.9302,0.9302,57,0,1259
1789626639.881,5.76,14.4,0.9275,0.9275,57,47,1259
1789626640.884,5.76,38.5,0.9123,0.9133,57,0,1259
1789626641.886,5.76,12.3,0.9343,0.9333,57,0,1259
1789626642.888,5.76,26.2,0.9192,0.9202,58,33,1259
1789626643.89,5.76,10.6,0.9333,0.9333,57,0,1259
1789626644.892,6.74,30.6,0.9224,0.9214,57,0,1259
1789626645.894,6.74,8.2,0.9344,0.9354,57,0,1259
1789626646.896,6.74,25.5,0.9393,0.9383,58,35,1259
1789626647.898,6.74,26.0,0.9372,0.9382,57,0,1259
1789626648.9,6.74,26.0,0.9362,0.9362,57,26,1259
1789626649.902,6.60,25.3,0.9302,0.9292,58,36,1259
1789626650.904,6.60,10.1,0.9373,0.9373,57,0,1259
1789626651.906,6.60,10.7,0.9373,0.9373,57,0,1259
1789626652.907,6.60,10.0,0.9373,0.9383,57,0,1259
1789626653.91,6.60,10.0,0.9391,0.9381,56,0,1259
1789626654.911,6.47,9.7,0.9384,0.9391,56,0,1259
1789626655.913,6.47,9.1,0.9393,0.9396,56,0,1259
1789626656.915,6.47,9.7,0.9402,0.9392,56,0,1259
1789626657.917,6.47,9.2,0.9383,0.9393,56,0,1259
1789626658.919,6.47,8.6,0.9404,0.9394,56,0,1259
1789626659.92,6.11,8.9,0.9394,0.9394,56,0,1259
1789626660.922,6.11,8.9,0.9384,0.9384,56,0,1259
1789626661.925,6.11,9.0,0.9389,0.9389,56,0,1259
1789626662.927,6.11,25.4,0.9241,0.9241,56,20,1259
1789626663.929,6.11,23.5,0.9269,0.9269,56,0,1259
1789626664.931,6.18,29.5,0.9223,0.9227,58,37,1259
1789626665.934,6.18,39.8,0.9146,0.9152,56,0,1259
1789626666.936,6.18,13.9,0.9363,0.9353,56,0,1259
1789626667.937,6.18,25.0,0.9141,0.9143,58,37,1259
1789626668.94,6.18,38.2,0.9073,0.9081,56,0,1259
1789626669.942,5.85,14.3,0.9242,0.9242,56,0,1259
1789626670.944,5.85,10.3,0.9303,0.9303,56,0,1259
1789626671.945,5.85,10.4,0.9322,0.9322,56,0,1259
1789626672.947,5.85,11.0,0.9343,0.9333,56,0,1259
1789626673.949,5.85,12.6,0.9332,0.9336,56,0,1259
1789626674.951,5.78,25.7,0.9332,0.9338,56,0,1259
1789626675.953,5.78,9.4,0.9364,0.9354,56,0,1259
1789626676.955,5.78,9.4,0.9373,0.9373,56,0,1259
1789626677.957,5.78,9.4,0.9372,0.9372,56,0,1259
1789626678.959,5.78,9.2,0.9362,0.9372,56,0,1259
1789626679.961,5.56,9.1,0.9383,0.9383,56,0,1259
1789626680.963,5.56,9.2,0.9384,0.9384,56,0,1259
1789626681.965,5.56,9.1,0.9389,0.9382,56,0,1259
1789626682.966,5.56,14.4,0.9337,0.9344,57,0,1259
1789626683.968,5.56,13.4,0.9334,0.9334,56,2,1259
1789626684.97,5.43,8.9,0.9393,0.9393,57,0,1259
1789626685.972,5.43,25.7,0.9274,0.9264,57,0,1259
1789626686.973,5.43,12.5,0.9344,0.9344,56,0,1259
1789626687.975,5.43,7.7,0.9382,0.9382,56,0,1259
1789626688.978,5.43,17.9,0.9364,0.9374,56,0,1259
1789626689.98,5.24,20.8,0.9321,0.9311,56,0,1259
1789626690.982,5.24,25.3,0.9353,0.9353,56,0,1259
1789626691.984,5.24,24.8,0.9254,0.9264,56,1,1259
1789626692.986,5.24,25.8,0.9273,0.9263,56,0,1259
1789626693.988,5.24,26.4,0.9224,0.9224,56,0,1259
1789626694.99,5.14,21.6,0.937,0.938,56,0,1259
1789626695.992,5.14,12.8,0.9402,0.9402,56,0,1259
1789626696.994,5.14,26.3,0.9403,0.9393,56,38,1259
1789626697.996,5.14,13.8,0.9363,0.9363,56,19,1259
1789626698.997,5.14,14.7,0.9324,0.9324,57,4,1259
1789626699.999,5.21,11.4,0.9362,0.9362,56,0,1259
1789626701.001,5.21,10.3,0.9212,0.9222,56,0,1259
1789626702.003,5.21,10.1,0.9252,0.9246,56,0,1259
1789626703.005,5.21,10.1,0.9293,0.9289,56,0,1259
1789626704.007,5.21,10.2,0.9303,0.9303,56,0,1259
1789626705.009,5.03,10.2,0.9324,0.9324,56,0,1259
1789626706.011,5.03,10.6,0.9325,0.9325,56,0,1259
1789626707.013,5.03,10.4,0.9344,0.9354,56,0,1259
1789626708.014,5.03,27.0,0.9205,0.9205,56,0,1259
1789626709.016,5.03,10.8,0.9352,0.9342,56,0,1259
1789626710.019,4.79,17.4,0.9251,0.9261,56,0,1259
1789626711.021,4.79,20.7,0.9275,0.9265,56,0,1259
1789626712.023,4.79,10.9,0.9364,0.9374,56,0,1259
1789626713.025,4.79,10.7,0.9382,0.9376,56,0,1259
1789626714.027,4.79,10.7,0.9373,0.9379,56,0,1259
1789626715.028,4.72,11.1,0.9384,0.9384,56,0,1259
1789626716.03,4.72,11.0,0.9392,0.9382,56,0,1259
1789626717.032,4.72,27.2,0.9225,0.9235,56,0,1259
1789626718.034,4.72,14.6,0.934,0.933,56,0,1259
1789626719.036,4.72,26.6,0.9243,0.9253,56,42,1259
1789626720.038,4.67,10.9,0.9374,0.9364,56,0,1259
1789626721.04,4.67,10.9,0.9385,0.9395,56,0,1259
1789626722.042,4.67,26.2,0.9223,0.9223,57,0,1259
1789626723.044,4.67,26.7,0.9249,0.9249,57,0,1259
1789626724.046,4.67,10.9,0.9383,0.9383,56,0,1259
1789626725.048,5.41,29.8,0.9227,0.9223,56,0,1259
1789626726.049,5.41,11.0,0.9381,0.9385,56,0,1259
1789626727.051,5.41,19.3,0.9341,0.9331,56,0,1259
1789626728.054,5.41,17.7,0.9332,0.9342,56,0,1259
1789626729.055,5.41,14.3,0.9352,0.9342,58,0,1259
1789626730.057,5.22,10.6,0.9384,0.9392,57,0,1259
1789626731.06,5.22,15.5,0.937,0.9365,56,0,1259
1789626732.063,5.22,30.2,0.9245,0.9242,56,0,1259
1789626733.065,5.22,29.2,0.9113,0.9114,56,0,1259
1789626734.067,5.22,15.6,0.9212,0.9222,56,0,1259
1789626735.069,4.88,10.2,0.9294,0.9294,56,0,1259
1789626736.071,4.88,12.9,0.9278,0.9278,56,0,1259
1789626737.074,4.88,41.5,0.9326,0.9316,56,0,1259
1789626738.076,4.88,15.2,0.9263,0.9273,56,23,1259
1789626739.079,4.88,27.7,0.9379,0.9369,56,0,1259
1789626740.081,6.01,29.2,0.9213,0.9213,56,17,1259
1789626741.083,6.01,27.9,0.9321,0.9321,56,0,1259
1789626742.085,6.01,28.2,0.9311,0.9311,56,35,1259
1789626743.088,6.01,40.1,0.9349,0.9349,58,0,1259
1789626744.09,6.01,20.8,0.9311,0.9311,57,31,1259
1789626745.092,6.89,29.8,0.9321,0.9321,58,0,1259
1789626746.094,6.89,14.1,0.9284,0.9294,56,18,1259
1789626747.096,6.89,16.6,0.9332,0.9332,59,0,1259
1789626748.098,6.89,27.1,0.9342,0.9342,57,0,1259
1789626749.1,6.89,17.4,0.932,0.932,58,0,1259
1789626750.102,6.82,24.8,0.9365,0.9365,56,0,1259
1789626751.104,6.82,26.0,0.9403,0.9393,58,0,1259
1789626752.107,6.82,14.2,0.934,0.934,56,0,1259
1789626753.109,6.82,39.2,0.9251,0.9251,56,38,1259
1789626754.112,6.82,16.0,0.9253,0.9253,57,0,1259
1789626755.114,6.92,39.6,0.9382,0.9382,56,37,1259
1789626756.116,6.92,30.8,0.9318,0.9328,56,0,1259
1789626757.118,6.92,26.6,0.9284,0.9284,56,46,1259
1789626758.12,6.92,16.8,0.9348,0.9348,57,0,1259
1789626759.123,6.92,41.4,0.9357,0.9347,58,11,1259
1789626760.125,6.76,28.5,0.9252,0.9262,57,0,1259
1789626761.127,6.76,17.0,0.9343,0.9333,57,2,1259
1789626762.129,6.76,12.9,0.9365,0.9375,57,0,1259
1789626763.132,6.76,41.2,0.9302,0.9292,58,0,1259
1789626764.135,6.76,16.0,0.9331,0.9331,57,0,1259
1789626765.137,6.46,27.2,0.9164,0.917,57,0,1259
1789626766.139,6.46,28.2,0.9198,0.9192,57,0,1259
1789626767.141,6.46,25.3,0.9311,0.9311,57,0,1259
1789626768.143,6.46,13.9,0.9272,0.9272,56,9,1259
1789626769.145,6.46,27.2,0.9303,0.931,56,0,1259
1789626770.148,7.54,36.5,0.9368,0.937,59,0,1259
1789626771.15,7.54,34.9,0.9336,0.9326,56,26,1259
1789626772.153,7.54,36.9,0.9332,0.9342,58,0,1259
1789626773.156,7.54,34.1,0.9258,0.925,56,24,1259
1789626774.158,7.54,27.5,0.9294,0.9292,58,0,1259
1789626775.16,7.18,9.4,0.9361,0.9361,56,0,1259
1789626776.162,7.18,10.9,0.9342,0.9352,56,0,1259
1789626777.164,7.18,13.0,0.9308,0.9308,56,6,685
1789626778.166,7.18,14.2,0.9232,0.9222,56,6,777
1789626779.168,7.18,27.5,0.9212,0.9222,56,20,2857
1789626780.17,7.09,22.3,0.9271,0.9271,67,0,2857
1789626781.172,7.09,44.3,0.9203,0.9203,67,88,2857
1789626782.175,7.09,29.6,0.9259,0.9249,59,88,2857
1789626783.177,7.09,34.0,0.9301,0.9311,59,0,2857
1789626784.179,7.09,34.6,0.9201,0.9191,69,89,2857
1789626785.183,6.68,27.3,0.9259,0.9269,67,71,2857
1789626786.186,6.68,33.4,0.9174,0.9164,59,0,2857
1789626787.188,6.68,21.0,0.9293,0.9293,61,0,2857
1789626788.19,6.68,43.7,0.9285,0.9285,70,88,2857
1789626789.192,6.68,24.0,0.9302,0.9302,68,87,2857
1789626790.195,6.54,26.1,0.9248,0.9248,67,50,2857
1789626791.197,6.54,20.4,0.9271,0.9281,60,0,2857
1789626792.199,6.54,33.3,0.9147,0.9147,61,0,2857
1789626793.202,6.54,36.7,0.9138,0.9138,70,88,2857
1789626794.204,6.54,23.0,0.928,0.928,64,2,2857
1789626795.207,6.42,33.8,0.926,0.9263,62,0,2857
1789626796.209,6.42,40.1,0.9113,0.9111,70,88,2857
1789626797.211,6.42,33.3,0.9082,0.9072,61,0,2857
1789626798.213,6.42,24.1,0.9153,0.9153,64,49,2857
1789626799.216,6.42,29.1,0.9168,0.9178,69,89,2857
1789626800.218,6.23,21.0,0.9218,0.9218,61,0,2857
1789626801.22,6.23,36.5,0.9212,0.9202,63,0,2857
1789626802.224,6.23,36.4,0.9109,0.9119,71,88,2857
1789626803.227,6.23,33.7,0.9117,0.9117,61,64,2857
1789626804.229,6.23,34.1,0.9144,0.9144,62,0,2857
1789626805.231,6.13,34.0,0.9139,0.9139,63,0,2857
1789626806.234,6.13,23.9,0.9271,0.9261,63,0,2857
1789626807.236,6.13,39.2,0.9261,0.9271,70,88,2857
1789626808.238,6.13,30.6,0.9182,0.9178,68,89,2857
1789626809.24,6.13,20.8,0.9258,0.9252,63,0,2857
1789626810.242,6.12,39.5,0.9103,0.9103,70,13,2857
1789626811.245,6.12,32.2,0.9167,0.9177,71,88,2857
1789626812.247,6.12,34.5,0.917,0.917,62,37,2857
1789626813.25,6.12,34.9,0.9272,0.9272,63,0,2857
1789626814.252,6.12,37.4,0.9312,0.9302,64,0,2857
1789626815.255,7.07,34.2,0.9257,0.9267,71,89,2857
1789626816.257,7.07,21.9,0.931,0.931,62,66,2857
1789626817.259,7.07,19.7,0.9333,0.9333,63,0,2857
1789626818.261,7.07,20.9,0.9297,0.9287,64,0,2857
1789626819.264,7.07,38.1,0.915,0.915,64,4,2857
1789626820.266,7.54,38.8,0.9125,0.9135,72,88,2857
1789626821.269,7.54,29.6,0.9217,0.9207,71,89,2857
1789626822.271,7.54,33.8,0.9179,0.9189,63,0,2857
1789626823.274,7.54,42.7,0.911,0.9107,73,77,2857
1789626824.276,7.54,27.9,0.9231,0.9233,72,88,2857
1789626825.278,7.02,22.8,0.929,0.929,68,51,2857
1789626826.28,7.02,21.2,0.9253,0.9247,64,0,2857
1789626827.282,7.02,29.2,0.9233,0.9239,72,89,2857
1789626828.284,7.02,23.2,0.9315,0.9311,72,88,2857
1789626829.286,7.02,27.6,0.9255,0.9253,70,89,2857
1789626830.289,6.70,34.4,0.9133,0.9129,64,0,2857
1789626831.291,6.70,24.2,0.9169,0.9171,65,0,2857
1789626832.294,6.70,33.7,0.9124,0.9132,72,88,2857
1789626833.295,6.70,21.7,0.9253,0.9253,68,48,2857
1789626834.298,6.70,20.8,0.9254,0.9254,64,0,2857
1789626835.301,6.40,20.7,0.9283,0.9283,64,0,2857
1789626836.303,6.40,26.9,0.9263,0.926,68,42,2857
1789626837.305,6.40,29.0,0.9251,0.9244,72,88,2857
1789626838.308,6.40,24.4,0.9212,0.9212,71,80,2857
1789626839.311,6.40,35.5,0.914,0.914,64,0,2857
1789626840.313,6.61,36.6,0.9073,0.9073,65,0,2857
1789626841.315,6.61,38.1,0.91,0.91,73,89,2857
1789626842.317,6.61,31.7,0.915,0.916,63,27,2857
1789626843.319,6.61,34.5,0.9135,0.9135,65,0,2857
1789626844.321,6.61,40.5,0.9093,0.9083,68,44,2857
1789626845.324,6.32,28.1,0.9206,0.9206,71,89,2857
1789626846.327,6.32,33.9,0.9187,0.9197,63,21,2857
1789626847.329,6.32,34.6,0.9289,0.9281,64,0,2857
1789626848.331,6.32,20.1,0.9316,0.9313,64,0,2857
1789626849.334,6.32,43.4,0.9321,0.9321,73,88,2857
1789626850.336,6.05,10.1,0.9344,0.9354,63,0,2857
1789626851.338,6.05,8.8,0.9382,0.9372,62,0,2857
1789626852.34,6.05,12.1,0.9322,0.9332,61,3,685
1789626853.342,6.05,13.4,0.9301,0.9291,61,3,685
1789626854.344,6.05,27.7,0.9191,0.9201,61,6,1253
1789626855.346,5.89,29.5,0.9203,0.9203,63,0,1253
1789626856.349,5.89,35.8,0.9128,0.9128,61,7,1253
1789626857.351,5.89,37.2,0.922,0.922,63,0,1255
1789626858.354,5.89,35.8,0.9217,0.921,61,4,1255
1789626859.356,5.89,35.9,0.9243,0.927,63,0,1255
1789626860.359,6.46,37.2,0.8846,0.882,61,5,1255
1789626861.361,6.46,32.1,0.917,0.9166,63,0,1255
1789626862.364,6.46,35.9,0.9154,0.9164,60,13,1255
1789626863.366,6.46,32.3,0.9106,0.9099,61,0,1255
1789626864.37,6.46,36.5,0.9022,0.9029,60,21,1255
1789626865.372,6.50,19.9,0.9212,0.9212,62,0,1255
1789626866.374,6.50,30.5,0.9231,0.9221,60,15,1255
1789626867.377,6.50,27.3,0.9165,0.9165,62,0,1255
1789626868.38,6.50,22.3,0.9244,0.9254,60,11,1255
1789626869.382,6.50,34.5,0.9057,0.9047,62,0,1255
1789626870.384,6.62,11.5,0.9313,0.9323,59,0,1255
1789626871.386,6.62,11.4,0.9353,0.9343,59,0,1255
1789626872.388,6.62,11.2,0.9312,0.9322,59,0,685
1789626873.39,6.62,13.1,0.9268,0.9268,59,6,685
1789626874.393,6.62,14.7,0.928,0.928,59,11,1713
1789626875.395,6.33,26.7,0.9261,0.9251,62,0,1907
1789626876.397,6.33,26.6,0.9208,0.9218,60,51,1907
1789626877.4,6.33,18.5,0.9316,0.9316,60,0,1907
1789626878.402,6.33,21.7,0.9271,0.9271,60,0,1907
1789626879.404,6.33,27.6,0.925,0.924,60,0,1907
1789626880.406,6.15,27.8,0.9361,0.9371,61,0,1907
1789626881.408,6.15,26.4,0.9232,0.9222,65,10,1907
1789626882.411,6.15,15.2,0.9353,0.9359,60,0,1907
1789626883.413,6.15,21.7,0.9369,0.9373,60,0,1907
1789626884.415,6.15,10.4,0.9373,0.9373,60,0,1907
1789626885.417,6.37,26.0,0.9328,0.9328,60,0,1907
1789626886.419,6.37,25.8,0.9249,0.9249,61,0,1907
1789626887.421,6.37,32.4,0.9191,0.9181,66,62,1907
1789626888.423,6.37,25.0,0.9251,0.9261,60,32,1907
1789626889.426,6.37,16.6,0.9305,0.9305,60,0,1907
1789626890.428,7.07,22.8,0.9272,0.9272,59,0,1907
1789626891.43,7.07,27.2,0.9255,0.9245,59,0,1907
1789626892.432,7.07,14.7,0.9341,0.9351,62,0,1907
1789626893.435,7.07,27.7,0.9206,0.9196,59,77,1907
1789626894.438,7.07,21.6,0.9153,0.9163,60,0,1907
1789626895.44,7.70,18.1,0.9192,0.9182,60,0,1907
1789626896.442,7.70,26.0,0.914,0.914,60,0,1907
1789626897.445,7.70,13.2,0.9253,0.9263,60,0,1907
1789626898.447,7.70,27.2,0.9249,0.9249,59,29,1907
1789626899.449,7.70,13.4,0.9303,0.9293,58,22,1907
1789626900.451,7.24,12.1,0.9323,0.9333,58,0,1907
1789626901.452,7.24,24.9,0.9286,0.9286,59,0,1907
1789626902.454,7.24,27.2,0.9195,0.9195,60,0,1907
1789626903.456,7.24,27.0,0.9209,0.9209,66,0,1907
1789626904.459,7.24,26.5,0.922,0.921,59,0,1907
1789626905.461,7.06,13.4,0.9319,0.9329,59,15,1907
1789626906.463,7.06,23.8,0.9358,0.9358,59,0,1907
1789626907.465,7.06,34.2,0.9372,0.9372,66,0,1907
1789626908.469,7.06,20.3,0.9281,0.9281,59,47,1907
1789626909.47,7.06,17.8,0.9323,0.9323,59,0,1907
1789626910.472,7.70,25.1,0.9225,0.9215,60,0,1907
1789626911.474,7.70,33.6,0.9151,0.9151,67,0,1907
1789626912.476,7.70,14.3,0.935,0.936,59,24,1907
1789626913.479,7.70,21.5,0.9269,0.9259,59,0,1907
1789626914.481,7.70,28.7,0.9263,0.9263,59,0,1907
1789626915.483,7.40,27.6,0.9261,0.9265,65,0,1907
1789626916.485,7.40,26.3,0.9294,0.93,59,0,1907
1789626917.487,7.40,20.6,0.9325,0.9316,59,51,1907
1789626918.489,7.40,16.7,0.9313,0.9323,59,0,1907
1789626919.491,7.40,24.8,0.9303,0.9293,59,0,1907
1789626920.493,7.21,27.2,0.9234,0.9244,59,0,1907
1789626921.495,7.21,28.0,0.9249,0.9243,58,0,1907
1789626922.498,7.21,25.0,0.9252,0.9248,59,51,1907
1789626923.501,7.21,16.4,0.9357,0.9367,61,0,1907
1789626924.503,7.21,21.7,0.9293,0.9293,59,0,1907
1789626925.505,6.87,27.7,0.9213,0.9203,59,0,1907
1789626926.507,6.87,27.3,0.9141,0.9149,59,0,1907
1789626927.509,6.87,21.7,0.921,0.9203,62,51,1907
1789626928.512,6.87,16.9,0.9222,0.9232,59,0,1907
1789626929.514,6.87,24.4,0.9184,0.9184,59,0,1907
1789626930.516,6.64,27.6,0.9183,0.9173,59,0,1907
1789626931.518,6.64,26.6,0.9161,0.9161,58,0,1907
1789626932.521,6.64,25.7,0.9194,0.9204,58,43,1907
1789626933.524,6.64,15.5,0.928,0.928,61,5,1907
1789626934.527,6.64,21.5,0.9244,0.9235,59,0,1907
1789626935.529,6.35,27.6,0.9164,0.9164,59,0,1907
1789626936.531,6.35,27.6,0.9212,0.9212,59,0,1907
1789626937.533,6.35,26.8,0.9211,0.9211,59,0,1907
1789626938.536,6.35,20.5,0.9257,0.9257,62,45,1907
1789626939.538,6.35,17.4,0.9282,0.9292,59,0,1907
1789626940.539,6.08,25.5,0.9233,0.9223,58,0,1907
1789626941.541,6.08,27.3,0.9253,0.9253,58,0,1907
1789626942.543,6.08,10.2,0.9364,0.9364,57,0,1907
1789626943.545,6.08,9.9,0.9364,0.9374,57,0,1907
1789626944.547,6.08,12.2,0.9319,0.9319,57,4,685
1789626945.549,6.16,13.1,0.932,0.932,57,0,777
1789626946.552,6.16,19.2,0.9286,0.9276,60,27,2857
1789626947.555,6.16,34.2,0.9247,0.9256,60,27,2857
1789626948.556,6.16,11.0,0.9383,0.9383,64,2,2857
1789626949.558,6.16,8.7,0.9392,0.9392,59,0,2857
1789626950.56,5.90,7.9,0.9392,0.9392,58,0,2857
1789626951.562,5.90,8.1,0.9402,0.9392,57,0,2857
1789626952.564,5.90,13.8,0.9392,0.9392,57,0,2857
1789626953.566,5.90,43.4,0.9312,0.9322,57,57,2857
1789626954.569,5.90,28.3,0.932,0.931,62,0,2857
1789626955.571,5.91,24.7,0.929,0.93,69,58,2857
1789626956.573,5.91,37.1,0.9211,0.9201,69,89,2857
1789626957.576,5.91,35.2,0.9136,0.9146,68,89,2857
1789626958.578,5.91,36.1,0.9112,0.9102,61,0,2857
1789626959.58,5.91,25.3,0.914,0.915,71,64,2857
1789626960.582,5.76,36.1,0.9041,0.9041,70,88,2857
1789626961.585,5.76,14.3,0.9277,0.9277,69,88,2857
1789626962.587,5.76,43.5,0.9129,0.9119,60,42,2857
1789626963.597,5.76,9.0,0.9308,0.9308,64,0,2857
1789626964.599,5.70,29.9,0.9192,0.9202,60,0,2857
1789626965.601,5.70,8.9,0.9324,0.9318,70,88,2857
1789626966.603,5.70,9.1,0.9353,0.9359,60,0,2857
1789626967.605,5.70,22.6,0.9318,0.9328,60,0,2857
1789626968.608,5.70,34.1,0.9118,0.9108,65,88,2857
1789626969.609,5.56,36.8,0.9184,0.9174,60,51,2857
1789626970.611,5.56,38.9,0.9172,0.9182,62,0,2857
1789626971.614,5.56,11.7,0.9321,0.9321,71,89,2857
1789626972.616,5.56,35.9,0.9271,0.9261,61,0,2857
1789626973.618,5.56,16.2,0.9322,0.9332,71,89,2857
1789626974.62,5.52,34.2,0.9272,0.9272,61,66,2857
1789626975.622,5.52,27.9,0.9316,0.9312,70,34,2857
1789626976.624,5.52,15.5,0.9339,0.9333,71,88,2857
1789626977.625,5.52,10.6,0.9374,0.9374,62,0,2857
1789626978.627,5.52,10.8,0.9383,0.9383,61,0,2857
1789626979.629,6.52,14.1,0.9372,0.9372,60,0,2857
1789626980.631,6.52,19.5,0.9333,0.9333,59,5,2857
1789626981.634,6.52,35.8,0.9295,0.9301,61,0,2857
1789626982.636,6.52,34.1,0.9183,0.918,70,88,2857
1789626983.638,6.52,30.5,0.9175,0.9173,69,89,2857
1789626984.64,6.39,9.2,0.9383,0.9383,62,0,2857
1789626985.642,6.39,33.1,0.9191,0.9191,61,0,2857
1789626986.645,6.39,24.0,0.929,0.93,71,89,2857
1789626987.647,6.39,36.2,0.9191,0.9201,69,89,2857
1789626988.649,6.39,31.7,0.919,0.918,64,89,2857
1789626989.651,6.28,9.9,0.9392,0.9392,62,0,2857
1789626990.653,6.28,11.3,0.9297,0.9297,61,0,2857
1789626991.656,6.28,39.0,0.9032,0.9022,60,40,2857
1789626992.658,6.28,28.7,0.9118,0.9128,63,0,2857
1789626993.66,6.28,9.4,0.9291,0.9281,71,0,2857
1789626994.663,6.90,31.3,0.9136,0.9136,61,0,2857
1789626995.666,6.90,34.8,0.9093,0.9107,70,8,2857
1789626996.668,6.90,34.7,0.9121,0.9117,70,62,2857
1789626997.67,6.90,15.9,0.9273,0.9263,68,88,2857
1789626998.672,6.90,41.8,0.9231,0.9231,62,1,2857
1789626999.675,7.63,36.2,0.9109,0.9115,66,0,2857
1789627000.677,7.63,13.8,0.9308,0.9312,72,0,2857
1789627001.68,7.63,29.2,0.9235,0.9235,61,0,2857
1789627002.682,7.63,22.2,0.9371,0.9365,71,44,2857
1789627003.684,7.63,22.2,0.932,0.9322,61,0,2857
1789627004.687,7.50,33.7,0.9179,0.9173,69,88,2857
1789627005.69,7.50,21.6,0.9324,0.9334,61,88,2857
1789627006.692,7.50,42.1,0.9154,0.9144,62,67,2857
1789627007.695,7.50,38.7,0.9144,0.9144,66,0,2857
1789627008.698,7.50,31.5,0.9184,0.9184,72,0,2857
1789627009.7,7.14,14.9,0.9302,0.9312,71,89,2857
1789627010.701,7.14,9.1,0.9383,0.9383,62,0,2857
1789627011.703,7.14,9.3,0.9393,0.9383,61,0,2857
1789627012.705,7.14,8.9,0.9383,0.9383,60,0,2857
1789627013.707,7.14,28.6,0.9323,0.9323,60,0,2857
1789627014.709,7.93,29.7,0.9291,0.9291,70,0,2857
1789627015.712,7.93,26.5,0.9232,0.9242,71,88,2857
1789627016.714,7.93,36.1,0.9241,0.9241,62,10,2857
1789627017.716,7.93,10.4,0.9383,0.9373,72,38,2857
1789627018.718,7.93,9.8,0.9391,0.9401,62,0,2857
1789627019.72,8.81,19.2,0.9342,0.9332,61,0,2857
1789627020.722,8.81,21.8,0.9322,0.9322,60,88,2857
1789627021.725,8.81,26.7,0.9318,0.9328,62,0,2857
1789627022.728,8.81,14.8,0.9352,0.9352,68,87,2857
1789627023.73,8.81,39.0,0.9273,0.9263,62,12,2857
1789627024.733,9.31,27.8,0.9197,0.9207,66,0,2857
1789627025.736,9.31,37.0,0.9155,0.9155,69,88,2857
1789627026.738,9.31,28.8,0.927,0.9268,63,46,2857
1789627027.741,9.31,34.5,0.9241,0.9243,71,0,2857
1789627028.743,9.31,24.5,0.9349,0.9339,71,87,2857
1789627029.745,8.72,10.7,0.9351,0.9351,62,0,2857
1789627030.747,8.72,9.8,0.9353,0.9363,61,0,2857
1789627031.749,8.72,9.1,0.9358,0.9354,60,0,2857
1789627032.751,8.72,23.4,0.9247,0.9251,60,0,2857
1789627033.753,8.72,23.3,0.9253,0.9253,65,88,2857
1789627034.755,8.27,21.2,0.9243,0.9243,61,88,2857
1789627035.757,8.27,33.1,0.9332,0.9322,63,0,2857
1789627036.759,8.27,25.5,0.9302,0.9306,71,3,2857
1789627037.76,8.27,26.5,0.9183,0.9179,70,89,2857
1789627038.763,8.27,38.3,0.9001,0.9011,62,0,2857
1789627039.765,8.00,9.4,0.923,0.922,62,0,2857
1789627040.767,8.00,8.9,0.9385,0.9385,61,0,2857
1789627041.768,8.00,28.7,0.9322,0.9322,60,0,2857
1789627042.771,8.00,15.4,0.9308,0.9308,71,89,2857
1789627043.773,8.00,10.1,0.937,0.937,62,0,2857
1789627044.775,9.21,34.8,0.9233,0.9243,60,0,2857
1789627045.777,9.21,33.0,0.9012,0.9021,62,0,2857
1789627046.779,9.21,22.8,0.9204,0.9184,72,88,2857
1789627047.78,9.21,8.1,0.9376,0.9386,62,0,2857
1789627048.782,9.21,40.2,0.9193,0.9183,69,34,2857
1789627049.784,8.79,9.7,0.9364,0.9364,62,0,2857
1789627050.786,8.79,9.5,0.9374,0.9374,61,0,2857
1789627051.788,8.79,11.1,0.9363,0.9363,60,0,2857
1789627052.791,8.79,21.9,0.9372,0.9382,59,0,2857
1789627053.793,8.79,16.5,0.9118,0.9112,63,59,2857
1789627054.795,8.25,21.6,0.9264,0.926,70,88,2857
1789627055.798,8.25,34.1,0.9284,0.9294,61,0,2857
1789627056.8,8.25,16.4,0.9322,0.9322,71,88,2857
1789627057.802,8.25,34.3,0.9239,0.9229,69,47,2857
1789627058.804,8.25,9.2,0.9353,0.9353,62,0,2857
1789627059.806,7.82,24.4,0.9224,0.9224,68,17,2857
1789627060.808,7.82,32.6,0.9311,0.9321,62,0,2857
1789627061.81,7.82,25.9,0.9271,0.9261,63,0,2857
1789627062.812,7.82,36.8,0.9093,0.9093,71,88,2857
1789627063.815,7.82,28.0,0.9206,0.9216,62,0,2857
1789627064.817,7.28,12.7,0.9313,0.9313,65,0,2857
1789627065.819,7.28,44.1,0.907,0.907,70,88,2857
1789627066.821,7.28,25.8,0.922,0.921,63,0,2857
1789627067.823,7.28,11.9,0.9312,0.9322,70,14,2857
1789627068.825,7.28,12.1,0.9341,0.9331,62,0,2857
1789627069.827,7.10,28.7,0.9263,0.9273,67,88,2857
1789627070.829,7.10,30.4,0.9312,0.9312,62,0,2857
1789627071.831,7.10,19.0,0.9362,0.9352,63,0,2857
1789627072.833,7.10,29.2,0.9221,0.9231,61,0,2857
1789627073.836,7.10,28.5,0.9207,0.9207,68,3,2857
1789627074.838,7.09,38.2,0.9128,0.9118,70,89,2857
1789627075.841,7.09,29.0,0.923,0.924,62,0,2857
1789627076.844,7.09,26.9,0.9309,0.9309,64,0,2857
1789627077.848,7.09,20.9,0.9255,0.9255,71,88,2857
1789627078.85,7.09,37.2,0.9156,0.9146,62,56,2857
1789627079.854,8.12,29.7,0.9176,0.9186,65,0,2857
1789627080.856,8.12,15.8,0.9295,0.9285,71,61,2857
1789627081.858,8.12,24.5,0.9242,0.9242,69,88,2857
1789627082.86,8.12,22.1,0.931,0.931,62,0,2857
1789627083.863,8.12,18.3,0.9273,0.9286,63,0,2857
1789627084.864,7.87,20.4,0.9266,0.9254,71,88,2857
1789627085.866,7.87,32.7,0.9282,0.9282,62,27,2857
1789627086.869,7.87,16.7,0.9267,0.9277,65,0,2857
1789627087.871,7.87,22.2,0.9159,0.9152,71,89,2857
1789627088.874,7.87,16.6,0.923,0.9247,62,0,2857
1789627089.876,8.36,39.4,0.9071,0.9051,71,88,2857
1789627090.878,8.36,29.7,0.9157,0.9157,62,0,2857
1789627091.88,8.36,24.9,0.9182,0.9192,67,0,2857
1789627092.882,8.36,26.4,0.9172,0.9162,62,0,2857
1789627093.885,8.36,13.8,0.9285,0.9295,64,0,2857
1789627094.888,8.01,36.5,0.9183,0.9173,70,88,2857
1789627095.89,8.01,33.8,0.9201,0.9201,62,26,2857
1789627096.892,8.01,30.1,0.9191,0.9191,67,0,2857
1789627097.894,8.01,32.6,0.9132,0.9132,71,89,2857
1789627098.896,8.01,8.3,0.9322,0.9332,63,0,2857
1789627099.899,7.61,20.0,0.9279,0.9279,62,0,2857
1789627100.901,7.61,31.4,0.9133,0.9133,70,80,2857
1789627101.903,7.61,22.4,0.9307,0.9307,70,89,2857
1789627102.906,7.61,31.1,0.9311,0.9309,62,0,2857
1789627103.908,7.61,29.1,0.9231,0.9231,64,0,2857
1789627104.91,7.16,32.3,0.9213,0.9206,71,88,2857
1789627105.912,7.16,23.6,0.9282,0.9292,62,60,2857
1789627106.914,7.16,28.0,0.9301,0.9291,62,0,2857
1789627107.916,7.16,28.9,0.9202,0.9212,66,0,2857
1789627108.918,7.16,40.1,0.9093,0.9083,71,88,2857
1789627109.92,8.11,29.9,0.9232,0.9232,63,0,2857
1789627110.922,8.11,8.0,0.937,0.9372,66,0,2857
1789627111.925,8.11,16.0,0.9352,0.936,62,0,2857
1789627112.927,8.11,30.8,0.9252,0.9252,68,89,2857
1789627113.929,8.11,20.4,0.9339,0.9339,63,0,2857
1789627114.931,7.70,26.7,0.9282,0.9282,71,88,2857
1789627115.934,7.70,32.0,0.9275,0.9269,63,44,2857
1789627116.935,7.70,27.0,0.9204,0.921,72,0,2857
1789627117.938,7.70,24.3,0.9356,0.9366,62,0,2857
1789627118.94,7.70,15.4,0.9324,0.9314,71,25,2857
1789627119.942,7.48,30.5,0.9244,0.9234,62,89,2857
1789627120.944,7.48,21.1,0.9322,0.9322,64,0,2857
1789627121.946,7.48,35.2,0.9162,0.9172,72,89,2857
1789627122.948,7.48,34.1,0.92,0.92,63,26,2857
1789627123.95,7.48,26.3,0.9216,0.9212,65,0,2857
1789627124.952,7.04,28.8,0.9207,0.92,72,88,2857
1789627125.954,7.04,20.8,0.9343,0.9353,63,0,2857
1789627126.956,7.04,18.9,0.9305,0.9305,72,73,2857
1789627127.958,7.04,40.9,0.9171,0.9171,63,89,2857
1789627128.96,7.04,27.0,0.9223,0.9223,64,0,2857
1789627129.962,7.12,20.0,0.9333,0.9333,72,87,2857
1789627130.963,7.12,31.5,0.9243,0.9243,63,88,2857
1789627131.965,7.12,11.3,0.9353,0.9343,65,0,2857
1789627132.967,7.12,18.0,0.9321,0.9328,62,0,2857
1789627133.969,7.12,33.6,0.9134,0.9136,67,88,2857
1789627134.971,7.91,19.4,0.9335,0.9331,63,0,2857
1789627135.973,7.91,16.9,0.9318,0.9322,71,48,2857
1789627136.976,7.91,39.5,0.915,0.914,62,86,2857
1789627137.978,7.91,24.1,0.9219,0.9229,63,0,2857
1789627138.98,7.91,25.7,0.9175,0.9175,71,0,2857
1789627139.982,7.52,9.4,0.9353,0.9343,62,0,2857
1789627140.984,7.52,11.3,0.9321,0.9321,62,0,2857
1789627141.986,7.52,13.6,0.9293,0.9293,61,0,685
1789627142.988,7.52,14.3,0.9259,0.9259,60,4,693
1789627143.991,7.52,40.8,0.9235,0.9245,60,4,1257
1789627144.993,7.40,31.2,0.9227,0.9227,63,0,1257
1789627145.996,7.40,22.6,0.9235,0.9245,67,0,1259
1789627146.998,7.40,23.4,0.9281,0.9271,66,19,1259
1789627148.0,7.40,24.3,0.928,0.928,66,41,1259
1789627149.002,7.40,24.5,0.9293,0.9283,63,61,1259
1789627150.004,7.36,23.3,0.9285,0.9285,64,72,1259
1789627151.006,7.36,23.0,0.9272,0.9282,66,71,1259
1789627152.008,7.36,24.0,0.9273,0.9273,67,67,1259
1789627153.01,7.36,25.8,0.9211,0.9211,67,70,1259
1789627154.011,7.36,24.8,0.9225,0.9225,67,70,1259
1789627155.013,7.02,25.5,0.9242,0.9232,67,71,1259
1789627156.015,7.02,24.7,0.9243,0.9253,66,71,1259
1789627157.017,7.02,24.0,0.9281,0.9281,62,9,1259
1789627158.02,7.02,25.1,0.9231,0.9231,62,0,1259
1789627159.023,7.02,24.1,0.924,0.923,62,0,1259
1789627160.025,7.01,24.1,0.9259,0.9269,62,0,1259
1789627161.028,7.01,22.8,0.9265,0.9255,62,0,1259
1789627162.03,7.01,22.7,0.9261,0.9271,62,0,1259
1789627163.032,7.01,23.0,0.9273,0.9273,62,0,1259
1789627164.034,7.01,23.7,0.9291,0.9281,63,0,1259
1789627165.036,6.85,23.8,0.9251,0.9261,64,24,1259
1789627166.038,6.85,24.5,0.9251,0.9241,67,51,1259
1789627167.04,6.85,24.3,0.9273,0.9273,67,70,1259
1789627168.042,6.85,24.6,0.9235,0.9235,67,71,1259
1789627169.044,6.85,24.6,0.9222,0.9222,67,71,1259
1789627170.046,6.86,24.6,0.9232,0.9242,67,71,1259
1789627171.048,6.86,25.1,0.9283,0.9273,67,71,1259
1789627172.049,6.86,25.0,0.9274,0.9284,66,72,1259
1789627173.052,6.86,25.0,0.9267,0.9267,62,11,1259
1789627174.054,6.86,25.5,0.924,0.924,62,0,1259
1789627175.056,6.71,25.7,0.9272,0.9272,62,0,1259
1789627176.059,6.71,23.9,0.9299,0.9299,62,0,1259
1789627177.061,6.71,23.8,0.9287,0.9287,62,0,1259
1789627178.064,6.71,23.5,0.9263,0.9263,62,0,1259
1789627179.066,6.71,23.8,0.9263,0.9253,63,0,1259
1789627180.068,6.42,22.9,0.9289,0.9299,63,0,1259
1789627181.071,6.42,23.9,0.9268,0.9258,63,18,1259
1789627182.073,6.42,23.4,0.925,0.926,65,39,1259
1789627183.075,6.42,23.0,0.9207,0.9199,67,63,1259
1789627184.077,6.42,24.5,0.9195,0.9192,67,70,1259
1789627185.079,6.22,25.0,0.9152,0.9152,67,71,1259
1789627186.081,6.22,25.1,0.9232,0.9232,67,70,1259
1789627187.083,6.22,24.7,0.9221,0.9231,66,71,1259
1789627188.085,6.22,24.8,0.9222,0.9222,66,72,1259
1789627189.088,6.22,25.5,0.9191,0.9181,66,52,1259
1789627190.09,7.09,25.3,0.9182,0.9192,65,39,1259
1789627191.092,7.09,25.3,0.9271,0.9261,62,23,1259
1789627192.094,7.09,25.9,0.9225,0.9225,62,3,1259
1789627193.097,7.09,25.5,0.919,0.92,62,0,1259
1789627194.099,7.09,23.1,0.9241,0.9241,62,0,1259
1789627195.101,6.84,22.4,0.9283,0.9283,62,0,1259
1789627196.104,6.84,23.4,0.9262,0.9255,63,0,1259
1789627197.105,6.84,24.7,0.9266,0.9274,63,24,1259
1789627198.107,6.84,22.9,0.9362,0.9362,65,41,1259
1789627199.11,6.84,23.4,0.9257,0.9247,67,60,1259
1789627200.112,6.69,24.8,0.9294,0.9304,66,71,1259
1789627201.114,6.69,11.6,0.9362,0.9352,61,0,1259
1789627202.116,6.69,11.1,0.9363,0.9363,60,0,1259
1789627203.118,6.69,27.2,0.9409,0.9409,60,6,1259
1789627204.12,6.69,25.9,0.9371,0.9381,60,0,1259
1789627205.122,6.56,10.0,0.9353,0.9343,60,0,1259
1789627206.124,6.56,27.0,0.9403,0.9403,60,0,1259
1789627207.126,6.56,26.2,0.9254,0.9264,61,37,1259
1789627208.128,6.56,26.8,0.9302,0.9302,59,0,1259
1789627209.131,6.56,22.1,0.9346,0.9346,59,0,1259
1789627210.133,6.59,14.0,0.9332,0.9322,59,0,1259
1789627211.135,6.59,26.8,0.9201,0.9211,61,37,1259
1789627212.138,6.59,14.7,0.932,0.931,59,0,1259
1789627213.14,6.59,25.3,0.9317,0.9327,59,0,1259
1789627214.143,6.59,15.4,0.9385,0.9385,59,0,1259
1789627215.145,6.22,19.7,0.9373,0.9364,59,0,1259
1789627216.147,6.22,25.1,0.9313,0.9323,59,0,1259
1789627217.148,6.22,11.7,0.9272,0.9262,59,15,1259
1789627218.151,6.22,13.5,0.9298,0.9306,58,18,1259
1789627219.154,6.22,24.8,0.924,0.9243,58,0,1259
1789627220.157,5.97,15.1,0.9318,0.9308,58,0,1259
1789627221.158,5.97,10.4,0.9353,0.9353,59,0,1259
1789627222.16,5.97,26.9,0.9223,0.9233,59,0,1259
1789627223.162,5.97,26.7,0.9183,0.9173,58,37,1259
1789627224.164,5.97,14.1,0.9304,0.9304,58,0,1259
1789627225.166,5.97,14.8,0.9322,0.9322,58,0,1259
1789627226.168,5.97,11.4,0.9333,0.9333,59,0,1259
1789627227.17,5.97,26.3,0.9392,0.9392,59,0,1259
1789627228.172,5.97,16.4,0.9322,0.9322,60,8,1259
1789627229.174,5.97,27.8,0.9244,0.9244,58,37,1259
1789627230.176,5.97,14.4,0.9321,0.9321,58,0,1259
1789627231.178,5.97,18.0,0.9369,0.9379,58,0,1259
1789627232.18,5.97,18.8,0.9343,0.9343,58,0,1259
1789627233.182,5.97,26.7,0.9222,0.9222,58,0,1259
1789627234.184,5.97,25.8,0.9342,0.9332,58,24,1259
1789627235.186,6.93,28.0,0.9282,0.9282,58,14,1259
1789627236.188,6.93,25.3,0.9218,0.9228,58,0,1259
1789627237.191,6.93,17.7,0.9325,0.9315,57,0,1259
1789627238.193,6.93,22.1,0.9393,0.9403,58,0,1259
1789627239.195,6.93,27.2,0.9334,0.9331,58,0,1259
1789627240.197,7.66,27.2,0.9342,0.9334,57,37,1259
1789627241.199,7.66,27.5,0.9344,0.935,57,0,1259
1789627242.202,7.66,21.2,0.9349,0.9353,58,0,1259
1789627243.204,7.66,16.5,0.9338,0.9338,58,0,1259
1789627244.206,7.66,24.3,0.9242,0.9242,58,0,1259
1789627245.208,7.37,13.8,0.9333,0.9323,59,7,1259
1789627246.21,7.37,12.4,0.9352,0.9362,57,30,1259
1789627247.213,7.37,12.7,0.9366,0.9356,57,0,1259
1789627248.215,7.37,12.7,0.9321,0.9331,57,0,1259
1789627249.218,7.37,8.4,0.9302,0.9292,57,0,1259
1789627250.22,6.94,12.4,0.9332,0.9342,58,0,1259
1789627251.222,6.94,27.3,0.9222,0.9212,57,37,1259
1789627252.224,6.94,13.3,0.9322,0.9332,57,0,1259
1789627253.227,6.94,22.8,0.9337,0.9337,57,0,1259
1789627254.228,6.94,13.9,0.9363,0.9363,57,0,1259
1789627255.231,6.78,14.4,0.9353,0.9343,57,0,1259
1789627256.233,6.78,22.2,0.9373,0.9373,57,0,1259
1789627257.235,6.78,26.5,0.9184,0.9184,58,0,1259
1789627258.237,6.78,26.2,0.9252,0.9252,57,45,1259
1789627259.239,6.78,25.8,0.9311,0.9321,57,0,1259
1789627260.241,6.40,10.8,0.9358,0.9351,57,0,1259
1789627261.243,6.40,27.0,0.9196,0.9193,57,0,1259
1789627262.245,6.40,26.4,0.9324,0.9324,59,30,1259
1789627263.247,6.40,27.4,0.9203,0.9203,57,8,1259
1789627264.249,6.40,10.9,0.9373,0.9373,57,0,1259
1789627265.251,6.13,26.0,0.9213,0.9223,57,0,1259
1789627266.254,6.13,15.4,0.9313,0.9313,57,0,1259
1789627267.256,6.13,20.8,0.9272,0.9262,57,0,1259
1789627268.257,6.13,25.9,0.9255,0.9255,57,0,1259
1789627269.259,6.13,25.8,0.9325,0.9335,57,37,1259
1789627270.261,5.88,9.3,0.9434,0.9424,57,0,1259
1789627271.263,5.88,10.0,0.9405,0.9415,57,0,1259
1789627272.264,5.88,10.1,0.9413,0.9407,57,0,1259
1789627273.266,5.88,13.3,0.9312,0.9318,57,3,693
1789627274.269,5.88,13.4,0.9269,0.9259,57,4,777
1789627275.271,6.53,26.5,0.9177,0.9187,57,49,2857
1789627276.273,6.53,31.7,0.9334,0.9334,68,31,2857
1789627277.275,6.53,13.6,0.9366,0.9369,59,0,2857
1789627278.277,6.53,35.8,0.9334,0.9332,68,89,2857
1789627279.279,6.53,17.3,0.9372,0.9362,59,0,2857
1789627280.282,7.29,33.7,0.9381,0.9381,68,67,2857
1789627281.283,7.29,18.4,0.9362,0.9362,59,0,2857
1789627282.286,7.29,39.1,0.9181,0.9181,69,80,2857
1789627283.288,7.29,10.4,0.9352,0.9352,60,0,2857
1789627284.291,7.29,36.1,0.9115,0.9125,66,89,2857
1789627285.293,7.26,18.6,0.9263,0.9263,70,0,2857
1789627286.296,7.26,20.5,0.9288,0.9278,60,0,2857
1789627287.298,7.26,35.3,0.915,0.9153,69,16,2857
1789627288.3,7.26,11.3,0.9374,0.9382,60,0,2857
1789627289.302,7.26,38.7,0.9194,0.9184,69,76,2857
1789627290.305,6.92,13.7,0.9345,0.9347,60,0,2857
1789627291.308,6.92,44.6,0.9083,0.909,69,87,2857
1789627292.311,6.92,11.9,0.9338,0.9332,61,0,2857
1789627293.314,6.92,41.2,0.9294,0.9308,63,88,2857
1789627294.316,6.92,9.4,0.9363,0.9356,61,0,2857
1789627295.318,6.93,36.9,0.9252,0.9252,66,89,2857
1789627296.319,6.93,11.1,0.9333,0.9323,64,0,2857
1789627297.321,6.93,25.5,0.9322,0.9322,60,4,2857
1789627298.323,6.93,30.7,0.9223,0.9223,71,0,2857
1789627299.326,6.93,18.7,0.9328,0.9328,60,0,2857
1789627300.328,7.73,33.5,0.913,0.913,70,11,2857
1789627301.33,7.73,18.4,0.9327,0.9337,61,0,2857
1789627302.332,7.73,18.6,0.9301,0.9293,70,11,2857
1789627303.335,7.73,11.8,0.9322,0.9329,61,0,2857
1789627304.337,7.73,19.1,0.9247,0.9237,69,31,2857
1789627305.34,7.43,16.7,0.9287,0.9297,61,0,2857
1789627306.342,7.43,32.5,0.9133,0.9133,70,0,2857
1789627307.344,7.43,21.0,0.9272,0.9272,61,0,2857
1789627308.345,7.43,18.1,0.9265,0.9265,71,0,2857
1789627309.348,7.43,19.9,0.9338,0.9328,61,0,2857
1789627310.35,7.40,39.3,0.9211,0.9211,71,89,2857
1789627311.352,7.40,12.6,0.9359,0.9359,61,0,2857
1789627312.354,7.40,44.2,0.915,0.915,70,89,2857
1789627313.356,7.40,9.4,0.9292,0.9302,62,0,2857
1789627314.359,7.40,35.4,0.9167,0.9167,61,89,2857
1789627315.361,7.05,22.2,0.9343,0.9333,64,0,2857
1789627316.363,7.05,27.2,0.9269,0.9279,61,39,2857
1789627317.365,7.05,22.4,0.9362,0.9352,63,0,2857
1789627318.367,7.05,28.5,0.9229,0.9239,61,52,2857
1789627319.369,7.05,17.1,0.9283,0.9273,71,0,2857
1789627320.372,6.72,19.5,0.9228,0.9238,61,0,2857
1789627321.374,6.72,12.6,0.9301,0.9291,65,0,2857
1789627322.376,6.72,25.5,0.9218,0.9218,61,13,2857
1789627323.379,6.72,31.2,0.9156,0.9156,72,0,2857
1789627324.381,6.72,17.1,0.928,0.928,61,0,2857
1789627325.383,7.23,32.4,0.9221,0.9221,70,88,2857
1789627326.386,7.23,9.5,0.9353,0.9359,62,0,2857
1789627327.388,7.23,41.4,0.9308,0.9312,63,89,2857
1789627328.39,7.23,10.3,0.9331,0.9321,62,0,2857
1789627329.392,7.23,40.4,0.9175,0.9177,66,89,2857
1789627330.394,6.81,16.1,0.9316,0.9314,63,0,2857
1789627331.396,6.81,29.0,0.9199,0.9199,61,63,2857
1789627332.398,6.81,8.8,0.9292,0.9302,64,0,2857
1789627333.4,6.81,21.3,0.9242,0.9232,66,0,2857
1789627334.403,6.81,11.2,0.9392,0.9401,62,0,2857
1789627335.405,6.66,28.8,0.9231,0.9221,70,37,2857
1789627336.406,6.66,30.6,0.9164,0.9174,63,0,2857
1789627337.409,6.66,20.4,0.927,0.927,61,0,2857
1789627338.411,6.66,33.8,0.9132,0.9122,63,20,2857
1789627339.413,6.66,13.9,0.9351,0.9351,61,0,2857
1789627340.415,6.61,26.5,0.9273,0.9273,66,33,2857
1789627341.416,6.61,11.1,0.9363,0.9373,62,0,2857
1789627342.418,6.61,29.0,0.9312,0.9302,71,88,2857
1789627343.42,6.61,9.4,0.9373,0.9374,62,0,2857
1789627344.422,6.61,28.3,0.929,0.93,70,90,2857
1789627345.424,6.40,28.2,0.9382,0.9382,62,0,2857
1789627346.428,6.40,22.0,0.9311,0.9311,61,10,2857
1789627347.43,6.40,38.8,0.93,0.93,67,42,2857
1789627348.432,6.40,13.2,0.9382,0.9372,62,0,2857
1789627349.434,6.40,33.5,0.9224,0.9224,72,89,2857
1789627350.435,6.37,10.7,0.9393,0.9403,62,0,2857
1789627351.439,6.37,39.7,0.9121,0.9111,71,89,2857
1789627352.441,6.37,9.6,0.9353,0.9363,62,0,2857
1789627353.444,6.37,38.1,0.9131,0.9121,72,88,2857
1789627354.446,6.37,21.1,0.9263,0.9263,63,0,2857
1789627355.448,6.18,29.9,0.9179,0.9189,71,90,2857
1789627356.45,6.18,10.3,0.9353,0.9343,63,0,2857
1789627357.452,6.18,22.3,0.9328,0.9328,62,0,2857
1789627358.454,6.18,37.2,0.934,0.935,67,39,2857
1789627359.457,6.18,13.7,0.933,0.933,62,0,2857
1789627360.459,6.00,22.7,0.9311,0.9301,66,27,2857
1789627361.461,6.00,16.3,0.9342,0.9352,62,0,2857
1789627362.463,6.00,20.0,0.9322,0.9312,64,0,2857
1789627363.465,6.00,18.1,0.9327,0.9336,62,0,2857
1789627364.468,6.00,40.4,0.928,0.928,72,89,2857
1789627365.469,5.76,10.4,0.9354,0.9344,62,0,2857
1789627366.472,5.76,43.2,0.912,0.913,71,88,2857
1789627367.474,5.76,13.5,0.9311,0.9301,63,0,2857
1789627368.476,5.76,37.2,0.9137,0.9147,71,89,2857
1789627369.478,5.76,12.2,0.9313,0.9313,62,0,2857
1789627370.481,6.50,35.9,0.9267,0.9267,71,89,2857
1789627371.483,6.50,22.5,0.9239,0.9233,63,0,2857
1789627372.486,6.50,28.3,0.922,0.9226,69,63,2857
1789627373.488,6.50,19.2,0.9264,0.9254,65,0,2857
1789627374.49,6.50,21.8,0.927,0.9278,62,0,2857
1789627375.492,6.14,13.6,0.9313,0.9306,63,0,2857
1789627376.494,6.14,24.8,0.9221,0.9231,62,87,2857
1789627377.496,6.14,24.3,0.9183,0.9173,63,0,2857
1789627378.498,6.14,27.4,0.9214,0.9214,67,89,2857
1789627379.5,6.14,23.7,0.919,0.9198,63,0,2857
1789627380.502,7.09,28.1,0.9189,0.9184,69,88,2857
1789627381.505,7.09,28.3,0.9148,0.9146,64,0,2857
1789627382.507,7.09,20.3,0.928,0.929,62,40,2857
1789627383.51,7.09,30.0,0.9319,0.9319,64,0,2857
1789627384.512,7.09,22.9,0.9251,0.9251,62,71,2857
1789627385.514,7.56,27.1,0.9171,0.9171,63,0,2857
1789627386.516,7.56,25.5,0.923,0.923,62,90,2857
1789627387.518,7.56,36.2,0.9267,0.9267,67,0,2857
1789627388.52,7.56,9.2,0.9353,0.9343,62,0,2857
1789627389.522,7.56,9.8,0.9336,0.9346,61,0,2857
1789627390.524,7.36,13.3,0.9308,0.9308,61,0,685
1789627391.526,7.36,13.3,0.9302,0.9292,60,3,685
1789627392.528,7.36,26.7,0.9022,0.9022,60,2,1253
1789627393.53,7.36,14.3,0.9313,0.9323,60,18,1255
1789627394.533,7.36,20.8,0.9235,0.9226,60,0,1255
1789627395.535,7.01,19.2,0.9282,0.9282,60,0,1255
1789627396.537,7.01,27.0,0.9231,0.9239,60,33,1255
1789627397.539,7.01,31.2,0.9201,0.9203,60,0,1255
1789627398.541,7.01,20.5,0.9345,0.9345,60,0,1255
1789627399.543,7.01,14.9,0.934,0.934,59,46,1255
1789627400.545,6.61,11.2,0.9413,0.9403,60,0,1255
1789627401.548,6.61,28.3,0.9212,0.9232,60,0,1255
1789627402.55,6.61,42.7,0.9114,0.9104,59,28,1255
1789627403.552,6.61,17.7,0.9282,0.9272,62,0,1255
1789627404.554,6.61,29.6,0.9172,0.9182,60,0,1255
1789627405.556,7.36,26.9,0.9365,0.9365,62,0,1255
1789627406.559,7.36,40.0,0.9204,0.9194,59,0,1255
1789627407.56,7.36,29.8,0.9183,0.9183,61,0,1255
1789627408.563,7.36,25.4,0.9337,0.9347,59,0,1255
1789627409.565,7.36,18.3,0.935,0.935,59,20,1255
1789627410.568,7.81,34.7,0.9148,0.9138,59,0,1255
1789627411.57,7.81,35.9,0.9131,0.9141,59,38,1255
1789627412.572,7.81,34.6,0.9167,0.9167,59,0,1255
1789627413.576,7.81,31.2,0.9269,0.9269,59,0,1255
1789627414.578,7.81,31.2,0.9173,0.9173,59,16,1255
1789627415.58,8.63,31.8,0.9363,0.9353,59,0,1255
1789627416.581,8.63,26.3,0.9235,0.9235,59,22,1255
1789627417.584,8.63,39.0,0.9178,0.9188,59,37,1255
1789627418.586,8.63,30.3,0.9282,0.9279,58,0,1255
1789627419.588,8.63,30.6,0.9193,0.9185,59,44,1255
1789627420.59,8.42,26.6,0.936,0.936,61,0,1255
1789627421.593,8.42,37.5,0.9092,0.91,60,2,1255
1789627422.595,8.42,34.8,0.9172,0.9174,59,0,1255
1789627423.597,8.42,22.3,0.9333,0.9333,59,2,1255
1789627424.599,8.42,18.5,0.9383,0.9373,58,0,1255
1789627425.601,8.14,27.9,0.9184,0.9184,58,0,1255
1789627426.603,8.14,17.5,0.9301,0.9301,59,0,1255
1789627427.605,8.14,9.4,0.9343,0.9343,58,0,1255
1789627428.607,8.14,12.8,0.9328,0.9338,58,15,1255
1789627429.609,8.14,9.0,0.9353,0.9353,58,0,1255
1789627430.611,7.73,27.0,0.9229,0.9221,58,0,1255
1789627431.613,7.73,21.8,0.9225,0.9232,59,0,1255
1789627432.615,7.73,38.0,0.9103,0.9103,58,5,1255
1789627433.619,7.73,20.6,0.9282,0.9282,59,0,1255
1789627434.621,7.73,20.3,0.927,0.926,58,0,1255
1789627435.623,7.35,14.8,0.9313,0.9323,58,25,1255
1789627436.625,7.35,10.2,0.9353,0.9343,58,0,1255
1789627437.627,7.35,11.1,0.9363,0.9371,58,0,1255
1789627438.629,7.35,12.1,0.9333,0.9335,57,0,685
1789627439.631,7.35,13.3,0.9303,0.9303,57,5,685
1789627440.633,7.32,13.7,0.9196,0.9186,57,12,2613
1789627441.635,7.32,31.2,0.9233,0.9233,60,89,2863
1789627442.638,7.32,44.5,0.9138,0.9148,69,67,2863
1789627443.64,7.32,21.2,0.9231,0.9223,60,26,2863
1789627444.642,7.32,41.9,0.9139,0.9147,69,89,2863
1789627445.644,6.90,17.4,0.9263,0.9263,61,0,2863
1789627446.647,6.90,38.0,0.9148,0.9148,68,89,2863
1789627447.649,6.90,19.6,0.9268,0.9258,70,0,2863
1789627448.651,6.90,9.7,0.9322,0.9322,60,0,2863
1789627449.654,6.90,40.4,0.9181,0.9185,69,86,2863
1789627450.656,6.75,20.8,0.9285,0.9281,71,0,2863
1789627451.658,6.75,30.5,0.9268,0.9268,69,88,2863
1789627452.661,6.75,45.2,0.9011,0.9021,70,61,2863
1789627453.663,6.75,20.1,0.9256,0.9256,61,26,2863
1789627454.666,6.75,42.9,0.9169,0.9169,70,88,2863
1789627455.668,6.44,22.2,0.935,0.935,61,0,2863
1789627456.67,6.44,40.1,0.9181,0.9171,71,88,2863
1789627457.672,6.44,27.3,0.9175,0.9175,63,0,2863
1789627458.674,6.44,36.9,0.9207,0.9207,70,89,2863
1789627459.676,6.44,26.2,0.9192,0.9202,62,0,2863
1789627460.679,6.41,39.3,0.9168,0.9168,70,89,2863
1789627461.681,6.41,34.0,0.9211,0.9201,66,0,2863
1789627462.683,6.41,31.3,0.9231,0.9241,71,89,2863
1789627463.685,6.41,19.5,0.9283,0.9273,62,0,2863
1789627464.687,6.41,8.8,0.9372,0.9372,61,0,2863
1789627465.689,6.30,39.4,0.9211,0.9211,71,89,2863
1789627466.691,6.30,30.6,0.9194,0.9204,62,0,2863
1789627467.694,6.30,27.5,0.9293,0.9293,71,89,2863
1789627468.696,6.30,44.1,0.9232,0.9232,64,74,2863
1789627469.698,6.30,21.0,0.935,0.935,70,10,2863
1789627470.701,6.35,40.7,0.9198,0.9198,71,88,2863
1789627471.704,6.35,23.5,0.9268,0.926,62,0,2863
1789627472.707,6.35,40.9,0.9252,0.925,73,86,2863
1789627473.709,6.35,17.0,0.9322,0.9332,63,0,2863
1789627474.712,6.35,32.1,0.9344,0.9344,72,87,2863
1789627475.714,7.21,28.4,0.9262,0.9252,63,0,2863
1789627476.716,7.21,37.3,0.913,0.914,72,86,2863
1789627477.718,7.21,10.9,0.9342,0.9332,63,0,2863
1789627478.72,7.21,39.7,0.9221,0.9221,73,86,2863
1789627479.722,7.21,10.8,0.9363,0.9363,62,0,2863
1789627480.724,7.11,37.4,0.9293,0.9293,73,87,2863
1789627481.726,7.11,9.8,0.9353,0.9363,62,0,2863
1789627482.729,7.11,36.6,0.9313,0.9313,73,87,2863
1789627483.731,7.11,30.9,0.9244,0.9244,63,0,2863
1789627484.732,7.11,9.9,0.9364,0.9364,62,0,2863
1789627485.735,6.94,34.1,0.9219,0.9209,71,88,2863
1789627486.737,6.94,14.0,0.9302,0.9306,63,0,2863
1789627487.739,6.94,36.5,0.924,0.9246,72,88,2863
1789627488.741,6.94,18.6,0.932,0.9313,63,0,2863
1789627489.743,6.94,33.0,0.9258,0.9265,72,88,2863
1789627490.746,6.70,25.0,0.928,0.928,64,0,2863
1789627491.749,6.70,26.6,0.9244,0.9244,71,89,2863
1789627492.751,6.70,43.0,0.915,0.915,66,10,2863
1789627493.753,6.70,17.1,0.9291,0.9281,63,13,2863
1789627494.755,6.70,42.1,0.9112,0.9122,65,0,2863
1789627495.757,6.41,23.8,0.9231,0.9231,71,91,2863
1789627496.759,6.41,28.2,0.9244,0.9244,66,1,2863
1789627497.761,6.41,23.4,0.9352,0.9342,71,88,2863
1789627498.763,6.41,37.6,0.9181,0.9181,73,88,2863
1789627499.766,6.41,12.0,0.9327,0.9337,63,0,2863
1789627500.767,6.21,38.0,0.9204,0.9194,74,86,2863
1789627501.769,6.21,9.3,0.9344,0.9354,63,0,2863
1789627502.772,6.21,18.9,0.9359,0.9359,63,24,2863
1789627503.774,6.21,39.5,0.9091,0.9091,73,88,2863
1789627504.775,6.21,25.4,0.9164,0.9154,64,0,2863
1789627505.778,6.44,39.0,0.922,0.922,73,86,2863
1789627506.779,6.44,9.0,0.9303,0.9313,64,0,2863
1789627507.782,6.44,17.3,0.934,0.933,63,8,2863
1789627508.785,6.44,39.0,0.9212,0.9222,73,89,2863
1789627509.787,6.44,24.9,0.9189,0.9189,64,0,2863
1789627510.79,7.04,38.6,0.9165,0.9158,74,86,2863
1789627511.792,7.04,30.0,0.9144,0.9141,64,0,2863
1789627512.794,7.04,34.0,0.914,0.914,74,89,2863
1789627513.796,7.04,31.7,0.9147,0.9149,64,0,2863
1789627514.798,7.04,8.6,0.9366,0.9364,63,0,2863
1789627515.8,7.60,38.5,0.9092,0.9102,73,87,2863
1789627516.802,7.60,17.9,0.9283,0.9273,64,0,2863
1789627517.804,7.60,9.1,0.9357,0.9363,63,0,2863
1789627518.806,7.60,33.0,0.9167,0.9161,72,88,2863
1789627519.808,7.60,24.3,0.9223,0.9223,65,0,2863
1789627520.81,7.39,25.9,0.9241,0.9251,72,87,2863
1789627521.812,7.39,35.1,0.9109,0.9109,73,89,2863
1789627522.814,7.39,10.6,0.9393,0.9387,64,0,2863
1789627523.817,7.39,40.4,0.9139,0.9135,73,86,2863
1789627524.819,7.39,35.8,0.9243,0.9253,65,0,2863
1789627525.821,7.20,29.0,0.9189,0.9185,73,88,2863
1789627526.824,7.20,44.0,0.9062,0.9066,73,87,2863
1789627527.826,7.20,13.0,0.9339,0.9339,64,0,2863
1789627528.828,7.20,26.5,0.9271,0.9261,70,89,2863
1789627529.831,7.20,43.2,0.9176,0.9186,74,88,2863
1789627530.833,6.86,21.4,0.937,0.937,64,0,2863
1789627531.836,6.86,39.5,0.922,0.922,73,88,2863
1789627532.837,6.86,11.9,0.9342,0.9339,64,0,2863
1789627533.84,6.86,39.7,0.9131,0.9133,73,88,2863
1789627534.842,6.86,30.5,0.9182,0.9182,65,0,2863
1789627535.844,6.55,34.6,0.9139,0.9139,73,87,2863
1789627536.846,6.55,27.3,0.9193,0.9193,64,0,2863
1789627537.848,6.55,8.1,0.9383,0.9373,63,0,2863
1789627538.85,6.55,40.9,0.916,0.917,73,89,2863
1789627539.852,6.55,29.9,0.9162,0.9159,65,0,2863
1789627540.854,6.43,33.6,0.917,0.9163,73,87,2863
1789627541.856,6.43,38.5,0.9112,0.9122,67,0,2863
1789627542.858,6.43,24.9,0.9242,0.9242,71,89,2863
1789627543.86,6.43,33.6,0.9161,0.9161,73,36,2863
1789627544.862,6.43,11.4,0.9351,0.9351,64,0,2863
1789627545.865,7.44,40.6,0.9186,0.9186,72,87,2863
1789627546.867,7.44,17.0,0.9297,0.9293,65,0,2863
1789627547.869,7.44,32.5,0.9207,0.9211,73,89,2863
1789627548.871,7.44,21.5,0.925,0.925,66,0,2863
1789627549.874,7.44,30.1,0.9192,0.9192,73,88,2863
1789627550.877,7.24,38.2,0.927,0.926,67,0,2863
1789627551.88,7.24,21.7,0.9333,0.9343,64,91,2863
1789627552.883,7.24,40.7,0.9191,0.9191,74,88,2863
1789627553.885,7.24,23.4,0.9229,0.9221,64,0,2863
1789627554.887,7.24,42.3,0.9183,0.9191,73,87,2863
1789627555.889,6.98,11.1,0.9329,0.9329,64,0,2863
1789627556.892,6.98,41.1,0.9189,0.9189,74,86,2863
1789627557.893,6.98,12.5,0.9334,0.9324,65,0,2863
1789627558.895,6.98,38.4,0.9214,0.9224,73,87,2863
1789627559.897,6.98,19.0,0.9273,0.9263,65,0,2863
1789627560.899,6.82,32.8,0.9202,0.921,73,88,2863
1789627561.901,6.82,39.8,0.9122,0.9115,69,0,2863
1789627562.904,6.82,24.4,0.9254,0.9264,68,87,2863
1789627563.906,6.82,25.5,0.9217,0.9207,68,0,2863
1789627564.908,6.82,11.0,0.9353,0.9353,64,0,2863
1789627565.909,6.60,10.9,0.9357,0.9357,63,0,2863
1789627566.911,6.60,12.1,0.9335,0.9335,62,0,685
1789627567.913,6.60,12.6,0.9281,0.9285,62,0,685
1789627568.915,6.60,14.0,0.9292,0.9288,62,0,777
1789627569.917,6.60,17.0,0.9213,0.9223,64,0,1907
1789627570.919,6.31,9.7,0.9301,0.9291,62,0,1907
1789627571.921,6.31,27.9,0.9202,0.9212,62,0,1907
1789627572.924,6.31,11.4,0.9314,0.9304,61,0,1907
1789627573.926,6.31,12.9,0.9272,0.9272,61,0,1907
1789627574.928,6.31,16.9,0.9261,0.9267,61,33,1907
1789627575.93,7.25,18.9,0.925,0.9244,61,0,1907
1789627576.932,7.25,14.7,0.9293,0.9303,62,29,1907
1789627577.934,7.25,10.8,0.9325,0.9325,61,0,1907
1789627578.936,7.25,28.5,0.9345,0.9345,62,0,1907
1789627579.938,7.25,9.9,0.9334,0.9324,61,0,1907
1789627580.94,6.82,32.1,0.9149,0.9149,63,0,1907
1789627581.942,6.82,10.6,0.9345,0.9355,61,0,1907
1789627582.944,6.82,24.4,0.9343,0.9333,61,0,1907
1789627583.947,6.82,18.3,0.9315,0.9317,60,28,1907
1789627584.949,6.82,19.0,0.9304,0.9312,60,0,1907
1789627585.951,6.44,27.7,0.9357,0.9357,60,34,1907
1789627586.953,6.44,10.0,0.9342,0.9332,60,0,1907
1789627587.955,6.44,27.2,0.9343,0.9353,61,0,1907
1789627588.957,6.44,8.1,0.9353,0.9353,60,0,1907
1789627589.959,6.44,26.0,0.9364,0.9364,60,0,1907
1789627590.961,6.48,9.5,0.9377,0.9367,60,0,1907
1789627591.963,6.48,26.3,0.9391,0.9401,60,0,1907
1789627592.966,6.48,17.6,0.9321,0.9317,60,12,1907
1789627593.968,6.48,17.8,0.9297,0.9295,60,0,1907
1789627594.97,6.48,26.7,0.9374,0.937,60,45,1907
1789627595.971,6.20,10.8,0.9334,0.9344,61,0,1907
1789627596.974,6.20,28.2,0.936,0.936,64,0,1907
1789627597.975,6.20,9.8,0.9384,0.9374,60,0,1907
1789627598.977,6.20,27.6,0.9194,0.9194,61,0,1907
1789627599.979,6.20,8.8,0.9383,0.9393,60,0,1907
1789627600.981,6.75,26.9,0.9325,0.9325,61,0,1907
1789627601.983,6.75,16.8,0.9369,0.9359,61,0,1907
1789627602.985,6.75,18.7,0.9354,0.9354,60,51,1907
1789627603.987,6.75,25.1,0.9332,0.9342,61,0,1907
1789627604.989,6.75,11.8,0.9344,0.9344,60,0,1907
1789627605.991,6.37,26.8,0.9342,0.9342,60,0,1907
1789627606.992,6.37,8.2,0.9383,0.9373,66,0,1907
1789627607.994,6.37,27.2,0.9203,0.9213,60,0,1907
1789627608.996,6.37,9.2,0.9373,0.9373,62,0,1907
1789627609.998,6.37,28.3,0.9382,0.9382,60,0,1907
1789627611.001,6.10,16.2,0.937,0.937,61,0,1907
1789627612.003,6.10,21.3,0.9364,0.9364,60,39,1907
1789627613.005,6.10,23.3,0.9351,0.9351,60,0,1907
1789627614.007,6.10,13.0,0.935,0.9343,59,22,1907
1789627615.009,6.10,27.0,0.9314,0.9312,59,0,1907
1789627616.011,5.77,10.4,0.9355,0.9355,59,0,1907
1789627617.013,5.77,28.0,0.9213,0.9213,59,0,1907
1789627618.015,5.77,11.3,0.9363,0.9363,60,0,1907
1789627619.02,5.77,26.5,0.9225,0.9225,59,0,1907
1789627620.022,5.77,14.7,0.934,0.934,59,0,1907
1789627621.024,6.43,24.0,0.9203,0.9213,58,15,1907
1789627622.026,6.43,22.4,0.9381,0.9371,59,0,1907
1789627623.028,6.43,14.4,0.9374,0.9374,58,48,1907
1789627624.03,6.43,26.8,0.9213,0.9223,59,0,1907
1789627625.031,6.43,9.6,0.9354,0.9344,60,0,1907
1789627626.033,6.39,27.1,0.9296,0.9302,59,0,1907
1789627627.035,6.39,8.9,0.9366,0.936,59,0,1907
1789627628.037,6.39,27.5,0.9234,0.9234,59,0,1907
1789627629.039,6.39,9.0,0.9352,0.9362,59,0,1907
1789627630.041,6.39,27.2,0.921,0.92,59,0,1907
1789627631.044,6.20,13.2,0.9312,0.9312,58,0,1907
1789627632.045,6.20,31.4,0.915,0.9153,61,18,1907
1789627633.049,6.20,24.4,0.9322,0.9329,59,0,1907
1789627634.051,6.20,13.5,0.9293,0.9293,60,44,1907
1789627635.053,6.20,28.1,0.9361,0.9351,59,0,1907
1789627636.055,5.87,10.6,0.932,0.932,59,0,1907
1789627637.057,5.87,28.0,0.9183,0.9193,59,0,1907
1789627638.059,5.87,8.0,0.9333,0.9323,59,0,1907
1789627639.061,5.87,27.0,0.9183,0.9193,58,0,1907
1789627640.063,5.87,13.2,0.9317,0.9317,58,0,1907
1789627641.065,6.68,22.2,0.9233,0.9233,61,22,1907
1789627642.067,6.68,13.7,0.9292,0.9286,58,0,1907
1789627643.069,6.68,10.0,0.9333,0.9339,58,36,1907
1789627644.071,6.68,15.9,0.9301,0.9291,58,0,1907
1789627645.074,6.68,9.7,0.9337,0.9337,59,0,1907
1789627646.076,6.54,28.4,0.9362,0.9362,58,0,1907
1789627647.078,6.54,11.1,0.9373,0.9373,58,0,1907
1789627648.08,6.54,28.0,0.9392,0.9392,57,0,1907
1789627649.082,6.54,14.1,0.9358,0.9368,58,0,1907
1789627650.084,6.54,22.6,0.9381,0.9371,61,6,1907
1789627651.087,6.50,23.7,0.9365,0.9365,58,0,1907
1789627652.089,6.50,10.6,0.9333,0.9343,60,43,1907
1789627653.091,6.50,26.5,0.921,0.9202,58,0,1907
1789627654.093,6.50,9.0,0.9334,0.9342,59,0,1907
1789627655.095,6.50,27.9,0.9353,0.9353,58,0,1907
1789627656.096,6.14,8.0,0.9365,0.9355,58,0,1907
1789627657.098,6.14,27.1,0.9362,0.9362,57,0,1907
1789627658.101,6.14,14.4,0.9343,0.9353,58,0,1907
1789627659.103,6.14,20.9,0.9263,0.9253,63,5,1907
1789627660.105,6.14,24.5,0.9372,0.9372,58,0,1907
1789627661.107,7.41,10.8,0.9363,0.9363,60,0,1907
1789627662.109,7.41,26.7,0.9381,0.9391,58,0,1907
1789627663.111,7.41,11.0,0.9453,0.9443,59,0,1907
1789627664.113,7.41,28.0,0.9223,0.9223,58,0,1907
1789627665.115,7.41,10.2,0.9342,0.9352,58,0,1907
1789627666.117,6.98,10.5,0.9353,0.9343,58,0,1907
1789627667.119,6.98,10.9,0.9322,0.9322,57,0,1907
1789627668.121,6.98,13.2,0.9301,0.9301,57,0,685
1789627669.123,6.98,14.2,0.929,0.929,57,3,685
1789627670.125,6.98,24.5,0.9184,0.9184,57,23,1247
1789627671.127,6.74,25.8,0.923,0.924,57,0,1253
1789627672.129,6.74,14.0,0.9363,0.9353,57,0,1253
1789627673.131,6.74,11.4,0.9362,0.9362,58,34,1253
1789627674.133,6.74,24.8,0.935,0.935,57,8,1253
1789627675.135,6.74,26.1,0.9213,0.9213,57,0,1253
1789627676.137,6.60,26.2,0.9222,0.9232,57,0,1253
1789627677.139,6.60,26.9,0.9241,0.9231,57,0,1253
1789627678.141,6.60,14.0,0.9312,0.9322,57,0,1253
1789627679.143,6.60,10.9,0.9362,0.9356,59,57,1253
1789627680.145,6.60,26.6,0.9353,0.9349,58,0,1253
1789627681.147,6.31,25.6,0.932,0.933,57,0,1253
1789627682.149,6.31,25.4,0.9231,0.9221,57,0,1253
1789627683.152,6.31,26.1,0.9238,0.9238,57,0,1253
1789627684.154,6.31,15.4,0.9312,0.9312,57,0,1253
1789627685.156,6.31,19.3,0.9254,0.9264,58,37,1253
1789627686.157,5.88,14.4,0.9314,0.9304,56,0,1253
1789627687.159,5.88,27.4,0.9344,0.9344,57,0,1253
1789627688.161,5.88,26.3,0.9183,0.9193,57,0,1253
1789627689.164,5.88,24.2,0.9226,0.9226,57,0,1253
1789627690.166,5.88,15.2,0.9289,0.9279,57,10,1253
1789627691.168,6.77,22.5,0.926,0.927,56,20,1253
1789627692.17,6.77,24.6,0.9231,0.9225,56,0,1253
1789627693.172,6.77,25.8,0.9233,0.9237,56,0,1253
1789627694.174,6.77,26.8,0.9211,0.9214,56,0,1253
1789627695.176,6.77,14.6,0.9312,0.9302,57,0,1253
1789627696.178,6.63,12.7,0.9334,0.9344,58,41,1253
1789627697.18,6.63,10.1,0.9344,0.9334,56,5,1253
1789627698.182,6.63,25.1,0.933,0.934,56,0,1253
1789627699.184,6.63,13.4,0.9304,0.9294,57,0,1253
1789627700.186,6.63,26.7,0.9191,0.9201,57,0,1253
1789627701.189,6.50,18.9,0.924,0.924,57,0,1253
1789627702.191,6.50,15.4,0.9261,0.9251,58,36,1253
1789627703.193,6.50,25.8,0.9202,0.9202,56,0,1253
1789627704.195,6.50,27.2,0.9331,0.9341,56,0,1253
1789627705.197,6.38,25.0,0.9212,0.9202,57,0,1253
1789627706.201,6.38,18.7,0.9259,0.9269,57,0,1253
1789627707.203,6.38,18.3,0.927,0.927,58,36,1253
1789627708.206,6.38,24.8,0.9376,0.9366,56,0,1253
1789627709.208,6.38,12.4,0.9339,0.9339,56,0,1253
1789627710.21,6.03,26.9,0.9281,0.9281,56,0,1253
1789627711.213,6.03,14.7,0.9337,0.9337,56,0,1253
1789627712.214,6.03,14.3,0.9342,0.9352,57,6,1253
1789627713.216,6.03,10.6,0.9333,0.9333,58,33,1253
1789627714.218,6.03,26.4,0.9212,0.9212,56,0,1253
1789627715.22,5.87,13.2,0.9303,0.9297,56,0,1253
1789627716.222,5.87,13.5,0.9321,0.9317,56,0,1253
1789627717.224,5.87,13.6,0.9333,0.9343,57,0,1253
1789627718.226,5.87,13.9,0.9352,0.9346,57,29,1253
1789627719.228,5.87,10.4,0.9392,0.9398,56,12,1253
1789627720.23,5.64,14.1,0.9393,0.9383,56,0,1253
1789627721.232,5.64,26.3,0.9243,0.925,56,0,1253
1789627722.234,5.64,25.8,0.9241,0.9233,56,0,1253
1789627723.237,5.64,21.7,0.9239,0.9243,56,0,1253
1789627724.24,5.64,16.2,0.9277,0.9283,59,42,1253
1789627725.242,5.43,9.8,0.9333,0.9333,56,0,1253
1789627726.244,5.43,26.9,0.9224,0.9214,57,0,1253
1789627727.246,5.43,26.7,0.9172,0.9172,57,0,1253
1789627728.247,5.43,12.2,0.9324,0.9324,56,0,1253
1789627729.25,5.43,19.8,0.9299,0.9309,56,0,1253
1789627730.252,5.15,15.3,0.9321,0.9311,58,0,1253
1789627731.254,5.15,24.3,0.9243,0.9253,56,36,1253
1789627732.256,5.15,28.1,0.9185,0.9185,56,0,1253
1789627733.258,5.15,26.9,0.9188,0.9178,56,0,1253
1789627734.26,5.15,10.1,0.9342,0.9352,56,0,1253
1789627735.262,4.90,8.7,0.9387,0.9383,56,0,1253
1789627736.265,4.90,31.9,0.9168,0.9166,56,0,1253
1789627737.267,4.90,24.3,0.9382,0.9388,56,36,1253
1789627738.269,4.90,30.6,0.9185,0.9185,57,0,1253
1789627739.271,4.90,25.4,0.9292,0.9292,56,45,1253
1789627740.272,4.99,31.6,0.9144,0.9134,57,0,1253
1789627741.274,4.99,27.7,0.9249,0.9251,57,46,1253
1789627742.277,4.99,16.7,0.9311,0.9309,57,0,1253
1789627743.279,4.99,40.1,0.9142,0.9152,57,36,1253
1789627744.281,4.99,29.7,0.9154,0.9154,57,0,1253
1789627745.283,6.19,41.1,0.9342,0.9342,56,33,1253
1789627746.285,6.19,16.4,0.9301,0.9301,57,0,1253
1789627747.287,6.19,41.3,0.9187,0.9177,57,25,1253
1789627748.289,6.19,29.4,0.9162,0.9162,59,0,1253
1789627749.291,6.19,41.2,0.906,0.9068,57,0,1253
1789627750.294,5.85,30.1,0.9289,0.9291,59,0,1253
1789627751.296,5.85,27.3,0.9169,0.9159,56,0,1253
1789627752.298,5.85,10.4,0.9314,0.9324,56,0,1253
1789627753.3,5.85,11.0,0.9341,0.9335,56,0,1253
1789627754.302,5.85,13.0,0.9282,0.9288,56,0,685
1789627755.304,5.54,13.5,0.9292,0.9282,56,5,685
1789627756.306,5.54,26.3,0.9174,0.9184,56,20,2613
1789627757.308,5.54,40.1,0.9214,0.9204,63,90,2863
1789627758.31,5.54,35.5,0.92,0.92,61,0,2863
1789627759.312,5.54,24.8,0.9204,0.9204,69,86,2863
1789627760.314,5.58,32.4,0.9207,0.9207,60,0,2863
1789627761.316,5.58,22.2,0.9273,0.9273,68,87,2863
1789627762.318,5.58,40.9,0.9071,0.9081,60,0,2863
1789627763.322,5.58,19.1,0.921,0.921,69,87,2863
1789627764.324,5.58,38.8,0.9092,0.9092,59,89,2863
1789627765.326,5.53,25.1,0.8856,0.8853,69,83,2863
1789627766.329,5.53,27.7,0.9199,0.9192,68,88,2863
1789627767.332,5.53,36.0,0.928,0.929,62,0,2863
1789627768.334,5.53,27.3,0.9317,0.9311,70,86,2863
1789627769.337,5.53,40.3,0.908,0.9076,60,0,2863
1789627770.34,5.33,23.1,0.9182,0.9192,69,88,2863
1789627771.342,5.33,40.1,0.9129,0.9129,61,35,2863
1789627772.344,5.33,37.0,0.9101,0.9101,71,88,2863
1789627773.347,5.33,40.1,0.9216,0.9206,65,87,2863
1789627774.35,5.33,22.2,0.9244,0.9254,70,88,2863
1789627775.354,5.47,40.6,0.9189,0.9195,69,88,2863
1789627776.357,5.47,32.7,0.9158,0.9142,71,73,2863
1789627777.359,5.47,29.4,0.9212,0.9222,66,87,2863
1789627778.361,5.47,33.8,0.9268,0.9258,65,0,2863
1789627779.364,5.47,28.1,0.9258,0.9258,71,86,2863
1789627780.367,5.43,27.9,0.9325,0.9335,64,0,2863
1789627781.369,5.43,29.7,0.9272,0.9272,70,89,2863
1789627782.371,5.43,34.9,0.9287,0.9287,66,0,2863
1789627783.373,5.43,29.7,0.9193,0.9183,71,86,2863
1789627784.376,5.43,29.8,0.921,0.9216,65,0,2863
1789627785.378,5.39,23.4,0.9285,0.9289,71,88,2863
1789627786.381,5.39,43.6,0.9258,0.9248,63,1,2863
1789627787.384,5.39,35.4,0.9327,0.9337,72,46,2863
1789627788.386,5.39,43.6,0.9092,0.9092,71,89,2863
1789627789.389,5.39,32.9,0.913,0.913,70,0,2863
1789627790.391,6.16,41.7,0.9031,0.9021,72,88,2863
1789627791.392,6.16,29.9,0.9194,0.9194,65,0,2863
1789627792.395,6.16,22.6,0.9228,0.9238,71,88,2863
1789627793.397,6.16,40.4,0.913,0.912,63,8,2863
1789627794.399,6.16,11.7,0.9351,0.9361,72,88,2863
1789627795.401,6.79,22.4,0.931,0.9301,63,0,2863
1789627796.403,6.79,37.6,0.9222,0.9222,68,88,2863
1789627797.405,6.79,26.0,0.9292,0.9302,72,0,2863
1789627798.409,6.79,43.3,0.933,0.9324,70,88,2863
1789627799.411,6.79,27.2,0.9279,0.9285,72,0,2863
1789627800.413,6.97,40.1,0.9082,0.9082,68,88,2863
1789627801.415,6.97,9.3,0.9349,0.9349,67,0,2863
1789627802.417,6.97,10.6,0.9382,0.9372,62,0,2863
1789627803.419,6.97,37.0,0.9113,0.9123,61,0,2863
1789627804.421,6.97,36.4,0.9112,0.9112,70,87,2863
1789627805.424,7.93,37.2,0.9209,0.9209,62,0,2863
1789627806.426,7.93,23.9,0.9301,0.9301,73,87,2863
1789627807.428,7.93,39.3,0.9132,0.9129,71,75,2863
1789627808.431,7.93,22.2,0.9203,0.9208,70,89,2863
1789627809.435,7.93,45.3,0.9008,0.8996,73,89,2863
1789627810.437,7.46,9.8,0.9343,0.9343,64,0,2863
1789627811.44,7.46,30.3,0.9174,0.9184,62,0,2863
1789627812.442,7.46,24.6,0.9259,0.9249,72,88,2863
1789627813.445,7.46,45.1,0.9211,0.9221,71,63,2863
1789627814.448,7.46,33.2,0.9181,0.9181,64,0,2863
1789627815.45,6.94,23.2,0.9288,0.9286,73,87,2863
1789627816.454,6.94,39.9,0.9197,0.92,72,83,2863
1789627817.457,6.94,19.2,0.9288,0.9288,73,88,2863
1789627818.459,6.94,40.7,0.9091,0.9091,70,38,2863
1789627819.462,6.94,22.7,0.9233,0.9223,73,89,2863
1789627820.464,7.02,37.9,0.9133,0.9133,72,21,2863
1789627821.467,7.02,27.0,0.9305,0.9315,66,32,2863
1789627822.469,7.02,31.8,0.9193,0.9193,73,88,2863
1789627823.472,7.02,32.2,0.924,0.924,65,0,2863
1789627824.474,7.02,31.9,0.9264,0.9264,73,87,2863
1789627825.477,6.86,28.0,0.9307,0.9297,65,0,2863
1789627826.479,6.86,45.1,0.9198,0.9208,73,88,2863
1789627827.481,6.86,32.2,0.923,0.922,65,0,2863
1789627828.484,6.86,41.6,0.924,0.925,74,88,2863
1789627829.486,6.86,35.5,0.9187,0.9177,64,0,2863
1789627830.489,7.59,23.6,0.9255,0.9273,74,85,2863
1789627831.491,7.59,35.8,0.92,0.9183,72,89,2863
1789627832.494,7.59,25.8,0.9211,0.9221,66,43,2863
1789627833.497,7.59,44.1,0.9145,0.9145,73,88,2863
1789627834.499,7.59,32.1,0.9262,0.9252,65,0,2863
1789627835.502,7.31,32.5,0.9157,0.9157,74,87,2863
1789627836.504,7.31,30.5,0.9169,0.9179,65,0,2863
1789627837.506,7.31,45.1,0.9192,0.9192,74,88,2863
1789627838.51,7.31,31.1,0.9156,0.9156,65,0,2863
1789627839.512,7.31,45.5,0.9061,0.9051,74,89,2863
1789627840.514,7.84,33.8,0.912,0.912,65,0,2863
1789627841.517,7.84,24.1,0.9219,0.9229,74,88,2863
1789627842.519,7.84,39.8,0.9098,0.9088,64,61,2863
1789627843.521,7.84,24.4,0.9219,0.9221,74,88,2863
1789627844.524,7.84,35.1,0.9137,0.9154,64,0,2863
1789627845.526,7.53,21.6,0.9272,0.9256,74,89,2863
1789627846.528,7.53,41.7,0.93,0.9296,69,83,2863
1789627847.531,7.53,23.8,0.9311,0.9311,71,10,2863
1789627848.532,7.53,33.4,0.9223,0.9233,74,88,2863
1789627849.535,7.53,25.0,0.9265,0.9265,66,0,2863
1789627850.537,7.17,24.0,0.9213,0.9213,74,88,2863
1789627851.539,7.17,9.7,0.9362,0.9352,65,0,2863
1789627852.542,7.17,38.8,0.9074,0.9084,64,27,2863
1789627853.545,7.17,38.2,0.9098,0.9088,73,42,2863
1789627854.547,7.17,29.0,0.9211,0.9221,73,89,2863
1789627855.549,7.24,35.3,0.9238,0.9238,65,0,2863
1789627856.551,7.24,39.2,0.937,0.936,74,87,2863
1789627857.553,7.24,11.4,0.9339,0.9339,65,0,2863
1789627858.555,7.24,11.7,0.9322,0.9332,64,0,2863
1789627859.557,7.24,11.5,0.9313,0.9303,62,0,2863
1789627860.559,6.82,12.6,0.8933,0.8937,62,2,685
1789627861.562,6.82,18.8,0.92,0.9206,62,3,777
1789627862.564,6.82,40.7,0.8988,0.8988,62,3,1911
1789627863.568,6.82,29.1,0.9177,0.9177,72,82,1911
1789627864.57,6.82,33.9,0.9171,0.9171,63,66,1911
1789627865.572,7.47,20.1,0.9299,0.9299,65,0,1911
1789627866.574,7.47,25.2,0.9272,0.9272,71,81,1911
1789627867.577,7.47,30.2,0.9298,0.9288,64,0,1911
1789627868.579,7.47,16.0,0.9299,0.9299,72,83,1911
1789627869.583,7.47,23.6,0.9195,0.9195,63,0,1911
1789627870.586,7.27,26.0,0.9169,0.9179,71,77,1911
1789627871.59,7.27,30.1,0.9181,0.9171,64,0,1911
1789627872.592,7.27,16.7,0.9239,0.9249,72,84,1911
1789627873.594,7.27,36.5,0.9092,0.9092,63,0,1911
1789627874.597,7.27,15.3,0.9256,0.9256,73,45,1911
1789627875.599,7.09,31.4,0.9177,0.9167,70,85,1911
1789627876.601,7.09,8.9,0.9338,0.9346,65,0,1911
1789627877.604,7.09,36.6,0.9178,0.9174,63,84,1911
1789627878.607,7.09,18.6,0.9299,0.9302,68,0,1911
1789627879.61,7.09,28.1,0.9164,0.9164,70,81,1911
1789627880.613,7.16,26.7,0.9207,0.921,64,0,1911
1789627881.615,7.16,18.9,0.9261,0.9261,72,82,1911
1789627882.617,7.16,9.1,0.9362,0.9362,63,0,1911
1789627883.62,7.16,35.4,0.911,0.911,63,23,1911
1789627884.622,7.16,11.6,0.9311,0.9301,72,14,1911
1789627885.625,6.91,30.3,0.9165,0.9168,63,0,1911
1789627886.627,6.91,15.7,0.9253,0.9251,72,73,1911
1789627887.629,6.91,31.6,0.9131,0.9141,63,68,1911
1789627888.632,6.91,18.7,0.9294,0.929,65,0,1911
1789627889.635,6.91,28.3,0.9232,0.9236,70,82,1911
1789627890.638,7.40,24.6,0.9205,0.9195,64,0,1911
1789627891.64,7.40,21.9,0.9202,0.9212,71,83,1911
1789627892.642,7.40,34.8,0.9185,0.9185,63,11,1911
1789627893.644,7.40,16.6,0.9272,0.9269,72,11,1911
1789627894.647,7.40,31.1,0.913,0.9123,69,84,1911
1789627895.65,7.05,16.7,0.9259,0.9269,65,0,1911
1789627896.652,7.05,28.9,0.9179,0.9169,70,81,1911
1789627897.655,7.05,10.2,0.9319,0.9329,64,0,1911
1789627898.657,7.05,34.7,0.9248,0.924,63,84,1911
1789627899.659,7.05,21.6,0.9251,0.9258,65,0,1911
1789627900.661,6.72,25.0,0.9182,0.9172,71,82,1911
1789627901.665,6.72,25.8,0.9197,0.9207,64,0,1911
1789627902.667,6.72,19.7,0.9253,0.9253,72,82,1911
1789627903.669,6.72,32.4,0.9227,0.9221,63,0,1911
1789627904.671,6.72,15.7,0.9341,0.9337,72,42,1911
1789627905.673,6.82,36.2,0.9132,0.9142,63,67,1911
1789627906.676,6.82,8.4,0.9347,0.9347,68,0,1911
1789627907.678,6.82,36.4,0.919,0.9187,63,84,1911
1789627908.681,6.82,10.8,0.9339,0.9332,66,0,1911
1789627909.684,6.82,36.9,0.9172,0.9172,63,26,1911
1789627910.686,6.52,15.7,0.9339,0.9339,72,0,1911
1789627911.688,6.52,30.7,0.9242,0.9242,69,83,1911
1789627912.69,6.52,9.9,0.936,0.936,64,0,1911
1789627913.693,6.52,25.3,0.9306,0.9316,63,0,1911
1789627914.695,6.52,22.6,0.93,0.93,70,81,1911
1789627915.698,6.40,34.4,0.9327,0.9327,63,0,1911
1789627916.7,6.40,13.7,0.9352,0.9352,72,48,1911
1789627917.702,6.40,34.9,0.9161,0.9151,63,84,1911
1789627918.703,6.40,9.7,0.9364,0.9374,67,0,1911
1789627919.706,6.40,19.9,0.9268,0.9258,63,0,1911
1789627920.708,6.28,26.7,0.919,0.92,66,81,1911
1789627921.711,6.28,27.3,0.9185,0.9185,63,0,1911
1789627922.713,6.28,18.8,0.9282,0.9272,72,83,1911
1789627923.715,6.28,36.1,0.9141,0.9141,63,13,1911
1789627924.717,6.28,9.4,0.9362,0.9362,72,0,1911
1789627925.72,6.02,27.7,0.9225,0.9235,63,0,1911
1789627926.722,6.02,17.2,0.931,0.93,71,49,1911
1789627927.724,6.02,31.0,0.9218,0.9225,63,13,1911
1789627928.727,6.02,13.8,0.9349,0.9341,64,10,1911
1789627929.729,6.02,36.4,0.9242,0.9252,71,83,1911
1789627930.731,5.86,8.1,0.9361,0.9351,63,0,1911
1789627931.733,5.86,19.4,0.9282,0.9282,62,0,1911
1789627932.735,5.86,26.4,0.9202,0.9212,72,81,1911
1789627933.737,5.86,28.2,0.921,0.92,63,0,1911
1789627934.739,5.86,13.8,0.9309,0.9313,64,0,1911
1789627935.742,5.71,35.1,0.9236,0.9232,71,84,1911
1789627936.744,5.71,20.0,0.9249,0.9251,63,0,1911
1789627937.746,5.71,25.4,0.9276,0.9283,72,82,1911
1789627938.749,5.71,11.0,0.9321,0.9321,63,0,1911
1789627939.751,5.71,34.4,0.915,0.915,72,83,1911
1789627940.753,5.33,20.0,0.9333,0.9323,63,0,1911
1789627941.755,5.33,24.7,0.9283,0.9283,72,82,1911
1789627942.757,5.33,29.2,0.9288,0.9298,63,0,1911
1789627943.759,5.33,17.7,0.9282,0.9272,67,68,1911
1789627944.761,5.33,36.9,0.9162,0.9166,71,85,1911
1789627945.763,5.31,17.1,0.9323,0.9329,64,0,1911
1789627946.765,5.31,28.9,0.9222,0.9212,72,81,1911
1789627947.767,5.31,9.2,0.9334,0.9344,63,0,1911
1789627948.77,5.31,25.1,0.9288,0.9284,62,0,1911
1789627949.772,5.31,21.6,0.9296,0.929,72,83,1911
1789627950.775,5.52,30.0,0.9226,0.9236,63,0,1911
1789627951.777,5.52,16.9,0.9259,0.9249,66,67,1911
1789627952.78,5.52,35.5,0.9159,0.9159,70,59,1911
1789627953.782,5.52,9.9,0.9341,0.9341,64,0,1911
1789627954.784,5.52,29.2,0.9213,0.9213,62,0,1911
1789627955.786,5.24,17.7,0.9211,0.9221,67,76,1911
1789627956.788,5.24,36.5,0.9161,0.9161,70,83,1911
1789627957.789,5.24,9.1,0.9315,0.9315,64,0,1911
1789627958.793,5.24,25.6,0.9288,0.9288,62,0,1911
1789627959.795,5.24,21.2,0.9292,0.9282,72,82,1911
1789627960.798,4.98,35.8,0.9184,0.9194,70,37,1911
1789627961.8,4.98,16.8,0.9268,0.9268,64,0,1911
1789627962.802,4.98,31.0,0.9224,0.9214,72,81,1911
1789627963.804,4.98,10.5,0.9323,0.9323,63,0,1911
1789627964.806,4.98,9.5,0.9332,0.9332,62,0,1911
1789627965.808,4.98,12.7,0.9292,0.9292,61,0,1911
1789627966.81,4.98,12.6,0.9292,0.9302,61,0,685
1789627967.812,4.98,17.0,0.9291,0.9291,61,0,777
1789627968.814,4.98,23.3,0.9264,0.9255,63,28,1253
1789627969.816,4.98,27.3,0.9331,0.9331,61,0,1255
1789627970.818,5.70,33.8,0.9306,0.9316,63,16,1255
1789627971.82,5.70,26.6,0.9212,0.9202,60,0,1255
1789627972.824,5.70,31.0,0.9161,0.9171,62,15,1255
1789627973.826,5.70,41.6,0.9089,0.9079,60,0,1255
1789627974.829,5.70,31.2,0.9152,0.9162,61,0,1255
1789627975.831,6.13,40.9,0.9233,0.9227,60,0,1255
1789627976.834,6.13,32.4,0.9177,0.9173,61,5,1255
1789627977.836,6.13,39.5,0.929,0.93,60,0,1255
1789627978.838,6.13,32.9,0.9351,0.9351,61,30,1255
1789627979.84,6.13,38.2,0.9296,0.9296,60,0,1255
1789627980.842,7.00,30.6,0.9312,0.9312,59,37,1255
1789627981.844,7.00,27.9,0.9324,0.9324,60,0,1255
1789627982.847,7.00,13.5,0.9357,0.9357,59,44,1255
1789627983.849,7.00,42.2,0.9317,0.9317,60,0,1255
1789627984.852,7.00,28.1,0.9255,0.9255,59,0,1255
1789627985.855,6.60,15.7,0.9233,0.9243,59,35,1255
1789627986.858,6.60,41.6,0.921,0.92,59,0,1255
1789627987.861,6.60,31.1,0.9158,0.9148,60,18,1255
1789627988.863,6.60,30.7,0.9152,0.9152,61,0,1255
1789627989.865,6.60,26.9,0.9192,0.9192,59,8,1255
1789627990.868,6.31,26.7,0.9215,0.9225,60,0,1255
1789627991.87,6.31,18.1,0.9279,0.9269,59,0,1255
1789627992.873,6.31,39.2,0.9085,0.9095,61,0,1255
1789627993.875,6.31,31.2,0.9129,0.9129,60,0,1255
1789627994.878,6.31,25.4,0.9218,0.9218,59,0,1255
1789627995.88,6.85,34.0,0.9131,0.9121,59,0,1255
1789627996.882,6.85,25.0,0.925,0.926,60,8,1255
1789627997.884,6.85,33.9,0.9162,0.9152,58,0,1255
1789627998.886,6.85,39.1,0.9178,0.9188,60,8,1255
1789627999.889,6.85,33.3,0.914,0.913,58,0,1255
1789628000.891,6.70,39.3,0.9185,0.9195,60,6,1255
1789628001.893,6.70,32.3,0.9212,0.9202,58,0,1255
1789628002.895,6.70,31.2,0.9322,0.9322,59,6,1255
1789628003.897,6.70,27.4,0.9182,0.9192,58,0,1255
1789628004.899,6.70,9.9,0.9352,0.9349,58,0,1255
1789628005.901,6.48,12.2,0.9333,0.9335,58,0,1255
1789628006.904,6.48,11.6,0.9308,0.9302,58,0,685
1789628007.906,6.48,13.4,0.9302,0.9298,58,4,693
1789628008.908,6.48,22.7,0.911,0.911,58,30,2613
1789628009.91,6.48,21.8,0.9252,0.9262,68,89,2857
1789628010.912,6.92,28.1,0.9171,0.9171,60,9,2857
1789628011.914,6.92,27.1,0.924,0.923,61,0,2857
1789628012.917,6.92,37.8,0.9148,0.9158,70,88,2857
1789628013.919,6.92,29.4,0.9302,0.9302,69,88,2857
1789628014.922,6.92,33.4,0.9291,0.9291,61,29,2857
1789628015.924,6.61,23.0,0.933,0.933,65,0,2857
1789628016.926,6.61,25.2,0.9224,0.9224,71,88,2857
1789628017.928,6.61,29.0,0.9185,0.9185,66,86,2857
1789628018.93,6.61,29.0,0.9142,0.9142,62,4,2857
1789628019.932,6.61,25.0,0.9159,0.9159,63,0,2857
1789628020.935,7.20,36.9,0.9091,0.9091,71,52,2857
1789628021.937,7.20,41.9,0.9072,0.9072,71,89,2857
1789628022.939,7.20,26.7,0.9164,0.9154,62,48,2857
1789628023.942,7.20,34.3,0.9163,0.9173,62,5,2857
1789628024.944,7.20,13.6,0.9261,0.9251,63,0,2857
1789628025.946,6.70,8.0,0.9323,0.9327,61,0,2857
1789628026.948,6.70,26.3,0.9189,0.9195,60,0,2857
1789628027.95,6.70,37.8,0.9243,0.9243,71,89,2857
1789628028.952,6.70,22.7,0.9271,0.9262,70,89,2857
1789628029.954,6.70,34.2,0.9162,0.9162,70,89,2857
1789628030.957,6.33,19.9,0.9316,0.9319,63,0,2857
1789628031.959,6.33,39.2,0.9134,0.9131,71,88,2857
1789628032.962,6.33,31.3,0.9259,0.9269,62,0,2857
1789628033.965,6.33,37.4,0.9184,0.9184,72,31,2857
1789628034.967,6.33,37.1,0.9312,0.9312,72,89,2857
1789628035.969,6.30,36.6,0.9202,0.9202,70,88,2857
1789628036.972,6.30,26.6,0.9298,0.9298,64,0,2857
1789628037.974,6.30,37.0,0.93,0.93,67,0,2857
1789628038.976,6.30,15.0,0.936,0.935,70,15,2857
1789628039.978,6.30,38.1,0.9269,0.9277,70,89,2857
1789628040.981,6.36,26.6,0.925,0.9252,70,88,2857
1789628041.983,6.36,39.7,0.9192,0.9182,63,88,2857
1789628042.984,6.36,8.7,0.9353,0.9363,63,0,2857
1789628043.987,6.36,32.4,0.9169,0.9169,62,80,2857
1789628044.989,6.36,22.2,0.9293,0.9283,72,0,2857
1789628045.991,7.21,36.6,0.9137,0.9147,72,74,2857
1789628046.994,7.21,43.9,0.9239,0.9239,70,88,2857
1789628047.996,7.21,28.7,0.9193,0.9183,64,68,2857
1789628049.0,7.21,25.7,0.9213,0.9223,65,0,2857
1789628050.002,7.21,14.2,0.9303,0.9303,73,0,2857
1789628051.004,6.87,16.4,0.9322,0.9322,63,0,2857
1789628052.006,6.87,37.3,0.9163,0.9153,71,29,2857
1789628053.008,6.87,21.4,0.9218,0.9228,71,38,2857
1789628054.01,6.87,36.6,0.9128,0.9122,71,88,2857
1789628055.012,6.87,25.9,0.9214,0.922,69,89,2857
1789628056.014,6.48,9.3,0.9362,0.9352,63,0,2857
1789628057.018,6.48,38.2,0.9119,0.9119,63,88,2857
1789628058.02,6.48,35.2,0.9177,0.9187,65,0,2857
1789628059.023,6.48,35.5,0.9375,0.9375,68,0,2857
1789628060.025,6.48,33.0,0.9183,0.9183,72,56,2857
1789628061.027,7.40,28.9,0.921,0.921,63,0,2857
1789628062.029,7.40,23.8,0.9252,0.9252,73,43,2857
1789628063.031,7.40,31.4,0.917,0.916,71,89,2857
1789628064.033,7.40,32.0,0.9273,0.9283,65,39,2857
1789628065.036,7.40,22.0,0.9288,0.9288,73,0,2857
1789628066.038,8.09,30.8,0.93,0.929,72,88,2857
1789628067.04,8.09,31.8,0.921,0.922,65,39,2857
1789628068.043,8.09,22.7,0.9236,0.9236,74,0,2857
1789628069.045,8.09,41.1,0.9082,0.9082,73,88,2857
1789628070.047,8.09,9.0,0.9359,0.9349,64,0,2857
1789628071.049,8.00,36.1,0.915,0.916,63,87,2857
1789628072.052,8.00,35.8,0.9111,0.9111,73,0,2857
1789628073.054,8.00,36.5,0.9091,0.9091,73,0,2857
1789628074.057,8.00,37.1,0.9096,0.9096,73,63,2857
1789628075.06,8.00,37.0,0.9245,0.9245,71,88,2857
1789628076.063,8.81,35.2,0.9168,0.9168,65,89,2857
1789628077.065,8.81,26.1,0.9231,0.9221,67,0,2857
1789628078.067,8.81,21.3,0.9271,0.9271,74,80,2857
1789628079.069,8.81,33.5,0.9223,0.9233,67,88,2857
1789628080.072,8.81,28.8,0.9162,0.9152,66,0,2857
1789628081.074,8.58,19.7,0.9217,0.922,71,0,2857
1789628082.076,8.58,23.2,0.922,0.9228,64,0,2857
1789628083.079,8.58,35.8,0.9194,0.919,73,58,2857
1789628084.081,8.58,43.7,0.9049,0.9043,72,88,2857
1789628085.083,8.58,28.1,0.9188,0.9188,65,28,2857
1789628086.085,8.21,9.8,0.9302,0.9312,67,0,2857
1789628087.087,8.21,10.1,0.9324,0.9314,64,0,2857
1789628088.089,8.21,11.1,0.9303,0.9311,63,0,2857
1789628089.09,8.21,9.9,0.9324,0.9326,62,0,2857
1789628090.092,8.21,9.3,0.9344,0.9334,62,0,2857
1789628091.094,7.96,9.4,0.9325,0.9325,62,0,2857
1789628092.096,7.96,9.5,0.9333,0.9343,61,0,2857
1789628093.097,7.96,10.5,0.9345,0.9335,61,0,2857
1789628094.099,7.96,9.9,0.9332,0.9332,61,0,2857
1789628095.101,7.96,9.4,0.9334,0.9334,61,0,2857
1789628096.103,7.56,9.3,0.9339,0.9349,61,0,2857
1789628097.106,7.56,9.6,0.933,0.932,61,0,2857
1789628098.108,7.56,9.9,0.9353,0.9353,61,0,2857
1789628099.11,7.56,9.5,0.9348,0.9351,60,0,2857
1789628100.112,7.56,9.6,0.9335,0.9343,60,0,2857
1789628101.114,7.11,11.4,0.9293,0.9283,60,1,685
1789628102.115,7.11,13.5,0.9273,0.9273,60,0,685
1789628103.118,7.11,16.0,0.9279,0.9279,60,0,777
1789628104.12,7.11,13.5,0.9312,0.9312,62,0,1907
1789628105.123,7.11,18.2,0.9352,0.9352,60,0,1907
1789628106.125,7.18,34.4,0.914,0.915,61,24,1907
1789628107.127,7.18,8.7,0.9362,0.9362,61,0,1907
1789628108.13,7.18,33.2,0.9198,0.9188,61,0,1907
1789628109.133,7.18,39.3,0.918,0.918,61,0,1907
1789628110.136,7.18,29.5,0.9172,0.9172,62,38,1907
1789628111.139,7.57,42.7,0.9069,0.9073,61,0,1907
1789628112.141,7.57,28.6,0.9213,0.9209,62,51,1907
1789628113.144,7.57,28.2,0.9209,0.9219,62,49,1907
1789628114.146,7.57,40.7,0.9238,0.9228,61,0,1907
1789628115.148,7.57,17.9,0.9272,0.9272,61,0,1907
1789628116.15,7.36,28.3,0.9177,0.9183,63,51,1907
1789628117.152,7.36,39.5,0.9205,0.9209,61,0,1907
1789628118.154,7.36,32.4,0.9191,0.9191,67,16,1907
1789628119.157,7.36,35.8,0.9199,0.9189,62,0,1907
1789628120.159,7.36,37.2,0.9171,0.9181,61,0,1907
1789628121.161,6.93,8.4,0.9342,0.9339,61,0,1907
1789628122.163,6.93,26.7,0.9192,0.9194,62,44,1907
1789628123.165,6.93,8.9,0.9363,0.9363,61,0,1907
1789628124.168,6.93,38.7,0.9398,0.9388,61,0,1907
1789628125.171,6.93,24.3,0.9335,0.9335,61,0,1907
1789628126.173,6.62,39.7,0.909,0.909,61,0,1907
1789628127.175,6.62,18.3,0.9271,0.9281,62,58,1907
1789628128.179,6.62,28.0,0.9209,0.9209,61,0,1907
1789628129.181,6.62,40.1,0.908,0.9074,61,0,1907
1789628130.183,6.62,28.4,0.9189,0.9195,63,51,1907
1789628131.187,7.13,30.1,0.9212,0.9212,62,51,1907
1789628132.189,7.13,25.6,0.92,0.92,61,0,1907
1789628133.192,7.13,40.8,0.9314,0.9314,61,0,1907
1789628134.193,7.13,13.3,0.9324,0.9324,61,0,1907
1789628135.196,7.13,29.3,0.9192,0.9182,64,1,1907
1789628136.198,6.80,10.7,0.9351,0.9361,60,0,1907
1789628137.199,6.80,10.4,0.9363,0.9363,60,0,1907
1789628138.201,6.80,10.4,0.9364,0.9354,59,0,1907
1789628139.203,6.80,27.6,0.9262,0.9262,61,56,1907
1789628140.205,6.80,30.4,0.9173,0.918,63,72,1907
1789628141.207,7.62,26.8,0.9203,0.9205,62,56,1907
1789628142.209,7.62,11.1,0.9332,0.9342,60,0,1907
1789628143.211,7.62,26.0,0.9302,0.9292,60,0,1907
1789628144.213,7.62,14.0,0.9292,0.9292,60,0,1907
1789628145.215,7.62,32.6,0.934,0.933,63,0,1907
1789628146.217,7.33,9.1,0.9354,0.9354,60,0,1907
1789628147.219,7.33,29.5,0.9202,0.9212,66,39,1907
1789628148.221,7.33,26.4,0.9173,0.9173,60,0,1907
1789628149.223,7.33,29.5,0.916,0.916,60,0,1907
1789628150.225,7.33,24.8,0.9183,0.9183,60,0,1907
1789628151.228,6.90,24.2,0.9186,0.9186,59,0,1907
1789628152.23,6.90,32.1,0.9132,0.9132,63,6,1907
1789628153.232,6.90,10.0,0.9331,0.9321,60,0,1907
1789628154.235,6.90,27.1,0.9207,0.9207,60,5,1907
1789628155.237,6.90,18.2,0.928,0.9287,60,0,1907
1789628156.239,6.67,37.6,0.9128,0.912,60,35,1907
1789628157.242,6.67,30.3,0.918,0.918,61,0,1907
1789628158.244,6.67,25.2,0.9351,0.9351,60,0,1907
1789628159.246,6.67,11.1,0.935,0.935,59,0,1907
1789628160.249,6.67,24.2,0.9328,0.9338,58,0,1907
1789628161.251,6.45,33.4,0.9235,0.9231,59,31,1907
1789628162.253,6.45,30.8,0.922,0.9215,63,45,1907
1789628163.255,6.45,31.3,0.919,0.92,59,0,1907
1789628164.258,6.45,37.4,0.9119,0.9119,59,0,1907
1789628165.26,6.45,32.7,0.9163,0.9153,58,37,1907
1789628166.262,6.50,27.6,0.9172,0.9172,62,12,1907
1789628167.264,6.50,33.9,0.9187,0.9197,60,0,1907
1789628168.267,6.50,37.7,0.9149,0.9149,60,0,1907
1789628169.269,6.50,26.3,0.924,0.924,60,51,1907
1789628170.271,6.50,18.8,0.9293,0.9293,67,54,1907
1789628171.272,7.18,31.2,0.9204,0.9194,61,0,1907
1789628172.275,7.18,36.0,0.9094,0.9094,61,0,1907
1789628173.278,7.18,27.2,0.9201,0.9201,60,0,1907
1789628174.28,7.18,26.7,0.918,0.919,60,43,1907
1789628175.282,7.18,21.8,0.9273,0.9273,67,83,1907
1789628176.284,6.76,27.7,0.9252,0.9252,63,0,1907
1789628177.287,6.76,36.3,0.9219,0.9219,61,0,1907
1789628178.289,6.76,21.7,0.9272,0.9273,60,0,1907
1789628179.291,6.76,29.2,0.9351,0.9341,63,66,1907
1789628180.293,6.76,30.6,0.9192,0.9192,62,0,1907
1789628181.296,7.66,38.3,0.9115,0.9115,60,0,1907
1789628182.298,7.66,32.1,0.9171,0.9171,60,14,1907
1789628183.3,7.66,20.4,0.9362,0.9362,67,83,1907
1789628184.303,7.66,29.8,0.9219,0.9219,63,3,1907
1789628185.307,7.66,24.9,0.926,0.926,61,0,1907
1789628186.31,7.37,37.3,0.9113,0.9123,60,0,1907
1789628187.312,7.37,31.3,0.9171,0.9161,60,9,1907
1789628188.315,7.37,29.4,0.9178,0.9178,66,32,1907
1789628189.318,7.37,37.4,0.9123,0.9133,61,0,1907
1789628190.32,7.37,34.8,0.9251,0.9251,59,0,1907
1789628191.323,7.18,32.9,0.9141,0.9141,60,61,1907
1789628192.325,7.18,15.2,0.9312,0.9302,64,58,1907
1789628193.327,7.18,33.9,0.9217,0.9227,61,0,1907
1789628194.33,7.18,39.1,0.9239,0.9239,61,0,1907
1789628195.332,7.18,28.6,0.9361,0.9361,60,20,1907
1789628196.334,7.73,30.7,0.9156,0.9156,67,25,1907
1789628197.336,7.73,31.6,0.9184,0.9184,60,0,1907
1789628198.338,7.73,28.2,0.9209,0.9199,59,0,1907
1789628199.34,7.73,33.2,0.9153,0.9163,59,41,1907
1789628200.343,7.73,29.5,0.9161,0.9161,60,54,1907
1789628201.345,8.31,31.9,0.919,0.919,65,8,1907
1789628202.347,8.31,38.2,0.9107,0.9107,61,0,1907
1789628203.349,8.31,11.4,0.9301,0.9291,60,0,1907
1789628204.351,8.31,10.1,0.9344,0.9354,60,0,1907
1789628205.353,8.31,30.2,0.9192,0.9192,59,39,1907
1789628206.357,8.85,37.0,0.912,0.912,61,0,1907
1789628207.359,8.85,35.3,0.914,0.914,60,50,1907
1789628208.361,8.85,32.3,0.9158,0.9158,60,63,1907
1789628209.363,8.85,29.1,0.9172,0.9172,61,28,1907
1789628210.366,8.85,25.7,0.9234,0.9226,63,0,1907
1789628211.368,8.62,34.3,0.9113,0.912,61,51,1907
1789628212.372,8.62,34.5,0.9083,0.9079,66,0,1907
1789628213.374,8.62,26.0,0.9167,0.9171,61,35,1907
1789628214.376,8.62,17.2,0.9263,0.9253,62,0,1907
1789628215.379,8.62,40.9,0.9042,0.9042,61,0,1907
1789628216.381,8.17,29.5,0.9122,0.9126,60,25,1907
1789628217.384,8.17,40.2,0.937,0.9376,62,0,1907
1789628218.386,8.17,20.9,0.9291,0.9291,61,68,1907
1789628219.389,8.17,34.9,0.9187,0.9177,67,0,1907
1789628220.391,8.17,41.3,0.9101,0.9101,61,38,1907
1789628221.393,8.23,31.8,0.9139,0.9142,65,0,1907
1789628222.395,8.23,39.1,0.9055,0.9059,61,0,1907
1789628223.397,8.23,29.3,0.9217,0.9221,61,32,1907
1789628224.4,8.23,37.1,0.9164,0.9162,63,0,1907
1789628225.402,8.23,35.3,0.9152,0.9145,61,51,1907
1789628226.405,8.13,33.0,0.9159,0.9169,66,0,1907
1789628227.408,8.13,39.3,0.9065,0.9055,61,16,1907
1789628228.409,8.13,29.8,0.9144,0.9144,60,4,1907
1789628229.412,8.13,42.9,0.9049,0.9067,61,0,1907
1789628230.414,8.13,15.5,0.9273,0.9265,61,39,1907
1789628231.416,7.88,9.1,0.9374,0.9364,60,0,1907
1789628232.418,7.88,37.6,0.9259,0.9269,62,0,1907
1789628233.42,7.88,35.5,0.9167,0.9167,60,50,1907
1789628234.425,7.88,33.6,0.9123,0.9123,66,0,1907
1789628235.427,7.88,39.0,0.9118,0.9115,61,6,1907
1789628236.429,7.33,30.0,0.9171,0.9184,60,7,1907
1789628237.433,7.33,42.2,0.9108,0.9092,62,0,1907
1789628238.435,7.33,29.9,0.9212,0.9218,61,44,1907
1789628239.437,7.33,28.0,0.9193,0.9193,60,38,1907
1789628240.439,7.33,28.5,0.9201,0.9201,60,31,1907
1789628241.442,8.27,41.7,0.9111,0.9111,61,0,1907
1789628242.444,8.27,29.3,0.9267,0.9267,61,0,1907
1789628243.446,8.27,28.3,0.9172,0.9172,60,43,1907
1789628244.448,8.27,26.5,0.9263,0.9263,63,0,1907
1789628245.452,8.27,20.9,0.9272,0.9272,60,0,1911
1789628246.454,8.73,25.9,0.9282,0.9272,69,83,1911
1789628247.455,8.73,36.3,0.9292,0.9302,67,82,1911
1789628248.459,8.73,27.9,0.9262,0.9262,63,30,1911
1789628249.461,8.73,24.5,0.9332,0.9332,70,0,1911
1789628250.463,8.73,29.5,0.923,0.923,70,83,1911
1789628251.465,8.19,34.9,0.9177,0.9177,62,84,1911
1789628252.467,8.19,24.9,0.9241,0.9241,65,54,1911
1789628253.469,8.19,25.1,0.9242,0.9242,64,0,1911
1789628254.472,8.19,33.4,0.924,0.924,71,82,1911
1789628255.474,8.19,31.7,0.924,0.924,70,82,1911
1789628256.476,8.81,25.1,0.9289,0.9279,72,0,1911
1789628257.478,8.81,26.9,0.9275,0.9275,67,35,1911
1789628258.48,8.81,36.7,0.9131,0.9131,72,81,1911
1789628259.484,8.81,27.7,0.9293,0.9295,70,85,1911
1789628260.487,8.81,26.2,0.9318,0.9325,64,0,1911
1789628261.489,9.63,30.6,0.9202,0.9192,72,82,1911
1789628262.491,9.63,34.6,0.9234,0.9234,71,80,1911
1789628263.493,9.63,25.7,0.9232,0.9236,63,29,1911
1789628264.496,9.63,25.3,0.9214,0.9222,65,0,1911
1789628265.498,9.63,33.5,0.9243,0.924,72,83,1911
1789628266.5,9.10,30.9,0.926,0.9251,71,83,1911
1789628267.503,9.10,25.7,0.9275,0.9275,64,0,1911
1789628268.505,9.10,26.3,0.9191,0.9191,71,52,1911
1789628269.508,9.10,35.6,0.9127,0.9137,72,80,1911
1789628270.511,9.10,27.0,0.9245,0.9245,69,73,1911
1789628271.513,8.69,24.5,0.927,0.9268,65,0,1911
1789628272.515,8.69,30.3,0.9142,0.9145,73,83,1911
1789628273.517,8.69,33.8,0.9262,0.9252,72,82,1911
1789628274.52,8.69,24.1,0.9301,0.9311,64,10,1911
1789628275.523,8.69,24.8,0.9246,0.9241,67,14,1911
1789628276.525,8.39,35.7,0.9201,0.9207,73,83,1911
1789628277.527,8.39,29.5,0.9291,0.9281,71,83,1911
1789628278.529,8.39,25.5,0.9229,0.9237,65,0,1911
1789628279.531,8.39,26.8,0.9221,0.9213,74,70,1911
1789628280.533,8.39,36.0,0.9091,0.9101,72,81,1911
1789628281.536,7.96,24.9,0.9171,0.9164,71,52,1911
1789628282.539,7.96,25.6,0.9177,0.9185,66,0,1911
1789628283.541,7.96,31.6,0.9131,0.9121,74,83,1911
1789628284.544,7.96,32.5,0.9208,0.9212,73,83,1911
1789628285.546,7.96,24.5,0.9237,0.9243,65,0,1911
1789628286.548,7.88,25.1,0.9259,0.9259,68,30,1911
1789628287.551,7.88,36.1,0.917,0.917,74,80,1911
1789628288.554,7.88,28.2,0.9241,0.9241,72,84,1911
1789628289.556,7.88,24.3,0.9317,0.9307,66,0,1911
1789628290.559,7.88,28.5,0.923,0.923,74,83,1911
1789628291.561,7.65,35.3,0.9278,0.9288,73,81,1911
1789628292.564,7.65,24.1,0.9223,0.9217,71,35,1911
1789628293.566,7.65,25.7,0.9263,0.9265,66,0,1911
1789628294.568,7.65,28.3,0.9228,0.9232,74,83,1911
1789628295.57,7.65,36.7,0.9211,0.9201,74,82,1911
1789628296.573,7.28,25.5,0.9281,0.9291,69,34,1911
1789628297.575,7.28,24.9,0.9289,0.9279,67,0,1911
1789628298.577,7.28,31.6,0.924,0.925,74,82,1911
1789628299.58,7.28,32.3,0.9213,0.9213,73,83,1911
1789628300.583,7.28,24.5,0.9247,0.9247,66,0,1911
1789628301.585,8.14,24.8,0.9213,0.9203,73,52,1911
1789628302.587,8.14,36.2,0.913,0.913,74,81,1911
1789628303.589,8.14,28.5,0.9201,0.9201,72,71,1911
1789628304.592,8.14,24.3,0.9205,0.9215,67,0,1911
1789628305.594,8.14,28.2,0.9182,0.9182,74,83,1911
1789628306.597,7.57,35.8,0.9233,0.9233,73,82,1911
1789628307.599,7.57,24.7,0.9228,0.9218,72,7,1911
1789628308.601,7.57,25.4,0.9211,0.9221,67,0,1911
1789628309.603,7.57,32.5,0.9232,0.9222,74,83,1911
1789628310.606,7.57,31.9,0.9318,0.9328,74,82,1911
1789628311.608,7.84,24.7,0.9389,0.9379,66,31,1911
1789628312.611,7.84,25.0,0.9261,0.9271,68,0,1911
1789628313.614,7.84,36.2,0.921,0.92,74,83,1911
1789628314.616,7.84,29.3,0.9302,0.9302,72,83,1911
1789628315.618,7.84,25.5,0.9339,0.9349,66,0,1911
1789628316.62,7.61,28.1,0.9191,0.9191,74,44,1911
1789628317.622,7.61,36.5,0.9173,0.9173,74,81,1911
1789628318.624,7.61,10.8,0.9343,0.9343,65,0,1911
1789628319.626,7.61,10.7,0.9338,0.9331,64,0,1911
1789628320.628,7.61,12.1,0.9295,0.9302,63,3,693
1789628321.63,7.48,12.5,0.9288,0.928,63,0,777
1789628322.632,7.48,23.6,0.9281,0.9289,63,26,2857
1789628323.634,7.48,32.4,0.9182,0.9182,65,0,2857
1789628324.638,7.48,15.8,0.9314,0.9314,64,0,2857
1789628325.64,7.48,30.7,0.9253,0.9253,74,88,2857
1789628326.643,7.13,19.6,0.9288,0.9288,64,7,2857
1789628327.645,7.13,19.3,0.9324,0.9314,66,0,2857
1789628328.648,7.13,32.0,0.9267,0.9267,72,89,2857
1789628329.65,7.13,19.7,0.9263,0.9273,64,0,2857
1789628330.652,7.13,37.2,0.9183,0.9183,73,88,2857
1789628331.655,6.87,9.6,0.9335,0.9335,64,0,2857
1789628332.658,6.87,45.5,0.9143,0.9143,74,89,2857
1789628333.66,6.87,12.7,0.9302,0.9302,64,0,2857
1789628334.662,6.87,12.3,0.9324,0.9318,63,0,2857
1789628335.664,6.87,34.7,0.9182,0.9178,73,88,2857
1789628336.665,6.56,14.3,0.9284,0.9294,64,0,2857
1789628337.668,6.56,41.4,0.9157,0.9147,74,57,2857
1789628338.67,6.56,17.3,0.9327,0.9327,64,0,2857
1789628339.672,6.56,32.9,0.9133,0.9133,66,0,2857
1789628340.674,6.56,8.7,0.9312,0.9312,63,0,2857
1789628341.676,6.28,8.8,0.9333,0.9343,62,0,2857
1789628342.679,6.28,16.9,0.9308,0.9308,62,0,2857
1789628343.681,6.28,40.7,0.9313,0.9309,73,57,2857
1789628344.683,6.28,19.6,0.9255,0.9259,63,0,2857
1789628345.685,6.28,32.6,0.9162,0.9152,65,0,2857
1789628346.688,5.86,28.3,0.928,0.928,70,89,2857
1789628347.69,5.86,17.8,0.9257,0.9257,65,0,2857
1789628348.692,5.86,25.2,0.9242,0.9252,66,81,2857
1789628349.694,5.86,19.3,0.9262,0.9262,66,0,2857
1789628350.698,5.86,25.0,0.9247,0.9247,63,59,2857
1789628351.7,5.71,34.2,0.9153,0.9153,66,0,2857
1789628352.702,5.71,19.1,0.9328,0.9328,63,0,2857
1789628353.704,5.71,21.9,0.9251,0.9241,67,0,2857
1789628354.707,5.71,27.7,0.9268,0.9278,70,90,2857
1789628355.709,5.71,23.6,0.9201,0.9201,64,0,2857
1789628356.712,5.49,40.7,0.9184,0.9174,72,88,2857
1789628357.713,5.49,22.7,0.9263,0.9263,64,0,2857
1789628358.717,5.49,44.9,0.9178,0.9188,73,89,2857
1789628359.719,5.49,13.5,0.9311,0.9311,63,0,2857
1789628360.721,5.37,37.6,0.9222,0.9222,72,19,2857
1789628361.724,5.37,20.4,0.9333,0.9333,63,0,2857
1789628362.726,5.37,31.1,0.9302,0.9292,65,0,2857
1789628363.728,5.37,26.1,0.9292,0.9302,72,89,2857
1789628364.73,5.37,9.2,0.9362,0.9352,63,0,2857
1789628365.735,5.34,17.2,0.9368,0.9378,63,24,2857
1789628366.737,5.34,40.4,0.9179,0.9172,72,0,2857
1789628367.739,5.34,22.7,0.9335,0.9339,63,74,2857
1789628368.741,5.34,30.6,0.92,0.9194,65,0,2857
1789628369.743,5.34,28.3,0.927,0.927,66,88,2857
1789628370.745,5.07,26.6,0.9354,0.9364,64,0,2857
1789628371.748,5.07,31.3,0.9242,0.9242,71,89,2857
1789628372.75,5.07,15.6,0.9304,0.9304,65,0,2857
1789628373.753,5.07,38.3,0.9313,0.9313,72,88,2857
1789628374.755,5.07,19.7,0.9257,0.9257,63,0,2857
1789628375.757,5.31,22.4,0.9233,0.9223,73,0,2857
1789628376.76,5.31,21.1,0.9298,0.9308,63,61,2857
1789628377.762,5.31,16.0,0.9343,0.9333,65,0,2857
1789628378.764,5.31,8.7,0.937,0.937,63,0,2857
1789628379.767,5.31,29.0,0.9231,0.9233,62,89,2857
1789628380.769,5.28,23.7,0.9236,0.9241,63,0,2857
1789628381.77,5.28,28.7,0.9263,0.9266,73,44,2857
1789628382.773,5.28,15.8,0.9326,0.9326,63,0,2857
1789628383.775,5.28,27.5,0.9272,0.9272,73,42,2857
1789628384.777,5.28,17.5,0.933,0.933,63,0,2857
1789628385.779,5.18,32.5,0.9242,0.9232,67,0,2857
1789628386.782,5.18,34.3,0.925,0.926,69,89,2857
1789628387.784,5.18,15.5,0.9292,0.9292,63,0,2857
1789628388.786,5.18,14.7,0.9371,0.9361,63,0,2857
1789628389.789,5.18,42.7,0.9106,0.9116,71,59,2857
1789628390.791,5.25,16.8,0.9323,0.9313,63,0,2857
1789628391.793,5.25,33.5,0.9299,0.9309,68,0,2857
1789628392.795,5.25,9.7,0.9342,0.9332,63,0,2857
1789628393.797,5.25,29.9,0.9213,0.9213,61,90,2857
1789628394.799,5.25,29.9,0.9332,0.9342,66,0,2857
1789628395.802,6.27,23.8,0.9333,0.9341,63,86,2857
1789628396.804,6.27,31.0,0.9213,0.9195,66,0,2857
1789628397.806,6.27,32.2,0.9232,0.9232,69,89,2857
1789628398.808,6.27,27.8,0.9173,0.9173,65,0,2857
1789628399.81,6.27,7.9,0.9333,0.9333,63,0,2857
1789628400.812,6.25,19.9,0.924,0.925,61,12,2857
1789628401.814,6.25,25.7,0.9212,0.9212,72,14,2857
1789628402.816,6.25,12.4,0.9349,0.9342,63,0,2857
1789628403.818,6.25,37.8,0.9114,0.9121,72,0,2857
1789628404.822,6.25,18.4,0.9287,0.9295,63,3,2857
1789628405.824,5.91,11.9,0.9292,0.9284,64,0,2857
1789628406.826,5.91,40.2,0.9191,0.9181,71,81,2857
1789628407.828,5.91,8.6,0.9312,0.9312,63,0,2857
1789628408.83,5.91,12.8,0.9304,0.9304,62,0,2857
1789628409.832,5.91,24.6,0.9194,0.9194,71,16,2857
1789628410.834,5.75,19.2,0.9283,0.9283,62,0,2857
1789628411.836,5.75,13.9,0.93,0.931,64,0,2857
1789628412.838,5.75,8.4,0.9342,0.9342,62,0,2857
1789628413.84,5.75,33.3,0.9241,0.9237,67,88,2857
1789628414.842,5.75,11.1,0.9339,0.9333,63,0,2857
1789628415.844,5.37,28.4,0.9211,0.9211,71,88,2857
1789628416.846,5.37,10.6,0.9343,0.9343,63,0,2857
1789628417.848,5.37,29.2,0.92,0.921,71,82,2857
1789628418.851,5.37,19.2,0.9319,0.9319,63,0,2857
1789628419.853,5.37,25.7,0.9252,0.9242,73,30,2857
1789628420.855,5.42,9.3,0.9362,0.9362,62,0,2857
1789628421.857,5.42,22.6,0.9282,0.9282,68,42,2857
1789628422.859,5.42,35.7,0.9322,0.9332,63,0,2857
1789628423.862,5.42,21.9,0.9349,0.9349,70,89,2857
1789628424.864,5.42,28.1,0.9233,0.9233,63,0,2857
1789628425.866,6.19,39.4,0.9254,0.9254,66,22,2857
1789628426.869,6.19,15.3,0.9344,0.9334,62,0,2857
1789628427.871,6.19,23.4,0.9282,0.9282,64,0,2857
1789628428.873,6.19,22.7,0.9352,0.9352,71,88,2857
1789628429.874,6.19,10.5,0.9344,0.9344,62,0,2857
1789628430.877,5.77,10.4,0.935,0.935,61,0,2857
1789628431.879,5.77,11.2,0.9353,0.9353,61,0,2857
1789628432.88,5.77,11.3,0.9323,0.9323,60,3,685
1789628433.882,5.77,12.5,0.9272,0.9282,60,6,685
1789628434.885,5.77,18.1,0.9276,0.9266,60,17,1911
1789628435.887,6.43,43.9,0.919,0.919,71,58,1911
1789628436.889,6.43,9.6,0.9341,0.9341,62,0,1911
1789628437.892,6.43,8.0,0.9371,0.9381,61,0,1911
1789628438.895,6.43,24.4,0.9316,0.9316,65,85,1911
1789628439.897,6.43,22.2,0.932,0.932,63,0,1911
1789628440.9,6.48,15.3,0.9374,0.9364,61,0,1911
1789628441.902,6.48,31.5,0.925,0.925,67,44,1911
1789628442.904,6.48,9.8,0.9355,0.9355,62,0,1911
1789628443.906,6.48,35.7,0.9272,0.9282,71,83,1911
1789628444.908,6.48,8.9,0.9349,0.9345,62,0,1911
1789628445.909,6.04,8.5,0.936,0.9364,61,0,1911
1789628446.913,6.04,14.6,0.9378,0.9368,60,0,1911
1789628447.915,6.04,30.6,0.9304,0.9304,71,54,1911
1789628448.917,6.04,7.7,0.9354,0.9354,62,0,1911
1789628449.919,6.04,36.3,0.9293,0.9303,70,80,1911
1789628450.921,6.12,10.4,0.9361,0.9361,62,0,1911
1789628451.923,6.12,26.9,0.936,0.9358,70,84,1911
1789628452.925,6.12,18.8,0.9341,0.9333,63,0,1911
1789628453.927,6.12,18.3,0.9379,0.9389,62,0,1911
1789628454.929,6.12,28.5,0.9335,0.9331,66,27,1911
1789628455.931,6.03,10.7,0.9379,0.9383,62,0,1911
1789628456.933,6.03,11.0,0.9371,0.9371,61,0,1911
1789628457.936,6.03,30.1,0.9298,0.9298,68,83,1911
1789628458.938,6.03,18.4,0.9333,0.9333,62,0,1911
1789628459.94,6.03,19.6,0.9369,0.9359,61,13,1911
1789628460.942,5.86,26.0,0.9264,0.9274,65,12,1911
1789628461.943,5.86,8.7,0.9363,0.9353,62,0,1911
1789628462.945,5.86,36.1,0.9232,0.9232,72,83,1911
1789628463.948,5.86,8.9,0.925,0.926,62,0,1911
1789628464.95,5.86,31.2,0.9228,0.9228,71,83,1911
1789628465.953,5.55,15.9,0.9318,0.9318,62,0,1911
1789628466.955,5.55,23.0,0.9323,0.9313,70,47,1911
1789628467.958,5.55,24.7,0.93,0.931,64,0,1911
1789628468.961,5.55,12.5,0.933,0.932,62,0,1911
1789628469.963,5.55,32.1,0.9191,0.9201,71,84,1911
1789628470.965,5.43,9.7,0.9312,0.9302,62,0,1911
1789628471.967,5.43,34.3,0.9131,0.9141,71,83,1911
1789628472.969,5.43,9.9,0.9293,0.9283,62,0,1911
1789628473.973,5.43,26.0,0.9248,0.9258,70,82,1911
1789628474.975,5.43,19.1,0.9262,0.9262,63,0,1911
1789628475.976,6.28,16.7,0.9303,0.9303,62,0,1911
1789628476.978,6.28,28.2,0.9212,0.9202,67,40,1911
1789628477.981,6.28,9.6,0.9339,0.9342,62,0,1911
1789628478.983,6.28,35.8,0.9175,0.9182,71,83,1911
1789628479.985,6.28,10.9,0.9343,0.9333,62,0,1911
1789628480.988,6.17,30.6,0.9278,0.9288,70,83,1911
1789628481.99,6.17,15.5,0.9291,0.9281,63,0,1911
1789628482.992,6.17,20.4,0.9271,0.9281,62,83,1911
1789628483.994,6.17,27.7,0.9191,0.9191,65,0,1911
1789628484.996,6.17,12.9,0.9338,0.9338,62,0,1911
1789628485.999,6.08,35.1,0.9147,0.9137,72,40,1911
1789628487.001,6.08,11.3,0.9342,0.9352,62,0,1911
1789628488.004,6.08,33.2,0.9218,0.9208,71,82,1911
1789628489.005,6.08,13.3,0.9304,0.9314,63,0,1911
1789628490.008,6.08,25.7,0.9259,0.9259,69,84,1911
1789628491.01,5.83,20.5,0.9283,0.9283,64,0,1911
1789628492.012,5.83,17.1,0.932,0.932,62,39,1911
1789628493.013,5.83,29.8,0.9235,0.9235,72,0,1911
1789628494.015,5.83,10.6,0.9365,0.9355,62,0,1911
1789628495.017,5.83,36.2,0.9213,0.9223,71,84,1911
1789628496.019,5.61,8.9,0.9413,0.9403,62,0,1911
1789628497.022,5.61,29.2,0.9284,0.9294,70,82,1911
1789628498.024,5.61,17.1,0.9332,0.9323,63,0,1911
1789628499.026,5.61,19.6,0.929,0.929,62,69,1911
1789628500.028,5.61,25.4,0.9253,0.9253,67,0,1911
1789628501.029,5.56,9.2,0.9355,0.9365,62,0,1911
1789628502.031,5.56,35.6,0.9143,0.9143,72,83,1911
1789628503.033,5.56,9.6,0.9375,0.9365,62,0,1911
1789628504.035,5.56,30.8,0.928,0.928,70,82,1911
1789628505.037,5.56,28.0,0.9383,0.9383,63,0,1911
1789628506.039,6.47,20.8,0.9268,0.9268,62,82,1911
1789628507.042,6.47,24.2,0.9302,0.9312,66,0,1911
1789628508.044,6.47,12.5,0.935,0.936,62,0,1911
1789628509.046,6.47,32.7,0.926,0.9244,72,68,1911
1789628510.048,6.47,9.1,0.9352,0.9348,62,0,1911
1789628511.05,6.68,34.1,0.9161,0.9161,71,81,1911
1789628512.052,6.68,11.8,0.9333,0.9333,63,0,1911
1789628513.054,6.68,24.5,0.9243,0.9253,68,83,1911
1789628514.056,6.68,21.3,0.9223,0.9214,65,0,1911
1789628515.057,6.68,16.2,0.9304,0.9314,62,0,1911
1789628516.059,6.46,30.3,0.9153,0.9153,71,34,1911
1789628517.061,6.46,10.9,0.9353,0.9343,62,0,1911
1789628518.063,6.46,36.3,0.9132,0.9132,71,83,1911
1789628519.065,6.46,10.7,0.9332,0.9332,63,0,1911
1789628520.068,6.46,28.6,0.9195,0.9195,68,84,1911
1789628521.07,6.34,19.0,0.9293,0.9293,63,0,1911
1789628522.072,6.34,19.9,0.9321,0.9331,62,36,1911
1789628523.074,6.34,26.5,0.9182,0.9172,66,0,1911
1789628524.077,6.34,10.3,0.9337,0.9341,62,0,1911
1789628525.079,6.34,36.0,0.9122,0.9118,72,83,1911
1789628526.081,6.32,9.4,0.9352,0.9362,62,0,1911
1789628527.083,6.32,31.0,0.9256,0.9256,70,82,1911
1789628528.085,6.32,14.2,0.9274,0.9274,63,0,1911
1789628529.09,6.32,23.4,0.9326,0.9326,65,73,1911
1789628530.092,6.32,24.4,0.9313,0.9303,65,0,1911
1789628531.095,6.05,14.3,0.934,0.935,62,0,1911
1789628532.097,6.05,31.9,0.9251,0.9251,72,79,1911
1789628533.099,6.05,9.4,0.9333,0.9331,62,0,1911
1789628534.101,6.05,34.2,0.9129,0.9121,71,83,1911
1789628535.103,6.05,10.7,0.9294,0.9304,63,0,1911
1789628536.107,6.05,24.8,0.9187,0.9197,68,82,1911
1789628537.109,6.05,20.3,0.9262,0.9242,64,0,1911
1789628538.113,6.05,15.9,0.9322,0.9324,62,64,1911
1789628539.115,6.05,29.9,0.9234,0.9242,72,0,1911
1789628540.116,6.05,9.3,0.9344,0.9344,72,0,1911
1789628541.119,6.68,36.4,0.9218,0.9208,62,0,1911
1789628542.121,6.68,10.6,0.9313,0.9313,72,79,1911
1789628543.123,6.68,28.9,0.9271,0.9271,63,0,1911
1789628544.125,6.68,17.5,0.9291,0.9301,70,81,1911
1789628545.127,6.68,19.9,0.9279,0.9279,63,0,1911
1789628546.129,6.39,26.1,0.9213,0.9213,62,84,1911
1789628547.133,6.39,11.5,0.9368,0.9365,66,0,1911
1789628548.135,6.39,35.9,0.924,0.9233,62,0,1911
1789628549.137,6.39,10.1,0.934,0.934,71,39,1911
1789628550.14,6.39,31.4,0.9195,0.9205,63,0,1911
1789628551.142,6.12,13.6,0.9313,0.9313,71,83,1911
1789628552.144,6.12,22.6,0.9322,0.9322,63,0,1911
1789628553.146,6.12,24.0,0.9301,0.9301,62,84,1911
1789628554.148,6.12,15.3,0.9379,0.9371,65,0,1911
1789628555.15,6.12,32.6,0.9274,0.9272,62,18,1911
1789628556.152,5.87,10.1,0.9373,0.9373,72,7,1911
1789628557.154,5.87,35.1,0.9181,0.9191,62,0,1911
1789628558.156,5.87,12.0,0.9332,0.9322,71,83,1911
1789628559.158,5.87,25.3,0.9241,0.9241,63,0,1911
1789628560.16,5.87,20.9,0.9233,0.9233,69,84,1911
1789628561.162,5.80,9.8,0.9354,0.9354,65,0,1911
1789628562.163,5.80,9.5,0.9367,0.9377,62,0,1911
1789628563.165,5.80,13.0,0.9322,0.9322,61,0,1911
1789628564.169,5.80,13.7,0.9302,0.9292,61,1,685
1789628565.172,5.80,35.0,0.9197,0.9207,60,3,777
1789628566.174,6.53,31.9,0.9142,0.9142,60,38,1253
1789628567.176,6.53,26.5,0.9228,0.9228,61,0,1255
1789628568.179,6.53,34.1,0.9201,0.9191,61,29,1255
1789628569.181,6.53,18.3,0.9183,0.9183,64,0,1255
1789628570.183,6.53,26.6,0.9209,0.9219,61,21,1255
1789628571.186,6.49,19.6,0.9244,0.9234,61,0,1255
1789628572.188,6.49,41.5,0.9121,0.9121,60,0,1255
1789628573.19,6.49,29.0,0.9133,0.9133,60,11,1255
1789628574.192,6.49,26.3,0.9242,0.9242,60,0,1255
1789628575.194,6.49,30.2,0.9183,0.9193,60,6,1255
1789628576.196,6.21,41.0,0.9091,0.9081,62,0,1255
1789628577.199,6.21,18.3,0.9232,0.9232,60,8,1255
1789628578.201,6.21,28.4,0.9301,0.9301,61,0,1255
1789628579.204,6.21,30.0,0.9239,0.9249,59,19,1255
1789628580.206,6.21,41.4,0.9112,0.9108,61,0,1255
1789628581.208,5.87,10.3,0.9328,0.9332,59,24,1255
1789628582.21,5.87,10.7,0.9367,0.9361,59,0,1255
1789628583.212,5.87,12.6,0.9292,0.9288,59,0,1255
1789628584.214,5.87,13.2,0.9283,0.9293,59,4,777
1789628585.216,5.87,20.2,0.9246,0.9246,59,1,777
1789628586.219,6.61,41.8,0.9115,0.9115,61,13,1911
1789628587.221,6.61,34.4,0.9189,0.9189,70,82,1911
1789628588.224,6.61,19.1,0.9271,0.9271,67,0,1911
1789628589.226,6.61,30.2,0.9273,0.9263,62,30,1911
1789628590.229,6.61,33.6,0.92,0.921,71,82,1911
1789628591.231,6.56,22.8,0.9237,0.9237,71,82,1911
1789628592.233,6.56,27.0,0.9244,0.9234,70,83,1911
1789628593.235,6.56,37.0,0.925,0.926,62,0,1911
1789628594.237,6.56,23.3,0.9251,0.9251,71,74,1911
1789628595.239,6.56,23.5,0.9294,0.9294,70,81,1911
1789628596.242,6.51,37.3,0.9108,0.9108,62,0,1911
1789628597.244,6.51,23.1,0.9203,0.9203,66,34,1911
1789628598.246,6.51,24.6,0.9153,0.9143,70,83,1911
1789628599.248,6.51,36.9,0.9091,0.9091,62,0,1911
1789628600.25,6.51,25.0,0.916,0.917,71,55,1911
1789628601.252,6.55,23.1,0.921,0.92,71,81,1911
1789628602.254,6.55,34.7,0.9161,0.9171,62,21,1911
1789628603.257,6.55,28.9,0.9186,0.9186,65,7,1911
1789628604.26,6.55,22.8,0.9212,0.9212,71,81,1911
1789628605.262,6.55,31.3,0.926,0.926,69,66,1911
1789628606.265,6.43,32.1,0.9293,0.9293,64,0,1911
1789628607.268,6.43,20.2,0.9317,0.9307,72,82,1911
1789628608.27,6.43,32.2,0.9213,0.9223,69,60,1911
1789628609.272,6.43,31.7,0.9241,0.9241,64,0,1911
1789628610.274,6.43,23.4,0.9271,0.9261,72,83,1911
1789628611.276,6.07,28.1,0.9292,0.9302,70,83,1911
1789628612.278,6.07,36.3,0.9278,0.9278,64,0,1911
1789628613.281,6.07,23.6,0.9297,0.9287,72,82,1911
1789628614.283,6.07,24.6,0.9192,0.9202,71,83,1911
1789628615.285,6.07,37.2,0.9278,0.9268,63,0,1911
1789628616.288,6.79,26.0,0.9242,0.9252,72,60,1911
1789628617.291,6.79,23.3,0.933,0.933,72,80,1911
1789628618.293,6.79,34.8,0.9212,0.9202,63,12,1911
1789628619.295,6.79,30.1,0.925,0.926,66,14,1911
1789628620.297,6.79,22.0,0.9253,0.9243,72,81,1911
1789628621.299,6.72,31.6,0.9251,0.9261,70,50,1911
1789628622.301,6.72,32.8,0.9231,0.9221,65,0,1911
1789628623.303,6.72,20.6,0.9289,0.9293,73,82,1911
1789628624.306,6.72,26.7,0.9229,0.9225,70,41,1911
1789628625.308,6.72,36.5,0.9202,0.9212,64,0,1911
1789628626.31,7.71,24.5,0.9271,0.9261,73,82,1911
1789628627.312,7.71,23.5,0.9221,0.9231,72,83,1911
1789628628.314,7.71,37.1,0.9262,0.9252,64,0,1911
1789628629.316,7.71,27.7,0.9266,0.9272,73,60,1911
1789628630.318,7.71,22.7,0.9226,0.9228,72,81,1911
1789628631.321,7.33,32.8,0.9168,0.916,64,9,1911
1789628632.323,7.33,29.9,0.9259,0.9263,67,16,1911
1789628633.326,7.33,23.1,0.9244,0.9244,73,81,1911
1789628634.328,7.33,32.0,0.917,0.9176,72,45,1911
1789628635.33,7.33,33.3,0.9178,0.9171,66,0,1911
1789628636.333,6.98,22.8,0.9244,0.9249,73,82,1911
1789628637.335,6.98,27.2,0.9202,0.9195,71,78,1911
1789628638.337,6.98,36.7,0.9169,0.9179,65,0,1911
1789628639.339,6.98,23.1,0.9221,0.9211,73,80,1911
1789628640.341,6.98,24.5,0.9192,0.9192,71,81,1911
1789628641.343,7.70,37.2,0.9171,0.9171,65,2,1911
1789628642.346,7.70,25.3,0.9199,0.9199,73,25,1911
1789628643.348,7.70,23.1,0.9207,0.9217,73,80,1911
1789628644.351,7.70,36.2,0.906,0.905,65,38,1911
1789628645.354,7.70,28.4,0.9055,0.9065,73,0,1911
1789628646.356,7.49,18.8,0.9242,0.9232,73,81,1911
1789628647.358,7.49,37.0,0.9143,0.9153,73,21,1911
1789628648.361,7.49,27.8,0.9252,0.9252,73,9,1911
1789628649.363,7.49,24.1,0.9221,0.9221,73,81,1911
1789628650.365,7.49,34.0,0.9173,0.9163,65,54,1911
1789628651.367,8.33,25.4,0.9262,0.9262,74,0,1911
1789628652.372,8.33,22.9,0.9184,0.9194,72,81,1911
1789628653.375,8.33,33.9,0.9237,0.9237,65,41,1911
1789628654.378,8.33,29.2,0.9276,0.9266,74,0,1911
1789628655.381,8.33,23.0,0.9241,0.9257,73,82,1911
1789628656.384,8.06,30.5,0.9255,0.9249,65,83,1911
1789628657.386,8.06,32.6,0.9257,0.925,68,0,1911
1789628658.388,8.06,22.9,0.9241,0.9246,73,81,1911
1789628659.39,8.06,27.8,0.9162,0.9165,71,82,1911
1789628660.392,8.06,35.0,0.9141,0.9141,66,0,1911
1789628661.396,7.66,22.9,0.9225,0.9218,73,82,1911
1789628662.398,7.66,26.2,0.9234,0.9232,71,82,1911
1789628663.4,7.66,11.6,0.9308,0.9314,66,0,1911
1789628664.402,7.66,11.7,0.9299,0.9293,64,0,1911
1789628665.404,7.66,9.5,0.9302,0.9302,62,0,1911
1789628666.406,7.20,12.8,0.895,0.895,62,0,685
1789628667.408,7.20,12.5,0.9203,0.9213,62,5,685
1789628668.412,7.20,24.0,0.8946,0.8952,62,4,777
1789628669.415,7.20,36.5,0.9141,0.9135,62,68,1257
1789628670.417,7.20,26.1,0.909,0.909,63,0,1257
1789628671.419,6.87,9.0,0.901,0.9,67,35,1259
1789628672.421,6.87,8.8,0.9301,0.9311,63,0,1259
1789628673.423,6.87,8.7,0.9362,0.9352,62,0,1259
1789628674.425,6.87,8.1,0.9312,0.9312,61,0,1259
1789628675.427,6.87,25.9,0.9172,0.9182,61,0,1259
1789628676.429,6.56,8.8,0.9292,0.9292,63,0,1259
1789628677.432,6.56,24.9,0.9207,0.9197,62,0,1259
1789628678.434,6.56,9.7,0.9302,0.9302,63,0,1259
1789628679.436,6.56,10.5,0.936,0.936,62,0,1259
1789628680.438,6.56,9.1,0.9324,0.9334,61,0,1259
1789628681.44,6.35,8.8,0.938,0.937,61,0,1259
1789628682.442,6.35,10.4,0.9354,0.9354,60,0,1259
1789628683.444,6.35,9.2,0.9379,0.9389,60,0,1259
1789628684.446,6.35,8.3,0.9382,0.9372,60,0,1259
1789628685.448,6.35,26.1,0.9229,0.9229,60,0,1259
1789628686.451,6.08,21.9,0.9245,0.9255,62,0,1259
1789628687.454,6.08,13.2,0.9287,0.9287,65,72,1259
1789628688.456,6.08,9.1,0.9366,0.9366,62,0,1259
1789628689.459,6.08,9.0,0.9387,0.9377,61,0,1259
1789628690.461,6.08,9.0,0.9372,0.9372,60,0,1259
1789628691.463,5.84,9.0,0.9382,0.9382,60,0,1259
1789628692.465,5.84,9.2,0.9373,0.9383,60,0,1259
1789628693.467,5.84,9.2,0.939,0.938,60,0,1259
1789628694.469,5.84,9.4,0.9371,0.9381,59,0,1259
1789628695.471,5.84,8.9,0.9402,0.9402,59,0,1259
1789628696.473,5.69,9.5,0.9413,0.9413,59,0,1259
1789628697.476,5.69,22.2,0.9271,0.9271,59,0,1259
1789628698.478,5.69,11.3,0.9329,0.9319,61,50,1259
1789628699.48,5.69,8.9,0.9362,0.9362,61,0,1259
1789628700.482,5.69,13.3,0.9333,0.9339,60,0,1259
1789628701.485,5.47,21.5,0.9237,0.9231,59,75,1259
1789628702.486,5.47,9.5,0.9363,0.9363,61,0,1259
1789628703.489,5.47,24.6,0.9281,0.9281,60,0,1259
1789628704.491,5.47,24.6,0.9265,0.9272,65,0,1259
1789628705.493,5.47,9.6,0.9343,0.9335,65,29,1259
1789628706.495,5.36,9.2,0.9363,0.9363,61,0,1259
1789628707.497,5.36,9.6,0.9353,0.9353,60,0,1259
1789628708.499,5.36,9.8,0.9361,0.9371,59,0,1259
1789628709.501,5.36,9.1,0.9361,0.9351,59,0,1259
1789628710.503,5.36,9.3,0.9352,0.9352,59,0,1259
1789628711.505,5.17,9.3,0.936,0.936,59,0,1259
1789628712.507,5.17,9.6,0.934,0.935,59,0,1259
1789628713.509,5.17,9.3,0.9372,0.9362,59,0,1259
1789628714.511,5.17,9.3,0.9342,0.9352,58,0,1259
1789628715.513,5.17,9.3,0.9362,0.9352,58,0,1259
1789628716.515,5.07,8.9,0.9363,0.9363,58,0,1259
1789628717.517,5.07,25.8,0.9201,0.9201,58,14,1259
1789628718.52,5.07,9.6,0.9341,0.9351,60,0,1259
1789628719.522,5.07,9.0,0.934,0.934,59,0,1259
1789628720.524,5.07,24.5,0.921,0.921,58,0,1259
1789628721.527,4.91,8.9,0.9344,0.9334,64,0,1259
1789628722.53,4.91,9.1,0.9345,0.9355,59,0,1259
1789628723.532,4.91,11.0,0.9351,0.9341,59,0,1259
1789628724.534,4.91,24.3,0.9213,0.9223,58,41,1259
1789628725.536,4.91,9.1,0.9347,0.9337,60,0,1259
1789628726.538,4.59,8.5,0.9326,0.9328,59,0,1259
1789628727.541,4.59,8.5,0.9323,0.9331,58,0,1259
1789628728.543,4.59,9.1,0.931,0.931,58,0,1259
1789628729.545,4.59,16.0,0.9277,0.9267,58,0,1259
1789628730.547,4.59,17.9,0.9251,0.9261,58,74,1259
1789628731.55,4.39,9.0,0.9342,0.9332,60,0,1259
1789628732.551,4.39,8.8,0.9327,0.9333,59,0,1259
1789628733.553,4.39,8.6,0.9359,0.9363,58,0,1259
1789628734.555,4.39,8.8,0.933,0.933,58,0,1259
1789628735.557,4.39,10.1,0.9326,0.9322,58,0,1259
1789628736.559,4.19,9.2,0.9368,0.9372,58,0,1259
1789628737.561,4.19,9.3,0.9353,0.9343,58,0,1259
1789628738.563,4.19,9.2,0.9351,0.9361,58,0,1259
1789628739.566,4.19,9.2,0.935,0.934,57,0,1259
1789628740.568,4.19,9.1,0.9351,0.9361,57,0,1259
1789628741.57,4.10,8.8,0.9351,0.9341,57,0,1259
1789628742.572,4.10,9.2,0.9343,0.9353,57,0,1259
1789628743.574,4.10,9.3,0.9363,0.9363,57,0,1259
1789628744.575,4.10,9.1,0.9375,0.9373,57,0,1259
1789628745.577,4.10,24.2,0.9312,0.9304,57,0,1259
1789628746.58,4.09,22.2,0.9315,0.9325,59,0,1259
1789628747.582,4.09,12.4,0.9344,0.9334,60,73,1259
1789628748.584,4.09,9.7,0.9369,0.9369,59,0,1259
1789628749.586,4.09,10.0,0.9344,0.9354,58,0,1259
1789628750.588,4.09,10.0,0.9358,0.9348,57,0,1259
1789628751.59,3.84,10.1,0.9373,0.9383,57,0,1259
1789628752.592,3.84,25.0,0.9282,0.9272,57,0,1259
1789628753.594,3.84,10.6,0.9353,0.9363,59,41,1259
1789628754.599,3.84,10.5,0.938,0.937,58,0,1259
1789628755.601,3.84,8.8,0.9372,0.9372,57,0,1259
1789628756.604,3.86,24.5,0.9216,0.9219,57,0,1259
1789628757.606,3.86,10.4,0.9332,0.933,60,72,1259
1789628758.608,3.86,9.3,0.936,0.936,58,0,1259
1789628759.611,3.86,14.0,0.935,0.936,57,0,1259
1789628760.613,3.86,20.5,0.9303,0.9303,60,44,1259
1789628761.615,4.03,9.1,0.9401,0.9391,58,0,1259
1789628762.617,4.03,9.1,0.9381,0.9381,58,0,1259
1789628763.619,4.03,9.2,0.9363,0.9363,57,0,1259
1789628764.621,4.03,8.8,0.9363,0.9363,57,0,1259
1789628765.624,4.03,9.3,0.9362,0.9368,57,0,1259
1789628766.625,3.78,9.2,0.9368,0.9362,57,0,1259
1789628767.627,3.78,9.2,0.9372,0.9372,57,0,1259
1789628768.629,3.78,9.4,0.9363,0.9373,57,0,1259
1789628769.631,3.78,8.6,0.9362,0.9362,57,0,1259
1789628770.633,3.78,8.9,0.9373,0.9363,57,0,1259
1789628771.635,3.80,9.7,0.9364,0.9374,57,0,1259
1789628772.637,3.80,9.1,0.9353,0.9353,57,0,1259
1789628773.639,3.80,9.4,0.9379,0.9369,57,0,1259
1789628774.641,3.80,8.9,0.9354,0.9364,56,0,1259
1789628775.644,3.80,18.1,0.9343,0.9333,56,0,1259
1789628776.646,3.98,22.9,0.9263,0.9263,62,71,1259
1789628777.648,3.98,19.2,0.9255,0.9255,63,72,1259
1789628778.65,3.98,10.7,0.9352,0.9362,58,0,1259
1789628779.652,3.98,8.7,0.9362,0.9352,58,0,1259
1789628780.654,3.98,25.7,0.9282,0.9292,57,0,1259
1789628781.656,3.74,24.4,0.93,0.929,58,0,1259
1789628782.658,3.74,11.2,0.9344,0.9354,60,0,1259
1789628783.66,3.74,10.1,0.9339,0.9329,58,0,1259
1789628784.663,3.74,25.1,0.9212,0.9222,57,25,1259
1789628785.665,3.74,24.0,0.9292,0.9282,58,0,1259
1789628786.667,3.76,10.1,0.9353,0.9353,59,0,1259
1789628787.669,3.76,10.7,0.9364,0.9364,58,0,1259
1789628788.67,3.76,10.6,0.9354,0.9364,57,0,1259
1789628789.672,3.76,9.7,0.9353,0.9343,57,0,1259
1789628790.674,3.76,10.0,0.9323,0.9323,57,0,1259
1789628791.676,3.70,9.8,0.9322,0.9332,57,0,1259
1789628792.679,3.70,21.5,0.9277,0.9277,57,0,1259
1789628793.681,3.70,12.9,0.9309,0.9299,63,73,1259
1789628794.683,3.70,14.3,0.932,0.933,58,0,1259
1789628795.685,3.70,18.0,0.93,0.929,62,73,1259
1789628796.687,3.80,25.8,0.9241,0.9251,58,0,1259
1789628797.69,3.80,24.5,0.9211,0.9201,59,0,1259
1789628798.691,3.80,9.1,0.9323,0.9333,59,0,1259
1789628799.693,3.80,20.8,0.9271,0.9261,58,0,1259
1789628800.696,3.80,19.5,0.9261,0.9271,63,72,1259
1789628801.697,3.90,18.8,0.9254,0.9244,63,72,1259
1789628802.699,3.90,24.7,0.9203,0.9207,59,0,1259
1789628803.701,3.90,8.0,0.9351,0.9357,59,0,1259
1789628804.704,3.90,22.3,0.9198,0.9188,59,0,1259
1789628805.706,3.90,10.3,0.9338,0.9348,64,55,1259
1789628806.708,3.75,24.5,0.9242,0.9232,59,0,1259
1789628807.711,3.75,20.3,0.9278,0.9288,61,19,1259
1789628808.713,3.75,17.2,0.9293,0.9283,64,71,1259
1789628809.714,3.75,9.6,0.9353,0.9363,59,0,1259
1789628810.716,3.75,25.2,0.9232,0.9222,59,0,1259
1789628811.719,3.53,12.3,0.9318,0.9328,59,0,1259
1789628812.72,3.53,21.2,0.9243,0.9235,63,64,1259
1789628813.722,3.53,9.3,0.9357,0.9365,59,0,1259
1789628814.724,3.53,9.1,0.9364,0.9354,59,0,1259
1789628815.726,3.53,9.4,0.9381,0.9397,58,0,1259
1789628816.728,3.97,25.3,0.9289,0.9283,59,28,1259
1789628817.73,3.97,8.4,0.9402,0.9392,59,0,1259
1789628818.732,3.97,25.3,0.9281,0.9291,59,0,1259
1789628819.735,3.97,18.1,0.9308,0.9298,60,9,1259
1789628820.737,3.97,15.0,0.9311,0.9321,64,72,1259
1789628821.739,3.89,14.4,0.9349,0.9343,59,0,1259
1789628822.741,3.89,17.2,0.9302,0.9298,64,73,1259
1789628823.743,3.89,19.7,0.9257,0.9259,59,0,1259
1789628824.745,3.89,14.5,0.9315,0.9323,64,71,1259
1789628825.747,3.89,10.5,0.9364,0.9364,59,0,1259
1789628826.749,3.98,10.6,0.9384,0.9374,58,0,1259
1789628827.751,3.98,10.5,0.9364,0.9368,58,0,1259
1789628828.752,3.98,14.6,0.9354,0.936,58,0,1259
1789628829.754,3.98,22.0,0.9304,0.9304,60,42,1259
1789628830.756,3.98,25.3,0.9314,0.9304,59,0,1259
1789628831.758,4.78,26.1,0.9281,0.9291,59,0,1259
1789628832.76,4.78,11.9,0.9343,0.9333,60,0,1259
1789628833.762,4.78,20.5,0.9263,0.9269,62,35,1259
1789628834.764,4.78,8.4,0.9378,0.9372,59,0,1259
1789628835.766,4.78,8.3,0.9363,0.9363,59,0,1259
1789628836.768,4.64,9.4,0.9364,0.9374,58,0,1259
1789628837.769,4.64,9.0,0.9364,0.9354,58,0,1259
1789628838.772,4.64,20.5,0.933,0.934,58,0,1259
1789628839.774,4.64,14.5,0.9323,0.9323,63,52,1259
1789628840.775,4.64,24.4,0.9232,0.9222,59,1,1259
1789628841.777,4.59,9.1,0.9363,0.9363,60,0,1259
1789628842.779,4.59,9.1,0.9372,0.9372,59,0,1259
1789628843.781,4.59,9.1,0.9362,0.9372,58,0,1259
1789628844.784,4.59,20.9,0.929,0.9286,58,0,1259
1789628845.786,4.59,15.5,0.933,0.9334,61,73,1259
1789628846.788,4.62,10.2,0.937,0.9363,59,0,1259
1789628847.789,4.62,10.0,0.9316,0.9323,59,0,1259
1789628848.791,4.62,8.3,0.9321,0.9311,58,0,1259
1789628849.793,4.62,7.9,0.9362,0.9362,57,0,1259
1789628850.795,4.62,25.1,0.9252,0.9252,57,0,1259
1789628851.798,4.49,20.5,0.9316,0.9316,59,0,1259
1789628852.801,4.49,22.6,0.9306,0.9316,63,65,1259
1789628853.803,4.49,21.5,0.9323,0.9313,64,71,1259
1789628854.805,4.49,19.5,0.928,0.928,62,72,1259
1789628855.807,4.49,9.1,0.9319,0.9319,59,0,1259
1789628856.809,4.21,10.1,0.9313,0.9317,59,0,1259
1789628857.811,4.21,11.2,0.9312,0.9308,58,0,1259
1789628858.813,4.21,12.8,0.9251,0.9259,58,0,685
1789628859.815,4.21,14.4,0.9253,0.9255,58,0,761
1789628860.818,4.21,28.2,0.9138,0.9128,58,0,1713
1789628861.821,4.59,44.9,0.91,0.911,62,83,1911
1789628862.823,4.59,32.3,0.9159,0.9149,61,0,1911
1789628863.826,4.59,22.5,0.9237,0.9246,69,83,1911
1789628864.828,4.59,29.5,0.9222,0.9212,66,83,1911
1789628865.83,4.59,8.8,0.9351,0.9361,61,0,1911
1789628866.833,4.87,33.1,0.9161,0.9161,60,0,1911
1789628867.835,4.87,14.2,0.9334,0.9324,69,67,1911
1789628868.837,4.87,20.3,0.9288,0.9288,60,0,1911
1789628869.839,4.87,27.8,0.9252,0.9262,67,82,1911
1789628870.842,4.87,36.2,0.9218,0.9212,61,0,1911
1789628871.844,4.72,22.9,0.9318,0.9314,70,40,1911
1789628872.846,4.72,25.2,0.9304,0.9304,69,82,1911
1789628873.848,4.72,37.2,0.9273,0.9273,61,23,1911
1789628874.85,4.72,25.4,0.9303,0.9303,70,4,1911
1789628875.852,4.72,23.1,0.9272,0.9272,69,81,1911
1789628876.854,5.62,35.6,0.9172,0.9182,61,60,1911
1789628877.856,5.62,28.3,0.925,0.925,67,0,1911
1789628878.859,5.62,23.6,0.9307,0.9297,70,82,1911
1789628879.861,5.62,32.0,0.9322,0.9332,62,83,1911
1789628880.863,5.62,30.7,0.9292,0.9282,64,0,1911
1789628881.865,5.41,24.2,0.9298,0.9308,71,82,1911
1789628882.867,5.41,29.6,0.9293,0.9283,69,83,1911
1789628883.87,5.41,33.4,0.9305,0.9305,64,0,1911
1789628884.873,5.41,23.6,0.9279,0.9289,71,82,1911
1789628885.875,5.41,26.0,0.9292,0.9292,69,81,1911
1789628886.877,5.54,36.7,0.9194,0.9184,63,0,1911
1789628887.88,5.54,23.4,0.9287,0.9297,71,0,1911
1789628888.882,5.54,22.4,0.9307,0.9307,70,82,1911
1789628889.884,5.54,36.2,0.9311,0.9301,63,83,1911
1789628890.887,5.54,28.3,0.9266,0.9276,72,0,1911
1789628891.889,5.41,23.9,0.9273,0.9263,71,82,1911
1789628892.891,5.41,32.1,0.9204,0.9214,63,83,1911
1789628893.893,5.41,31.2,0.9229,0.9229,67,0,1911
1789628894.895,5.41,22.5,0.9302,0.9309,71,56,1911
1789628895.897,5.41,30.0,0.9272,0.9255,64,81,1911
1789628896.9,5.70,34.3,0.9143,0.9153,65,12,1911
1789628897.903,5.70,19.7,0.9284,0.9284,72,13,1911
1789628898.905,5.70,28.6,0.9252,0.9242,63,81,1911
1789628899.908,5.70,34.6,0.9124,0.9132,65,8,1911
1789628900.91,5.70,24.0,0.9289,0.9282,72,18,1911
1789628901.912,5.73,25.3,0.9214,0.9214,70,81,1911
1789628902.914,5.73,36.6,0.913,0.9132,64,51,1911
1789628903.916,5.73,23.6,0.9292,0.93,72,0,1911
1789628904.918,5.73,23.8,0.9283,0.9273,71,83,1911
1789628905.92,5.73,36.7,0.9174,0.9174,64,82,1911
1789628906.922,5.83,26.6,0.9224,0.9234,73,0,1911
1789628907.924,5.83,22.9,0.9291,0.9291,71,83,1911
1789628908.927,5.83,34.4,0.9213,0.9203,64,83,1911
1789628909.93,5.83,29.9,0.9282,0.9282,73,0,1911
1789628910.932,5.83,23.1,0.9287,0.929,72,82,1911
1789628911.934,6.72,30.4,0.9185,0.9189,64,83,1911
1789628912.937,6.72,28.1,0.9175,0.9169,68,0,1911
1789628913.94,6.72,23.8,0.9215,0.9225,72,82,1911
1789628914.942,6.72,31.2,0.9159,0.9159,64,82,1911
1789628915.944,6.72,32.1,0.9168,0.9162,71,0,1911
1789628916.948,6.34,24.9,0.9224,0.922,73,65,1911
1789628917.95,6.34,27.7,0.9252,0.9252,64,81,1911
1789628918.953,6.34,36.3,0.9135,0.9145,66,11,1911
1789628919.955,6.34,23.8,0.929,0.929,73,15,1911
1789628920.957,6.34,23.8,0.9232,0.9222,71,82,1911
1789628921.96,7.12,36.7,0.9177,0.9187,65,53,1911
1789628922.962,7.12,25.4,0.9197,0.919,73,0,1911
1789628923.964,7.12,22.2,0.9225,0.9223,72,83,1911
1789628924.967,7.12,37.4,0.9206,0.9206,65,42,1911
1789628925.969,7.12,24.4,0.9272,0.9282,73,0,1911
1789628926.971,7.27,22.4,0.9276,0.9276,73,82,1911
1789628927.974,7.27,35.5,0.9211,0.9201,72,86,1911
1789628928.976,7.27,28.4,0.9198,0.9207,65,0,1911
1789628929.978,7.27,19.3,0.9271,0.9271,74,81,1911
1789628930.981,7.27,32.8,0.9282,0.9282,64,0,1911
1789628931.983,7.01,24.0,0.9329,0.9319,66,21,1911
1789628932.985,7.01,25.2,0.9223,0.9233,73,81,1911
1789628933.987,7.01,37.3,0.9243,0.9243,72,50,1911
1789628934.99,7.01,27.1,0.9239,0.9239,66,0,1911
1789628935.992,7.01,22.7,0.9316,0.9316,74,81,1911
1789628936.994,7.65,35.2,0.927,0.927,72,83,1911
1789628937.997,7.65,27.9,0.9274,0.9274,65,0,1911
1789628938.999,7.65,23.5,0.9271,0.9261,74,82,1911
1789628940.002,7.65,31.4,0.9249,0.9249,73,83,1911
1789628941.004,7.65,9.5,0.9321,0.9321,65,0,1911
1789628942.006,7.19,10.4,0.9313,0.9323,64,0,1911
1789628943.008,7.19,12.3,0.9209,0.9199,63,0,1911
1789628944.01,7.19,13.5,0.915,0.916,62,0,685
1789628945.012,7.19,13.8,0.9301,0.9301,62,1,685
1789628946.015,7.19,44.9,0.9208,0.9205,62,10,1257
1789628947.017,7.34,22.2,0.9351,0.9354,64,0,1257
1789628948.019,7.34,18.6,0.9263,0.9263,68,73,1259
1789628949.021,7.34,23.9,0.923,0.923,63,0,1259
1789628950.023,7.34,8.9,0.9341,0.9341,64,0,1259
1789628951.026,7.34,17.2,0.9317,0.9317,63,0,1259
1789628952.027,7.31,17.4,0.9284,0.9284,68,48,1259
1789628953.031,7.31,11.6,0.938,0.937,63,0,1259
1789628954.033,7.31,24.0,0.93,0.931,67,71,1259
1789628955.035,7.31,24.8,0.9305,0.9301,63,0,1259
1789628956.039,7.31,12.4,0.9333,0.9327,63,0,1259
1789628957.041,8.33,21.1,0.9269,0.9269,68,71,1259
1789628958.043,8.33,24.5,0.9271,0.9281,63,0,1259
1789628959.045,8.33,9.2,0.9333,0.9323,63,0,1259
1789628960.047,8.33,23.7,0.9235,0.9235,66,54,1259
1789628961.049,8.33,22.4,0.9247,0.9247,63,0,1259
1789628962.051,8.14,11.3,0.9313,0.9313,64,0,1259
1789628963.053,8.14,24.6,0.927,0.9274,67,72,1259
1789628964.056,8.14,24.2,0.9321,0.9327,62,0,1259
1789628965.057,8.14,10.0,0.9333,0.9333,63,0,1259
1789628966.059,8.14,24.1,0.9263,0.9263,67,71,1259
1789628967.061,7.81,23.6,0.9264,0.9254,62,0,1259
1789628968.063,7.81,13.5,0.932,0.933,63,0,1259
1789628969.065,7.81,22.8,0.9232,0.923,67,72,1259
1789628970.068,7.81,24.0,0.9218,0.9221,62,0,1259
1789628971.07,7.81,12.8,0.9329,0.9329,63,0,1259
1789628972.072,8.47,19.6,0.9272,0.9272,67,72,1259
1789628973.074,8.47,25.6,0.9301,0.9301,62,0,1259
1789628974.077,8.47,14.8,0.9334,0.9334,63,0,1259
1789628975.079,8.47,19.8,0.9282,0.9272,67,70,1259
1789628976.081,8.47,24.1,0.9265,0.9271,62,0,1259
1789628977.084,7.95,16.0,0.9305,0.9299,62,0,1259
1789628978.085,7.95,19.4,0.9242,0.9252,67,71,1259
1789628979.087,7.95,24.9,0.9205,0.9195,62,0,1259
1789628980.089,7.95,17.9,0.929,0.93,62,0,1259
1789628981.091,7.95,17.3,0.9293,0.9293,67,72,1259
1789628982.094,7.63,24.8,0.9238,0.9228,62,0,1259
1789628983.096,7.63,18.8,0.9279,0.9289,62,0,1259
1789628984.098,7.63,15.6,0.9272,0.9262,67,59,1259
1789628985.1,7.63,24.4,0.9243,0.9253,62,11,1259
1789628986.102,7.63,20.5,0.927,0.927,62,0,1259
1789628987.104,7.66,14.3,0.9258,0.9248,67,48,1259
1789628988.107,7.66,26.1,0.9248,0.9248,65,29,1259
1789628989.11,7.66,22.2,0.9294,0.9304,62,0,1259
1789628990.112,7.66,11.4,0.9302,0.9302,64,21,1259
1789628991.114,7.66,24.4,0.928,0.927,61,0,1259
1789628992.116,7.29,15.9,0.9331,0.9331,62,0,1259
1789628993.118,7.29,17.6,0.9324,0.9334,67,72,1259
1789628994.12,7.29,24.5,0.9324,0.9314,61,0,1259
1789628995.122,7.29,15.4,0.9306,0.9306,62,0,1259
1789628996.124,7.29,16.6,0.9314,0.9324,67,72,1259
1789628997.126,6.78,26.2,0.9278,0.9278,61,0,1259
1789628998.129,6.78,17.9,0.9287,0.9287,62,0,1259
1789628999.131,6.78,19.2,0.9263,0.926,66,72,1259
1789629000.133,6.78,12.2,0.9352,0.9355,61,0,1259
1789629001.135,6.78,23.1,0.9253,0.9243,64,74,1259
1789629002.137,6.64,24.7,0.9233,0.9233,61,0,1259
1789629003.139,6.64,12.8,0.9333,0.9343,62,0,1259
1789629004.141,6.64,21.1,0.9231,0.9221,66,72,1259
1789629005.143,6.64,23.9,0.931,0.931,61,0,1259
1789629006.145,6.64,14.3,0.9324,0.933,62,0,1259
1789629007.147,7.07,20.7,0.9297,0.9301,66,71,1259
1789629008.15,7.07,25.0,0.9267,0.9267,61,0,1259
1789629009.152,7.07,14.2,0.9322,0.9322,62,0,1259
1789629010.154,7.07,18.9,0.9281,0.9281,66,71,1259
1789629011.156,7.07,25.0,0.9252,0.9242,61,0,1259
1789629012.159,6.90,14.8,0.9308,0.9312,62,0,1259
1789629013.161,6.90,19.0,0.9282,0.9278,66,72,1259
1789629014.164,6.90,25.1,0.9231,0.9231,61,0,1259
1789629015.166,6.90,15.2,0.9278,0.9288,62,0,1259
1789629016.168,6.90,17.1,0.9303,0.9303,66,72,1259
1789629017.17,6.67,26.3,0.921,0.92,61,0,1259
1789629018.173,6.67,17.4,0.9312,0.9312,62,0,1259
1789629019.175,6.67,18.2,0.931,0.931,66,70,1259
1789629020.177,6.67,23.9,0.9244,0.9254,61,0,1259
1789629021.179,6.67,18.0,0.9312,0.9312,62,0,1259
1789629022.181,7.42,15.7,0.9333,0.9333,66,72,1259
1789629023.183,7.42,25.7,0.9272,0.9262,61,0,1259
1789629024.186,7.42,11.7,0.9318,0.9328,61,0,1259
1789629025.187,7.42,20.4,0.9264,0.9254,66,72,1259
1789629026.189,7.42,24.0,0.9272,0.9272,61,0,1259
1789629027.191,7.14,10.2,0.9344,0.9354,62,0,1259
1789629028.193,7.14,10.2,0.9373,0.9363,61,0,1259
1789629029.195,7.14,25.8,0.9221,0.9231,60,0,1259
1789629030.198,7.14,23.4,0.9258,0.9261,65,0,1259
1789629031.201,7.14,19.0,0.9281,0.9269,66,0,1259
1789629032.203,7.29,22.5,0.9256,0.9266,66,57,1259
1789629033.206,7.29,24.2,0.9246,0.924,66,71,1259
1789629034.209,7.29,23.5,0.9233,0.9239,66,71,1259
1789629035.212,7.29,23.3,0.9224,0.9221,65,70,1259
1789629036.214,7.29,24.1,0.9222,0.9215,64,71,1259
1789629037.216,6.79,26.9,0.9213,0.9223,61,71,1259
1789629038.218,6.79,24.8,0.9312,0.9302,61,58,1259
1789629039.22,6.79,24.5,0.9243,0.9253,61,38,1259
1789629040.222,6.79,26.6,0.9201,0.9201,62,18,1259
1789629041.224,6.79,25.0,0.9253,0.9253,62,0,1259
1789629042.226,6.40,24.8,0.9254,0.9244,62,0,1259
1789629043.228,6.40,25.8,0.927,0.927,62,0,1259
1789629044.23,6.40,24.0,0.9292,0.9292,63,0,1259
1789629045.232,6.40,24.0,0.926,0.927,67,0,1259
1789629046.235,6.40,24.0,0.9275,0.9275,66,3,1259
1789629047.237,6.53,19.2,0.925,0.925,66,36,1259
1789629048.24,6.53,23.5,0.9227,0.9227,66,71,1259
1789629049.242,6.53,23.5,0.9262,0.9262,65,70,1259
1789629050.244,6.53,23.2,0.9263,0.9253,65,71,1259
1789629051.245,6.53,27.2,0.9233,0.9233,61,71,1259
1789629052.248,6.17,26.7,0.9229,0.9239,61,73,1259
1789629053.25,6.17,25.6,0.9203,0.9193,61,53,1259
1789629054.252,6.17,25.0,0.9231,0.9241,61,37,1259
1789629055.254,6.17,25.0,0.927,0.927,62,0,1259
1789629056.256,6.17,24.2,0.9252,0.9252,62,0,1259
1789629057.258,5.84,26.5,0.9222,0.9212,62,0,1259
1789629058.26,5.84,25.0,0.9202,0.9212,63,0,1259
1789629059.262,5.84,24.5,0.9291,0.9281,64,0,1259
1789629060.264,5.84,21.1,0.9242,0.9242,67,0,1259
1789629061.267,5.84,24.1,0.9204,0.9216,67,16,1259
1789629062.269,6.81,23.3,0.9291,0.9279,67,33,1259
1789629063.271,6.81,16.3,0.9302,0.9312,66,52,1259
1789629064.274,6.81,15.4,0.9377,0.9377,61,0,1259
1789629065.276,6.81,22.9,0.9303,0.9303,66,72,1259
1789629066.278,6.81,20.6,0.9322,0.9312,65,70,1259
1789629067.28,6.58,25.8,0.9261,0.9265,61,73,1259
1789629068.282,6.58,24.5,0.9252,0.9258,61,56,1259
1789629069.284,6.58,25.1,0.9221,0.9211,62,34,1259
1789629070.286,6.58,25.4,0.9231,0.9241,62,11,1259
1789629071.288,6.46,25.5,0.9252,0.9252,62,0,1259
1789629072.291,6.46,25.3,0.9297,0.9297,62,0,1259
1789629073.293,6.46,25.3,0.9271,0.9261,63,0,1259
1789629074.295,6.46,25.3,0.9221,0.9231,63,0,1259
1789629075.298,6.46,25.4,0.9244,0.9244,65,0,1259
1789629076.3,6.10,22.6,0.9237,0.9237,67,0,1259
1789629077.302,6.10,24.2,0.925,0.925,67,17,1259
1789629078.305,6.10,19.1,0.9305,0.9305,66,38,1259
1789629079.307,6.10,23.7,0.9283,0.9283,65,70,1259
1789629080.309,6.10,23.3,0.929,0.9294,65,72,1259
1789629081.311,5.77,22.0,0.9311,0.9305,61,72,1259
1789629082.313,5.77,25.3,0.9262,0.9254,61,61,1259
1789629083.315,5.77,24.5,0.9269,0.9272,62,42,1259
1789629084.317,5.77,25.6,0.9266,0.9273,62,21,1259
1789629085.319,5.77,24.4,0.9263,0.9253,62,0,1259
1789629086.321,5.47,25.0,0.9253,0.9253,62,0,1259
1789629087.323,5.47,9.5,0.9352,0.9362,62,0,1259
1789629088.325,5.47,9.9,0.9366,0.9356,61,0,1259
1789629089.327,5.47,12.3,0.9311,0.9321,60,0,685
1789629090.329,5.47,13.1,0.9271,0.9271,60,3,695
1789629091.331,6.39,20.1,0.9257,0.9247,59,4,2121
1789629092.334,6.39,37.8,0.9207,0.9217,64,90,2863
1789629093.336,6.39,23.2,0.9275,0.9272,71,4,2863
1789629094.338,6.39,29.1,0.9237,0.9241,69,88,2863
1789629095.34,6.39,29.2,0.921,0.92,63,0,2863
1789629096.342,6.20,32.9,0.9243,0.9243,71,88,2863
1789629097.346,6.20,31.5,0.9175,0.9185,65,0,2863
1789629098.348,6.20,36.9,0.916,0.915,72,89,2863
1789629099.351,6.20,39.7,0.9146,0.9156,63,86,2863
1789629100.353,6.20,25.6,0.9258,0.9258,72,0,2863
1789629101.356,6.10,26.0,0.9201,0.9191,71,86,2863
1789629102.358,6.10,38.5,0.9131,0.9131,63,90,2863
1789629103.36,6.10,18.5,0.9258,0.9262,73,82,2863
1789629104.362,6.10,41.8,0.9151,0.9157,63,88,2863
1789629105.365,6.10,38.2,0.9141,0.9141,72,88,2863
1789629106.368,6.90,40.0,0.9204,0.9204,63,89,2863
1789629107.37,6.90,38.6,0.9195,0.9185,72,0,2863
1789629108.372,6.90,31.2,0.9272,0.9272,71,88,2863
1789629109.375,6.90,32.2,0.9294,0.9294,66,0,2863
1789629110.377,6.90,38.5,0.9334,0.9344,73,89,2863
1789629111.379,6.83,35.5,0.917,0.917,64,43,2863
1789629112.381,6.83,37.7,0.9212,0.9202,73,88,2863
1789629113.384,6.83,39.0,0.9119,0.9129,64,87,2863
1789629114.386,6.83,26.0,0.921,0.92,73,0,2863
1789629115.389,6.83,44.0,0.9176,0.9186,72,87,2863
1789629116.391,6.60,33.5,0.9196,0.9196,67,0,2863
1789629117.393,6.60,38.7,0.9221,0.9211,73,88,2863
1789629118.397,6.60,33.6,0.9151,0.9161,64,21,2863
1789629119.404,6.60,23.9,0.9225,0.9225,73,32,2863
1789629120.407,6.60,39.8,0.9185,0.9185,72,88,2863
1789629121.41,7.43,24.0,0.927,0.926,73,0,2863
1789629122.412,7.43,28.4,0.93,0.93,73,88,2863
1789629123.414,7.43,34.4,0.9251,0.9251,73,25,2863
1789629124.424,7.43,38.0,0.9135,0.9137,73,88,2863
1789629125.426,7.43,39.1,0.9134,0.9132,73,91,2863
1789629126.428,7.96,24.9,0.9212,0.9222,65,0,2863
1789629127.43,7.96,39.0,0.9234,0.9234,74,87,2863
1789629128.433,7.96,24.2,0.9288,0.9286,65,0,2863
1789629129.435,7.96,38.0,0.9198,0.9201,74,86,2863
1789629130.437,7.96,25.3,0.935,0.934,65,0,2863
1789629131.441,8.84,44.3,0.9089,0.9099,74,86,2863
1789629132.443,8.84,29.1,0.9179,0.9169,64,0,2863
1789629133.445,8.84,43.4,0.909,0.91,73,87,2863
1789629134.448,8.84,34.2,0.9226,0.9226,65,0,2863
1789629135.45,8.84,36.8,0.9207,0.9207,74,87,2863
1789629136.453,8.45,40.5,0.9161,0.9151,74,88,2863
1789629137.455,8.45,24.7,0.9202,0.9212,66,0,2863
1789629138.457,8.45,26.0,0.9242,0.9232,74,87,2863
1789629139.459,8.45,37.4,0.9201,0.9211,72,35,2863
1789629140.462,8.45,18.2,0.9269,0.9259,74,88,2863
1789629141.465,8.18,41.8,0.911,0.912,73,83,2863
1789629142.468,8.18,22.3,0.9269,0.9259,73,88,2863
1789629143.471,8.18,42.1,0.9234,0.9244,74,90,2863
1789629144.473,8.18,37.5,0.9323,0.9323,66,0,2863
1789629145.475,8.18,43.3,0.9156,0.9146,75,88,2863
1789629146.479,8.16,33.6,0.9198,0.9208,65,0,2863
1789629147.481,8.16,30.2,0.9252,0.9252,74,88,2863
1789629148.483,8.16,34.1,0.9337,0.9345,65,60,2863
1789629149.486,8.16,38.0,0.9132,0.9114,74,64,2863
1789629150.488,8.16,40.3,0.9181,0.9181,74,88,2863
1789629151.49,7.75,23.6,0.9261,0.9271,74,72,2863
1789629152.492,7.75,36.7,0.9226,0.9216,74,88,2863
1789629153.495,7.75,28.6,0.924,0.925,66,0,2863
1789629154.498,7.75,23.3,0.9307,0.9303,74,87,2863
1789629155.502,7.75,42.0,0.9292,0.9292,74,88,2863
1789629156.504,7.61,36.8,0.9304,0.9298,66,0,2863
1789629157.507,7.61,33.7,0.9169,0.9169,75,87,2863
1789629158.51,7.61,29.3,0.929,0.93,66,0,2863
1789629159.512,7.61,44.0,0.9287,0.9277,75,88,2863
1789629160.515,7.61,33.0,0.9282,0.9292,66,0,2863
1789629161.517,7.64,27.1,0.9273,0.9273,75,88,2863
1789629162.521,7.64,36.9,0.9228,0.9219,68,79,2863
1789629163.523,7.64,38.5,0.929,0.93,75,87,2863
1789629164.526,7.64,39.6,0.9105,0.9098,77,89,2863
1789629165.528,7.64,37.7,0.9146,0.9144,72,11,2863
1789629166.531,8.31,40.3,0.9137,0.9137,75,89,2863
1789629167.533,8.31,24.5,0.9339,0.9339,70,0,2863
1789629168.535,8.31,31.1,0.9203,0.9213,75,88,2863
1789629169.539,8.31,32.4,0.921,0.92,66,3,2863
1789629170.541,8.31,42.5,0.9199,0.9199,75,88,2863
1789629171.544,8.04,34.0,0.9216,0.9226,66,23,2863
1789629172.546,8.04,29.0,0.9182,0.9182,75,88,2863
1789629173.548,8.04,34.5,0.9169,0.9169,68,36,2863
1789629174.55,8.04,38.3,0.9192,0.9182,75,88,2863
1789629175.552,8.04,38.9,0.9153,0.9163,74,92,2863
1789629176.555,7.56,23.9,0.9216,0.9216,71,49,2863
1789629177.557,7.56,30.9,0.914,0.914,75,87,2863
1789629178.559,7.56,32.9,0.914,0.914,66,2,2863
1789629179.561,7.56,23.8,0.9231,0.9231,72,50,2863
1789629180.564,7.56,39.7,0.9162,0.9159,76,88,2863
1789629181.567,7.36,23.9,0.9209,0.9212,68,0,2863
1789629182.569,7.36,25.8,0.9262,0.9252,75,88,2863
1789629183.571,7.36,36.8,0.9338,0.9348,74,76,2863
1789629184.573,7.36,19.4,0.9252,0.9252,75,88,2863
1789629185.576,7.36,9.6,0.9348,0.9338,66,0,2863
1789629186.578,7.41,10.0,0.9342,0.9352,64,0,2863
1789629187.58,7.41,11.3,0.9313,0.9309,64,0,685
1789629188.582,7.41,12.6,0.9288,0.9292,63,0,685
1789629189.584,7.41,19.6,0.9229,0.9229,63,0,1713
1789629190.586,7.41,11.0,0.9342,0.9332,64,0,1907
1789629191.588,6.97,12.2,0.9319,0.9329,64,0,1907
1789629192.59,6.97,25.8,0.9272,0.9272,64,3,1907
1789629193.593,6.97,14.5,0.9327,0.9317,67,41,1907
1789629194.597,6.97,30.0,0.9116,0.9118,64,0,1907
1789629195.599,6.97,9.7,0.9277,0.9284,63,0,1907
1789629196.602,6.98,29.6,0.9176,0.9166,62,0,1907
1789629197.604,6.98,27.6,0.9198,0.9208,63,0,1907
1789629198.607,6.98,11.1,0.9293,0.9293,63,0,1907
1789629199.61,6.98,27.1,0.936,0.936,64,5,1907
1789629200.612,6.98,8.8,0.945,0.944,63,0,1907
1789629201.614,6.66,27.1,0.9272,0.9282,62,0,1907
1789629202.616,6.66,27.0,0.923,0.9224,63,0,1907
1789629203.618,6.66,21.7,0.9248,0.9244,63,0,1907
1789629204.621,6.66,17.5,0.9309,0.9309,63,0,1907
1789629205.623,6.66,11.5,0.9322,0.9322,64,0,1907
1789629206.625,7.65,26.9,0.9209,0.9219,63,0,1907
1789629207.628,7.65,23.4,0.9261,0.9261,63,0,1907
1789629208.631,7.65,12.7,0.9339,0.9329,63,0,1907
1789629209.633,7.65,26.6,0.9222,0.9222,65,0,1907
1789629210.635,7.65,26.7,0.9253,0.9253,61,54,1907
1789629211.637,7.27,8.1,0.9372,0.9372,62,0,1907
1789629212.639,7.27,28.1,0.921,0.921,62,0,1907
1789629213.642,7.27,25.2,0.9233,0.9242,62,0,1907
1789629214.644,7.27,14.5,0.9269,0.9269,62,0,1907
1789629215.646,7.27,24.4,0.9363,0.9363,64,0,1907
1789629216.648,7.09,26.0,0.9361,0.9351,65,15,1907
1789629217.65,7.09,28.1,0.9263,0.9273,61,0,1907
1789629218.652,7.09,10.5,0.9372,0.9362,62,0,1907
1789629219.655,7.09,24.6,0.921,0.922,62,0,1907
1789629220.659,7.09,18.0,0.9279,0.9269,62,0,1907
1789629221.661,6.84,22.8,0.9253,0.9253,63,0,1907
1789629222.663,6.84,10.4,0.9362,0.9366,62,0,1907
1789629223.665,6.84,28.0,0.923,0.9226,61,0,1907
1789629224.667,6.84,24.7,0.9176,0.9186,61,0,1907
1789629225.67,6.84,11.3,0.929,0.928,62,0,1907
1789629226.674,6.62,14.5,0.9324,0.9334,61,0,1907
1789629227.675,6.62,23.2,0.9243,0.9233,61,0,1907
1789629228.678,6.62,9.4,0.9348,0.9352,61,0,1907
1789629229.68,6.62,17.9,0.9272,0.9272,62,66,1907
1789629230.682,6.62,27.8,0.9236,0.9238,61,7,1907
1789629231.684,6.41,17.8,0.9264,0.9268,61,0,1907
1789629232.686,6.41,10.1,0.9283,0.9283,62,0,1907
1789629233.688,6.41,26.5,0.92,0.919,66,0,1907
1789629234.69,6.41,10.6,0.9352,0.9352,61,0,1907
1789629235.692,6.41,12.0,0.9334,0.9344,60,0,1907
1789629236.694,6.13,10.1,0.9353,0.9353,60,0,1907
1789629237.696,6.13,10.4,0.9361,0.9361,60,0,1907
1789629238.698,6.13,27.1,0.9334,0.9324,59,54,1907
1789629239.701,6.13,25.9,0.9276,0.9286,60,0,1907
1789629240.703,6.13,16.5,0.927,0.927,61,0,1907
1789629241.705,5.96,23.4,0.9221,0.9221,61,0,1907
1789629242.707,5.96,27.3,0.917,0.916,59,47,1907
1789629243.709,5.96,8.2,0.9323,0.9333,60,0,1907
1789629244.711,5.96,26.7,0.9201,0.9191,60,0,1907
1789629245.714,5.96,10.6,0.9297,0.9301,59,0,1907
1789629246.716,5.97,12.9,0.9299,0.9295,63,0,1907
1789629247.718,5.97,27.0,0.9314,0.932,60,51,1907
1789629248.721,5.97,28.3,0.9196,0.92,60,0,1907
1789629249.723,5.97,8.8,0.9322,0.9322,60,0,1907
1789629250.728,5.97,26.5,0.9293,0.9284,60,0,1907
1789629251.73,5.89,10.5,0.9303,0.9303,60,0,1907
1789629252.733,5.89,12.7,0.9321,0.9331,60,0,1907
1789629253.735,5.89,23.8,0.9267,0.9267,60,0,1907
1789629254.737,5.89,9.1,0.9331,0.9331,59,0,1907
1789629255.739,5.89,27.5,0.9202,0.9192,59,0,1907
1789629256.741,6.70,26.6,0.9241,0.9251,60,51,1907
1789629257.743,6.70,9.0,0.9383,0.9373,60,0,1907
1789629258.746,6.70,26.9,0.9229,0.9229,60,0,1907
1789629259.749,6.70,18.2,0.9328,0.9337,60,0,1907
1789629260.751,6.70,20.4,0.9353,0.9353,61,0,1907
1789629261.753,6.40,27.9,0.9162,0.9156,59,0,1907
1789629262.756,6.40,27.0,0.9308,0.9314,59,36,1907
1789629263.759,6.40,25.0,0.9339,0.9339,59,0,1907
1789629264.761,6.40,12.6,0.9352,0.9342,59,0,1907
1789629265.763,6.40,27.8,0.9391,0.9391,60,0,1907
1789629266.765,7.09,26.5,0.9252,0.9252,61,51,1907
1789629267.767,7.09,28.0,0.9209,0.9219,62,0,1907
1789629268.769,7.09,15.5,0.9303,0.9303,60,0,1907
1789629269.771,7.09,27.4,0.9212,0.9212,60,5,1907
1789629270.773,7.09,28.0,0.942,0.942,65,40,1907
1789629271.776,6.68,15.5,0.9324,0.9314,60,0,1907
1789629272.778,6.68,22.5,0.9305,0.9315,59,0,1907
1789629273.78,6.68,27.7,0.9248,0.9244,60,0,1907
1789629274.782,6.68,10.1,0.9358,0.9352,59,0,1907
1789629275.784,6.68,12.5,0.9329,0.9339,58,0,1907
1789629276.786,6.39,41.9,0.9089,0.9089,59,0,1907
1789629277.789,6.39,29.4,0.9207,0.9197,62,51,1907
1789629278.792,6.39,39.5,0.9121,0.9131,60,0,1907
1789629279.795,6.39,32.8,0.9155,0.9155,65,16,1907
1789629280.797,6.39,36.9,0.914,0.914,60,0,1907
1789629281.799,7.08,37.1,0.9079,0.9079,60,0,1907
1789629282.802,7.08,32.5,0.9291,0.9291,61,30,1907
1789629283.804,7.08,41.9,0.9164,0.9164,60,0,1907
1789629284.806,7.08,30.5,0.9192,0.9182,67,34,1907
1789629285.809,7.08,41.3,0.9121,0.9131,60,0,1907
1789629286.811,7.79,33.1,0.9191,0.9191,65,4,1907
1789629287.813,7.79,35.6,0.9169,0.9159,64,76,1907
1789629288.815,7.79,41.8,0.914,0.915,60,0,1907
1789629289.818,7.79,28.8,0.9169,0.9169,66,28,1907
1789629290.82,7.79,41.0,0.92,0.92,61,0,1907
1789629291.822,8.37,34.5,0.9203,0.9203,65,2,1907
1789629292.824,8.37,38.1,0.9211,0.9207,61,1,1907
1789629293.826,8.37,35.0,0.9337,0.9331,60,0,1907
1789629294.829,8.37,35.9,0.9308,0.9318,61,31,1907
1789629295.831,8.37,31.1,0.9179,0.9169,60,0,1907
1789629296.833,9.14,26.9,0.9192,0.9202,61,0,1907
1789629297.836,9.14,34.8,0.9123,0.9123,61,27,1907
1789629298.838,9.14,37.7,0.9211,0.9201,61,0,1907
1789629299.841,9.14,32.4,0.9188,0.9198,62,56,1907
1789629300.844,9.14,25.3,0.9249,0.9239,62,0,1907
1789629301.847,10.01,25.5,0.9243,0.9243,61,42,1907
1789629302.85,10.01,28.8,0.9209,0.9219,68,16,1907
1789629303.853,10.01,41.3,0.9208,0.9198,61,0,1907
1789629304.855,10.01,30.0,0.9091,0.9101,66,44,1907
1789629305.857,10.01,37.5,0.9091,0.9081,61,0,1907
1789629306.86,10.65,33.6,0.9239,0.9249,61,51,1907
1789629307.862,10.65,34.1,0.9141,0.9131,62,0,1907
1789629308.864,10.65,38.4,0.9191,0.9191,61,25,1907
1789629309.866,10.65,31.9,0.9174,0.9174,62,0,1907
1789629310.868,10.65,41.2,0.9121,0.9131,61,0,1907
1789629311.87,11.00,29.4,0.9162,0.9162,65,7,1907
1789629312.873,11.00,40.4,0.9157,0.9155,61,0,1907
1789629313.875,11.00,14.6,0.9292,0.9284,61,0,1907
1789629314.876,11.00,10.9,0.9343,0.9343,60,0,1907
1789629315.879,11.00,28.7,0.9227,0.9237,59,2,1907
1789629316.881,10.76,28.2,0.9298,0.9288,60,36,1907
1789629317.883,10.76,15.0,0.9306,0.9312,64,58,1907
1789629318.885,10.76,27.2,0.9358,0.9362,67,23,1907
1789629319.887,10.76,27.3,0.9244,0.9244,63,0,1907
1789629320.889,10.76,32.8,0.9292,0.9286,68,34,1907
1789629321.891,11.26,25.8,0.9242,0.9238,63,0,1907
1789629322.893,11.26,26.4,0.9233,0.9233,62,0,1907
1789629323.895,11.26,28.5,0.9361,0.9371,61,0,1907
1789629324.898,11.26,31.2,0.9306,0.9306,61,0,1907
1789629325.9,11.26,32.4,0.9372,0.9372,62,0,1907
1789629326.902,10.92,30.6,0.9268,0.9258,61,0,1907
1789629327.906,10.92,31.7,0.918,0.918,61,0,1907
1789629328.91,10.92,32.1,0.9141,0.9151,61,0,1907
1789629329.912,10.92,16.9,0.9287,0.9287,61,0,1907
1789629330.915,10.92,27.5,0.9208,0.9208,61,19,1907
1789629331.917,11.57,28.1,0.924,0.923,61,50,1907
1789629332.919,11.57,27.8,0.934,0.935,65,46,1907
1789629333.921,11.57,28.3,0.9382,0.9382,64,7,1907
1789629334.924,11.57,26.6,0.927,0.927,62,0,1907
1789629335.926,11.57,31.7,0.9249,0.9249,62,0,1907
1789629336.929,10.80,32.1,0.9226,0.9226,61,0,1907
1789629337.931,10.80,30.0,0.9406,0.9406,61,0,1907
1789629338.935,10.80,31.4,0.9334,0.9334,61,0,1907
1789629339.938,10.80,29.8,0.9291,0.9291,61,0,1907
1789629340.94,10.80,27.3,0.9252,0.9252,61,0,1907
1789629341.942,11.30,14.3,0.9302,0.9302,61,29,1907
1789629342.944,11.30,27.5,0.9281,0.9281,61,51,1907
1789629343.947,11.30,27.1,0.9161,0.9161,66,38,1907
1789629344.948,11.30,27.6,0.9263,0.9253,64,0,1907
1789629345.951,11.30,28.5,0.9181,0.9185,66,48,1907
1789629346.952,11.59,27.8,0.9204,0.92,65,9,1907
1789629347.955,11.59,28.8,0.9165,0.9175,62,0,1907
1789629348.957,11.59,30.0,0.9182,0.9182,61,0,1907
1789629349.96,11.59,31.1,0.9141,0.9141,61,0,1907
1789629350.963,11.59,31.0,0.9238,0.9238,61,0,1907
1789629351.965,10.90,23.8,0.9238,0.9228,61,0,1907
1789629352.968,10.90,22.9,0.9236,0.9246,61,0,1907
1789629353.97,10.90,31.7,0.9173,0.9173,61,0,1907
1789629354.972,10.90,14.6,0.9297,0.9297,61,0,1907
1789629355.974,10.90,27.2,0.9222,0.9222,61,5,1907
1789629356.977,11.31,25.5,0.9209,0.9199,61,39,1907
1789629357.979,11.31,27.1,0.9193,0.9203,63,0,1907
1789629358.981,11.31,15.5,0.931,0.93,67,0,1907
1789629359.983,11.31,26.4,0.9202,0.9202,65,0,1907
1789629360.985,11.31,29.5,0.9173,0.9183,62,0,1907
1789629361.987,10.49,29.9,0.915,0.914,62,0,1907
1789629362.991,10.49,32.4,0.9176,0.9176,61,0,1907
1789629363.994,10.49,32.5,0.9236,0.9246,61,0,1907
1789629364.996,10.49,13.5,0.9331,0.9321,61,0,1907
1789629365.998,10.49,9.8,0.9353,0.9353,61,0,1907
1789629366.999,9.81,11.6,0.9343,0.9353,59,0,1907
1789629368.001,9.81,12.4,0.9301,0.9301,59,0,685
1789629369.004,9.81,13.0,0.9,0.899,59,2,777
1789629370.006,9.81,27.5,0.916,0.916,59,10,1253
1789629371.008,9.81,31.6,0.9164,0.9174,66,0,1257
1789629372.01,9.26,9.2,0.9324,0.9314,60,0,1257
1789629373.012,9.26,26.6,0.9149,0.9149,63,45,1259
1789629374.015,9.26,13.2,0.9291,0.9291,61,0,1259
1789629375.017,9.26,20.4,0.9214,0.9224,66,0,1259
1789629376.019,9.26,16.7,0.9279,0.9279,61,0,1259
1789629377.021,8.92,18.4,0.9263,0.9263,62,0,1259
1789629378.023,8.92,10.5,0.9362,0.9362,60,0,1259
1789629379.025,8.92,24.9,0.9214,0.9204,65,44,1259
1789629380.027,8.92,8.8,0.9352,0.9352,61,0,1259
1789629381.029,8.92,8.6,0.9342,0.9352,60,0,1259
1789629382.031,9.33,24.4,0.9213,0.9213,61,73,1259
1789629383.033,9.33,9.7,0.9329,0.9329,61,0,1259
1789629384.035,9.33,9.6,0.936,0.935,60,0,1259
1789629385.037,9.33,24.9,0.9233,0.9233,59,29,1259
1789629386.039,9.33,8.9,0.9332,0.9342,61,0,1259
1789629387.041,8.82,23.5,0.925,0.924,60,71,1259
1789629388.043,8.82,10.4,0.9352,0.9352,61,0,1259
1789629389.045,8.82,24.6,0.9291,0.9301,64,71,1259
1789629390.047,8.82,9.0,0.9341,0.9341,61,0,1259
1789629391.049,8.82,25.8,0.9224,0.9214,65,72,1259
1789629392.051,8.43,12.1,0.9361,0.9361,61,0,1259
1789629393.053,8.43,22.5,0.9273,0.9273,66,18,1259
1789629394.056,8.43,17.9,0.9347,0.9347,61,0,1259
1789629395.058,8.43,16.9,0.9324,0.9324,64,0,1259
1789629396.061,8.43,20.1,0.9323,0.9323,61,0,1259
1789629397.063,7.84,11.0,0.9332,0.9342,62,0,1259
1789629398.065,7.84,24.3,0.9311,0.9301,61,25,1259
1789629399.067,7.84,8.0,0.9351,0.9351,61,0,1259
1789629400.069,7.84,23.7,0.9222,0.9226,60,72,1259
1789629401.071,7.84,9.0,0.9393,0.9389,61,0,1259
1789629402.073,7.69,24.1,0.9273,0.9283,65,70,1259
1789629403.075,7.69,9.1,0.9372,0.9372,61,0,1259
1789629404.077,7.69,24.1,0.9301,0.9301,66,55,1259
1789629405.079,7.69,16.4,0.9308,0.9308,61,0,1259
1789629406.081,7.69,18.8,0.9262,0.9262,66,0,1259
1789629407.083,7.24,19.8,0.927,0.926,61,0,1259
1789629408.085,7.24,14.2,0.9301,0.9311,63,0,1259
1789629409.087,7.24,24.6,0.9252,0.9252,61,0,1259
1789629410.089,7.24,9.8,0.9353,0.9343,62,0,1259
1789629411.091,7.24,24.3,0.9291,0.9291,61,36,1259
1789629412.093,6.98,9.3,0.9342,0.9352,61,0,1259
1789629413.095,6.98,25.3,0.9322,0.9322,61,73,1259
1789629414.097,6.98,9.1,0.9364,0.9354,61,0,1259
1789629415.099,6.98,24.2,0.923,0.923,61,0,1259
1789629416.101,6.98,8.4,0.9335,0.9335,62,0,1259
1789629417.103,6.66,23.3,0.9249,0.9249,61,39,1259
1789629418.106,6.66,9.0,0.9341,0.9341,61,0,1259
1789629419.107,6.66,24.3,0.9233,0.9243,61,72,1259
1789629420.11,6.66,9.7,0.936,0.935,61,0,1259
1789629421.112,6.66,25.1,0.9211,0.9221,65,71,1259
1789629422.114,6.44,14.2,0.935,0.935,61,0,1259
1789629423.117,6.44,21.3,0.9289,0.9285,66,41,1259
1789629424.119,6.44,17.5,0.9286,0.928,61,0,1259
1789629425.121,6.44,15.6,0.9264,0.9264,66,0,1259
1789629426.123,6.44,22.3,0.9299,0.9299,61,0,1259
1789629427.125,6.33,12.4,0.9341,0.9351,62,0,1259
1789629428.127,6.33,24.3,0.9261,0.9251,61,75,1259
1789629429.129,6.33,10.1,0.9355,0.9365,62,0,1259
1789629430.131,6.33,24.5,0.9242,0.9242,61,72,1259
1789629431.133,6.33,10.0,0.9364,0.9354,61,0,1259
1789629432.135,6.38,24.2,0.9163,0.9163,64,58,1259
1789629433.138,6.38,11.0,0.9263,0.9273,61,0,1259
1789629434.139,6.38,24.5,0.9194,0.9194,66,0,1259
1789629435.142,6.38,15.4,0.927,0.927,61,0,1259
1789629436.144,6.38,19.4,0.927,0.927,66,0,1259
1789629437.146,6.27,9.4,0.933,0.933,61,0,1259
1789629438.148,6.27,25.1,0.9234,0.9234,63,36,1259
1789629439.15,6.27,11.5,0.9328,0.932,61,0,1259
1789629440.152,6.27,21.9,0.9255,0.9263,66,0,1259
1789629441.154,6.27,16.4,0.9286,0.9282,61,0,1259
1789629442.156,6.01,16.8,0.9259,0.9263,66,0,1259
1789629443.159,6.01,20.6,0.9232,0.9232,61,6,1259
1789629444.161,6.01,13.3,0.9252,0.9252,63,0,1259
1789629445.163,6.01,24.3,0.9193,0.9193,61,57,1259
1789629446.165,6.01,8.4,0.9313,0.9303,62,0,1259
1789629447.167,5.85,9.5,0.9334,0.9344,61,0,1259
1789629448.169,5.85,18.5,0.9307,0.9299,60,0,1259
1789629449.171,5.85,14.7,0.9294,0.9302,61,0,1259
1789629450.174,5.85,21.5,0.9315,0.9315,65,20,1259
1789629451.176,5.85,11.6,0.9322,0.9322,61,0,1259
1789629452.178,5.62,23.6,0.9229,0.9229,66,73,1259
1789629453.18,5.62,8.8,0.9343,0.9333,61,0,1259
1789629454.182,5.62,24.5,0.9279,0.9279,66,72,1259
1789629455.184,5.62,11.0,0.9354,0.9354,61,0,1259
1789629456.186,5.62,24.0,0.9333,0.9333,63,47,1259
1789629457.188,5.33,11.9,0.9367,0.9367,61,0,1259
1789629458.19,5.33,22.0,0.9311,0.9321,62,0,1259
1789629459.192,5.33,16.4,0.9374,0.9374,61,0,1259
1789629460.194,5.33,16.0,0.9315,0.9305,61,0,1259
1789629461.197,5.33,21.4,0.9236,0.9246,65,0,1259
1789629462.199,4.98,11.1,0.9332,0.9322,61,0,1259
1789629463.201,4.98,23.8,0.9229,0.9239,65,48,1259
1789629464.203,4.98,11.2,0.9392,0.9382,61,0,1259
1789629465.205,4.98,24.7,0.9353,0.9363,66,72,1259
1789629466.206,4.98,8.7,0.9424,0.9414,61,0,1259
1789629467.209,5.70,24.3,0.9271,0.9281,66,71,1259
1789629468.211,5.70,11.2,0.934,0.934,61,0,1259
1789629469.213,5.70,22.7,0.9243,0.9243,62,31,1259
1789629470.215,5.70,14.5,0.9327,0.9321,61,0,1259
1789629471.217,5.70,18.3,0.9233,0.9229,62,0,1259
1789629472.22,5.41,18.9,0.9265,0.9275,61,0,1259
1789629473.222,5.41,14.4,0.9322,0.9313,61,0,1259
1789629474.224,5.41,9.4,0.9343,0.9343,61,0,1259
1789629475.226,5.41,16.7,0.934,0.935,60,0,1259
1789629476.228,5.41,37.3,0.926,0.925,61,8,1259
1789629477.23,5.22,19.2,0.9284,0.9294,60,0,1259
1789629478.232,5.22,39.7,0.9072,0.9072,61,0,1259
1789629479.234,5.22,16.1,0.9284,0.9284,60,8,1259
1789629480.236,5.22,27.3,0.9189,0.9189,60,0,1259
1789629481.238,5.22,28.9,0.9183,0.9173,60,19,1259
1789629482.24,5.36,30.9,0.9192,0.9202,59,40,1259
1789629483.242,5.36,26.9,0.9258,0.9258,60,0,1259
1789629484.244,5.36,42.5,0.9371,0.9361,59,15,1259
1789629485.247,5.36,31.2,0.9349,0.9359,59,0,1259
1789629486.249,5.36,30.3,0.9343,0.9343,59,23,1259
1789629487.251,5.73,27.9,0.917,0.92,59,0,1259
1789629488.253,5.73,41.8,0.9213,0.9179,59,9,1259
1789629489.255,5.73,17.3,0.9247,0.9241,60,0,1259
1789629490.258,5.73,41.0,0.9165,0.9175,60,5,1259
1789629491.26,5.73,13.2,0.9356,0.9352,59,0,1259
1789629492.262,5.51,10.1,0.9355,0.9359,59,0,1259
1789629493.264,5.51,12.5,0.9373,0.9363,59,0,685
1789629494.266,5.51,12.5,0.9312,0.9312,59,1,777
1789629495.268,5.51,13.3,0.9291,0.9291,59,9,1713
1789629496.27,5.51,38.0,0.9182,0.9192,68,82,1911
1789629497.273,5.63,23.5,0.9349,0.9349,61,0,1911
1789629498.275,5.63,21.7,0.9351,0.9351,60,29,1911
1789629499.277,5.63,24.8,0.9252,0.9242,65,0,1911
1789629500.279,5.63,34.2,0.924,0.925,69,81,1911
1789629501.283,5.63,23.2,0.9216,0.9226,62,0,1911
1789629502.284,6.38,26.8,0.9175,0.9165,71,28,1911
1789629503.287,6.38,29.2,0.9175,0.9175,68,84,1911
1789629504.29,6.38,20.1,0.9252,0.9242,63,0,1911
1789629505.292,6.38,34.2,0.9161,0.9161,71,82,1911
1789629506.294,6.38,28.9,0.9243,0.9243,69,84,1911
1789629507.296,6.11,17.0,0.9262,0.9262,63,0,1911
1789629508.298,6.11,36.8,0.9174,0.9184,70,82,1911
1789629509.3,6.11,25.3,0.9278,0.9268,68,78,1911
1789629510.304,6.11,22.1,0.9262,0.9272,64,0,1911
1789629511.306,6.11,35.4,0.924,0.9234,71,82,1911
1789629512.309,5.86,27.9,0.9234,0.924,68,83,1911
1789629513.311,5.86,22.8,0.9237,0.9237,64,0,1911
1789629514.313,5.86,33.2,0.9202,0.9192,72,82,1911
1789629515.315,5.86,31.0,0.9201,0.9208,70,83,1911
1789629516.318,5.86,20.2,0.9291,0.9294,63,0,1911
1789629517.319,5.87,30.5,0.9303,0.9293,72,83,1911
1789629518.322,5.87,32.0,0.9274,0.9284,70,82,1911
1789629519.324,5.87,22.3,0.9301,0.9301,64,0,1911
1789629520.327,5.87,29.1,0.9301,0.9291,72,79,1911
1789629521.33,5.87,34.5,0.926,0.9262,71,80,1911
1789629522.332,5.72,22.8,0.932,0.9318,64,0,1911
1789629523.334,5.72,26.5,0.9251,0.9251,72,42,1911
1789629524.338,5.72,36.8,0.9217,0.9217,72,77,1911
1789629525.34,5.72,17.9,0.9305,0.9305,64,0,1911
1789629526.343,5.72,29.2,0.9261,0.9261,72,82,1911
1789629527.345,6.55,33.7,0.9218,0.9218,71,82,1911
1789629528.347,6.55,14.3,0.9372,0.9382,64,0,1911
1789629529.349,6.55,19.4,0.9351,0.9351,63,0,1911
1789629530.351,6.55,26.8,0.9304,0.9304,72,66,1911
1789629531.353,6.55,36.9,0.9283,0.9283,72,81,1911
1789629532.356,6.26,17.2,0.9323,0.9323,64,0,1911
1789629533.358,6.26,28.8,0.9181,0.9171,72,83,1911
1789629534.36,6.26,25.6,0.9263,0.9263,63,43,1911
1789629535.362,6.26,23.1,0.9288,0.9298,67,0,1911
1789629536.364,6.26,36.2,0.918,0.917,72,80,1911
1789629537.367,6.08,27.8,0.9236,0.9246,64,64,1911
1789629538.369,6.08,23.7,0.9292,0.9292,66,0,1911
1789629539.371,6.08,43.8,0.914,0.914,73,83,1911
1789629540.373,6.08,27.5,0.9268,0.9261,64,39,1911
1789629541.376,6.08,23.6,0.9308,0.9306,68,0,1911
1789629542.378,5.99,33.6,0.9201,0.9201,73,82,1911
1789629543.381,5.99,28.5,0.9269,0.9279,64,47,1911
1789629544.383,5.99,23.9,0.9297,0.9297,67,0,1911
1789629545.385,5.99,33.1,0.9224,0.9214,73,82,1911
1789629546.387,5.99,28.9,0.924,0.925,64,83,1911
1789629547.39,5.91,24.2,0.9306,0.9306,67,0,1911
1789629548.392,5.91,32.3,0.922,0.921,73,73,1911
1789629549.395,5.91,30.5,0.9217,0.9217,66,82,1911
1789629550.398,5.91,21.9,0.9234,0.9234,67,0,1911
1789629551.4,5.91,31.0,0.9231,0.9231,74,68,1911
1789629552.402,5.92,30.4,0.923,0.923,72,84,1911
1789629553.404,5.92,17.3,0.925,0.926,66,0,1911
1789629554.406,5.92,34.9,0.9184,0.9174,73,83,1911
1789629555.408,5.92,11.1,0.9332,0.9332,65,0,1911
1789629556.41,5.92,29.4,0.926,0.927,64,83,1911
1789629557.413,6.57,22.6,0.9268,0.9258,67,0,1911
1789629558.414,6.57,32.7,0.9173,0.9183,73,81,1911
1789629559.416,6.57,31.6,0.9242,0.9232,71,83,1911
1789629560.419,6.57,24.1,0.9261,0.9268,67,0,1911
1789629561.421,6.57,29.3,0.9201,0.9204,74,47,1911
1789629562.423,6.12,8.8,0.9323,0.9313,65,0,1911
1789629563.425,6.12,34.1,0.9145,0.9148,71,82,1911
1789629564.428,6.12,23.2,0.922,0.9228,66,18,1911
1789629565.429,6.12,26.3,0.9233,0.9227,74,9,1911
1789629566.432,6.12,36.7,0.9185,0.9191,72,81,1911
1789629567.435,6.11,23.4,0.9289,0.9289,66,39,1911
1789629568.437,6.11,24.4,0.9211,0.9211,74,0,1911
1789629569.439,6.11,33.3,0.919,0.919,71,82,1911
1789629570.441,6.11,17.5,0.931,0.931,66,0,1911
1789629571.443,6.11,31.3,0.9151,0.9141,74,79,1911
1789629572.445,5.94,8.2,0.9321,0.9321,65,0,1911
1789629573.448,5.94,32.0,0.9127,0.9137,73,79,1911
1789629574.451,5.94,22.1,0.9189,0.9189,67,0,1911
1789629575.454,5.94,30.5,0.9211,0.9211,74,69,1911
1789629576.456,5.94,32.2,0.9229,0.9229,73,81,1911
1789629577.458,5.87,23.6,0.8871,0.8871,67,0,1911
1789629578.46,5.87,29.5,0.9212,0.9212,74,58,1911
1789629579.463,5.87,34.7,0.9177,0.9167,71,81,1911
1789629580.465,5.87,11.9,0.9317,0.932,66,0,1911
1789629581.467,5.87,9.3,0.934,0.9338,64,0,1911
1789629582.47,5.88,23.4,0.9303,0.9303,63,0,1911
1789629583.473,5.88,34.4,0.919,0.919,64,25,1913
1789629584.475,5.88,35.9,0.9256,0.9266,66,0,1913
1789629585.478,5.88,37.9,0.9236,0.9236,64,52,1913
1789629586.481,5.88,31.6,0.9204,0.9206,65,0,1913
1789629587.483,6.61,41.9,0.9081,0.9078,64,34,1913
1789629588.485,6.61,29.0,0.92,0.92,64,0,1913
1789629589.488,6.61,39.4,0.9192,0.9182,64,0,1913
1789629590.49,6.61,34.5,0.9192,0.9202,64,46,1913
1789629591.493,6.61,32.9,0.9214,0.9214,65,0,1913
1789629592.496,7.52,40.5,0.9185,0.9175,63,47,1913
1789629593.498,7.52,10.1,0.9351,0.9361,63,0,1913
1789629594.5,7.52,8.4,0.9374,0.9374,63,0,1913
1789629595.502,7.52,9.2,0.9381,0.9381,62,0,1913
1789629596.504,7.52,33.2,0.92,0.92,61,84,1913
1789629597.507,7.16,28.4,0.9347,0.9347,69,0,1913
1789629598.509,7.16,40.7,0.9096,0.9086,63,0,1913
1789629599.511,7.16,12.9,0.9311,0.9311,63,0,1913
1789629600.513,7.16,26.7,0.9222,0.9231,62,39,1913
1789629601.516,7.16,37.4,0.9299,0.9299,63,0,1913
1789629602.518,7.47,19.0,0.9291,0.9291,62,0,1913
1789629603.52,7.47,27.2,0.9239,0.9239,62,5,1913
1789629604.522,7.47,9.4,0.9358,0.9348,62,0,1913
1789629605.525,7.47,28.2,0.9356,0.9366,66,0,1913
1789629606.529,7.47,40.3,0.9096,0.9096,66,46,1913
1789629607.531,7.51,32.5,0.9168,0.9158,62,0,1913
1789629608.534,7.51,35.4,0.9297,0.9307,63,0,1913
1789629609.536,7.51,41.8,0.9238,0.9228,63,51,1913
1789629610.539,7.51,29.1,0.9179,0.9183,62,0,1913
1789629611.541,7.51,35.6,0.9142,0.9148,67,8,1913
1789629612.544,8.11,40.5,0.9308,0.9308,68,25,1913
1789629613.546,8.11,34.1,0.9182,0.9182,63,0,1913
1789629614.549,8.11,34.1,0.9309,0.9309,62,0,1913
1789629615.551,8.11,11.6,0.933,0.9321,62,0,1913
1789629616.553,8.11,12.2,0.933,0.934,61,0,1913
1789629617.555,8.66,26.2,0.9223,0.9213,61,0,1913
1789629618.558,8.66,25.8,0.9333,0.9343,65,41,1913
1789629619.56,8.66,31.7,0.92,0.92,62,0,1913
1789629620.562,8.66,27.7,0.9179,0.9169,62,0,1913
1789629621.565,8.66,28.0,0.92,0.92,62,0,1913
1789629622.567,9.41,37.4,0.9139,0.9149,68,14,1913
1789629623.57,9.41,25.6,0.9317,0.9317,69,61,1913
1789629624.572,9.41,37.0,0.9179,0.9179,63,49,1913
1789629625.574,9.41,31.7,0.9138,0.913,62,0,1913
1789629626.578,9.41,39.4,0.9067,0.9064,69,60,1913
1789629627.58,9.86,36.2,0.9111,0.9111,63,16,1913
1789629628.583,9.86,32.8,0.9279,0.9289,62,0,1913
1789629629.586,9.86,40.6,0.9083,0.9083,68,46,1913
1789629630.588,9.86,15.1,0.9272,0.9272,61,0,1913
1789629631.59,9.86,10.4,0.9329,0.9319,60,0,1913
1789629632.592,9.39,12.6,0.9289,0.9299,60,0,685
1789629633.595,9.39,13.9,0.9278,0.9276,60,0,685
1789629634.596,9.39,16.5,0.9272,0.9275,60,0,1247
1789629635.598,9.39,20.5,0.9222,0.9222,60,0,1253
1789629636.6,9.39,26.8,0.9323,0.9323,60,0,1255
1789629637.602,8.72,27.3,0.9152,0.9152,60,0,1255
1789629638.604,8.72,27.8,0.9181,0.9181,60,0,1255
1789629639.607,8.72,19.2,0.9243,0.9243,60,0,1255
1789629640.61,8.72,19.7,0.9276,0.9276,60,0,1255
1789629641.612,8.72,21.8,0.9223,0.9223,62,11,1255
1789629642.615,8.18,26.9,0.9343,0.9343,60,39,1255
1789629643.617,8.18,13.1,0.9313,0.9313,60,32,1255
1789629644.619,8.18,26.4,0.9222,0.9212,59,5,1255
1789629645.621,8.18,12.8,0.9313,0.9323,60,0,1255
1789629646.624,8.18,19.2,0.9312,0.9312,59,0,1255
1789629647.627,8.48,30.1,0.9286,0.9276,61,9,1255
1789629648.63,8.48,30.4,0.9151,0.9161,60,41,1255
1789629649.632,8.48,26.3,0.9242,0.9232,59,36,1255
1789629650.634,8.48,13.7,0.9314,0.9314,59,18,1255
1789629651.636,8.48,26.6,0.9231,0.9231,59,37,1255
1789629652.638,7.96,26.3,0.9186,0.9192,59,0,1255
1789629653.64,7.96,26.2,0.9206,0.92,59,0,1255
1789629654.642,7.96,29.9,0.9202,0.9202,60,0,1255
1789629655.644,7.96,26.4,0.9202,0.9202,60,0,1255
1789629656.646,7.96,26.5,0.9243,0.9253,59,0,1255
1789629657.648,7.65,26.4,0.9212,0.9212,59,0,1255
1789629658.649,7.65,26.2,0.9264,0.9254,59,0,1255
1789629659.652,7.65,26.5,0.9232,0.9242,58,0,1255
1789629660.654,7.65,29.4,0.9196,0.9196,58,0,1255
1789629661.656,7.65,27.4,0.922,0.922,58,8,1255
1789629662.658,7.59,14.2,0.9352,0.9342,58,38,1255
1789629663.66,7.59,14.7,0.9319,0.9322,60,46,1255
1789629664.663,7.59,27.7,0.9362,0.936,60,0,1255
1789629665.665,7.59,26.3,0.9281,0.9291,59,0,1255
1789629666.667,7.59,13.0,0.9333,0.9323,58,0,1255
1789629667.668,7.23,25.7,0.9244,0.9244,58,0,1255
1789629668.67,7.23,26.6,0.9305,0.9311,58,0,1255
1789629669.672,7.23,14.1,0.93,0.9294,58,0,1255
1789629670.675,7.23,30.0,0.9408,0.9418,58,0,1255
1789629671.677,7.23,19.9,0.9338,0.9338,58,0,1255
1789629672.68,8.01,31.9,0.9185,0.9185,58,30,1255
1789629673.683,8.01,30.9,0.918,0.9171,58,37,1255
1789629674.685,8.01,28.0,0.9201,0.9211,60,16,1255
1789629675.698,8.01,10.6,0.9321,0.9321,58,0,1255
1789629676.701,8.01,29.3,0.9205,0.9205,58,0,1255
1789629677.704,8.49,31.4,0.919,0.919,58,0,1255
1789629678.707,8.49,31.5,0.929,0.928,58,32,1255
1789629679.709,8.49,16.6,0.9321,0.9321,58,46,1255
1789629680.712,8.49,25.8,0.9316,0.9316,61,13,1255
1789629681.714,8.49,13.8,0.9303,0.9313,59,0,1255
1789629682.716,7.97,14.3,0.9322,0.9312,59,0,1255
1789629683.718,7.97,27.9,0.9211,0.9211,59,0,1255
1789629684.72,7.97,26.9,0.9163,0.9163,59,0,1255
1789629685.722,7.97,11.6,0.9345,0.9345,58,0,1255
1789629686.724,7.97,10.4,0.9343,0.9343,58,0,1255
1789629687.725,7.57,10.6,0.9334,0.9344,58,0,685
1789629688.727,7.57,13.3,0.9282,0.9272,57,3,685
1789629689.73,7.57,14.7,0.926,0.927,57,11,1713
1789629690.732,7.57,37.4,0.9217,0.9217,66,83,1911
1789629691.735,7.57,24.5,0.9304,0.9301,60,0,1911
1789629692.737,7.20,32.7,0.9173,0.9165,67,82,1911
1789629693.739,7.20,14.2,0.9282,0.9292,60,0,1911
1789629694.741,7.20,37.2,0.9192,0.9182,69,83,1911
1789629695.744,7.20,20.9,0.9333,0.9333,60,41,1911
1789629696.746,7.20,24.3,0.924,0.925,64,0,1911
1789629697.748,6.79,32.0,0.927,0.926,68,82,1911
1789629698.75,6.79,14.3,0.9323,0.9323,61,0,1911
1789629699.753,6.79,27.9,0.9287,0.9307,67,83,1911
1789629700.755,6.79,18.5,0.9333,0.9323,62,0,1911
1789629701.757,6.79,36.4,0.927,0.927,69,82,1911
1789629702.759,6.56,19.3,0.93,0.929,61,0,1911
1789629703.761,6.56,27.2,0.9279,0.9279,71,22,1911
1789629704.763,6.56,29.3,0.9251,0.9251,68,84,1911
1789629705.765,6.56,18.3,0.9273,0.9273,62,0,1911
1789629706.768,6.56,37.1,0.9207,0.9217,70,82,1911
1789629707.771,6.12,19.0,0.9264,0.9264,61,71,1911
1789629708.773,6.12,28.7,0.9224,0.9214,71,0,1911
1789629709.775,6.12,27.2,0.929,0.93,69,82,1911
1789629710.777,6.12,18.8,0.9243,0.9233,63,0,1911
1789629711.779,6.12,37.1,0.913,0.914,71,82,1911
1789629712.782,6.19,18.3,0.9333,0.9333,62,76,1911
1789629713.784,6.19,28.6,0.9234,0.9224,71,0,1911
1789629714.787,6.19,29.1,0.9295,0.9305,69,81,1911
1789629715.788,6.19,17.8,0.9333,0.9323,63,0,1911
1789629716.791,6.19,36.5,0.914,0.914,71,80,1911
1789629717.792,5.93,19.5,0.9244,0.9254,62,85,1911
1789629718.795,5.93,26.5,0.9209,0.9199,72,0,1911
1789629719.797,5.93,30.9,0.9167,0.9177,70,81,1911
1789629720.799,5.93,16.2,0.9334,0.9324,63,0,1911
1789629721.801,5.93,36.8,0.921,0.922,71,81,1911
1789629722.804,5.70,19.4,0.9301,0.9291,63,70,1911
1789629723.805,5.70,28.1,0.9283,0.9283,72,0,1911
1789629724.808,5.70,29.8,0.9221,0.9221,69,81,1911
1789629725.81,5.70,17.0,0.9311,0.9321,64,0,1911
1789629726.812,5.72,36.5,0.9153,0.9153,71,83,1911
1789629727.814,5.72,20.5,0.9305,0.9315,63,82,1911
1789629728.817,5.72,26.0,0.9298,0.9278,72,0,1911
1789629729.819,5.72,30.9,0.9249,0.9259,70,82,1911
1789629730.821,5.72,17.8,0.927,0.9267,64,0,1911
1789629731.823,5.42,35.1,0.9161,0.9154,72,68,1911
1789629732.826,5.42,22.5,0.9311,0.9321,63,82,1911
1789629733.827,5.42,23.3,0.9274,0.9264,69,0,1911
1789629734.83,5.42,31.7,0.9187,0.919,71,80,1911
1789629735.832,5.42,14.6,0.9294,0.9292,64,0,1911
1789629736.834,6.51,28.1,0.9291,0.9301,69,82,1911
1789629737.836,6.51,18.2,0.9282,0.9282,65,0,1911
1789629738.838,6.51,36.4,0.9258,0.9258,72,83,1911
1789629739.84,6.51,9.2,0.9341,0.9335,64,0,1911
1789629740.842,6.51,35.4,0.9171,0.9177,71,83,1911
1789629741.844,6.55,18.2,0.9323,0.9323,64,2,1911
1789629742.846,6.55,31.1,0.9271,0.9261,72,22,1911
1789629743.85,6.55,27.3,0.9247,0.9257,63,82,1911
1789629744.852,6.55,20.4,0.9241,0.9241,66,0,1911
1789629745.854,6.55,33.5,0.9252,0.9246,71,82,1911
1789629746.857,7.23,17.3,0.9323,0.9329,64,0,1911
1789629747.859,7.23,33.8,0.9171,0.9171,73,61,1911
1789629748.861,7.23,24.0,0.9222,0.9212,64,83,1911
1789629749.863,7.23,23.8,0.9221,0.9231,71,0,1911
1789629750.867,7.23,34.6,0.9156,0.9166,71,81,1911
1789629751.869,6.89,12.0,0.9334,0.9321,65,0,1911
1789629752.872,6.89,32.0,0.92,0.9194,72,81,1911
1789629753.875,6.89,16.4,0.9278,0.9278,65,0,1911
1789629754.877,6.89,34.5,0.9202,0.9202,73,83,1911
1789629755.879,6.89,22.8,0.9241,0.9251,64,76,1911
1789629756.881,6.58,24.8,0.9211,0.9211,73,0,1911
1789629757.884,6.58,29.4,0.9272,0.9272,71,83,1911
1789629758.886,6.58,17.6,0.9252,0.9242,66,0,1911
1789629759.888,6.58,36.1,0.9179,0.9179,73,82,1911
1789629760.891,6.58,19.6,0.9319,0.9329,64,34,1911
1789629761.893,6.53,27.4,0.9241,0.9241,73,0,1911
1789629762.895,6.53,29.7,0.9269,0.9259,73,82,1911
1789629763.897,6.53,16.2,0.9288,0.9298,66,0,1911
1789629764.9,6.53,36.3,0.923,0.923,73,83,1911
1789629765.902,6.53,10.1,0.9352,0.9342,64,0,1911
1789629766.904,7.29,36.4,0.93,0.93,72,82,1911
1789629767.906,7.29,19.3,0.932,0.932,65,8,1911
1789629768.908,7.29,27.9,0.9255,0.9265,74,16,1911
1789629769.911,7.29,29.1,0.9285,0.9283,64,83,1911
1789629770.913,7.29,16.5,0.9281,0.9274,66,0,1911
1789629771.915,8.15,36.9,0.9182,0.9189,73,83,1911
1789629772.917,8.15,19.0,0.9272,0.9274,65,2,1911
1789629773.919,8.15,27.6,0.9192,0.9182,74,20,1911
1789629774.923,8.15,28.5,0.9191,0.9211,64,83,1911
1789629775.925,8.15,17.3,0.9292,0.9272,67,0,1911
1789629776.927,8.94,36.3,0.9212,0.9222,73,82,1911
1789629777.929,8.94,15.6,0.9338,0.9336,65,0,1911
1789629778.932,8.94,29.0,0.9291,0.9284,74,52,1911
1789629779.934,8.94,26.8,0.92,0.921,64,83,1911
1789629780.936,8.94,19.6,0.9264,0.9264,69,0,1911
1789629781.938,8.46,11.1,0.9341,0.9331,64,0,1911
1789629782.94,8.46,11.8,0.934,0.934,63,0,1911
1789629783.942,8.46,12.3,0.9293,0.9301,62,4,685
1789629784.944,8.46,13.2,0.9283,0.9275,62,0,777
1789629785.946,8.46,26.3,0.8803,0.8813,62,0,1253
1789629786.947,8.10,12.9,0.9284,0.9284,63,0,1255
1789629787.95,8.10,19.2,0.917,0.918,62,21,1255
1789629788.952,8.10,25.4,0.922,0.9204,62,4,1255
1789629789.954,8.10,27.4,0.9112,0.9108,62,0,1255
1789629790.956,8.10,29.7,0.9132,0.9142,62,19,1255
1789629791.958,8.74,26.7,0.9154,0.9154,61,4,1255
1789629792.96,8.74,27.6,0.9212,0.9212,61,0,1255
1789629793.963,8.74,18.0,0.9221,0.9211,62,12,1255
1789629794.965,8.74,38.7,0.9112,0.9122,61,6,1255
1789629795.967,8.74,27.8,0.911,0.911,61,0,1255
1789629796.97,8.68,32.4,0.9133,0.9133,61,13,1255
1789629797.972,8.68,37.0,0.9102,0.9102,61,3,1255
1789629798.975,8.68,28.3,0.919,0.919,61,0,1255
1789629799.977,8.68,18.2,0.9251,0.9251,61,2,1255
1789629800.98,8.68,39.5,0.9045,0.9045,62,16,1255
1789629801.982,8.22,28.3,0.9181,0.9181,60,0,1255
1789629802.984,8.22,18.1,0.9283,0.9273,61,0,1255
1789629803.986,8.22,13.4,0.928,0.929,63,32,1255
1789629804.988,8.22,26.3,0.9221,0.9211,60,0,1255
1789629805.99,8.22,30.8,0.9148,0.9158,60,0,1255
1789629806.993,8.77,39.1,0.9096,0.9096,60,27,1255
1789629807.995,8.77,27.5,0.919,0.918,60,0,1255
1789629808.997,8.77,31.0,0.9154,0.9163,61,0,1255
1789629809.999,8.77,24.6,0.9201,0.9201,60,15,1255
1789629811.001,8.77,25.6,0.9263,0.9253,60,0,1255
1789629812.003,8.38,31.5,0.9142,0.9142,62,16,1255
1789629813.005,8.38,27.4,0.9351,0.9361,60,13,1255
1789629814.008,8.38,26.7,0.9279,0.9279,60,0,1255
1789629815.01,8.38,20.2,0.9252,0.9252,62,3,1255
1789629816.012,8.38,36.8,0.9152,0.9142,60,13,1255
1789629817.014,7.87,27.7,0.9172,0.9172,59,0,1255
1789629818.017,7.87,22.4,0.9224,0.9224,61,17,1255
1789629819.019,7.87,35.8,0.9111,0.9121,59,0,1255
1789629820.021,7.87,15.0,0.9303,0.9303,60,0,1255
1789629821.024,7.87,35.1,0.9214,0.9204,62,15,1255
1789629822.025,7.80,23.0,0.9285,0.9295,59,14,1255
1789629823.027,7.80,27.4,0.9205,0.9195,59,0,1255
1789629824.029,7.80,32.0,0.9152,0.9161,61,4,1255
1789629825.031,7.80,13.8,0.9326,0.9319,59,29,1255
1789629826.033,7.80,9.7,0.9344,0.9342,59,0,1255
1789629827.035,7.42,9.1,0.9344,0.9351,59,0,1255
1789629828.037,7.42,12.1,0.9291,0.9294,59,0,685
1789629829.039,7.42,11.9,0.9262,0.9262,59,5,777
1789629830.042,7.42,14.3,0.9249,0.9249,59,42,2613
1789629831.044,7.42,33.2,0.9202,0.9202,70,89,2857
1789629832.046,7.06,13.6,0.9302,0.9302,62,0,2857
1789629833.049,7.06,42.7,0.9284,0.9284,68,88,2857
1789629834.051,7.06,27.2,0.932,0.931,67,59,2857
1789629835.053,7.06,26.7,0.9272,0.9272,62,0,2857
1789629836.055,7.06,22.9,0.93,0.93,64,68,2857
1789629837.057,8.10,24.8,0.9231,0.9231,70,88,2857
1789629838.059,8.10,30.5,0.9143,0.9151,61,0,2857
1789629839.061,8.10,37.2,0.9292,0.9294,62,0,2857
1789629840.063,8.10,32.8,0.9151,0.9141,72,89,2857
1789629841.066,8.10,29.5,0.9161,0.9171,65,0,2857
1789629842.069,7.77,21.2,0.9241,0.9241,62,0,2857
1789629843.071,7.77,30.6,0.92,0.919,72,89,2857
1789629844.073,7.77,20.4,0.9281,0.9291,70,79,2857
1789629845.075,7.77,34.2,0.9302,0.9302,62,0,2857
1789629846.078,7.77,36.6,0.9281,0.9275,71,89,2857
1789629847.08,7.39,30.2,0.917,0.9176,62,0,2857
1789629848.082,7.39,17.6,0.9343,0.9343,62,0,2857
1789629849.085,7.39,41.3,0.9208,0.9208,62,0,2857
1789629850.088,7.39,29.8,0.9291,0.9281,72,48,2857
1789629851.097,7.39,21.3,0.9233,0.9243,70,89,2857
1789629852.1,8.40,41.3,0.925,0.925,62,0,2857
1789629853.102,8.40,9.6,0.934,0.934,66,0,2857
1789629854.104,8.40,25.0,0.9249,0.9239,62,0,2857
1789629855.106,8.40,30.5,0.9143,0.9153,68,88,2857
1789629856.108,8.40,24.7,0.9223,0.9213,62,48,2857
1789629857.111,8.13,37.6,0.9168,0.9178,63,0,2857
1789629858.114,8.13,25.8,0.9187,0.9187,72,28,2857
1789629859.116,8.13,23.8,0.9231,0.9221,70,89,2857
1789629860.119,8.13,20.2,0.9254,0.9264,63,0,2857
1789629861.121,8.13,30.6,0.9167,0.9157,69,88,2857
1789629862.124,9.00,41.1,0.9096,0.9106,62,0,2857
1789629863.126,9.00,29.2,0.9211,0.9201,72,82,2857
1789629864.128,9.00,19.8,0.9253,0.9263,70,89,2857
1789629865.13,9.00,31.0,0.9161,0.9151,63,0,2857
1789629866.133,9.00,21.6,0.9208,0.9218,73,47,2857
1789629867.135,8.44,30.2,0.9158,0.9158,70,89,2857
1789629868.137,8.44,23.0,0.9234,0.9224,63,0,2857
1789629869.139,8.44,39.6,0.9248,0.9248,63,0,2857
1789629870.142,8.44,25.7,0.9295,0.9305,72,18,2857
1789629871.144,8.44,22.6,0.9313,0.9313,71,88,2857
1789629872.146,8.24,25.7,0.9332,0.9322,64,0,2857
1789629873.149,8.24,24.7,0.9326,0.9334,73,24,2857
1789629874.151,8.24,30.3,0.9303,0.9295,71,88,2857
1789629875.153,8.24,33.9,0.9132,0.9132,63,21,2857
1789629876.156,8.24,22.6,0.9247,0.9256,73,53,2857
1789629877.158,7.82,16.9,0.9261,0.9251,70,88,2857
1789629878.161,7.82,43.4,0.9059,0.9063,63,0,2857
1789629879.163,7.82,27.3,0.9306,0.9312,67,0,2857
1789629880.165,7.82,21.3,0.9323,0.9313,72,89,2857
1789629881.169,7.82,41.0,0.9217,0.9227,64,0,2857
1789629882.178,7.68,22.2,0.9286,0.9286,73,52,2857
1789629883.18,7.68,30.9,0.9192,0.9192,63,69,2857
1789629884.182,7.68,42.7,0.9202,0.9202,63,0,2857
1789629885.185,7.68,26.8,0.9205,0.9199,70,8,2857
1789629886.187,7.68,34.2,0.9124,0.913,71,88,2857
1789629887.189,7.46,32.2,0.9193,0.9193,64,0,2857
1789629888.192,7.46,16.0,0.9316,0.9316,73,88,2857
1789629889.194,7.46,36.1,0.9172,0.917,63,0,2857
1789629890.196,7.46,32.7,0.9182,0.9174,64,0,2857
1789629891.199,7.46,17.3,0.9318,0.9318,72,87,2857
1789629892.201,8.31,42.8,0.9158,0.9161,63,0,2857
1789629893.204,8.31,28.3,0.9197,0.9205,69,6,2857
1789629894.206,8.31,31.2,0.9154,0.9154,71,88,2857
1789629895.209,8.31,44.5,0.9063,0.9063,63,89,2857
1789629896.211,8.31,26.9,0.9227,0.9225,73,0,2857
1789629897.213,7.88,24.9,0.9302,0.9294,71,88,2857
1789629898.215,7.88,31.4,0.93,0.931,66,0,2857
1789629899.218,7.88,17.8,0.928,0.9276,73,85,2857
1789629900.22,7.88,20.5,0.9249,0.9252,63,90,2857
1789629901.222,7.88,28.5,0.9234,0.9234,65,0,2857
1789629902.225,7.49,23.8,0.93,0.93,73,0,2857
1789629903.227,7.49,26.5,0.9223,0.9213,71,88,2857
1789629904.229,7.49,35.2,0.9132,0.9142,64,0,2857
1789629905.231,7.49,28.4,0.9183,0.9173,73,88,2857
1789629906.233,7.49,37.2,0.9111,0.9121,64,42,2857
1789629907.236,7.21,36.4,0.9105,0.9105,66,0,2857
1789629908.238,7.21,24.5,0.9192,0.9192,73,14,2857
1789629909.24,7.21,30.0,0.9164,0.9164,63,88,2857
1789629910.243,7.21,42.4,0.9084,0.9084,64,0,2857
1789629911.245,7.21,13.9,0.9303,0.9293,73,5,2857
1789629912.246,6.79,11.4,0.9333,0.9343,63,0,2857
1789629913.249,6.79,29.2,0.9163,0.9163,62,0,2857
1789629914.252,6.79,41.5,0.9088,0.9088,67,88,2863
1789629915.254,6.79,33.9,0.915,0.915,68,0,2863
1789629916.256,6.79,20.3,0.9254,0.9244,72,87,2863
1789629917.26,7.53,40.2,0.9237,0.9247,65,0,2863
1789629918.261,7.53,34.8,0.9183,0.9173,73,88,2863
1789629919.264,7.53,39.9,0.9108,0.9115,64,51,2863
1789629920.267,7.53,27.5,0.919,0.9192,73,89,2863
1789629921.27,7.53,39.8,0.9123,0.9123,64,9,2863
1789629922.272,7.25,20.7,0.9251,0.9241,74,88,2863
1789629923.275,7.25,39.9,0.9249,0.9259,65,36,2863
1789629924.277,7.25,21.9,0.9318,0.9308,73,88,2863
1789629925.28,7.25,40.4,0.9117,0.9127,64,69,2863
1789629926.282,7.25,35.4,0.9346,0.9346,74,88,2863
1789629927.284,8.03,30.6,0.9233,0.9223,64,82,2863
1789629928.287,8.03,31.9,0.9308,0.9318,75,0,2863
1789629929.289,8.03,36.4,0.9182,0.9172,73,88,2863
1789629930.291,8.03,39.1,0.9161,0.9161,66,0,2863
1789629931.294,8.03,34.6,0.9127,0.914,74,86,2863
1789629932.297,7.62,37.4,0.917,0.9157,65,73,2863
1789629933.299,7.62,25.3,0.9249,0.9259,74,76,2863
1789629934.301,7.62,34.5,0.922,0.921,64,89,2863
1789629935.304,7.62,27.9,0.919,0.919,74,35,2863
1789629936.306,7.62,39.3,0.9081,0.9091,75,87,2863
1789629937.309,7.49,36.0,0.9183,0.9193,70,0,2863
1789629938.311,7.49,34.5,0.916,0.915,74,86,2863
1789629939.313,7.49,40.3,0.9243,0.9237,66,0,2863
1789629940.315,7.49,34.5,0.9319,0.9315,74,87,2863
1789629941.317,7.49,40.7,0.9121,0.9131,66,0,2863
1789629942.319,7.21,21.3,0.9283,0.9283,74,89,2863
1789629943.322,7.21,43.9,0.9239,0.9229,66,1,2863
1789629944.325,7.21,32.1,0.9305,0.9315,75,48,2863
1789629945.327,7.21,45.1,0.911,0.911,73,88,2863
1789629946.33,7.21,31.5,0.9246,0.9246,74,6,2863
1789629947.333,6.88,21.1,0.9243,0.9233,72,88,2863
1789629948.336,6.88,43.6,0.9239,0.9249,66,0,2863
1789629949.339,6.88,25.1,0.9201,0.9191,74,86,2863
1789629950.341,6.88,39.1,0.9232,0.9232,65,41,2863
1789629951.343,6.88,23.5,0.9286,0.9296,75,88,2863
1789629952.345,7.61,32.3,0.9218,0.921,65,90,2863
1789629953.349,7.61,29.5,0.9165,0.9172,75,30,2863
1789629954.351,7.61,27.1,0.9264,0.9264,74,88,2863
1789629955.354,7.61,34.7,0.9159,0.9159,74,0,2863
1789629956.356,7.61,39.5,0.9102,0.9102,74,88,2863
1789629957.358,8.52,35.9,0.92,0.92,73,0,2863
1789629958.36,8.52,24.1,0.9261,0.9251,75,87,2863
1789629959.362,8.52,37.7,0.925,0.926,65,0,2863
1789629960.365,8.52,35.6,0.9208,0.9208,75,88,2863
1789629961.367,8.52,38.5,0.9141,0.9141,74,88,2863
1789629962.369,8.16,15.6,0.929,0.929,69,32,2863
1789629963.371,8.16,39.8,0.9145,0.9141,73,91,2863
1789629964.374,8.16,35.6,0.9292,0.9296,75,88,2863
1789629965.377,8.16,39.5,0.91,0.9108,73,90,2863
1789629966.379,8.16,21.0,0.9243,0.9233,75,88,2863
1789629967.382,7.66,40.4,0.9248,0.9248,74,86,2863
1789629968.384,7.66,34.6,0.9212,0.9204,74,88,2863
1789629969.386,7.66,36.1,0.9221,0.9221,73,81,2863
1789629970.389,7.66,17.6,0.9274,0.9284,68,11,2863
1789629971.391,7.66,40.9,0.9237,0.9237,74,89,2863
1789629972.395,7.37,35.3,0.9309,0.9299,71,51,2863
1789629973.396,7.37,29.2,0.9233,0.9233,75,88,2863
1789629974.399,7.37,33.5,0.9247,0.9249,66,0,2863
1789629975.402,7.37,36.1,0.9327,0.9335,75,87,2863
1789629976.404,7.37,40.2,0.9289,0.9289,75,57,2863
1789629977.406,7.02,20.9,0.9357,0.9347,75,88,2863
1789629978.408,7.02,32.5,0.9252,0.9262,73,88,2863
1789629979.41,7.02,28.8,0.9291,0.9281,67,0,2863
1789629980.412,7.02,29.5,0.9192,0.9202,75,88,2863
1789629981.415,7.02,23.3,0.931,0.931,67,0,2863
1789629982.417,7.34,30.9,0.9173,0.9163,74,88,2863
1789629983.419,7.34,30.4,0.9208,0.9208,67,0,2863
1789629984.423,7.34,20.5,0.9256,0.9256,75,88,2863
1789629985.426,7.34,40.7,0.918,0.919,66,12,2863
1789629986.428,7.34,30.9,0.9319,0.9309,75,88,2863
1789629987.431,7.31,37.2,0.9186,0.9188,66,0,2863
1789629988.433,7.31,34.9,0.913,0.913,76,86,2863
1789629989.436,7.31,40.4,0.914,0.9148,66,0,2863
1789629990.438,7.31,33.5,0.9162,0.9162,76,89,2863
1789629991.44,7.31,41.7,0.9169,0.9169,66,0,2863
1789629992.442,6.97,20.2,0.9292,0.9282,76,88,2863
1789629993.444,6.97,41.6,0.9147,0.9157,66,0,2863
1789629994.446,6.97,20.3,0.9322,0.9322,76,88,2863
1789629995.449,6.97,40.2,0.9222,0.9212,73,79,2863
1789629996.451,6.97,35.8,0.9329,0.9339,75,89,2863
1789629997.453,7.77,40.1,0.9191,0.9191,74,88,2863
1789629998.46,7.77,35.0,0.914,0.914,75,24,2863
1789629999.462,7.77,39.8,0.9162,0.9162,74,89,2863
1789630000.464,7.77,22.3,0.933,0.932,74,61,2863
1789630001.466,7.77,32.8,0.9212,0.9222,74,88,2863
1789630002.468,7.55,29.6,0.9188,0.9197,69,0,2863
1789630003.47,7.55,30.6,0.9273,0.9253,76,86,2863
1789630004.473,7.55,30.7,0.9198,0.9208,68,0,2863
1789630005.475,7.55,21.9,0.924,0.924,75,87,2863
1789630006.478,7.55,40.8,0.9165,0.9165,67,30,2863
1789630007.481,7.10,22.7,0.9263,0.9263,76,89,2863
1789630008.483,7.10,40.0,0.9169,0.9159,66,88,2863
1789630009.485,7.10,35.7,0.921,0.921,76,89,2863
1789630010.488,7.10,39.9,0.9139,0.9149,66,89,2863
1789630011.489,7.10,23.6,0.9234,0.9234,76,40,2863
1789630012.492,6.77,9.6,0.9358,0.9358,66,0,2863
1789630013.494,6.77,12.6,0.9332,0.9332,65,0,2863
1789630014.496,6.77,13.1,0.8866,0.8862,64,0,769
1789630015.498,6.77,14.5,0.9237,0.924,64,3,685
1789630016.5,6.77,22.1,0.9289,0.928,63,27,1253
1789630017.503,6.63,18.2,0.9184,0.9194,63,48,1253
1789630018.506,6.63,29.3,0.9013,0.9003,66,0,1253
1789630019.51,6.63,40.1,0.9077,0.9087,64,17,1255
1789630020.512,6.63,34.5,0.9034,0.9024,66,0,1255
1789630021.514,6.63,28.0,0.9161,0.9161,64,0,1255
1789630022.518,6.26,41.0,0.9197,0.9197,63,20,1255
1789630023.52,6.26,17.1,0.9328,0.9328,64,0,1255
1789630024.522,6.26,25.4,0.9289,0.9289,63,11,1255
1789630025.524,6.26,33.8,0.9362,0.9362,64,0,1255
1789630026.526,6.26,17.3,0.9214,0.9224,62,0,1255
1789630027.528,6.24,27.9,0.925,0.924,64,0,1255
1789630028.532,6.24,36.6,0.9121,0.9131,62,0,1255
1789630029.534,6.24,22.4,0.9229,0.9229,64,8,1255
1789630030.536,6.24,34.9,0.9269,0.9269,63,0,1255
1789630031.538,6.24,35.7,0.9351,0.9341,64,18,1255
1789630032.541,6.86,36.4,0.931,0.932,62,0,1255
1789630033.543,6.86,35.1,0.9186,0.9176,64,15,1255
1789630034.546,6.86,23.2,0.9332,0.9342,62,0,1255
1789630035.549,6.86,33.8,0.9219,0.9219,64,16,1255
1789630036.552,6.86,22.4,0.923,0.923,61,0,1255
1789630037.554,6.95,15.6,0.9281,0.9281,63,14,1255
1789630038.556,6.95,26.0,0.9321,0.9311,61,0,1255
1789630039.559,6.95,36.8,0.9125,0.9135,61,0,1255
1789630040.561,6.95,34.9,0.9129,0.9129,63,18,1255
1789630041.564,6.95,37.2,0.9057,0.9057,61,0,1255
1789630042.566,7.60,34.5,0.9119,0.9109,63,26,1255
1789630043.568,7.60,16.6,0.9282,0.9282,61,0,1255
1789630044.57,7.60,10.4,0.9353,0.9353,62,34,1255
1789630045.572,7.60,12.9,0.9322,0.9322,60,0,1255
1789630046.575,7.60,31.3,0.9374,0.9374,61,0,1255
1789630047.578,7.15,30.6,0.9315,0.9325,60,37,1255
1789630048.58,7.15,35.4,0.9049,0.9039,62,31,1255
1789630049.584,7.15,36.7,0.9109,0.9119,60,0,1255
1789630050.586,7.15,34.3,0.914,0.913,62,36,1255
1789630051.588,7.15,31.6,0.9121,0.9121,60,0,1255
1789630052.59,6.74,9.2,0.9361,0.9371,61,0,1255
1789630053.592,6.74,25.6,0.9229,0.9219,60,0,1255
1789630054.595,6.74,20.9,0.93,0.931,60,10,1255
1789630055.597,6.74,21.8,0.9261,0.9261,60,0,1255
1789630056.598,6.74,10.6,0.9354,0.9354,60,0,1255
1789630057.601,6.68,28.0,0.9319,0.9309,60,0,1255
1789630058.604,6.68,34.2,0.918,0.919,60,10,1255
1789630059.606,6.68,36.6,0.9084,0.908,59,0,1255
1789630060.61,6.68,34.6,0.9345,0.9347,60,5,1255
1789630061.612,6.68,35.4,0.9349,0.9342,59,0,1255
1789630062.615,6.30,21.6,0.9294,0.9294,60,8,1255
1789630063.617,6.30,35.3,0.9102,0.9112,59,0,1255
1789630064.62,6.30,33.6,0.9098,0.9098,60,8,1255
1789630065.622,6.30,22.6,0.9225,0.9225,59,0,1255
1789630066.625,6.30,21.5,0.9257,0.9257,60,5,1255
1789630067.626,6.04,25.3,0.9203,0.9193,59,0,1255
1789630068.629,6.04,29.7,0.9149,0.9151,60,0,1255
1789630069.631,6.04,27.6,0.9341,0.9339,59,23,1255
1789630070.633,6.04,30.2,0.9139,0.9149,60,0,1255
1789630071.635,6.04,40.2,0.91,0.91,59,22,1255
1789630072.638,6.84,31.3,0.917,0.917,59,0,1255
1789630073.64,6.84,13.5,0.9301,0.9291,59,22,1255
1789630074.643,6.84,29.4,0.9158,0.9164,60,0,1255
1789630075.645,6.84,26.0,0.9277,0.9271,59,24,1255
1789630076.647,6.84,28.7,0.9148,0.915,59,0,1255
1789630077.649,6.53,26.1,0.9183,0.9181,59,20,1255
1789630078.653,6.53,32.4,0.9159,0.9159,59,0,1255
1789630079.665,6.53,26.8,0.9305,0.9305,59,9,1255
1789630080.668,6.53,14.9,0.9281,0.9281,60,0,1255
1789630081.67,6.53,26.8,0.9179,0.9189,60,32,1255
1789630082.673,7.29,31.5,0.9128,0.9128,60,0,1255
1789630083.675,7.29,40.5,0.9063,0.9063,59,28,1255
1789630084.677,7.29,30.8,0.9148,0.9148,59,0,1255
1789630085.68,7.29,40.9,0.904,0.903,59,35,1255
1789630086.682,7.29,29.7,0.9124,0.913,59,0,1255
1789630087.684,6.94,40.7,0.9295,0.9289,59,35,1255
1789630088.687,6.94,29.8,0.9197,0.9207,59,0,1255
1789630089.689,6.94,28.2,0.924,0.924,58,37,1255
1789630090.691,6.94,29.4,0.9171,0.9171,60,0,1255
1789630091.693,6.94,41.1,0.9238,0.9238,59,35,1255
1789630092.695,7.59,27.4,0.9172,0.917,59,0,1255
1789630093.697,7.59,9.4,0.9333,0.9326,58,0,1255
1789630094.699,7.59,13.8,0.93,0.9303,58,0,1255
1789630095.701,7.59,26.2,0.9144,0.9152,58,33,1255
1789630096.704,7.59,18.4,0.9244,0.9234,59,0,1255
1789630097.706,7.14,38.8,0.9071,0.908,58,33,1255
1789630098.708,7.14,28.5,0.9162,0.9162,59,0,1255
1789630099.71,7.14,29.7,0.9145,0.9145,58,38,1255
1789630100.714,7.14,28.0,0.9274,0.9276,60,0,1255
1789630101.717,7.14,40.6,0.9154,0.9151,58,37,1255
1789630102.719,6.81,9.8,0.9332,0.9322,60,0,1255
1789630103.721,6.81,26.5,0.9192,0.9192,58,0,1255
1789630104.723,6.81,26.3,0.9162,0.9172,58,0,1255
1789630105.725,6.81,17.8,0.9288,0.9278,58,0,1255
1789630106.728,6.81,21.3,0.9237,0.9237,58,8,1255
1789630107.731,6.34,27.1,0.9176,0.9186,58,37,1255
1789630108.733,6.34,9.6,0.9367,0.9363,60,0,1255
1789630109.735,6.34,25.7,0.9237,0.9241,58,0,1255
1789630110.737,6.34,14.5,0.9362,0.9352,58,16,1255
1789630111.738,6.34,9.1,0.9353,0.9363,58,0,1255
1789630112.74,6.96,26.4,0.9233,0.9223,58,15,1255
1789630113.742,6.96,8.9,0.9371,0.9381,57,0,1255
1789630114.745,6.96,23.0,0.9295,0.9285,57,0,1255
1789630115.747,6.96,15.7,0.9273,0.9283,58,0,1255
1789630116.749,6.96,8.4,0.9361,0.9351,57,0,1255
1789630117.751,7.60,29.4,0.9232,0.9242,59,0,1255
1789630118.753,7.60,26.4,0.9222,0.9212,58,27,1255
1789630119.755,7.60,14.9,0.9334,0.934,57,0,1255
1789630120.758,7.60,29.2,0.9223,0.9217,58,0,1255
1789630121.76,7.60,18.4,0.9252,0.9252,57,0,1255
1789630122.762,7.23,26.0,0.9232,0.9242,57,0,1255
1789630123.764,7.23,36.2,0.9149,0.9149,57,19,1255
1789630124.766,7.23,21.2,0.9284,0.9274,57,0,1255
1789630125.768,7.23,11.0,0.9372,0.9372,57,0,1255
1789630126.77,7.23,27.6,0.9294,0.9304,57,0,1255
1789630127.773,7.93,33.7,0.9142,0.9142,57,16,1255
1789630128.775,7.93,20.2,0.9263,0.9263,57,0,1255
1789630129.777,7.93,27.3,0.9231,0.9221,57,0,1255
1789630130.779,7.93,18.5,0.928,0.929,57,0,1255
1789630131.782,7.93,28.0,0.9339,0.9339,58,22,1255
1789630132.784,7.54,26.0,0.9342,0.9342,58,0,1255
1789630133.785,7.54,10.7,0.9353,0.9353,58,0,1255
1789630134.788,7.54,42.0,0.9227,0.9227,58,35,1255
1789630135.79,7.54,27.9,0.9334,0.9331,57,0,1255
1789630136.792,7.54,8.9,0.9364,0.9366,57,0,1255
1789630137.794,7.34,10.8,0.9353,0.9343,57,0,1255
1789630138.795,7.34,9.6,0.9364,0.9374,57,0,1255
1789630139.797,7.34,27.3,0.9332,0.9322,58,37,1255
1789630140.799,7.34,13.2,0.9332,0.9342,57,0,1255
1789630141.801,7.34,27.2,0.9232,0.9222,57,0,1255
1789630142.803,6.83,17.3,0.9361,0.9361,57,0,1255
1789630143.806,6.83,31.2,0.9247,0.9251,57,0,1255
1789630144.808,6.83,30.7,0.9269,0.9265,57,0,1255
1789630145.811,6.83,14.2,0.9298,0.9308,57,0,1255
1789630146.813,6.83,17.0,0.9296,0.9292,59,48,1255
1789630147.815,6.52,26.9,0.9247,0.9251,58,0,1255
1789630148.817,6.52,27.9,0.933,0.9323,58,26,1255
1789630149.819,6.52,27.1,0.9205,0.9213,59,36,1255
1789630150.82,6.52,10.3,0.9354,0.9354,57,0,1255
1789630151.823,6.52,27.4,0.924,0.923,57,0,1255
1789630152.826,7.28,31.9,0.9159,0.9169,57,0,1255
1789630153.828,7.28,39.0,0.9091,0.9081,58,24,1255
1789630154.83,7.28,30.9,0.9163,0.9163,57,0,1255
1789630155.832,7.28,26.9,0.9211,0.9221,58,22,1255
1789630156.835,7.28,32.8,0.9138,0.9128,57,0,1255
1789630157.837,7.26,39.9,0.9081,0.9081,58,23,1255
1789630158.84,7.26,31.8,0.9146,0.9156,57,0,1255
1789630159.842,7.26,38.0,0.9229,0.9229,58,22,1255
1789630160.844,7.26,33.1,0.9219,0.9219,57,0,1255
1789630161.846,7.26,37.9,0.9201,0.9195,58,15,1255
1789630162.849,7.88,35.5,0.9285,0.9281,57,0,1255
1789630163.851,7.88,37.3,0.921,0.921,58,9,1255
1789630164.854,7.88,21.8,0.9269,0.9269,57,0,1255
1789630165.855,7.88,35.4,0.9103,0.9103,58,7,1255
1789630166.858,7.88,27.6,0.9179,0.9179,57,0,1255
1789630167.86,7.49,10.1,0.9364,0.9364,57,0,1255
1789630168.861,7.49,11.9,0.9335,0.9345,57,0,1255
1789630169.863,7.49,11.9,0.93,0.929,57,0,685
1789630170.865,7.49,14.0,0.9223,0.9233,57,0,685
1789630171.868,7.49,21.0,0.916,0.915,57,0,2613
1789630172.871,8.41,44.2,0.9071,0.9071,66,85,2863
1789630173.873,8.41,15.0,0.9294,0.9303,61,0,2863
1789630174.875,8.41,40.4,0.9119,0.9117,59,5,2863
1789630175.877,8.41,17.2,0.9272,0.9275,69,89,2863
1789630176.881,8.41,25.8,0.9257,0.9257,60,0,2863
1789630177.884,8.14,43.4,0.911,0.91,69,89,2863
1789630178.886,8.14,29.2,0.9193,0.9203,63,0,2863
1789630179.888,8.14,36.8,0.912,0.911,69,88,2863
1789630180.89,8.14,20.5,0.9253,0.9253,64,23,2863
1789630181.892,8.14,38.4,0.9101,0.9111,70,88,2863
1789630182.894,7.72,11.2,0.9352,0.9352,67,49,2863
1789630183.896,7.72,10.1,0.9382,0.9372,60,0,2863
1789630184.899,7.72,36.7,0.9137,0.9147,59,0,2863
1789630185.901,7.72,19.9,0.9252,0.9252,70,86,2863
1789630186.903,7.72,38.2,0.9158,0.9148,61,0,2863
1789630187.906,7.67,18.7,0.928,0.929,70,88,2863
1789630188.908,7.67,40.5,0.9118,0.9108,70,72,2863
1789630189.91,7.67,32.4,0.9161,0.9171,71,87,2863
1789630190.912,7.67,38.5,0.9161,0.9151,69,85,2863
1789630191.915,7.67,15.6,0.9349,0.9359,71,60,2863
1789630192.917,8.17,40.5,0.9258,0.9248,72,69,2863
1789630193.919,8.17,29.7,0.92,0.92,71,87,2863
1789630194.922,8.17,40.9,0.9109,0.9109,62,0,2863
1789630195.924,8.17,28.4,0.9253,0.9263,71,75,2863
1789630196.926,8.17,28.7,0.921,0.92,62,0,2863
1789630197.928,8.88,33.4,0.9172,0.9172,71,86,2863
1789630198.93,8.88,23.9,0.9296,0.9306,64,0,2863
1789630199.933,8.88,39.3,0.9111,0.9111,71,88,2863
1789630200.936,8.88,19.7,0.9293,0.9283,72,0,2863
1789630201.938,8.88,41.0,0.9035,0.9035,70,87,2863
1789630202.941,9.29,31.6,0.9147,0.9157,73,8,2863
1789630203.943,9.29,42.8,0.9148,0.9148,70,88,2863
1789630204.946,9.29,29.7,0.9315,0.9305,65,0,2863
1789630205.95,9.29,43.7,0.9097,0.9107,71,88,2863
1789630206.953,9.29,27.6,0.9225,0.9219,66,0,2863
1789630207.955,9.03,40.7,0.9129,0.9125,72,89,2863
1789630208.957,9.03,31.3,0.9279,0.9279,64,0,2863
1789630209.959,9.03,29.5,0.9152,0.9152,73,86,2863
1789630210.962,9.03,26.9,0.9255,0.9265,64,0,2863
1789630211.964,9.03,27.0,0.9262,0.9252,73,86,2863
1789630212.966,8.46,29.8,0.9311,0.9311,64,0,2863
1789630213.968,8.46,39.5,0.9189,0.9189,73,86,2863
1789630214.971,8.46,31.7,0.9238,0.9238,64,0,2863
1789630215.973,8.46,24.7,0.9223,0.9233,73,87,2863
1789630216.975,8.46,18.2,0.9284,0.928,64,0,2863
1789630217.977,8.03,30.0,0.9236,0.923,70,89,2863
1789630218.979,8.03,27.4,0.931,0.932,65,0,2863
1789630219.982,8.03,37.5,0.9199,0.9196,72,87,2863
1789630220.984,8.03,34.0,0.9198,0.9201,64,0,2863
1789630221.987,8.03,23.0,0.9277,0.9267,73,88,2863
1789630222.989,7.46,33.3,0.9185,0.9189,64,0,2863
1789630223.992,7.46,39.4,0.909,0.9096,73,87,2863
1789630224.994,7.46,31.4,0.9199,0.9189,64,0,2863
1789630225.996,7.46,18.4,0.9303,0.9313,74,87,2863
1789630226.999,7.46,38.7,0.9187,0.9177,64,34,2863
1789630228.001,8.07,31.2,0.9315,0.9315,73,79,2863
1789630229.003,8.07,40.6,0.9191,0.9201,63,91,2863
1789630230.005,8.07,30.6,0.9212,0.9202,73,88,2863
1789630231.008,8.07,41.0,0.911,0.912,64,65,2863
1789630232.009,8.07,17.8,0.9295,0.9285,73,89,2863
1789630233.011,7.66,22.7,0.9322,0.9332,64,0,2863
1789630234.013,7.66,43.9,0.9093,0.9093,72,88,2863
1789630235.016,7.66,26.9,0.9224,0.9224,65,0,2863
1789630236.018,7.66,26.9,0.9252,0.9242,73,87,2863
1789630237.021,7.66,29.6,0.9208,0.9218,65,0,2863
1789630238.023,8.25,45.2,0.9264,0.9254,73,87,2863
1789630239.027,8.25,11.2,0.9319,0.9329,65,0,2863
1789630240.03,8.25,41.9,0.9164,0.9164,63,54,2863
1789630241.032,8.25,15.4,0.9364,0.9364,73,88,2863
1789630242.035,8.25,41.3,0.9211,0.9208,64,88,2863
1789630243.037,7.83,18.1,0.9273,0.9275,74,0,2863
1789630244.039,7.83,31.5,0.93,0.929,72,88,2863
1789630245.041,7.83,8.8,0.9369,0.9369,66,0,2863
1789630246.043,7.83,26.3,0.9269,0.9279,63,0,2863
1789630247.045,7.83,37.0,0.9241,0.9241,72,86,2863
1789630248.05,7.28,32.8,0.9149,0.9149,64,0,2863
1789630249.052,7.28,42.5,0.929,0.9284,73,89,2863
1789630250.055,7.28,28.3,0.9276,0.9282,65,0,2863
1789630251.058,7.28,42.5,0.9241,0.9231,74,86,2863
1789630252.061,7.28,28.5,0.9217,0.9227,68,0,2863
1789630253.063,7.50,26.0,0.9317,0.9317,73,88,2863
1789630254.065,7.50,28.8,0.9321,0.9321,65,0,2863
1789630255.067,7.50,29.8,0.9261,0.9251,74,86,2863
1789630256.069,7.50,28.5,0.9262,0.9272,66,0,2863
1789630257.071,7.50,33.6,0.9194,0.9194,73,86,2863
1789630258.073,7.14,37.6,0.92,0.919,64,40,2863
1789630259.075,7.14,25.0,0.9253,0.9253,74,88,2863
1789630260.077,7.14,31.7,0.9191,0.9191,65,0,2863
1789630261.079,7.14,28.7,0.9171,0.9171,74,88,2863
1789630262.082,7.14,29.1,0.9261,0.9271,66,0,2863
1789630263.084,8.09,19.8,0.9272,0.9273,73,86,2863
1789630264.086,8.09,37.7,0.923,0.923,64,47,2863
1789630265.088,8.09,17.7,0.9278,0.9268,74,74,2863
1789630266.09,8.09,41.3,0.9151,0.9151,64,90,2863
1789630267.093,8.09,18.3,0.9269,0.9278,74,39,2863
1789630268.095,8.80,39.3,0.9137,0.9137,64,88,2863
1789630269.097,8.80,16.8,0.9271,0.9261,74,89,2863
1789630270.1,8.80,40.4,0.9198,0.9198,65,69,2863
1789630271.102,8.80,16.3,0.9334,0.9334,74,75,2863
1789630272.104,8.80,38.1,0.9178,0.9188,64,39,2863
1789630273.106,9.30,17.5,0.9284,0.9284,74,89,2863
1789630274.108,9.30,27.4,0.921,0.921,64,0,2863
1789630275.11,9.30,38.8,0.908,0.908,73,86,2863
1789630276.112,9.30,18.4,0.9313,0.9313,64,0,2863
1789630277.115,9.30,39.6,0.9208,0.9208,74,88,2863
1789630278.118,9.76,16.7,0.9295,0.9295,67,88,2863
1789630279.12,9.76,40.8,0.9191,0.9191,74,91,2863
1789630280.121,9.76,13.8,0.9294,0.9294,66,75,2863
1789630281.123,9.76,41.4,0.9142,0.9132,73,81,2863
1789630282.125,9.76,23.3,0.9252,0.9252,65,5,2863
1789630283.127,9.13,10.6,0.9323,0.9333,64,0,2863
1789630284.129,9.13,11.3,0.9343,0.9333,63,0,2863
1789630285.132,9.13,13.3,0.8938,0.8948,62,0,685
1789630286.134,9.13,13.5,0.9258,0.9268,62,3,685
1789630287.137,9.13,40.1,0.8888,0.8878,62,36,1907
1789630288.139,8.72,30.5,0.908,0.908,72,81,1911
1789630289.141,8.72,11.2,0.9333,0.9323,63,0,1911
1789630290.144,8.72,37.1,0.9155,0.9165,71,52,1911
1789630291.147,8.72,26.7,0.91,0.91,64,0,1911
1789630292.149,8.72,20.6,0.9273,0.9273,73,82,1911
1789630293.151,8.18,9.8,0.9253,0.9243,63,0,1911
1789630294.153,8.18,36.9,0.9181,0.9181,71,54,1911
1789630295.155,8.18,22.5,0.9286,0.9288,64,0,1911
1789630296.157,8.18,25.0,0.921,0.921,73,83,1911
1789630297.159,8.18,37.6,0.9142,0.9142,71,81,1911
1789630298.162,7.77,9.6,0.9331,0.9339,65,0,1911
1789630299.164,7.77,21.7,0.9287,0.9287,63,0,1911
1789630300.168,7.77,24.3,0.9251,0.9251,73,83,1911
1789630301.17,7.77,33.6,0.9178,0.9178,73,83,1911
1789630302.172,7.77,27.1,0.9259,0.9249,64,0,1911
1789630303.175,7.63,23.6,0.9218,0.9228,73,81,1911
1789630304.177,7.63,33.1,0.9197,0.9197,73,83,1911
1789630305.179,7.63,9.1,0.9342,0.9342,64,0,1911
1789630306.182,7.63,14.7,0.9332,0.9322,63,0,1911
1789630307.184,7.63,31.5,0.9222,0.9232,71,81,1911
1789630308.186,7.18,8.5,0.9351,0.9351,64,0,1911
1789630309.188,7.18,8.5,0.9377,0.9373,63,0,1911
1789630310.19,7.18,8.5,0.9348,0.9342,62,0,1911
1789630311.192,7.18,8.8,0.9323,0.9333,61,0,1911
1789630312.194,7.18,9.2,0.9332,0.9332,61,0,1911
1789630313.196,7.00,9.1,0.9341,0.9341,61,0,1911
1789630314.198,7.00,9.7,0.9342,0.9342,61,0,1911
1789630315.2,7.00,8.7,0.9354,0.9344,61,0,1911
1789630316.202,7.00,24.3,0.9321,0.9331,61,0,1911
1789630317.204,7.00,23.0,0.9294,0.9284,71,83,1911
1789630318.206,6.52,36.5,0.9301,0.9303,69,52,1911
1789630319.208,6.52,22.5,0.929,0.9287,65,0,1911
1789630320.21,6.52,24.2,0.9283,0.9283,72,83,1911
1789630321.212,6.52,36.4,0.9299,0.9309,71,84,1911
1789630322.215,6.52,24.3,0.9292,0.9282,64,0,1911
1789630323.217,7.28,20.5,0.9294,0.9294,72,82,1911
1789630324.219,7.28,36.7,0.9112,0.9122,71,83,1911
1789630325.221,7.28,9.1,0.935,0.9342,64,0,1911
1789630326.223,7.28,25.5,0.9263,0.9261,63,0,1911
1789630327.225,7.28,20.8,0.9253,0.9263,72,82,1911
1789630328.227,7.02,36.8,0.9114,0.9114,70,86,1911
1789630329.229,7.02,25.3,0.9281,0.9281,64,0,1911
1789630330.231,7.02,21.2,0.9324,0.9324,72,82,1911
1789630331.233,7.02,31.6,0.9249,0.9239,71,83,1911
1789630332.235,7.02,9.0,0.9332,0.9336,64,0,1911
1789630333.238,6.86,22.9,0.9311,0.9307,63,0,1911
1789630334.241,6.86,37.4,0.9246,0.9246,72,82,1911
1789630335.243,6.86,36.3,0.925,0.925,69,81,1911
1789630336.246,6.86,24.5,0.9219,0.9229,64,0,1911
1789630337.248,6.86,21.9,0.9221,0.9211,73,82,1911
1789630338.251,6.63,36.1,0.9113,0.9123,70,42,1911
1789630339.254,6.63,24.0,0.927,0.9278,65,0,1911
1789630340.256,6.63,23.3,0.9261,0.9244,72,83,1911
1789630341.258,6.63,36.6,0.9219,0.9219,70,39,1911
1789630342.26,6.63,22.1,0.9252,0.9256,65,0,1911
1789630343.263,6.42,24.1,0.928,0.9286,72,81,1911
1789630344.265,6.42,9.2,0.9341,0.9341,63,0,1911
1789630345.267,6.42,9.3,0.9353,0.9343,63,0,1911
1789630346.269,6.42,9.4,0.9353,0.9363,61,0,1911
1789630347.271,6.42,31.9,0.9249,0.9239,61,0,1911
1789630348.273,6.54,21.3,0.9233,0.9243,71,67,1911
1789630349.275,6.54,31.8,0.917,0.917,72,84,1911
1789630350.277,6.54,19.0,0.9299,0.9309,63,0,1911
1789630351.279,6.54,27.3,0.9211,0.9195,71,81,1911
1789630352.281,6.54,9.3,0.9342,0.9348,63,0,1911
1789630353.285,6.10,25.9,0.9239,0.9239,62,0,1911
1789630354.287,6.10,19.7,0.9265,0.9261,72,83,1911
1789630355.289,6.10,34.8,0.9199,0.9193,63,8,1911
1789630356.292,6.10,21.8,0.9284,0.9294,66,15,1911
1789630357.294,6.10,26.9,0.9222,0.9212,72,81,1911
1789630358.296,6.01,36.6,0.916,0.916,69,39,1911
1789630359.298,6.01,24.9,0.9283,0.9283,65,0,1911
1789630360.3,6.01,23.1,0.9273,0.9273,73,83,1911
1789630361.302,6.01,37.0,0.9201,0.9201,70,70,1911
1789630362.304,6.01,9.3,0.9412,0.9422,65,0,1911
1789630363.306,6.01,9.3,0.9382,0.9372,63,0,1911
1789630364.308,6.01,9.3,0.9352,0.9362,62,0,1911
1789630365.31,6.01,8.9,0.9358,0.9351,61,0,1911
1789630366.312,6.01,9.2,0.9363,0.9361,61,0,1911
1789630367.314,6.01,9.4,0.9343,0.9353,61,0,1911
1789630368.316,5.77,8.9,0.9362,0.9362,61,0,1911
1789630369.318,5.77,9.1,0.9404,0.9404,60,0,1911
1789630370.32,5.77,8.9,0.9403,0.9393,60,0,1911
1789630371.323,5.77,10.2,0.9349,0.9352,60,0,1911
1789630372.325,5.55,35.7,0.9211,0.9219,64,77,1911
1789630373.327,5.55,8.9,0.9354,0.9354,63,0,1911
1789630374.329,5.55,8.8,0.9375,0.9365,61,0,1911
1789630375.33,5.55,9.5,0.9354,0.9364,60,0,1911
1789630376.333,5.55,25.3,0.9275,0.9275,60,0,1911
1789630377.335,5.50,21.9,0.9281,0.9281,70,82,1911
1789630378.338,5.50,36.9,0.9219,0.9216,68,83,1911
1789630379.339,5.50,9.4,0.9353,0.9345,64,0,1911
1789630380.342,5.50,8.9,0.9361,0.9361,62,0,1911
1789630381.343,5.50,9.1,0.9353,0.9353,60,0,1911
1789630382.345,5.22,9.0,0.9373,0.9373,60,0,1911
1789630383.347,5.22,9.0,0.9351,0.9361,60,0,1911
1789630384.349,5.22,37.9,0.9211,0.9201,60,84,1911
1789630385.351,5.22,9.2,0.9333,0.9343,64,0,1911
1789630386.355,5.22,20.4,0.9335,0.9335,61,0,1911
1789630387.357,4.88,25.1,0.9263,0.9263,69,83,1911
1789630388.359,4.88,8.9,0.9364,0.9354,62,0,1911
1789630389.362,4.88,35.2,0.9211,0.9214,61,50,1911
1789630390.364,4.88,16.4,0.9333,0.9341,71,0,1911
1789630391.367,4.88,31.6,0.9236,0.9226,69,82,1911
1789630392.369,5.05,23.3,0.9315,0.9325,63,0,1911
1789630393.371,5.05,22.7,0.9322,0.9312,71,84,1911
1789630394.373,5.05,8.1,0.9362,0.9362,62,0,1911
1789630395.375,5.05,8.3,0.9351,0.9361,61,0,1911
1789630396.377,5.05,37.3,0.9252,0.9242,60,84,1911
1789630397.38,4.97,17.6,0.9348,0.9348,64,0,1911
1789630398.382,4.97,28.9,0.9282,0.9282,70,81,1911
1789630399.384,4.97,14.3,0.9327,0.9337,63,0,1911
1789630400.387,4.97,32.5,0.9251,0.9251,68,83,1911
1789630401.389,4.97,31.2,0.9238,0.9238,63,0,1911
1789630402.391,4.89,16.3,0.9352,0.9342,71,51,1911
1789630403.393,4.89,9.8,0.936,0.936,62,0,1911
1789630404.395,4.89,37.1,0.928,0.928,61,86,1911
1789630405.397,4.89,9.2,0.9342,0.9352,66,0,1911
1789630406.399,4.89,23.9,0.9332,0.9332,62,0,1911
1789630407.401,4.66,21.5,0.9283,0.9273,70,82,1911
1789630408.403,4.66,36.6,0.9211,0.9211,62,83,1911
1789630409.407,4.66,17.4,0.9331,0.9341,65,0,1911
1789630410.409,4.66,28.8,0.9242,0.9242,70,81,1911
1789630411.411,4.66,9.4,0.9349,0.9349,63,0,1911
1789630412.413,4.61,9.8,0.9358,0.9358,62,0,1911
1789630413.416,4.61,27.5,0.9217,0.9217,60,0,1911
1789630414.417,4.61,20.6,0.9305,0.9295,70,83,1911
1789630415.42,4.61,9.2,0.9351,0.9351,62,0,1911
1789630416.421,4.61,9.4,0.9363,0.9363,61,0,1911
1789630417.424,4.48,29.6,0.9261,0.9267,60,0,1911
1789630418.426,4.48,17.2,0.9279,0.9273,70,83,1911
1789630419.428,4.48,8.9,0.936,0.936,62,0,1911
1789630420.43,4.48,8.2,0.9362,0.9366,61,0,1911
1789630421.432,4.48,16.7,0.9304,0.931,60,0,1911
1789630422.434,4.28,29.3,0.924,0.9232,64,82,1911
1789630423.436,4.28,9.7,0.9382,0.938,62,0,1911
1789630424.438,4.28,9.7,0.9373,0.9373,61,0,1911
1789630425.44,4.28,9.4,0.9363,0.9363,60,0,1911
1789630426.442,4.28,9.3,0.9393,0.9403,60,0,1911
1789630427.444,4.26,9.4,0.9372,0.9362,59,0,1911
1789630428.445,4.26,9.5,0.9374,0.9374,59,0,1911
1789630429.447,4.26,19.7,0.9372,0.9382,59,0,1911
1789630430.449,4.26,27.9,0.9263,0.9257,64,82,1911
1789630431.451,4.26,8.5,0.9368,0.9367,62,0,1911
1789630432.453,4.16,10.3,0.9366,0.9373,60,0,1911
1789630433.455,4.16,10.8,0.9373,0.9363,59,0,1911
1789630434.457,4.16,9.8,0.9354,0.9364,59,0,1911
1789630435.46,4.16,9.2,0.9366,0.9356,59,0,1911
1789630436.461,4.16,9.6,0.9374,0.9374,59,0,1911
1789630437.463,4.14,10.2,0.9363,0.9373,59,0,1911
1789630438.465,4.14,10.0,0.9364,0.9364,59,0,1911
1789630439.467,4.14,9.8,0.9373,0.9363,59,0,1911
1789630440.469,4.14,9.8,0.9363,0.9363,58,0,1911
1789630441.471,4.14,9.3,0.9352,0.9362,58,0,1911
1789630442.473,3.89,9.4,0.9363,0.9363,58,0,1911
1789630443.475,3.89,9.8,0.9372,0.9372,58,0,1911
1789630444.477,3.89,9.5,0.9364,0.9354,58,0,1911
1789630445.478,3.89,9.1,0.9353,0.9353,58,0,1911
1789630446.491,3.89,9.1,0.9352,0.9362,58,0,1911
1789630447.493,3.74,9.2,0.9361,0.9351,58,0,1911
1789630448.495,3.74,9.7,0.9361,0.9371,58,0,1911
1789630449.497,3.74,9.2,0.9351,0.9341,58,0,1911
1789630450.499,3.74,9.5,0.9344,0.9354,58,0,1911
1789630451.501,3.74,9.5,0.9354,0.9354,58,0,1911
1789630452.503,3.52,9.6,0.9382,0.9372,58,0,1911
1789630453.505,3.52,9.5,0.9361,0.9363,58,0,1911
1789630454.507,3.52,18.2,0.9323,0.9336,57,0,1911
1789630455.509,3.52,28.7,0.9219,0.9203,62,82,1911
1789630456.511,3.52,21.1,0.933,0.933,60,0,1911
1789630457.513,3.56,24.7,0.9273,0.9273,68,83,1911
1789630458.515,3.56,9.7,0.9333,0.9333,60,0,1911
1789630459.517,3.56,9.5,0.9333,0.9343,59,0,1911
1789630460.519,3.56,35.7,0.9228,0.9228,58,68,1911
1789630461.522,3.56,14.7,0.9282,0.9278,69,0,1911
1789630462.524,3.51,32.4,0.9147,0.9151,66,82,1911
1789630463.526,3.51,25.6,0.9247,0.9247,62,0,1911
1789630464.529,3.51,20.1,0.9289,0.9289,69,83,1911
1789630465.531,3.51,36.8,0.9172,0.9162,60,83,1911
1789630466.533,3.51,10.5,0.9343,0.9343,63,0,1911
1789630467.535,3.39,12.3,0.9341,0.9351,60,0,1911
1789630468.537,3.39,35.7,0.917,0.917,59,83,1911
1789630469.539,3.39,25.2,0.9279,0.9279,63,0,1911
1789630470.541,3.39,20.7,0.9302,0.9292,69,83,1911
1789630471.544,3.39,29.6,0.9289,0.9299,61,0,1911
1789630472.546,3.44,15.4,0.9321,0.9311,70,38,1911
1789630473.548,3.44,21.2,0.9282,0.9288,60,0,1911
1789630474.55,3.44,23.3,0.9238,0.9232,68,83,1911
1789630475.553,3.44,8.0,0.9368,0.9368,61,0,1911
1789630476.555,3.44,25.3,0.9309,0.9319,60,0,1911
1789630477.557,3.24,20.9,0.9247,0.9239,68,83,1911
1789630478.56,3.24,32.9,0.9211,0.9219,61,28,1911
1789630479.563,3.24,15.9,0.9269,0.9259,70,8,1911
1789630480.565,3.24,35.6,0.9161,0.9171,61,79,1911
1789630481.567,3.24,9.6,0.9363,0.9353,64,0,1911
1789630482.569,3.30,9.5,0.9352,0.9356,60,0,1911
1789630483.572,3.30,38.6,0.8578,0.8574,59,83,1911
1789630484.574,3.30,9.6,0.9351,0.9361,70,0,1911
1789630485.577,3.30,12.5,0.9383,0.9383,60,0,1911
1789630486.579,3.30,34.7,0.9227,0.9227,59,83,1911
1789630487.582,4.24,19.3,0.9284,0.9284,64,0,1911
1789630488.584,4.24,26.2,0.9251,0.9241,68,80,1911
1789630489.586,4.24,32.1,0.923,0.923,62,1,1911
1789630490.589,4.24,12.9,0.933,0.933,70,23,1911
1789630491.591,4.24,12.4,0.9356,0.936,61,0,1911
1789630492.594,4.54,33.8,0.9278,0.9275,60,84,1911
1789630493.596,4.54,28.0,0.9309,0.9309,64,0,1911
1789630494.598,4.54,18.1,0.9312,0.9322,70,83,1911
1789630495.601,4.54,25.4,0.9297,0.9287,61,0,1911
1789630496.603,4.54,21.5,0.9301,0.9301,70,83,1911
1789630497.605,4.42,24.0,0.9378,0.9378,62,0,1911
1789630498.607,4.42,22.4,0.9279,0.9289,70,83,1911
1789630499.609,4.42,8.1,0.9372,0.9362,62,0,1911
1789630500.611,4.42,37.1,0.9253,0.9263,61,79,1911
1789630501.614,4.42,9.8,0.9348,0.9348,71,0,1911
1789630502.617,5.11,31.7,0.9231,0.9221,61,0,1911
1789630503.619,5.11,16.1,0.9321,0.9331,63,59,1911
1789630504.621,5.11,11.3,0.9361,0.9351,61,0,1911
1789630505.624,5.11,36.5,0.9226,0.9236,69,68,1911
1789630506.626,5.11,10.2,0.9362,0.9352,62,0,1911
1789630507.628,5.02,10.1,0.9371,0.9371,61,0,1911
1789630508.63,5.02,10.1,0.9375,0.9385,60,0,1911
1789630509.631,5.02,10.6,0.9374,0.9374,60,0,1911
1789630510.634,5.02,23.3,0.9259,0.9255,59,0,1911
1789630511.636,5.02,24.5,0.9255,0.9249,70,82,1911
1789630512.639,5.26,32.6,0.9215,0.9225,68,0,1911
1789630513.641,5.26,14.0,0.9322,0.9312,63,56,1911
1789630514.644,5.26,26.0,0.9238,0.9247,61,0,1911
1789630515.646,5.26,21.9,0.9292,0.9292,70,82,1911
1789630516.648,5.26,10.8,0.9362,0.9356,61,0,1911
1789630517.65,5.16,10.6,0.9362,0.9358,60,0,1911
1789630518.652,5.16,10.3,0.9351,0.9351,60,0,1911
1789630519.654,5.16,37.6,0.9191,0.9201,68,83,1911
1789630520.656,5.16,9.8,0.9352,0.9352,62,0,1911
1789630521.659,5.16,24.0,0.9301,0.9301,61,0,1911
1789630522.661,4.98,22.9,0.9301,0.9291,70,83,1911
1789630523.663,4.98,10.3,0.9362,0.9362,61,0,1911
1789630524.665,4.98,10.6,0.9363,0.9373,60,0,1911
1789630525.667,4.98,35.8,0.9288,0.9288,64,81,1911
1789630526.67,4.98,9.5,0.934,0.933,63,0,1911
1789630527.672,4.90,8.8,0.9381,0.9391,61,0,1911
1789630528.674,4.90,15.6,0.9352,0.9342,59,0,1911
1789630529.676,4.90,30.1,0.9182,0.9182,69,82,1911
1789630530.678,4.90,32.7,0.9242,0.9252,61,28,1911
1789630531.681,4.90,18.3,0.9273,0.9273,64,0,1911
1789630532.683,4.99,32.2,0.9222,0.9212,70,82,1911
1789630533.685,4.99,9.0,0.936,0.936,62,0,1911
1789630534.688,4.99,23.1,0.9274,0.9274,61,0,1911
1789630535.69,4.99,23.7,0.9241,0.9251,70,80,1911
1789630536.692,4.99,9.0,0.9366,0.9362,61,0,1911
1789630537.694,4.91,25.4,0.9252,0.9256,61,0,1911
1789630538.697,4.91,21.0,0.9281,0.9271,71,84,1911
1789630539.699,4.91,33.5,0.9157,0.9167,64,33,1911
1789630540.702,4.91,17.6,0.9293,0.9283,64,0,1911
1789630541.704,4.91,30.8,0.9191,0.9195,71,81,1911
1789630542.707,5.00,26.1,0.9209,0.9215,62,0,1911
1789630543.709,5.00,20.7,0.9244,0.9244,71,83,1911
1789630544.712,5.00,35.8,0.917,0.917,70,82,1911
1789630545.714,5.00,9.4,0.9362,0.9352,62,0,1911
1789630546.716,5.00,9.1,0.9373,0.9373,61,0,1911
1789630547.718,6.04,30.8,0.9178,0.9178,60,0,1911
1789630548.72,6.04,15.1,0.9285,0.9285,67,47,1911
1789630549.721,6.04,8.0,0.9365,0.9375,61,0,1911
1789630550.723,6.04,8.0,0.9372,0.9362,60,0,1911
1789630551.725,6.04,8.3,0.9372,0.9382,60,0,1911
1789630552.728,6.92,19.6,0.933,0.933,59,0,1911
1789630553.73,6.92,25.5,0.9232,0.9232,69,81,1911
1789630554.731,6.92,8.5,0.9364,0.9354,61,0,1911
1789630555.734,6.92,30.4,0.9303,0.9312,61,0,1911
1789630556.736,6.92,15.0,0.9333,0.9333,69,53,1911
1789630557.738,6.68,36.6,0.915,0.915,68,82,1911
1789630558.74,6.68,8.9,0.9343,0.9341,62,0,1911
1789630559.742,6.68,35.9,0.9151,0.9153,69,83,1911
1789630560.744,6.68,9.0,0.9362,0.9352,62,0,1911
1789630561.747,6.68,28.8,0.9298,0.9308,61,0,1911
1789630562.749,6.39,17.0,0.9332,0.9322,71,74,1911
1789630563.751,6.39,9.1,0.9353,0.9353,61,0,1911
1789630564.753,6.39,35.0,0.9193,0.9193,62,35,1911
1789630565.755,6.39,11.6,0.9331,0.9341,64,6,1911
1789630566.757,6.39,9.1,0.937,0.937,61,0,1911
1789630567.759,6.04,9.0,0.9382,0.9372,60,0,1911
1789630568.761,6.04,8.9,0.9363,0.9373,59,0,1911
1789630569.763,6.04,8.6,0.9373,0.9363,59,0,1911
1789630570.765,6.04,9.2,0.9363,0.9363,59,0,1911
1789630571.766,6.04,9.1,0.9373,0.9381,59,0,1911
1789630572.768,5.63,8.9,0.9363,0.9366,59,0,1911
1789630573.77,5.63,8.9,0.9383,0.9383,59,0,1911
1789630574.772,5.63,8.9,0.9371,0.9371,59,0,1911
1789630575.774,5.63,9.0,0.9369,0.9359,58,0,1911
1789630576.777,5.63,9.2,0.9361,0.9371,58,0,1911
1789630577.778,5.34,8.8,0.9382,0.9372,58,0,1911
1789630578.78,5.34,9.2,0.9362,0.9362,58,0,1911
1789630579.782,5.34,9.3,0.9362,0.9362,58,0,1911
1789630580.784,5.34,9.5,0.9374,0.9374,58,0,1911
1789630581.786,5.34,9.0,0.9373,0.9383,58,0,1911
1789630582.788,5.15,9.2,0.9373,0.9373,58,0,1911
1789630583.79,5.15,9.4,0.9373,0.9373,58,0,1911
1789630584.792,5.15,9.2,0.9374,0.9374,58,0,1911
1789630585.794,5.15,9.2,0.9372,0.9362,58,0,1911
1789630586.796,5.15,9.0,0.9362,0.9362,58,0,1911
1789630587.798,5.06,9.2,0.9342,0.9352,58,0,1911
1789630588.8,5.06,8.7,0.9353,0.9343,57,0,1911
1789630589.802,5.06,9.3,0.9352,0.9352,57,0,1911
1789630590.804,5.06,8.9,0.9341,0.9341,57,0,1911
1789630591.807,5.06,9.3,0.9352,0.9352,57,0,1911
1789630592.809,4.98,8.9,0.9357,0.9357,57,0,1911
1789630593.811,4.98,8.9,0.936,0.937,57,0,1911
1789630594.814,4.98,8.8,0.9358,0.9348,57,0,1911
1789630595.816,4.98,8.9,0.9372,0.9372,57,0,1911
1789630596.818,4.98,36.8,0.9181,0.9181,61,76,1911
1789630597.82,4.74,8.8,0.9332,0.9332,60,0,1911
1789630598.824,4.74,31.6,0.9155,0.9165,59,0,1911
1789630599.826,4.74,15.8,0.932,0.932,69,67,1911
1789630600.828,4.74,10.7,0.9361,0.9351,59,0,1911
1789630601.83,4.74,10.6,0.9341,0.935,58,0,1911
1789630602.832,4.44,10.9,0.936,0.935,57,0,1911
1789630603.834,4.44,10.7,0.9352,0.9362,57,0,1911
1789630604.836,4.44,10.7,0.9364,0.9354,57,0,1911
1789630605.838,4.44,9.7,0.9354,0.936,57,0,1911
1789630606.84,4.44,10.4,0.9358,0.9362,57,0,1911
1789630607.842,4.72,37.4,0.9213,0.9203,61,84,1911
1789630608.844,4.72,11.6,0.9338,0.9341,61,0,1911
1789630609.846,4.72,10.3,0.9357,0.9355,59,0,1911
1789630610.848,4.72,12.5,0.933,0.933,57,0,1911
1789630611.851,4.72,13.6,0.9306,0.9308,57,0,693
1789630612.853,4.59,14.7,0.9285,0.9282,57,5,685
1789630613.856,4.59,28.0,0.902,0.903,57,52,2613
1789630614.86,4.59,39.9,0.9082,0.908,65,87,2863
1789630615.863,4.59,27.5,0.9315,0.9308,61,0,2863
1789630616.865,4.59,33.4,0.919,0.919,68,88,2863
1789630617.867,4.54,21.7,0.9261,0.9261,60,0,2863
1789630618.87,4.54,40.9,0.899,0.899,69,87,2863
1789630619.873,4.54,17.9,0.9299,0.9309,60,0,2863
1789630620.876,4.54,39.5,0.9258,0.9248,68,88,2863
1789630621.878,4.54,12.6,0.9198,0.9208,64,0,2863
1789630622.882,5.54,41.0,0.9227,0.9223,68,88,2863
1789630623.885,5.54,30.4,0.9246,0.9248,64,0,2863
1789630624.89,5.54,38.8,0.9161,0.9163,69,88,2863
1789630625.892,5.54,15.9,0.9241,0.9241,70,37,2863
1789630626.894,5.54,41.7,0.9207,0.9207,68,87,2863
1789630627.896,5.49,20.3,0.9182,0.9182,70,88,2863
1789630628.899,5.49,37.5,0.924,0.923,61,72,2863
1789630629.901,5.49,10.2,0.9291,0.9301,72,0,2863
1789630630.903,5.49,39.2,0.9181,0.9171,61,91,2863
1789630631.905,5.49,23.7,0.9168,0.9168,71,88,2863
1789630632.908,6.41,33.6,0.9225,0.9225,61,8,2863
1789630633.91,6.41,28.2,0.923,0.924,71,87,2863
1789630634.912,6.41,27.3,0.925,0.924,62,0,2863
1789630635.914,6.41,30.8,0.9233,0.9237,71,87,2863
1789630636.917,6.41,25.4,0.9261,0.9257,63,0,2863
1789630637.919,6.14,23.0,0.9231,0.9231,71,87,2863
1789630638.922,6.14,30.3,0.925,0.927,62,0,2863
1789630639.924,6.14,17.7,0.9293,0.9273,72,87,2863
1789630640.927,6.14,39.1,0.916,0.9163,62,82,2863
1789630641.929,6.14,17.2,0.9243,0.9241,72,87,2863
1789630642.931,7.01,36.0,0.9222,0.9222,62,41,2863
1789630643.933,7.01,21.9,0.9262,0.9262,72,88,2863
1789630644.935,7.01,20.2,0.936,0.937,62,0,2863
1789630645.939,7.01,39.5,0.9148,0.9148,70,88,2863
1789630646.941,7.01,13.0,0.9353,0.9343,72,6,2863
1789630647.943,6.69,40.9,0.9266,0.9272,62,89,2863
1789630648.945,6.69,31.7,0.9153,0.9157,73,43,2863
1789630649.947,6.69,35.7,0.9211,0.9201,71,87,2863
1789630650.95,6.69,22.8,0.9306,0.9316,66,0,2863
1789630651.952,6.69,28.2,0.9272,0.9272,72,88,2863
1789630652.954,6.55,15.5,0.9332,0.9342,64,0,2863
1789630653.956,6.55,40.4,0.9271,0.9261,71,89,2863
1789630654.959,6.55,17.2,0.9359,0.9349,71,87,2863
1789630655.962,6.55,39.9,0.9158,0.9161,63,76,2863
1789630656.973,6.55,22.9,0.927,0.9277,73,0,2863
1789630657.975,6.51,32.1,0.9167,0.9167,63,0,2863
1789630658.978,6.51,26.1,0.9202,0.9192,72,87,2863
1789630659.98,6.51,29.8,0.9199,0.9199,64,0,2863
1789630660.982,6.51,22.5,0.9304,0.931,73,86,2863
1789630661.984,6.51,35.4,0.9215,0.9209,63,0,2863
1789630662.987,7.19,38.6,0.9077,0.9087,73,88,2863
1789630663.989,7.19,29.3,0.9201,0.9191,64,0,2863
1789630664.991,7.19,29.5,0.921,0.922,73,86,2863
1789630665.993,7.19,9.0,0.9352,0.9352,64,0,2863
1789630666.996,7.19,26.1,0.9299,0.9289,63,0,2863
1789630667.998,6.77,24.0,0.9203,0.9203,72,88,2863
1789630669.001,6.77,33.3,0.9161,0.9171,64,46,2863
1789630670.003,6.77,40.7,0.9088,0.9078,72,88,2863
1789630671.006,6.77,14.7,0.9305,0.9315,64,0,2863
1789630672.009,6.77,39.8,0.9178,0.9178,70,87,2863
1789630673.011,6.47,31.6,0.9349,0.9339,73,0,2863
1789630674.013,6.47,39.5,0.918,0.918,71,88,2863
1789630675.015,6.47,18.2,0.9272,0.9272,73,63,2863
1789630676.017,6.47,33.6,0.9261,0.9265,64,48,2863
1789630677.019,6.47,14.4,0.9303,0.9309,74,5,2863
1789630678.021,6.75,40.9,0.9241,0.9232,64,89,2863
1789630679.023,6.75,33.7,0.921,0.9213,72,74,2863
1789630680.026,6.75,34.1,0.927,0.9277,64,49,2863
1789630681.028,6.75,27.9,0.9242,0.9232,73,88,2863
1789630682.03,6.75,27.1,0.9309,0.9312,65,0,2863
1789630683.032,6.61,28.8,0.9196,0.9194,73,87,2863
1789630684.034,6.61,27.9,0.9297,0.9305,65,0,2863
1789630685.036,6.61,28.2,0.9161,0.9163,73,88,2863
1789630686.039,6.61,28.8,0.9207,0.9207,65,0,2863
1789630687.041,6.61,25.6,0.9202,0.9192,73,87,2863
1789630688.044,6.56,17.6,0.9358,0.9368,64,0,2863
1789630689.046,6.56,40.3,0.9173,0.9163,72,87,2863
1789630690.049,6.56,17.8,0.9307,0.9327,73,0,2863
1789630691.051,6.56,32.6,0.9148,0.9135,71,88,2863
1789630692.053,6.56,9.5,0.9352,0.9344,66,0,2863
1789630693.055,6.52,23.4,0.923,0.923,63,0,2863
1789630694.058,6.52,34.1,0.918,0.918,72,87,2863
1789630695.06,6.52,8.6,0.9332,0.9332,66,0,2863
1789630696.062,6.52,38.4,0.9248,0.9258,63,89,2863
1789630697.064,6.52,16.8,0.9313,0.9303,73,49,2863
1789630698.067,7.36,37.5,0.9124,0.9134,64,83,2863
1789630699.069,7.36,24.7,0.9251,0.9241,74,89,2863
1789630700.071,7.36,29.1,0.9199,0.9209,65,0,2863
1789630701.073,7.36,34.1,0.9163,0.9163,73,87,2863
1789630702.076,7.36,35.1,0.9165,0.9165,64,44,2863
1789630703.078,7.33,23.9,0.9253,0.9253,74,89,2863
1789630704.08,7.33,27.7,0.9232,0.9222,64,0,2863
1789630705.084,7.33,43.4,0.9149,0.9159,74,86,2863
1789630706.087,7.33,13.5,0.9268,0.9268,64,0,2863
1789630707.089,7.33,39.1,0.9101,0.9091,73,88,2863
1789630708.091,7.86,32.8,0.9132,0.9142,67,88,2863
1789630709.094,7.86,36.1,0.915,0.9156,73,51,2863
1789630710.097,7.86,28.3,0.921,0.9196,65,9,2863
1789630711.099,7.86,38.3,0.9153,0.9158,73,88,2863
1789630712.102,7.86,18.3,0.9275,0.9277,65,0,2863
1789630713.104,7.71,39.6,0.9163,0.9163,74,88,2863
1789630714.107,7.71,17.6,0.9318,0.9308,65,0,2863
1789630715.109,7.71,40.2,0.922,0.923,74,88,2863
1789630716.111,7.71,15.6,0.9303,0.9303,66,70,2863
1789630717.113,7.71,41.4,0.9234,0.924,74,90,2863
1789630718.115,7.66,20.4,0.9288,0.9282,69,88,2863
1789630719.118,7.66,34.9,0.9198,0.9198,72,20,2863
1789630720.12,7.66,22.3,0.9253,0.9253,73,89,2863
1789630721.122,7.66,17.1,0.934,0.933,64,0,2863
1789630722.124,7.66,32.8,0.9215,0.9221,74,87,2863
1789630723.126,7.60,22.1,0.9267,0.9261,64,0,2863
1789630724.128,7.60,39.7,0.924,0.924,75,87,2863
1789630725.13,7.60,17.9,0.9332,0.9332,65,0,2863
1789630726.133,7.60,39.9,0.9169,0.9179,74,88,2863
1789630727.135,7.60,10.8,0.9319,0.9319,65,0,2863
1789630728.137,7.07,9.5,0.9341,0.9341,64,0,2863
1789630729.139,7.07,10.5,0.9332,0.9322,63,0,2863
1789630730.141,7.07,27.2,0.9234,0.9242,71,88,2863
1789630731.143,7.07,36.9,0.9148,0.9141,73,89,2865
1789630732.145,7.07,35.6,0.9249,0.9259,65,0,2865
1789630733.147,7.71,36.4,0.9251,0.9251,74,73,2865
1789630734.149,7.71,28.8,0.9204,0.9194,74,88,2865
1789630735.152,7.71,34.4,0.9167,0.9167,72,89,2865
1789630736.155,7.71,23.3,0.9214,0.9214,68,28,2865
1789630737.157,7.71,43.9,0.9198,0.9208,74,88,2865
1789630738.159,7.41,34.9,0.9311,0.9311,65,25,2865
1789630739.162,7.41,23.8,0.926,0.926,67,0,2865
1789630740.164,7.41,37.3,0.9123,0.9123,75,89,2865
1789630741.166,7.41,42.5,0.9192,0.9192,73,88,2865
1789630742.168,7.41,40.5,0.9109,0.9109,73,88,2865
1789630743.171,7.06,33.4,0.9162,0.9152,71,62,2865
1789630744.173,7.06,34.4,0.9231,0.9241,65,0,2865
1789630745.175,7.06,37.9,0.9114,0.9114,68,13,2865
1789630746.177,7.06,39.1,0.9192,0.9192,74,88,2865
1789630747.179,7.06,23.1,0.9282,0.9272,73,88,2865
1789630748.181,6.97,26.8,0.9252,0.9252,73,89,2865
1789630749.183,6.97,33.4,0.921,0.922,72,62,2865
1789630750.185,6.97,23.8,0.9302,0.9292,66,0,2865
1789630751.187,6.97,23.3,0.9233,0.9233,67,14,2865
1789630752.189,6.97,36.4,0.9123,0.9133,74,88,2865
1789630753.191,6.90,39.2,0.928,0.928,74,89,2865
1789630754.193,6.90,25.2,0.929,0.929,65,0,2865
1789630755.196,6.90,22.1,0.9241,0.9231,67,0,2865
1789630756.198,6.90,37.8,0.9102,0.9102,74,87,2865
1789630757.199,6.90,30.5,0.9233,0.9233,73,87,2865
1789630758.202,6.66,34.8,0.9209,0.9219,68,38,2865
1789630759.204,6.66,35.6,0.9196,0.9196,65,0,2865
1789630760.208,6.66,36.4,0.9099,0.9099,66,0,2865
1789630761.211,6.66,23.3,0.9311,0.9308,68,24,2865
1789630762.214,6.66,23.3,0.9249,0.9251,74,79,2865
1789630763.216,7.49,36.3,0.9135,0.9125,74,89,2865
1789630764.219,7.49,43.0,0.9151,0.9153,73,88,2865
1789630765.222,7.49,34.4,0.9148,0.9166,65,0,2865
1789630766.224,7.49,37.2,0.9113,0.9093,66,0,2865
1789630767.226,7.49,28.1,0.9213,0.9217,75,88,2865
1789630768.228,8.57,38.1,0.9108,0.9104,71,63,2865
1789630769.231,8.57,25.9,0.9201,0.9201,66,0,2865
1789630770.233,8.57,36.3,0.9091,0.9091,75,82,2865
1789630771.235,8.57,26.1,0.9243,0.9243,74,88,2865
1789630772.238,8.57,36.9,0.9221,0.9231,72,87,2865
1789630773.24,9.33,36.0,0.9198,0.9188,68,9,2865
1789630774.243,9.33,40.2,0.913,0.914,74,89,2865
1789630775.245,9.33,37.8,0.923,0.923,72,88,2865
1789630776.247,9.33,35.2,0.9249,0.9239,66,0,2865
1789630777.249,9.33,23.2,0.926,0.927,75,24,2865
1789630778.253,8.98,23.0,0.9317,0.9317,74,26,2865
1789630779.255,8.98,44.5,0.916,0.915,74,88,2865
1789630780.258,8.98,28.5,0.9227,0.9227,65,72,2865
1789630781.26,8.98,27.3,0.9276,0.9276,66,30,2865
1789630782.263,8.98,23.2,0.9267,0.9267,67,0,2865
1789630783.265,9.78,36.7,0.9281,0.9281,75,7,2865
1789630784.267,9.78,44.0,0.9272,0.9272,74,88,2865
1789630785.27,9.78,36.9,0.9149,0.9159,65,87,2865
1789630786.273,9.78,34.0,0.9165,0.9155,66,35,2865
1789630787.275,9.78,35.9,0.9172,0.9172,66,0,2865
1789630788.277,10.20,37.3,0.9189,0.9189,69,0,2865
1789630789.28,10.20,39.9,0.9239,0.9239,75,88,2865
1789630790.282,10.20,40.1,0.9131,0.9141,69,88,2865
1789630791.284,10.20,32.6,0.9229,0.9229,66,56,2865
1789630792.286,10.20,23.3,0.928,0.928,75,0,2865
1789630793.289,10.03,39.7,0.911,0.911,74,88,2865
1789630794.291,10.03,9.0,0.9352,0.9352,65,0,2865
1789630795.293,10.03,40.8,0.9175,0.9175,71,89,2865
1789630796.295,10.03,35.9,0.9282,0.9272,65,78,2865
1789630797.298,10.03,32.6,0.9209,0.9219,66,19,2865
1789630798.3,10.42,31.5,0.9151,0.9151,75,8,2865
1789630799.302,10.42,10.1,0.9352,0.9352,65,0,2865
1789630800.304,10.42,12.3,0.9344,0.9344,64,0,2865
1789630801.306,10.42,12.5,0.9301,0.9291,63,0,693
1789630802.308,10.42,13.0,0.9291,0.9298,63,6,759
1789630803.31,9.83,23.9,0.9272,0.9264,62,22,1253
1789630804.314,9.83,18.6,0.9255,0.9265,62,0,1253
1789630805.316,9.83,31.7,0.9191,0.9188,62,0,1253
1789630806.318,9.83,20.2,0.9238,0.9234,62,0,1255
1789630807.321,9.83,10.5,0.9308,0.9304,63,0,1255
1789630808.323,9.68,27.1,0.9173,0.9173,63,38,1255
1789630809.326,9.68,25.2,0.9211,0.9231,62,0,1255
1789630810.329,9.68,10.5,0.932,0.9306,62,0,1255
1789630811.331,9.68,26.0,0.9103,0.9097,61,0,1255
1789630812.333,9.68,13.5,0.9309,0.9319,61,0,1255
1789630813.335,10.27,27.4,0.9093,0.9083,63,0,1255
1789630814.338,10.27,27.9,0.9169,0.9179,62,0,1255
1789630815.34,10.27,27.2,0.9123,0.9113,62,0,1255
1789630816.342,10.27,9.4,0.9361,0.9371,61,0,1255
1789630817.344,10.27,26.8,0.9342,0.9342,61,0,1255
1789630818.346,10.65,25.8,0.9372,0.9362,61,0,1255
1789630819.348,10.65,26.1,0.9239,0.9249,62,0,1255
1789630820.351,10.65,28.8,0.932,0.9322,62,0,1255
1789630821.355,10.65,18.7,0.9298,0.9295,61,0,1255
1789630822.358,10.65,30.7,0.925,0.925,61,0,1255
1789630823.36,10.28,31.0,0.9119,0.9119,60,0,1255
1789630824.363,10.28,27.2,0.92,0.9198,60,8,1255
1789630825.365,10.28,27.5,0.9202,0.9204,60,39,1255
1789630826.367,10.28,26.2,0.9211,0.9201,60,18,1255
1789630827.369,10.28,14.7,0.9299,0.9309,60,46,1255
1789630828.371,9.85,12.9,0.9341,0.9331,60,36,1255
1789630829.373,9.85,14.5,0.9243,0.9253,60,32,1255
1789630830.375,9.85,27.6,0.9171,0.9161,60,19,1255
1789630831.377,9.85,26.5,0.9181,0.9191,60,4,1255
1789630832.379,9.85,29.6,0.9193,0.9193,60,10,1255
1789630833.381,9.30,27.2,0.9211,0.9201,61,38,1255
1789630834.383,9.30,27.9,0.9173,0.9183,61,30,1255
1789630835.385,9.30,27.3,0.9163,0.9153,60,0,1255
1789630836.387,9.30,26.4,0.9361,0.9361,59,17,1255
1789630837.389,9.30,10.4,0.9362,0.937,59,0,1255
1789630838.391,9.04,12.7,0.9352,0.9345,59,0,1255
1789630839.393,9.04,25.9,0.9272,0.9272,59,4,1255
1789630840.397,9.04,23.5,0.9219,0.9219,59,0,1255
1789630841.399,9.04,27.7,0.9201,0.9211,59,0,1255
1789630842.401,9.04,27.4,0.9231,0.9231,59,5,1255
1789630843.403,8.72,13.3,0.9321,0.9311,59,23,1255
1789630844.406,8.72,12.6,0.9294,0.9304,59,0,1255
1789630845.408,8.72,24.2,0.9189,0.9189,59,0,1255
1789630846.41,8.72,25.6,0.9212,0.9202,61,0,1255
1789630847.413,8.72,10.9,0.9323,0.9326,59,0,1255
1789630848.415,9.06,24.1,0.9272,0.9274,60,0,1255
1789630849.417,9.06,9.5,0.9362,0.9358,59,0,1255
1789630850.419,9.06,12.8,0.9311,0.9311,59,36,1255
1789630851.421,9.06,26.4,0.9211,0.9211,59,27,1255
1789630852.424,9.06,21.1,0.9276,0.9286,58,0,1255
1789630853.426,8.41,19.1,0.927,0.926,59,0,1255
1789630854.428,8.41,8.9,0.9344,0.9354,59,0,1255
1789630855.43,8.41,25.8,0.9231,0.9221,58,0,1255
1789630856.433,8.41,24.4,0.9275,0.9285,58,0,1255
1789630857.435,8.41,29.0,0.9236,0.9226,58,0,1255
1789630858.438,7.90,26.8,0.9226,0.9228,58,0,1255
1789630859.44,7.90,10.8,0.9351,0.9348,58,0,1255
1789630860.443,7.90,25.8,0.9284,0.9284,58,0,1255
1789630861.445,7.90,27.4,0.922,0.922,58,0,1255
1789630862.448,7.90,26.4,0.9208,0.9208,58,1,1255
1789630863.45,7.91,10.1,0.9353,0.9353,58,0,1255
1789630864.452,7.91,9.3,0.9361,0.9361,58,0,1255
1789630865.454,7.91,30.8,0.9199,0.9201,58,16,1255
1789630866.456,7.91,41.5,0.9075,0.9072,58,0,1255
1789630867.458,7.91,30.3,0.9213,0.9213,58,18,1255
1789630868.46,8.48,40.5,0.9252,0.9262,58,0,1255
1789630869.462,8.48,32.4,0.9328,0.9325,58,8,1255
1789630870.464,8.48,40.0,0.922,0.9223,58,0,1255
1789630871.467,8.48,31.8,0.9167,0.9164,58,9,1255
1789630872.469,8.48,37.9,0.9114,0.9106,58,0,1255
1789630873.472,8.52,34.5,0.9155,0.9165,58,2,1255
1789630874.474,8.52,36.3,0.9202,0.9202,58,0,1255
1789630875.476,8.52,29.0,0.9202,0.9202,58,6,1255
1789630876.478,8.52,27.1,0.9401,0.9401,58,0,1255
1789630877.48,8.52,30.3,0.9211,0.9201,58,2,1255
1789630878.482,8.00,27.2,0.935,0.9358,58,0,1255
1789630879.485,8.00,37.4,0.9195,0.9188,58,0,1255
1789630880.487,8.00,18.9,0.9332,0.9342,58,0,1255
